**
**   Template:  2D Helmholtz solver
**
*NODE
         1,  1620.0         ,  260.0          ,  0.0            
         2,  860.0          ,  740.0          ,  0.0            
         3,  1900.0         ,  260.0          ,  0.0            
         4,  1460.0         ,  540.0          ,  0.0            
         5,  1420.0         ,  540.0          ,  0.0            
         6,  820.0          ,  740.0          ,  0.0            
         7,  1500.0         ,  540.0          ,  0.0            
         8,  1940.0         ,  260.0          ,  0.0            
         9,  780.0          ,  740.0          ,  0.0            
        10,  1980.0         ,  260.0          ,  0.0            
        11,  860.0          ,  660.0          ,  0.0            
        12,  1780.0         ,  260.0          ,  0.0            
        13,  1340.0         ,  540.0          ,  0.0            
        14,  1300.0         ,  540.0          ,  0.0            
        15,  860.0          ,  700.0          ,  0.0            
        16,  1380.0         ,  540.0          ,  0.0            
        17,  820.0          ,  660.0          ,  0.0            
        18,  1860.0         ,  260.0          ,  0.0            
        19,  1820.0         ,  260.0          ,  0.0            
        20,  1300.0         ,  180.0          ,  0.0            
        21,  1260.0         ,  220.0          ,  0.0            
        22,  1260.0         ,  340.0          ,  0.0            
        23,  1660.0         ,  340.0          ,  0.0            
        24,  1740.0         ,  340.0          ,  0.0            
        25,  1700.0         ,  340.0          ,  0.0            
        26,  1860.0         ,  540.0          ,  0.0            
        27,  1820.0         ,  540.0          ,  0.0            
        28,  1780.0         ,  540.0          ,  0.0            
        29,  1540.0         ,  340.0          ,  0.0            
        30,  1300.0         ,  220.0          ,  0.0            
        31,  820.0          ,  700.0          ,  0.0            
        32,  1420.0         ,  260.0          ,  0.0            
        33,  780.0          ,  660.0          ,  0.0            
        34,  780.0          ,  700.0          ,  0.0            
        35,  1980.0         ,  540.0          ,  0.0            
        36,  1940.0         ,  540.0          ,  0.0            
        37,  1900.0         ,  540.0          ,  0.0            
        38,  1500.0         ,  260.0          ,  0.0            
        39,  1460.0         ,  260.0          ,  0.0            
        40,  1340.0         ,  260.0          ,  0.0            
        41,  1380.0         ,  260.0          ,  0.0            
        42,  860.0          ,  620.0          ,  0.0            
        43,  820.0          ,  620.0          ,  0.0            
        44,  1380.0         ,  340.0          ,  0.0            
        45,  900.0          ,  580.0          ,  0.0            
        46,  860.0          ,  860.0          ,  0.0            
        47,  820.0          ,  860.0          ,  0.0            
        48,  780.0          ,  860.0          ,  0.0            
        49,  860.0          ,  780.0          ,  0.0            
        50,  1060.0         ,  340.0          ,  0.0            
        51,  1620.0         ,  540.0          ,  0.0            
        52,  1060.0         ,  380.0          ,  0.0            
        53,  1580.0         ,  540.0          ,  0.0            
        54,  1020.0         ,  340.0          ,  0.0            
        55,  1020.0         ,  380.0          ,  0.0            
        56,  1540.0         ,  540.0          ,  0.0            
        57,  860.0          ,  820.0          ,  0.0            
        58,  1060.0         ,  260.0          ,  0.0            
        59,  1060.0         ,  300.0          ,  0.0            
        60,  1020.0         ,  260.0          ,  0.0            
        61,  1020.0         ,  300.0          ,  0.0            
        62,  820.0          ,  780.0          ,  0.0            
        63,  820.0          ,  820.0          ,  0.0            
        64,  780.0          ,  780.0          ,  0.0            
        65,  780.0          ,  820.0          ,  0.0            
        66,  900.0          ,  860.0          ,  0.0            
        67,  1740.0         ,  540.0          ,  0.0            
        68,  1700.0         ,  540.0          ,  0.0            
        69,  1660.0         ,  540.0          ,  0.0            
        70,  900.0          ,  820.0          ,  0.0            
        71,  900.0          ,  780.0          ,  0.0            
        72,  860.0          ,  980.0          ,  0.0            
        73,  820.0          ,  980.0          ,  0.0            
        74,  1060.0         ,  500.0          ,  0.0            
        75,  1020.0         ,  500.0          ,  0.0            
        76,  1060.0         ,  460.0          ,  0.0            
        77,  1020.0         ,  460.0          ,  0.0            
        78,  1060.0         ,  420.0          ,  0.0            
        79,  1020.0         ,  420.0          ,  0.0            
        80,  780.0          ,  980.0          ,  0.0            
        81,  860.0          ,  900.0          ,  0.0            
        82,  860.0          ,  940.0          ,  0.0            
        83,  780.0          ,  900.0          ,  0.0            
        84,  820.0          ,  900.0          ,  0.0            
        85,  780.0          ,  940.0          ,  0.0            
        86,  820.0          ,  940.0          ,  0.0            
        87,  900.0          ,  980.0          ,  0.0            
        88,  900.0          ,  900.0          ,  0.0            
        89,  900.0          ,  940.0          ,  0.0            
        90,  1220.0         ,  540.0          ,  0.0            
        91,  1260.0         ,  540.0          ,  0.0            
        92,  1420.0         ,  60.0           ,  0.0            
        93,  1420.0         ,  100.0          ,  0.0            
        94,  1380.0         ,  60.0           ,  0.0            
        95,  1380.0         ,  100.0          ,  0.0            
        96,  1420.0         ,  20.0           ,  0.0            
        97,  1380.0         ,  20.0           ,  0.0            
        98,  1500.0         ,  100.0          ,  0.0            
        99,  1460.0         ,  100.0          ,  0.0            
       100,  1500.0         ,  60.0           ,  0.0            
       101,  1460.0         ,  60.0           ,  0.0            
       102,  1500.0         ,  20.0           ,  0.0            
       103,  1460.0         ,  20.0           ,  0.0            
       104,  940.0          ,  740.0          ,  0.0            
       105,  940.0          ,  660.0          ,  0.0            
       106,  940.0          ,  700.0          ,  0.0            
       107,  940.0          ,  620.0          ,  0.0            
       108,  1420.0         ,  140.0          ,  0.0            
       109,  1380.0         ,  140.0          ,  0.0            
       110,  1180.0         ,  540.0          ,  0.0            
       111,  940.0          ,  580.0          ,  0.0            
       112,  940.0          ,  860.0          ,  0.0            
       113,  1740.0         ,  300.0          ,  0.0            
       114,  1500.0         ,  140.0          ,  0.0            
       115,  1460.0         ,  140.0          ,  0.0            
       116,  1300.0         ,  60.0           ,  0.0            
       117,  1260.0         ,  60.0           ,  0.0            
       118,  1300.0         ,  20.0           ,  0.0            
       119,  1260.0         ,  20.0           ,  0.0            
       120,  1340.0         ,  60.0           ,  0.0            
       121,  1340.0         ,  20.0           ,  0.0            
       122,  1260.0         ,  100.0          ,  0.0            
       123,  1300.0         ,  100.0          ,  0.0            
       124,  1340.0         ,  100.0          ,  0.0            
       125,  1700.0         ,  300.0          ,  0.0            
       126,  1260.0         ,  140.0          ,  0.0            
       127,  1660.0         ,  300.0          ,  0.0            
       128,  1300.0         ,  140.0          ,  0.0            
       129,  1660.0         ,  500.0          ,  0.0            
       130,  1340.0         ,  140.0          ,  0.0            
       131,  1660.0         ,  460.0          ,  0.0            
       132,  1740.0         ,  500.0          ,  0.0            
       133,  1700.0         ,  500.0          ,  0.0            
       134,  1180.0         ,  100.0          ,  0.0            
       135,  1140.0         ,  100.0          ,  0.0            
       136,  1180.0         ,  60.0           ,  0.0            
       137,  1140.0         ,  60.0           ,  0.0            
       138,  1180.0         ,  20.0           ,  0.0            
       139,  1140.0         ,  20.0           ,  0.0            
       140,  1220.0         ,  100.0          ,  0.0            
       141,  1220.0         ,  60.0           ,  0.0            
       142,  1220.0         ,  20.0           ,  0.0            
       143,  1740.0         ,  460.0          ,  0.0            
       144,  1700.0         ,  460.0          ,  0.0            
       145,  1260.0         ,  300.0          ,  0.0            
       146,  1620.0         ,  460.0          ,  0.0            
       147,  1180.0         ,  140.0          ,  0.0            
       148,  1140.0         ,  140.0          ,  0.0            
       149,  1620.0         ,  500.0          ,  0.0            
       150,  1300.0         ,  300.0          ,  0.0            
       151,  1220.0         ,  140.0          ,  0.0            
       152,  1020.0         ,  60.0           ,  0.0            
       153,  1020.0         ,  20.0           ,  0.0            
       154,  1060.0         ,  60.0           ,  0.0            
       155,  1060.0         ,  20.0           ,  0.0            
       156,  1100.0         ,  60.0           ,  0.0            
       157,  1100.0         ,  20.0           ,  0.0            
       158,  1020.0         ,  100.0          ,  0.0            
       159,  1060.0         ,  100.0          ,  0.0            
       160,  1100.0         ,  100.0          ,  0.0            
       161,  1020.0         ,  180.0          ,  0.0            
       162,  1020.0         ,  140.0          ,  0.0            
       163,  1060.0         ,  180.0          ,  0.0            
       164,  1060.0         ,  140.0          ,  0.0            
       165,  1620.0         ,  300.0          ,  0.0            
       166,  1100.0         ,  140.0          ,  0.0            
       167,  1020.0         ,  220.0          ,  0.0            
       168,  1060.0         ,  220.0          ,  0.0            
       169,  1540.0         ,  460.0          ,  0.0            
       170,  1580.0         ,  460.0          ,  0.0            
       171,  1540.0         ,  500.0          ,  0.0            
       172,  1580.0         ,  500.0          ,  0.0            
       173,  1580.0         ,  300.0          ,  0.0            
       174,  1540.0         ,  300.0          ,  0.0            
       175,  1380.0         ,  300.0          ,  0.0            
       176,  1900.0         ,  500.0          ,  0.0            
       177,  1900.0         ,  460.0          ,  0.0            
       178,  1940.0         ,  500.0          ,  0.0            
       179,  1940.0         ,  460.0          ,  0.0            
       180,  1980.0         ,  500.0          ,  0.0            
       181,  1980.0         ,  460.0          ,  0.0            
       182,  1340.0         ,  300.0          ,  0.0            
       183,  1460.0         ,  300.0          ,  0.0            
       184,  1500.0         ,  300.0          ,  0.0            
       185,  1780.0         ,  500.0          ,  0.0            
       186,  1780.0         ,  460.0          ,  0.0            
       187,  1860.0         ,  500.0          ,  0.0            
       188,  1820.0         ,  500.0          ,  0.0            
       189,  1860.0         ,  460.0          ,  0.0            
       190,  1820.0         ,  460.0          ,  0.0            
       191,  1740.0         ,  260.0          ,  0.0            
       192,  780.0          ,  620.0          ,  0.0            
       193,  1180.0         ,  180.0          ,  0.0            
       194,  1180.0         ,  220.0          ,  0.0            
       195,  1420.0         ,  300.0          ,  0.0            
       196,  1220.0         ,  460.0          ,  0.0            
       197,  1220.0         ,  500.0          ,  0.0            
       198,  1180.0         ,  420.0          ,  0.0            
       199,  1180.0         ,  460.0          ,  0.0            
       200,  1180.0         ,  500.0          ,  0.0            
       201,  1540.0         ,  260.0          ,  0.0            
       202,  1180.0         ,  300.0          ,  0.0            
       203,  860.0          ,  580.0          ,  0.0            
       204,  1180.0         ,  260.0          ,  0.0            
       205,  1580.0         ,  260.0          ,  0.0            
       206,  1180.0         ,  380.0          ,  0.0            
       207,  780.0          ,  580.0          ,  0.0            
       208,  1180.0         ,  340.0          ,  0.0            
       209,  1820.0         ,  300.0          ,  0.0            
       210,  1500.0         ,  460.0          ,  0.0            
       211,  1500.0         ,  500.0          ,  0.0            
       212,  1860.0         ,  300.0          ,  0.0            
       213,  1780.0         ,  300.0          ,  0.0            
       214,  1420.0         ,  460.0          ,  0.0            
       215,  1460.0         ,  460.0          ,  0.0            
       216,  1420.0         ,  500.0          ,  0.0            
       217,  1460.0         ,  500.0          ,  0.0            
       218,  1980.0         ,  300.0          ,  0.0            
       219,  1940.0         ,  300.0          ,  0.0            
       220,  1340.0         ,  500.0          ,  0.0            
       221,  1340.0         ,  460.0          ,  0.0            
       222,  1380.0         ,  500.0          ,  0.0            
       223,  1380.0         ,  460.0          ,  0.0            
       224,  1900.0         ,  300.0          ,  0.0            
       225,  1300.0         ,  340.0          ,  0.0            
       226,  1260.0         ,  460.0          ,  0.0            
       227,  1300.0         ,  460.0          ,  0.0            
       228,  1260.0         ,  500.0          ,  0.0            
       229,  1300.0         ,  500.0          ,  0.0            
       230,  1180.0         ,  580.0          ,  0.0            
       231,  1180.0         ,  620.0          ,  0.0            
       232,  1260.0         ,  620.0          ,  0.0            
       233,  1220.0         ,  620.0          ,  0.0            
       234,  1260.0         ,  580.0          ,  0.0            
       235,  1220.0         ,  580.0          ,  0.0            
       236,  1180.0         ,  660.0          ,  0.0            
       237,  1260.0         ,  660.0          ,  0.0            
       238,  1220.0         ,  660.0          ,  0.0            
       239,  1460.0         ,  660.0          ,  0.0            
       240,  1500.0         ,  660.0          ,  0.0            
       241,  1420.0         ,  660.0          ,  0.0            
       242,  1340.0         ,  660.0          ,  0.0            
       243,  1380.0         ,  660.0          ,  0.0            
       244,  1660.0         ,  660.0          ,  0.0            
       245,  1700.0         ,  660.0          ,  0.0            
       246,  1740.0         ,  660.0          ,  0.0            
       247,  1540.0         ,  660.0          ,  0.0            
       248,  1580.0         ,  660.0          ,  0.0            
       249,  1620.0         ,  660.0          ,  0.0            
       250,  1660.0         ,  620.0          ,  0.0            
       251,  1660.0         ,  580.0          ,  0.0            
       252,  1740.0         ,  620.0          ,  0.0            
       253,  1700.0         ,  620.0          ,  0.0            
       254,  1900.0         ,  60.0           ,  0.0            
       255,  1900.0         ,  20.0           ,  0.0            
       256,  1940.0         ,  60.0           ,  0.0            
       257,  1940.0         ,  20.0           ,  0.0            
       258,  1980.0         ,  60.0           ,  0.0            
       259,  1980.0         ,  20.0           ,  0.0            
       260,  1900.0         ,  100.0          ,  0.0            
       261,  1940.0         ,  100.0          ,  0.0            
       262,  1980.0         ,  100.0          ,  0.0            
       263,  1740.0         ,  580.0          ,  0.0            
       264,  1700.0         ,  580.0          ,  0.0            
       265,  1940.0         ,  140.0          ,  0.0            
       266,  1900.0         ,  140.0          ,  0.0            
       267,  1540.0         ,  620.0          ,  0.0            
       268,  1980.0         ,  140.0          ,  0.0            
       269,  1540.0         ,  580.0          ,  0.0            
       270,  1580.0         ,  620.0          ,  0.0            
       271,  1580.0         ,  580.0          ,  0.0            
       272,  1820.0         ,  100.0          ,  0.0            
       273,  1780.0         ,  100.0          ,  0.0            
       274,  1820.0         ,  60.0           ,  0.0            
       275,  1780.0         ,  60.0           ,  0.0            
       276,  1820.0         ,  20.0           ,  0.0            
       277,  1780.0         ,  20.0           ,  0.0            
       278,  1860.0         ,  100.0          ,  0.0            
       279,  1860.0         ,  60.0           ,  0.0            
       280,  1860.0         ,  20.0           ,  0.0            
       281,  1620.0         ,  620.0          ,  0.0            
       282,  1620.0         ,  580.0          ,  0.0            
       283,  1900.0         ,  660.0          ,  0.0            
       284,  1940.0         ,  660.0          ,  0.0            
       285,  1820.0         ,  140.0          ,  0.0            
       286,  1780.0         ,  140.0          ,  0.0            
       287,  1980.0         ,  660.0          ,  0.0            
       288,  1780.0         ,  660.0          ,  0.0            
       289,  1860.0         ,  140.0          ,  0.0            
       290,  1580.0         ,  60.0           ,  0.0            
       291,  1620.0         ,  60.0           ,  0.0            
       292,  1580.0         ,  100.0          ,  0.0            
       293,  1620.0         ,  100.0          ,  0.0            
       294,  1540.0         ,  60.0           ,  0.0            
       295,  1540.0         ,  100.0          ,  0.0            
       296,  1620.0         ,  20.0           ,  0.0            
       297,  1580.0         ,  20.0           ,  0.0            
       298,  1540.0         ,  20.0           ,  0.0            
       299,  1740.0         ,  60.0           ,  0.0            
       300,  1740.0         ,  100.0          ,  0.0            
       301,  1700.0         ,  60.0           ,  0.0            
       302,  1700.0         ,  100.0          ,  0.0            
       303,  1660.0         ,  60.0           ,  0.0            
       304,  1660.0         ,  100.0          ,  0.0            
       305,  1740.0         ,  20.0           ,  0.0            
       306,  1700.0         ,  20.0           ,  0.0            
       307,  1660.0         ,  20.0           ,  0.0            
       308,  1820.0         ,  660.0          ,  0.0            
       309,  1860.0         ,  660.0          ,  0.0            
       310,  1900.0         ,  620.0          ,  0.0            
       311,  1900.0         ,  580.0          ,  0.0            
       312,  1980.0         ,  620.0          ,  0.0            
       313,  1940.0         ,  620.0          ,  0.0            
       314,  1620.0         ,  140.0          ,  0.0            
       315,  1580.0         ,  140.0          ,  0.0            
       316,  1540.0         ,  140.0          ,  0.0            
       317,  1980.0         ,  580.0          ,  0.0            
       318,  1940.0         ,  580.0          ,  0.0            
       319,  1780.0         ,  620.0          ,  0.0            
       320,  1780.0         ,  580.0          ,  0.0            
       321,  1820.0         ,  620.0          ,  0.0            
       322,  1820.0         ,  580.0          ,  0.0            
       323,  1740.0         ,  140.0          ,  0.0            
       324,  1700.0         ,  140.0          ,  0.0            
       325,  1660.0         ,  140.0          ,  0.0            
       326,  1180.0         ,  860.0          ,  0.0            
       327,  1140.0         ,  860.0          ,  0.0            
       328,  1180.0         ,  820.0          ,  0.0            
       329,  1140.0         ,  820.0          ,  0.0            
       330,  1180.0         ,  780.0          ,  0.0            
       331,  1140.0         ,  780.0          ,  0.0            
       332,  1260.0         ,  860.0          ,  0.0            
       333,  1220.0         ,  860.0          ,  0.0            
       334,  1260.0         ,  820.0          ,  0.0            
       335,  1220.0         ,  820.0          ,  0.0            
       336,  1260.0         ,  780.0          ,  0.0            
       337,  1220.0         ,  780.0          ,  0.0            
       338,  1180.0         ,  980.0          ,  0.0            
       339,  1140.0         ,  980.0          ,  0.0            
       340,  1180.0         ,  940.0          ,  0.0            
       341,  1140.0         ,  940.0          ,  0.0            
       342,  1180.0         ,  900.0          ,  0.0            
       343,  1140.0         ,  900.0          ,  0.0            
       344,  1260.0         ,  940.0          ,  0.0            
       345,  1260.0         ,  980.0          ,  0.0            
       346,  1220.0         ,  940.0          ,  0.0            
       347,  1220.0         ,  980.0          ,  0.0            
       348,  1260.0         ,  900.0          ,  0.0            
       349,  1220.0         ,  900.0          ,  0.0            
       350,  1060.0         ,  820.0          ,  0.0            
       351,  1060.0         ,  860.0          ,  0.0            
       352,  1020.0         ,  820.0          ,  0.0            
       353,  1020.0         ,  860.0          ,  0.0            
       354,  1060.0         ,  780.0          ,  0.0            
       355,  1020.0         ,  780.0          ,  0.0            
       356,  1100.0         ,  860.0          ,  0.0            
       357,  1100.0         ,  820.0          ,  0.0            
       358,  1100.0         ,  780.0          ,  0.0            
       359,  1060.0         ,  940.0          ,  0.0            
       360,  1060.0         ,  980.0          ,  0.0            
       361,  1020.0         ,  940.0          ,  0.0            
       362,  1020.0         ,  980.0          ,  0.0            
       363,  1060.0         ,  900.0          ,  0.0            
       364,  1020.0         ,  900.0          ,  0.0            
       365,  1100.0         ,  980.0          ,  0.0            
       366,  1100.0         ,  940.0          ,  0.0            
       367,  1100.0         ,  900.0          ,  0.0            
       368,  1860.0         ,  620.0          ,  0.0            
       369,  1860.0         ,  580.0          ,  0.0            
       370,  1380.0         ,  620.0          ,  0.0            
       371,  1340.0         ,  620.0          ,  0.0            
       372,  1300.0         ,  620.0          ,  0.0            
       373,  1380.0         ,  580.0          ,  0.0            
       374,  1300.0         ,  580.0          ,  0.0            
       375,  1340.0         ,  580.0          ,  0.0            
       376,  1500.0         ,  620.0          ,  0.0            
       377,  1460.0         ,  620.0          ,  0.0            
       378,  1420.0         ,  620.0          ,  0.0            
       379,  1500.0         ,  580.0          ,  0.0            
       380,  1420.0         ,  580.0          ,  0.0            
       381,  1460.0         ,  580.0          ,  0.0            
       382,  1300.0         ,  660.0          ,  0.0            
       383,  820.0          ,  580.0          ,  0.0            
       384,  900.0          ,  740.0          ,  0.0            
       385,  1300.0         ,  260.0          ,  0.0            
       386,  1260.0         ,  260.0          ,  0.0            
       387,  1260.0         ,  180.0          ,  0.0            
       388,  1580.0         ,  340.0          ,  0.0            
       389,  1620.0         ,  340.0          ,  0.0            
       390,  1900.0         ,  340.0          ,  0.0            
       391,  1980.0         ,  340.0          ,  0.0            
       392,  1060.0         ,  580.0          ,  0.0            
       393,  1060.0         ,  620.0          ,  0.0            
       394,  1020.0         ,  580.0          ,  0.0            
       395,  1020.0         ,  620.0          ,  0.0            
       396,  1060.0         ,  540.0          ,  0.0            
       397,  1020.0         ,  540.0          ,  0.0            
       398,  1940.0         ,  340.0          ,  0.0            
       399,  1780.0         ,  340.0          ,  0.0            
       400,  1860.0         ,  340.0          ,  0.0            
       401,  1060.0         ,  700.0          ,  0.0            
       402,  1060.0         ,  740.0          ,  0.0            
       403,  1020.0         ,  700.0          ,  0.0            
       404,  1020.0         ,  740.0          ,  0.0            
       405,  1060.0         ,  660.0          ,  0.0            
       406,  1020.0         ,  660.0          ,  0.0            
       407,  1820.0         ,  340.0          ,  0.0            
       408,  1420.0         ,  340.0          ,  0.0            
       409,  1500.0         ,  340.0          ,  0.0            
       410,  1460.0         ,  820.0          ,  0.0            
       411,  1460.0         ,  860.0          ,  0.0            
       412,  1420.0         ,  820.0          ,  0.0            
       413,  1420.0         ,  860.0          ,  0.0            
       414,  1460.0         ,  780.0          ,  0.0            
       415,  1420.0         ,  780.0          ,  0.0            
       416,  1500.0         ,  860.0          ,  0.0            
       417,  1500.0         ,  820.0          ,  0.0            
       418,  1500.0         ,  780.0          ,  0.0            
       419,  1460.0         ,  940.0          ,  0.0            
       420,  1460.0         ,  980.0          ,  0.0            
       421,  1420.0         ,  940.0          ,  0.0            
       422,  1420.0         ,  980.0          ,  0.0            
       423,  1460.0         ,  900.0          ,  0.0            
       424,  1420.0         ,  900.0          ,  0.0            
       425,  1500.0         ,  980.0          ,  0.0            
       426,  1500.0         ,  940.0          ,  0.0            
       427,  1500.0         ,  900.0          ,  0.0            
       428,  1340.0         ,  860.0          ,  0.0            
       429,  1300.0         ,  860.0          ,  0.0            
       430,  1340.0         ,  820.0          ,  0.0            
       431,  1300.0         ,  820.0          ,  0.0            
       432,  1340.0         ,  780.0          ,  0.0            
       433,  1300.0         ,  780.0          ,  0.0            
       434,  1380.0         ,  860.0          ,  0.0            
       435,  1380.0         ,  820.0          ,  0.0            
       436,  1380.0         ,  780.0          ,  0.0            
       437,  1340.0         ,  980.0          ,  0.0            
       438,  1300.0         ,  980.0          ,  0.0            
       439,  1340.0         ,  940.0          ,  0.0            
       440,  1300.0         ,  940.0          ,  0.0            
       441,  1340.0         ,  900.0          ,  0.0            
       442,  1300.0         ,  900.0          ,  0.0            
       443,  1380.0         ,  980.0          ,  0.0            
       444,  1380.0         ,  940.0          ,  0.0            
       445,  1380.0         ,  900.0          ,  0.0            
       446,  1460.0         ,  340.0          ,  0.0            
       447,  1340.0         ,  340.0          ,  0.0            
       448,  900.0          ,  660.0          ,  0.0            
       449,  1660.0         ,  260.0          ,  0.0            
       450,  900.0          ,  700.0          ,  0.0            
       451,  1140.0         ,  660.0          ,  0.0            
       452,  1700.0         ,  260.0          ,  0.0            
       453,  900.0          ,  620.0          ,  0.0            
       454,  1140.0         ,  540.0          ,  0.0            
       455,  1140.0         ,  620.0          ,  0.0            
       456,  1140.0         ,  580.0          ,  0.0            
       457,  1140.0         ,  180.0          ,  0.0            
       458,  1140.0         ,  220.0          ,  0.0            
       459,  1140.0         ,  420.0          ,  0.0            
       460,  1140.0         ,  460.0          ,  0.0            
       461,  1140.0         ,  500.0          ,  0.0            
       462,  1140.0         ,  300.0          ,  0.0            
       463,  1140.0         ,  260.0          ,  0.0            
       464,  1140.0         ,  380.0          ,  0.0            
       465,  1140.0         ,  340.0          ,  0.0            
       466,  940.0          ,  780.0          ,  0.0            
       467,  940.0          ,  820.0          ,  0.0            
       468,  940.0          ,  980.0          ,  0.0            
       469,  940.0          ,  900.0          ,  0.0            
       470,  940.0          ,  940.0          ,  0.0            
       471,  1820.0         ,  860.0          ,  0.0            
       472,  1780.0         ,  860.0          ,  0.0            
       473,  1820.0         ,  820.0          ,  0.0            
       474,  1780.0         ,  820.0          ,  0.0            
       475,  1820.0         ,  780.0          ,  0.0            
       476,  1780.0         ,  780.0          ,  0.0            
       477,  1860.0         ,  860.0          ,  0.0            
       478,  1860.0         ,  820.0          ,  0.0            
       479,  1860.0         ,  780.0          ,  0.0            
       480,  1940.0         ,  820.0          ,  0.0            
       481,  1980.0         ,  820.0          ,  0.0            
       482,  1940.0         ,  860.0          ,  0.0            
       483,  1980.0         ,  860.0          ,  0.0            
       484,  1900.0         ,  820.0          ,  0.0            
       485,  1900.0         ,  860.0          ,  0.0            
       486,  1980.0         ,  780.0          ,  0.0            
       487,  1940.0         ,  780.0          ,  0.0            
       488,  1900.0         ,  780.0          ,  0.0            
       489,  1820.0         ,  940.0          ,  0.0            
       490,  1860.0         ,  940.0          ,  0.0            
       491,  1820.0         ,  980.0          ,  0.0            
       492,  1860.0         ,  980.0          ,  0.0            
       493,  1780.0         ,  940.0          ,  0.0            
       494,  1780.0         ,  980.0          ,  0.0            
       495,  1860.0         ,  900.0          ,  0.0            
       496,  1820.0         ,  900.0          ,  0.0            
       497,  1780.0         ,  900.0          ,  0.0            
       498,  1940.0         ,  940.0          ,  0.0            
       499,  1980.0         ,  940.0          ,  0.0            
       500,  1940.0         ,  980.0          ,  0.0            
       501,  1980.0         ,  980.0          ,  0.0            
       502,  1900.0         ,  940.0          ,  0.0            
       503,  1900.0         ,  980.0          ,  0.0            
       504,  1980.0         ,  900.0          ,  0.0            
       505,  1940.0         ,  900.0          ,  0.0            
       506,  1900.0         ,  900.0          ,  0.0            
       507,  1580.0         ,  820.0          ,  0.0            
       508,  1620.0         ,  820.0          ,  0.0            
       509,  1580.0         ,  860.0          ,  0.0            
       510,  1620.0         ,  860.0          ,  0.0            
       511,  1540.0         ,  820.0          ,  0.0            
       512,  1540.0         ,  860.0          ,  0.0            
       513,  1620.0         ,  780.0          ,  0.0            
       514,  1580.0         ,  780.0          ,  0.0            
       515,  1540.0         ,  780.0          ,  0.0            
       516,  1700.0         ,  820.0          ,  0.0            
       517,  1740.0         ,  820.0          ,  0.0            
       518,  1700.0         ,  860.0          ,  0.0            
       519,  1740.0         ,  860.0          ,  0.0            
       520,  1660.0         ,  820.0          ,  0.0            
       521,  1660.0         ,  860.0          ,  0.0            
       522,  1740.0         ,  780.0          ,  0.0            
       523,  1700.0         ,  780.0          ,  0.0            
       524,  1660.0         ,  780.0          ,  0.0            
       525,  1620.0         ,  940.0          ,  0.0            
       526,  1620.0         ,  980.0          ,  0.0            
       527,  1580.0         ,  940.0          ,  0.0            
       528,  1580.0         ,  980.0          ,  0.0            
       529,  1540.0         ,  940.0          ,  0.0            
       530,  1540.0         ,  980.0          ,  0.0            
       531,  1620.0         ,  900.0          ,  0.0            
       532,  1580.0         ,  900.0          ,  0.0            
       533,  1540.0         ,  900.0          ,  0.0            
       534,  1700.0         ,  940.0          ,  0.0            
       535,  1740.0         ,  940.0          ,  0.0            
       536,  1700.0         ,  980.0          ,  0.0            
       537,  1740.0         ,  980.0          ,  0.0            
       538,  1660.0         ,  940.0          ,  0.0            
       539,  1660.0         ,  980.0          ,  0.0            
       540,  1740.0         ,  900.0          ,  0.0            
       541,  1700.0         ,  900.0          ,  0.0            
       542,  1660.0         ,  900.0          ,  0.0            
       543,  340.0          ,  380.0          ,  0.0            
       544,  340.0          ,  300.0          ,  0.0            
       545,  340.0          ,  340.0          ,  0.0            
       546,  460.0          ,  380.0          ,  0.0            
       547,  420.0          ,  380.0          ,  0.0            
       548,  380.0          ,  380.0          ,  0.0            
       549,  460.0          ,  300.0          ,  0.0            
       550,  460.0          ,  340.0          ,  0.0            
       551,  380.0          ,  300.0          ,  0.0            
       552,  420.0          ,  300.0          ,  0.0            
       553,  380.0          ,  340.0          ,  0.0            
       554,  420.0          ,  340.0          ,  0.0            
       555,  340.0          ,  420.0          ,  0.0            
       556,  340.0          ,  460.0          ,  0.0            
       557,  460.0          ,  420.0          ,  0.0            
       558,  460.0          ,  460.0          ,  0.0            
       559,  380.0          ,  420.0          ,  0.0            
       560,  420.0          ,  420.0          ,  0.0            
       561,  380.0          ,  460.0          ,  0.0            
       562,  420.0          ,  460.0          ,  0.0            
       563,  340.0          ,  220.0          ,  0.0            
       564,  340.0          ,  260.0          ,  0.0            
       565,  340.0          ,  180.0          ,  0.0            
       566,  460.0          ,  260.0          ,  0.0            
       567,  380.0          ,  220.0          ,  0.0            
       568,  380.0          ,  260.0          ,  0.0            
       569,  420.0          ,  260.0          ,  0.0            
       570,  380.0          ,  180.0          ,  0.0            
       571,  820.0          ,  340.0          ,  0.0            
       572,  780.0          ,  340.0          ,  0.0            
       573,  820.0          ,  260.0          ,  0.0            
       574,  820.0          ,  300.0          ,  0.0            
       575,  780.0          ,  260.0          ,  0.0            
       576,  780.0          ,  300.0          ,  0.0            
       577,  780.0          ,  460.0          ,  0.0            
       578,  820.0          ,  460.0          ,  0.0            
       579,  820.0          ,  380.0          ,  0.0            
       580,  820.0          ,  420.0          ,  0.0            
       581,  780.0          ,  380.0          ,  0.0            
       582,  780.0          ,  420.0          ,  0.0            
       583,  660.0          ,  100.0          ,  0.0            
       584,  620.0          ,  100.0          ,  0.0            
       585,  660.0          ,  60.0           ,  0.0            
       586,  620.0          ,  60.0           ,  0.0            
       587,  660.0          ,  20.0           ,  0.0            
       588,  620.0          ,  20.0           ,  0.0            
       589,  740.0          ,  60.0           ,  0.0            
       590,  740.0          ,  100.0          ,  0.0            
       591,  700.0          ,  60.0           ,  0.0            
       592,  700.0          ,  100.0          ,  0.0            
       593,  740.0          ,  20.0           ,  0.0            
       594,  700.0          ,  20.0           ,  0.0            
       595,  500.0          ,  340.0          ,  0.0            
       596,  660.0          ,  140.0          ,  0.0            
       597,  620.0          ,  140.0          ,  0.0            
       598,  500.0          ,  300.0          ,  0.0            
       599,  500.0          ,  260.0          ,  0.0            
       600,  580.0          ,  340.0          ,  0.0            
       601,  540.0          ,  340.0          ,  0.0            
       602,  740.0          ,  140.0          ,  0.0            
       603,  700.0          ,  140.0          ,  0.0            
       604,  540.0          ,  100.0          ,  0.0            
       605,  500.0          ,  100.0          ,  0.0            
       606,  540.0          ,  60.0           ,  0.0            
       607,  500.0          ,  60.0           ,  0.0            
       608,  540.0          ,  20.0           ,  0.0            
       609,  500.0          ,  20.0           ,  0.0            
       610,  580.0          ,  100.0          ,  0.0            
       611,  580.0          ,  60.0           ,  0.0            
       612,  580.0          ,  20.0           ,  0.0            
       613,  580.0          ,  260.0          ,  0.0            
       614,  580.0          ,  300.0          ,  0.0            
       615,  540.0          ,  260.0          ,  0.0            
       616,  540.0          ,  300.0          ,  0.0            
       617,  540.0          ,  140.0          ,  0.0            
       618,  500.0          ,  140.0          ,  0.0            
       619,  660.0          ,  340.0          ,  0.0            
       620,  620.0          ,  340.0          ,  0.0            
       621,  580.0          ,  140.0          ,  0.0            
       622,  660.0          ,  300.0          ,  0.0            
       623,  620.0          ,  300.0          ,  0.0            
       624,  660.0          ,  260.0          ,  0.0            
       625,  620.0          ,  260.0          ,  0.0            
       626,  740.0          ,  340.0          ,  0.0            
       627,  700.0          ,  340.0          ,  0.0            
       628,  740.0          ,  260.0          ,  0.0            
       629,  740.0          ,  300.0          ,  0.0            
       630,  700.0          ,  260.0          ,  0.0            
       631,  700.0          ,  300.0          ,  0.0            
       632,  580.0          ,  460.0          ,  0.0            
       633,  500.0          ,  460.0          ,  0.0            
       634,  540.0          ,  460.0          ,  0.0            
       635,  580.0          ,  380.0          ,  0.0            
       636,  580.0          ,  420.0          ,  0.0            
       637,  540.0          ,  380.0          ,  0.0            
       638,  540.0          ,  420.0          ,  0.0            
       639,  500.0          ,  380.0          ,  0.0            
       640,  500.0          ,  420.0          ,  0.0            
       641,  700.0          ,  460.0          ,  0.0            
       642,  740.0          ,  460.0          ,  0.0            
       643,  620.0          ,  460.0          ,  0.0            
       644,  660.0          ,  460.0          ,  0.0            
       645,  740.0          ,  380.0          ,  0.0            
       646,  740.0          ,  420.0          ,  0.0            
       647,  700.0          ,  380.0          ,  0.0            
       648,  700.0          ,  420.0          ,  0.0            
       649,  620.0          ,  380.0          ,  0.0            
       650,  660.0          ,  380.0          ,  0.0            
       651,  620.0          ,  420.0          ,  0.0            
       652,  660.0          ,  420.0          ,  0.0            
       653,  940.0          ,  60.0           ,  0.0            
       654,  900.0          ,  60.0           ,  0.0            
       655,  940.0          ,  20.0           ,  0.0            
       656,  900.0          ,  20.0           ,  0.0            
       657,  980.0          ,  60.0           ,  0.0            
       658,  980.0          ,  20.0           ,  0.0            
       659,  900.0          ,  100.0          ,  0.0            
       660,  940.0          ,  100.0          ,  0.0            
       661,  980.0          ,  100.0          ,  0.0            
       662,  940.0          ,  140.0          ,  0.0            
       663,  900.0          ,  140.0          ,  0.0            
       664,  980.0          ,  140.0          ,  0.0            
       665,  820.0          ,  60.0           ,  0.0            
       666,  820.0          ,  100.0          ,  0.0            
       667,  780.0          ,  60.0           ,  0.0            
       668,  780.0          ,  100.0          ,  0.0            
       669,  820.0          ,  20.0           ,  0.0            
       670,  780.0          ,  20.0           ,  0.0            
       671,  860.0          ,  100.0          ,  0.0            
       672,  860.0          ,  60.0           ,  0.0            
       673,  860.0          ,  20.0           ,  0.0            
       674,  820.0          ,  140.0          ,  0.0            
       675,  780.0          ,  140.0          ,  0.0            
       676,  860.0          ,  140.0          ,  0.0            
       677,  660.0          ,  860.0          ,  0.0            
       678,  620.0          ,  860.0          ,  0.0            
       679,  660.0          ,  820.0          ,  0.0            
       680,  620.0          ,  820.0          ,  0.0            
       681,  660.0          ,  780.0          ,  0.0            
       682,  620.0          ,  780.0          ,  0.0            
       683,  740.0          ,  820.0          ,  0.0            
       684,  740.0          ,  860.0          ,  0.0            
       685,  700.0          ,  820.0          ,  0.0            
       686,  700.0          ,  860.0          ,  0.0            
       687,  740.0          ,  780.0          ,  0.0            
       688,  700.0          ,  780.0          ,  0.0            
       689,  660.0          ,  980.0          ,  0.0            
       690,  620.0          ,  980.0          ,  0.0            
       691,  660.0          ,  940.0          ,  0.0            
       692,  620.0          ,  940.0          ,  0.0            
       693,  660.0          ,  900.0          ,  0.0            
       694,  620.0          ,  900.0          ,  0.0            
       695,  740.0          ,  940.0          ,  0.0            
       696,  740.0          ,  980.0          ,  0.0            
       697,  700.0          ,  940.0          ,  0.0            
       698,  700.0          ,  980.0          ,  0.0            
       699,  740.0          ,  900.0          ,  0.0            
       700,  700.0          ,  900.0          ,  0.0            
       701,  540.0          ,  820.0          ,  0.0            
       702,  540.0          ,  860.0          ,  0.0            
       703,  500.0          ,  820.0          ,  0.0            
       704,  500.0          ,  860.0          ,  0.0            
       705,  540.0          ,  780.0          ,  0.0            
       706,  500.0          ,  780.0          ,  0.0            
       707,  580.0          ,  860.0          ,  0.0            
       708,  580.0          ,  820.0          ,  0.0            
       709,  580.0          ,  780.0          ,  0.0            
       710,  540.0          ,  940.0          ,  0.0            
       711,  540.0          ,  980.0          ,  0.0            
       712,  500.0          ,  940.0          ,  0.0            
       713,  500.0          ,  980.0          ,  0.0            
       714,  540.0          ,  900.0          ,  0.0            
       715,  500.0          ,  900.0          ,  0.0            
       716,  580.0          ,  980.0          ,  0.0            
       717,  580.0          ,  940.0          ,  0.0            
       718,  580.0          ,  900.0          ,  0.0            
       719,  660.0          ,  620.0          ,  0.0            
       720,  620.0          ,  620.0          ,  0.0            
       721,  660.0          ,  580.0          ,  0.0            
       722,  620.0          ,  580.0          ,  0.0            
       723,  740.0          ,  620.0          ,  0.0            
       724,  700.0          ,  620.0          ,  0.0            
       725,  740.0          ,  580.0          ,  0.0            
       726,  700.0          ,  580.0          ,  0.0            
       727,  660.0          ,  740.0          ,  0.0            
       728,  620.0          ,  740.0          ,  0.0            
       729,  660.0          ,  700.0          ,  0.0            
       730,  620.0          ,  700.0          ,  0.0            
       731,  660.0          ,  660.0          ,  0.0            
       732,  620.0          ,  660.0          ,  0.0            
       733,  740.0          ,  700.0          ,  0.0            
       734,  740.0          ,  740.0          ,  0.0            
       735,  700.0          ,  700.0          ,  0.0            
       736,  700.0          ,  740.0          ,  0.0            
       737,  740.0          ,  660.0          ,  0.0            
       738,  700.0          ,  660.0          ,  0.0            
       739,  540.0          ,  580.0          ,  0.0            
       740,  540.0          ,  620.0          ,  0.0            
       741,  500.0          ,  580.0          ,  0.0            
       742,  500.0          ,  620.0          ,  0.0            
       743,  580.0          ,  620.0          ,  0.0            
       744,  580.0          ,  580.0          ,  0.0            
       745,  540.0          ,  700.0          ,  0.0            
       746,  540.0          ,  740.0          ,  0.0            
       747,  500.0          ,  700.0          ,  0.0            
       748,  500.0          ,  740.0          ,  0.0            
       749,  540.0          ,  660.0          ,  0.0            
       750,  500.0          ,  660.0          ,  0.0            
       751,  580.0          ,  740.0          ,  0.0            
       752,  580.0          ,  700.0          ,  0.0            
       753,  580.0          ,  660.0          ,  0.0            
       754,  900.0          ,  420.0          ,  0.0            
       755,  900.0          ,  380.0          ,  0.0            
       756,  900.0          ,  460.0          ,  0.0            
       757,  860.0          ,  420.0          ,  0.0            
       758,  860.0          ,  380.0          ,  0.0            
       759,  860.0          ,  460.0          ,  0.0            
       760,  900.0          ,  300.0          ,  0.0            
       761,  900.0          ,  260.0          ,  0.0            
       762,  900.0          ,  340.0          ,  0.0            
       763,  860.0          ,  300.0          ,  0.0            
       764,  860.0          ,  260.0          ,  0.0            
       765,  860.0          ,  340.0          ,  0.0            
       766,  940.0          ,  340.0          ,  0.0            
       767,  940.0          ,  260.0          ,  0.0            
       768,  940.0          ,  300.0          ,  0.0            
       769,  940.0          ,  460.0          ,  0.0            
       770,  940.0          ,  380.0          ,  0.0            
       771,  940.0          ,  420.0          ,  0.0            
       772,  180.0          ,  140.0          ,  0.0            
       773,  140.0          ,  140.0          ,  0.0            
       774,  220.0          ,  180.0          ,  0.0            
       775,  220.0          ,  140.0          ,  0.0            
       776,  220.0          ,  260.0          ,  0.0            
       777,  220.0          ,  220.0          ,  0.0            
       778,  20.0           ,  140.0          ,  0.0            
       779,  60.0           ,  140.0          ,  0.0            
       780,  100.0          ,  140.0          ,  0.0            
       781,  180.0          ,  60.0           ,  0.0            
       782,  140.0          ,  60.0           ,  0.0            
       783,  180.0          ,  20.0           ,  0.0            
       784,  140.0          ,  20.0           ,  0.0            
       785,  220.0          ,  60.0           ,  0.0            
       786,  220.0          ,  20.0           ,  0.0            
       787,  140.0          ,  100.0          ,  0.0            
       788,  180.0          ,  100.0          ,  0.0            
       789,  220.0          ,  100.0          ,  0.0            
       790,  60.0           ,  60.0           ,  0.0            
       791,  60.0           ,  20.0           ,  0.0            
       792,  100.0          ,  60.0           ,  0.0            
       793,  100.0          ,  20.0           ,  0.0            
       794,  60.0           ,  100.0          ,  0.0            
       795,  100.0          ,  100.0          ,  0.0            
       796,  20.0           ,  20.0           ,  0.0            
       797,  20.0           ,  60.0           ,  0.0            
       798,  20.0           ,  100.0          ,  0.0            
       799,  420.0          ,  140.0          ,  0.0            
       800,  380.0          ,  140.0          ,  0.0            
       801,  460.0          ,  140.0          ,  0.0            
       802,  260.0          ,  180.0          ,  0.0            
       803,  260.0          ,  140.0          ,  0.0            
       804,  300.0          ,  140.0          ,  0.0            
       805,  340.0          ,  140.0          ,  0.0            
       806,  260.0          ,  260.0          ,  0.0            
       807,  260.0          ,  220.0          ,  0.0            
       808,  420.0          ,  60.0           ,  0.0            
       809,  380.0          ,  60.0           ,  0.0            
       810,  420.0          ,  20.0           ,  0.0            
       811,  380.0          ,  20.0           ,  0.0            
       812,  460.0          ,  60.0           ,  0.0            
       813,  460.0          ,  20.0           ,  0.0            
       814,  380.0          ,  100.0          ,  0.0            
       815,  420.0          ,  100.0          ,  0.0            
       816,  460.0          ,  100.0          ,  0.0            
       817,  300.0          ,  60.0           ,  0.0            
       818,  260.0          ,  60.0           ,  0.0            
       819,  300.0          ,  20.0           ,  0.0            
       820,  260.0          ,  20.0           ,  0.0            
       821,  340.0          ,  60.0           ,  0.0            
       822,  340.0          ,  20.0           ,  0.0            
       823,  260.0          ,  100.0          ,  0.0            
       824,  300.0          ,  100.0          ,  0.0            
       825,  340.0          ,  100.0          ,  0.0            
       826,  220.0          ,  460.0          ,  0.0            
       827,  220.0          ,  500.0          ,  0.0            
       828,  220.0          ,  420.0          ,  0.0            
       829,  220.0          ,  340.0          ,  0.0            
       830,  220.0          ,  380.0          ,  0.0            
       831,  220.0          ,  300.0          ,  0.0            
       832,  260.0          ,  420.0          ,  0.0            
       833,  260.0          ,  460.0          ,  0.0            
       834,  260.0          ,  500.0          ,  0.0            
       835,  260.0          ,  300.0          ,  0.0            
       836,  260.0          ,  340.0          ,  0.0            
       837,  260.0          ,  380.0          ,  0.0            
       838,  220.0          ,  820.0          ,  0.0            
       839,  220.0          ,  780.0          ,  0.0            
       840,  220.0          ,  860.0          ,  0.0            
       841,  220.0          ,  980.0          ,  0.0            
       842,  220.0          ,  940.0          ,  0.0            
       843,  220.0          ,  900.0          ,  0.0            
       844,  220.0          ,  580.0          ,  0.0            
       845,  220.0          ,  540.0          ,  0.0            
       846,  220.0          ,  620.0          ,  0.0            
       847,  220.0          ,  740.0          ,  0.0            
       848,  220.0          ,  700.0          ,  0.0            
       849,  220.0          ,  660.0          ,  0.0            
       850,  380.0          ,  820.0          ,  0.0            
       851,  380.0          ,  780.0          ,  0.0            
       852,  420.0          ,  820.0          ,  0.0            
       853,  420.0          ,  780.0          ,  0.0            
       854,  460.0          ,  820.0          ,  0.0            
       855,  460.0          ,  780.0          ,  0.0            
       856,  380.0          ,  860.0          ,  0.0            
       857,  420.0          ,  860.0          ,  0.0            
       858,  460.0          ,  860.0          ,  0.0            
       859,  420.0          ,  940.0          ,  0.0            
       860,  380.0          ,  940.0          ,  0.0            
       861,  420.0          ,  900.0          ,  0.0            
       862,  380.0          ,  900.0          ,  0.0            
       863,  460.0          ,  940.0          ,  0.0            
       864,  460.0          ,  900.0          ,  0.0            
       865,  380.0          ,  980.0          ,  0.0            
       866,  420.0          ,  980.0          ,  0.0            
       867,  460.0          ,  980.0          ,  0.0            
       868,  300.0          ,  820.0          ,  0.0            
       869,  300.0          ,  860.0          ,  0.0            
       870,  260.0          ,  820.0          ,  0.0            
       871,  260.0          ,  860.0          ,  0.0            
       872,  300.0          ,  780.0          ,  0.0            
       873,  260.0          ,  780.0          ,  0.0            
       874,  340.0          ,  860.0          ,  0.0            
       875,  340.0          ,  820.0          ,  0.0            
       876,  340.0          ,  780.0          ,  0.0            
       877,  300.0          ,  940.0          ,  0.0            
       878,  300.0          ,  980.0          ,  0.0            
       879,  260.0          ,  940.0          ,  0.0            
       880,  260.0          ,  980.0          ,  0.0            
       881,  300.0          ,  900.0          ,  0.0            
       882,  260.0          ,  900.0          ,  0.0            
       883,  340.0          ,  980.0          ,  0.0            
       884,  340.0          ,  940.0          ,  0.0            
       885,  340.0          ,  900.0          ,  0.0            
       886,  420.0          ,  580.0          ,  0.0            
       887,  380.0          ,  580.0          ,  0.0            
       888,  460.0          ,  580.0          ,  0.0            
       889,  380.0          ,  620.0          ,  0.0            
       890,  420.0          ,  620.0          ,  0.0            
       891,  460.0          ,  620.0          ,  0.0            
       892,  420.0          ,  740.0          ,  0.0            
       893,  380.0          ,  740.0          ,  0.0            
       894,  420.0          ,  700.0          ,  0.0            
       895,  380.0          ,  700.0          ,  0.0            
       896,  420.0          ,  660.0          ,  0.0            
       897,  380.0          ,  660.0          ,  0.0            
       898,  460.0          ,  740.0          ,  0.0            
       899,  460.0          ,  700.0          ,  0.0            
       900,  460.0          ,  660.0          ,  0.0            
       901,  300.0          ,  620.0          ,  0.0            
       902,  260.0          ,  620.0          ,  0.0            
       903,  300.0          ,  580.0          ,  0.0            
       904,  260.0          ,  580.0          ,  0.0            
       905,  260.0          ,  540.0          ,  0.0            
       906,  340.0          ,  620.0          ,  0.0            
       907,  340.0          ,  580.0          ,  0.0            
       908,  300.0          ,  700.0          ,  0.0            
       909,  300.0          ,  740.0          ,  0.0            
       910,  260.0          ,  700.0          ,  0.0            
       911,  260.0          ,  740.0          ,  0.0            
       912,  300.0          ,  660.0          ,  0.0            
       913,  260.0          ,  660.0          ,  0.0            
       914,  340.0          ,  740.0          ,  0.0            
       915,  340.0          ,  700.0          ,  0.0            
       916,  340.0          ,  660.0          ,  0.0            
       917,  1280.0         ,  340.0          ,  0.0            
       918,  1280.0         ,  300.0          ,  0.0            
       919,  1360.0         ,  340.0          ,  0.0            
       920,  1360.0         ,  300.0          ,  0.0            
       921,  1300.0         ,  360.0          ,  0.0            
       922,  1340.0         ,  360.0          ,  0.0            
       923,  1300.0         ,  320.0          ,  0.0            
       924,  1340.0         ,  320.0          ,  0.0            
       925,  1320.0         ,  340.0          ,  0.0            
       926,  1300.0         ,  280.0          ,  0.0            
       927,  1340.0         ,  280.0          ,  0.0            
       928,  1320.0         ,  300.0          ,  0.0            
       929,  1460.0         ,  360.0          ,  0.0            
       930,  1460.0         ,  280.0          ,  0.0            
       931,  1480.0         ,  340.0          ,  0.0            
       932,  1480.0         ,  300.0          ,  0.0            
       933,  1440.0         ,  340.0          ,  0.0            
       934,  1440.0         ,  300.0          ,  0.0            
       935,  1460.0         ,  320.0          ,  0.0            
       936,  1380.0         ,  360.0          ,  0.0            
       937,  1420.0         ,  360.0          ,  0.0            
       938,  1380.0         ,  320.0          ,  0.0            
       939,  1420.0         ,  320.0          ,  0.0            
       940,  1400.0         ,  340.0          ,  0.0            
       941,  1380.0         ,  280.0          ,  0.0            
       942,  1420.0         ,  280.0          ,  0.0            
       943,  1400.0         ,  300.0          ,  0.0            
       944,  1280.0         ,  460.0          ,  0.0            
       945,  1360.0         ,  460.0          ,  0.0            
       946,  1300.0         ,  480.0          ,  0.0            
       947,  1340.0         ,  480.0          ,  0.0            
       948,  1300.0         ,  440.0          ,  0.0            
       949,  1340.0         ,  440.0          ,  0.0            
       950,  1320.0         ,  460.0          ,  0.0            
       951,  1440.0         ,  460.0          ,  0.0            
       952,  1460.0         ,  480.0          ,  0.0            
       953,  1460.0         ,  440.0          ,  0.0            
       954,  1480.0         ,  460.0          ,  0.0            
       955,  1380.0         ,  480.0          ,  0.0            
       956,  1420.0         ,  480.0          ,  0.0            
       957,  1380.0         ,  440.0          ,  0.0            
       958,  1420.0         ,  440.0          ,  0.0            
       959,  1400.0         ,  460.0          ,  0.0            
       960,  1060.0         ,  360.0          ,  0.0            
       961,  1060.0         ,  280.0          ,  0.0            
       962,  1080.0         ,  340.0          ,  0.0            
       963,  1080.0         ,  300.0          ,  0.0            
       964,  1040.0         ,  340.0          ,  0.0            
       965,  1040.0         ,  300.0          ,  0.0            
       966,  1060.0         ,  320.0          ,  0.0            
       967,  1180.0         ,  360.0          ,  0.0            
       968,  1180.0         ,  280.0          ,  0.0            
       969,  1200.0         ,  340.0          ,  0.0            
       970,  1200.0         ,  300.0          ,  0.0            
       971,  1160.0         ,  340.0          ,  0.0            
       972,  1160.0         ,  300.0          ,  0.0            
       973,  1180.0         ,  320.0          ,  0.0            
       974,  1140.0         ,  360.0          ,  0.0            
       975,  1140.0         ,  320.0          ,  0.0            
       976,  1120.0         ,  340.0          ,  0.0            
       977,  1140.0         ,  280.0          ,  0.0            
       978,  1120.0         ,  300.0          ,  0.0            
       979,  1040.0         ,  460.0          ,  0.0            
       980,  1060.0         ,  480.0          ,  0.0            
       981,  1060.0         ,  440.0          ,  0.0            
       982,  1080.0         ,  460.0          ,  0.0            
       983,  1160.0         ,  460.0          ,  0.0            
       984,  1180.0         ,  480.0          ,  0.0            
       985,  1180.0         ,  440.0          ,  0.0            
       986,  1200.0         ,  460.0          ,  0.0            
       987,  1140.0         ,  480.0          ,  0.0            
       988,  1140.0         ,  440.0          ,  0.0            
       989,  1120.0         ,  460.0          ,  0.0            
       990,  1040.0         ,  380.0          ,  0.0            
       991,  1040.0         ,  420.0          ,  0.0            
       992,  1080.0         ,  380.0          ,  0.0            
       993,  1080.0         ,  420.0          ,  0.0            
       994,  1060.0         ,  400.0          ,  0.0            
       995,  1120.0         ,  380.0          ,  0.0            
       996,  1120.0         ,  420.0          ,  0.0            
       997,  1160.0         ,  380.0          ,  0.0            
       998,  1160.0         ,  420.0          ,  0.0            
       999,  1140.0         ,  400.0          ,  0.0            
      1000,  1200.0         ,  380.0          ,  0.0            
      1001,  1200.0         ,  420.0          ,  0.0            
      1002,  1180.0         ,  400.0          ,  0.0            
      1003,  1260.0         ,  280.0          ,  0.0            
      1004,  1260.0         ,  320.0          ,  0.0            
      1005,  1240.0         ,  300.0          ,  0.0            
      1006,  1260.0         ,  360.0          ,  0.0            
      1007,  1240.0         ,  340.0          ,  0.0            
      1008,  1260.0         ,  440.0          ,  0.0            
      1009,  1220.0         ,  440.0          ,  0.0            
      1010,  1260.0         ,  480.0          ,  0.0            
      1011,  1220.0         ,  480.0          ,  0.0            
      1012,  1240.0         ,  460.0          ,  0.0            
      1013,  1400.0         ,  60.0           ,  0.0            
      1014,  1480.0         ,  60.0           ,  0.0            
      1015,  1420.0         ,  80.0           ,  0.0            
      1016,  1460.0         ,  80.0           ,  0.0            
      1017,  1420.0         ,  40.0           ,  0.0            
      1018,  1460.0         ,  40.0           ,  0.0            
      1019,  1440.0         ,  60.0           ,  0.0            
      1020,  1420.0         ,  160.0          ,  0.0            
      1021,  1460.0         ,  160.0          ,  0.0            
      1022,  1400.0         ,  100.0          ,  0.0            
      1023,  1400.0         ,  140.0          ,  0.0            
      1024,  1440.0         ,  100.0          ,  0.0            
      1025,  1440.0         ,  140.0          ,  0.0            
      1026,  1420.0         ,  120.0          ,  0.0            
      1027,  1480.0         ,  100.0          ,  0.0            
      1028,  1480.0         ,  140.0          ,  0.0            
      1029,  1460.0         ,  120.0          ,  0.0            
      1030,  1300.0         ,  40.0           ,  0.0            
      1031,  1280.0         ,  60.0           ,  0.0            
      1032,  1320.0         ,  60.0           ,  0.0            
      1033,  1300.0         ,  80.0           ,  0.0            
      1034,  1300.0         ,  160.0          ,  0.0            
      1035,  1280.0         ,  180.0          ,  0.0            
      1036,  1320.0         ,  180.0          ,  0.0            
      1037,  1300.0         ,  200.0          ,  0.0            
      1038,  1280.0         ,  100.0          ,  0.0            
      1039,  1280.0         ,  140.0          ,  0.0            
      1040,  1320.0         ,  100.0          ,  0.0            
      1041,  1320.0         ,  140.0          ,  0.0            
      1042,  1300.0         ,  120.0          ,  0.0            
      1043,  1380.0         ,  40.0           ,  0.0            
      1044,  1340.0         ,  40.0           ,  0.0            
      1045,  1380.0         ,  80.0           ,  0.0            
      1046,  1340.0         ,  80.0           ,  0.0            
      1047,  1360.0         ,  60.0           ,  0.0            
      1048,  1380.0         ,  120.0          ,  0.0            
      1049,  1340.0         ,  120.0          ,  0.0            
      1050,  1360.0         ,  100.0          ,  0.0            
      1051,  1380.0         ,  160.0          ,  0.0            
      1052,  1340.0         ,  160.0          ,  0.0            
      1053,  1360.0         ,  140.0          ,  0.0            
      1054,  1160.0         ,  60.0           ,  0.0            
      1055,  1180.0         ,  80.0           ,  0.0            
      1056,  1180.0         ,  40.0           ,  0.0            
      1057,  1200.0         ,  60.0           ,  0.0            
      1058,  1160.0         ,  180.0          ,  0.0            
      1059,  1180.0         ,  200.0          ,  0.0            
      1060,  1180.0         ,  160.0          ,  0.0            
      1061,  1200.0         ,  180.0          ,  0.0            
      1062,  1160.0         ,  100.0          ,  0.0            
      1063,  1160.0         ,  140.0          ,  0.0            
      1064,  1200.0         ,  100.0          ,  0.0            
      1065,  1200.0         ,  140.0          ,  0.0            
      1066,  1180.0         ,  120.0          ,  0.0            
      1067,  1060.0         ,  40.0           ,  0.0            
      1068,  1040.0         ,  60.0           ,  0.0            
      1069,  1080.0         ,  60.0           ,  0.0            
      1070,  1060.0         ,  80.0           ,  0.0            
      1071,  1060.0         ,  160.0          ,  0.0            
      1072,  1040.0         ,  180.0          ,  0.0            
      1073,  1080.0         ,  180.0          ,  0.0            
      1074,  1060.0         ,  200.0          ,  0.0            
      1075,  1040.0         ,  100.0          ,  0.0            
      1076,  1040.0         ,  140.0          ,  0.0            
      1077,  1080.0         ,  100.0          ,  0.0            
      1078,  1080.0         ,  140.0          ,  0.0            
      1079,  1060.0         ,  120.0          ,  0.0            
      1080,  1140.0         ,  40.0           ,  0.0            
      1081,  1100.0         ,  40.0           ,  0.0            
      1082,  1140.0         ,  80.0           ,  0.0            
      1083,  1100.0         ,  80.0           ,  0.0            
      1084,  1120.0         ,  60.0           ,  0.0            
      1085,  1140.0         ,  120.0          ,  0.0            
      1086,  1100.0         ,  120.0          ,  0.0            
      1087,  1120.0         ,  100.0          ,  0.0            
      1088,  1140.0         ,  160.0          ,  0.0            
      1089,  1100.0         ,  160.0          ,  0.0            
      1090,  1120.0         ,  140.0          ,  0.0            
      1091,  1140.0         ,  200.0          ,  0.0            
      1092,  1120.0         ,  180.0          ,  0.0            
      1093,  1260.0         ,  40.0           ,  0.0            
      1094,  1220.0         ,  40.0           ,  0.0            
      1095,  1260.0         ,  80.0           ,  0.0            
      1096,  1220.0         ,  80.0           ,  0.0            
      1097,  1240.0         ,  60.0           ,  0.0            
      1098,  1260.0         ,  120.0          ,  0.0            
      1099,  1220.0         ,  120.0          ,  0.0            
      1100,  1240.0         ,  100.0          ,  0.0            
      1101,  1260.0         ,  160.0          ,  0.0            
      1102,  1220.0         ,  160.0          ,  0.0            
      1103,  1240.0         ,  140.0          ,  0.0            
      1104,  1260.0         ,  200.0          ,  0.0            
      1105,  1240.0         ,  180.0          ,  0.0            
      1106,  1480.0         ,  260.0          ,  0.0            
      1107,  1440.0         ,  260.0          ,  0.0            
      1108,  1460.0         ,  240.0          ,  0.0            
      1109,  1400.0         ,  260.0          ,  0.0            
      1110,  1420.0         ,  240.0          ,  0.0            
      1111,  1360.0         ,  260.0          ,  0.0            
      1112,  1380.0         ,  240.0          ,  0.0            
      1113,  1320.0         ,  260.0          ,  0.0            
      1114,  1320.0         ,  220.0          ,  0.0            
      1115,  1340.0         ,  240.0          ,  0.0            
      1116,  1280.0         ,  260.0          ,  0.0            
      1117,  1280.0         ,  220.0          ,  0.0            
      1118,  1300.0         ,  240.0          ,  0.0            
      1119,  1240.0         ,  260.0          ,  0.0            
      1120,  1240.0         ,  220.0          ,  0.0            
      1121,  1260.0         ,  240.0          ,  0.0            
      1122,  1200.0         ,  260.0          ,  0.0            
      1123,  1200.0         ,  220.0          ,  0.0            
      1124,  1160.0         ,  260.0          ,  0.0            
      1125,  1160.0         ,  220.0          ,  0.0            
      1126,  1180.0         ,  240.0          ,  0.0            
      1127,  1120.0         ,  260.0          ,  0.0            
      1128,  1120.0         ,  220.0          ,  0.0            
      1129,  1140.0         ,  240.0          ,  0.0            
      1130,  1080.0         ,  260.0          ,  0.0            
      1131,  1080.0         ,  220.0          ,  0.0            
      1132,  1040.0         ,  260.0          ,  0.0            
      1133,  1040.0         ,  220.0          ,  0.0            
      1134,  1060.0         ,  240.0          ,  0.0            
      1135,  1820.0         ,  360.0          ,  0.0            
      1136,  1820.0         ,  280.0          ,  0.0            
      1137,  1840.0         ,  340.0          ,  0.0            
      1138,  1840.0         ,  300.0          ,  0.0            
      1139,  1800.0         ,  340.0          ,  0.0            
      1140,  1800.0         ,  300.0          ,  0.0            
      1141,  1820.0         ,  320.0          ,  0.0            
      1142,  1940.0         ,  360.0          ,  0.0            
      1143,  1940.0         ,  280.0          ,  0.0            
      1144,  1960.0         ,  340.0          ,  0.0            
      1145,  1960.0         ,  300.0          ,  0.0            
      1146,  1920.0         ,  340.0          ,  0.0            
      1147,  1920.0         ,  300.0          ,  0.0            
      1148,  1940.0         ,  320.0          ,  0.0            
      1149,  1860.0         ,  360.0          ,  0.0            
      1150,  1900.0         ,  360.0          ,  0.0            
      1151,  1860.0         ,  320.0          ,  0.0            
      1152,  1900.0         ,  320.0          ,  0.0            
      1153,  1880.0         ,  340.0          ,  0.0            
      1154,  1860.0         ,  280.0          ,  0.0            
      1155,  1900.0         ,  280.0          ,  0.0            
      1156,  1880.0         ,  300.0          ,  0.0            
      1157,  1820.0         ,  480.0          ,  0.0            
      1158,  1840.0         ,  460.0          ,  0.0            
      1159,  1800.0         ,  460.0          ,  0.0            
      1160,  1820.0         ,  440.0          ,  0.0            
      1161,  1940.0         ,  480.0          ,  0.0            
      1162,  1960.0         ,  460.0          ,  0.0            
      1163,  1920.0         ,  460.0          ,  0.0            
      1164,  1940.0         ,  440.0          ,  0.0            
      1165,  1860.0         ,  480.0          ,  0.0            
      1166,  1900.0         ,  480.0          ,  0.0            
      1167,  1860.0         ,  440.0          ,  0.0            
      1168,  1900.0         ,  440.0          ,  0.0            
      1169,  1880.0         ,  460.0          ,  0.0            
      1170,  1580.0         ,  360.0          ,  0.0            
      1171,  1580.0         ,  280.0          ,  0.0            
      1172,  1600.0         ,  340.0          ,  0.0            
      1173,  1600.0         ,  300.0          ,  0.0            
      1174,  1560.0         ,  340.0          ,  0.0            
      1175,  1560.0         ,  300.0          ,  0.0            
      1176,  1580.0         ,  320.0          ,  0.0            
      1177,  1700.0         ,  360.0          ,  0.0            
      1178,  1700.0         ,  280.0          ,  0.0            
      1179,  1720.0         ,  340.0          ,  0.0            
      1180,  1720.0         ,  300.0          ,  0.0            
      1181,  1680.0         ,  340.0          ,  0.0            
      1182,  1680.0         ,  300.0          ,  0.0            
      1183,  1700.0         ,  320.0          ,  0.0            
      1184,  1620.0         ,  360.0          ,  0.0            
      1185,  1660.0         ,  360.0          ,  0.0            
      1186,  1620.0         ,  320.0          ,  0.0            
      1187,  1660.0         ,  320.0          ,  0.0            
      1188,  1640.0         ,  340.0          ,  0.0            
      1189,  1620.0         ,  280.0          ,  0.0            
      1190,  1660.0         ,  280.0          ,  0.0            
      1191,  1640.0         ,  300.0          ,  0.0            
      1192,  1560.0         ,  460.0          ,  0.0            
      1193,  1580.0         ,  480.0          ,  0.0            
      1194,  1580.0         ,  440.0          ,  0.0            
      1195,  1600.0         ,  460.0          ,  0.0            
      1196,  1700.0         ,  480.0          ,  0.0            
      1197,  1720.0         ,  460.0          ,  0.0            
      1198,  1680.0         ,  460.0          ,  0.0            
      1199,  1700.0         ,  440.0          ,  0.0            
      1200,  1620.0         ,  480.0          ,  0.0            
      1201,  1660.0         ,  480.0          ,  0.0            
      1202,  1620.0         ,  440.0          ,  0.0            
      1203,  1660.0         ,  440.0          ,  0.0            
      1204,  1640.0         ,  460.0          ,  0.0            
      1205,  1780.0         ,  280.0          ,  0.0            
      1206,  1740.0         ,  280.0          ,  0.0            
      1207,  1780.0         ,  320.0          ,  0.0            
      1208,  1740.0         ,  320.0          ,  0.0            
      1209,  1760.0         ,  300.0          ,  0.0            
      1210,  1780.0         ,  360.0          ,  0.0            
      1211,  1740.0         ,  360.0          ,  0.0            
      1212,  1760.0         ,  340.0          ,  0.0            
      1213,  1780.0         ,  440.0          ,  0.0            
      1214,  1740.0         ,  440.0          ,  0.0            
      1215,  1780.0         ,  480.0          ,  0.0            
      1216,  1740.0         ,  480.0          ,  0.0            
      1217,  1760.0         ,  460.0          ,  0.0            
      1218,  1940.0         ,  40.0           ,  0.0            
      1219,  1920.0         ,  60.0           ,  0.0            
      1220,  1960.0         ,  60.0           ,  0.0            
      1221,  1940.0         ,  80.0           ,  0.0            
      1222,  1940.0         ,  160.0          ,  0.0            
      1223,  1920.0         ,  100.0          ,  0.0            
      1224,  1920.0         ,  140.0          ,  0.0            
      1225,  1960.0         ,  100.0          ,  0.0            
      1226,  1960.0         ,  140.0          ,  0.0            
      1227,  1940.0         ,  120.0          ,  0.0            
      1228,  1800.0         ,  60.0           ,  0.0            
      1229,  1820.0         ,  80.0           ,  0.0            
      1230,  1820.0         ,  40.0           ,  0.0            
      1231,  1840.0         ,  60.0           ,  0.0            
      1232,  1820.0         ,  160.0          ,  0.0            
      1233,  1800.0         ,  100.0          ,  0.0            
      1234,  1800.0         ,  140.0          ,  0.0            
      1235,  1840.0         ,  100.0          ,  0.0            
      1236,  1840.0         ,  140.0          ,  0.0            
      1237,  1820.0         ,  120.0          ,  0.0            
      1238,  1900.0         ,  40.0           ,  0.0            
      1239,  1860.0         ,  40.0           ,  0.0            
      1240,  1900.0         ,  80.0           ,  0.0            
      1241,  1860.0         ,  80.0           ,  0.0            
      1242,  1880.0         ,  60.0           ,  0.0            
      1243,  1900.0         ,  120.0          ,  0.0            
      1244,  1860.0         ,  120.0          ,  0.0            
      1245,  1880.0         ,  100.0          ,  0.0            
      1246,  1900.0         ,  160.0          ,  0.0            
      1247,  1860.0         ,  160.0          ,  0.0            
      1248,  1880.0         ,  140.0          ,  0.0            
      1249,  1580.0         ,  80.0           ,  0.0            
      1250,  1600.0         ,  60.0           ,  0.0            
      1251,  1560.0         ,  60.0           ,  0.0            
      1252,  1580.0         ,  40.0           ,  0.0            
      1253,  1700.0         ,  80.0           ,  0.0            
      1254,  1720.0         ,  60.0           ,  0.0            
      1255,  1680.0         ,  60.0           ,  0.0            
      1256,  1700.0         ,  40.0           ,  0.0            
      1257,  1620.0         ,  80.0           ,  0.0            
      1258,  1660.0         ,  80.0           ,  0.0            
      1259,  1620.0         ,  40.0           ,  0.0            
      1260,  1660.0         ,  40.0           ,  0.0            
      1261,  1640.0         ,  60.0           ,  0.0            
      1262,  1580.0         ,  160.0          ,  0.0            
      1263,  1700.0         ,  160.0          ,  0.0            
      1264,  1620.0         ,  160.0          ,  0.0            
      1265,  1660.0         ,  160.0          ,  0.0            
      1266,  1560.0         ,  100.0          ,  0.0            
      1267,  1560.0         ,  140.0          ,  0.0            
      1268,  1600.0         ,  100.0          ,  0.0            
      1269,  1600.0         ,  140.0          ,  0.0            
      1270,  1580.0         ,  120.0          ,  0.0            
      1271,  1640.0         ,  100.0          ,  0.0            
      1272,  1640.0         ,  140.0          ,  0.0            
      1273,  1620.0         ,  120.0          ,  0.0            
      1274,  1680.0         ,  100.0          ,  0.0            
      1275,  1680.0         ,  140.0          ,  0.0            
      1276,  1660.0         ,  120.0          ,  0.0            
      1277,  1720.0         ,  100.0          ,  0.0            
      1278,  1720.0         ,  140.0          ,  0.0            
      1279,  1700.0         ,  120.0          ,  0.0            
      1280,  1780.0         ,  40.0           ,  0.0            
      1281,  1740.0         ,  40.0           ,  0.0            
      1282,  1780.0         ,  80.0           ,  0.0            
      1283,  1740.0         ,  80.0           ,  0.0            
      1284,  1760.0         ,  60.0           ,  0.0            
      1285,  1780.0         ,  120.0          ,  0.0            
      1286,  1740.0         ,  120.0          ,  0.0            
      1287,  1760.0         ,  100.0          ,  0.0            
      1288,  1780.0         ,  160.0          ,  0.0            
      1289,  1740.0         ,  160.0          ,  0.0            
      1290,  1760.0         ,  140.0          ,  0.0            
      1291,  1960.0         ,  260.0          ,  0.0            
      1292,  1920.0         ,  260.0          ,  0.0            
      1293,  1940.0         ,  240.0          ,  0.0            
      1294,  1880.0         ,  260.0          ,  0.0            
      1295,  1900.0         ,  240.0          ,  0.0            
      1296,  1840.0         ,  260.0          ,  0.0            
      1297,  1860.0         ,  240.0          ,  0.0            
      1298,  1800.0         ,  260.0          ,  0.0            
      1299,  1820.0         ,  240.0          ,  0.0            
      1300,  1760.0         ,  260.0          ,  0.0            
      1301,  1780.0         ,  240.0          ,  0.0            
      1302,  1720.0         ,  260.0          ,  0.0            
      1303,  1740.0         ,  240.0          ,  0.0            
      1304,  1680.0         ,  260.0          ,  0.0            
      1305,  1700.0         ,  240.0          ,  0.0            
      1306,  1640.0         ,  260.0          ,  0.0            
      1307,  1660.0         ,  240.0          ,  0.0            
      1308,  1600.0         ,  260.0          ,  0.0            
      1309,  1620.0         ,  240.0          ,  0.0            
      1310,  1560.0         ,  260.0          ,  0.0            
      1311,  1580.0         ,  240.0          ,  0.0            
      1312,  1500.0         ,  480.0          ,  0.0            
      1313,  1540.0         ,  480.0          ,  0.0            
      1314,  1500.0         ,  440.0          ,  0.0            
      1315,  1540.0         ,  440.0          ,  0.0            
      1316,  1520.0         ,  460.0          ,  0.0            
      1317,  1500.0         ,  360.0          ,  0.0            
      1318,  1540.0         ,  360.0          ,  0.0            
      1319,  1500.0         ,  320.0          ,  0.0            
      1320,  1540.0         ,  320.0          ,  0.0            
      1321,  1520.0         ,  340.0          ,  0.0            
      1322,  1500.0         ,  280.0          ,  0.0            
      1323,  1540.0         ,  280.0          ,  0.0            
      1324,  1520.0         ,  300.0          ,  0.0            
      1325,  1500.0         ,  240.0          ,  0.0            
      1326,  1540.0         ,  240.0          ,  0.0            
      1327,  1520.0         ,  260.0          ,  0.0            
      1328,  1500.0         ,  160.0          ,  0.0            
      1329,  1540.0         ,  160.0          ,  0.0            
      1330,  1500.0         ,  120.0          ,  0.0            
      1331,  1540.0         ,  120.0          ,  0.0            
      1332,  1520.0         ,  140.0          ,  0.0            
      1333,  1500.0         ,  80.0           ,  0.0            
      1334,  1540.0         ,  80.0           ,  0.0            
      1335,  1520.0         ,  100.0          ,  0.0            
      1336,  1500.0         ,  40.0           ,  0.0            
      1337,  1540.0         ,  40.0           ,  0.0            
      1338,  1520.0         ,  60.0           ,  0.0            
      1339,  1160.0         ,  820.0          ,  0.0            
      1340,  1240.0         ,  820.0          ,  0.0            
      1341,  1180.0         ,  840.0          ,  0.0            
      1342,  1220.0         ,  840.0          ,  0.0            
      1343,  1180.0         ,  800.0          ,  0.0            
      1344,  1220.0         ,  800.0          ,  0.0            
      1345,  1200.0         ,  820.0          ,  0.0            
      1346,  1160.0         ,  940.0          ,  0.0            
      1347,  1240.0         ,  940.0          ,  0.0            
      1348,  1180.0         ,  960.0          ,  0.0            
      1349,  1220.0         ,  960.0          ,  0.0            
      1350,  1180.0         ,  920.0          ,  0.0            
      1351,  1220.0         ,  920.0          ,  0.0            
      1352,  1200.0         ,  940.0          ,  0.0            
      1353,  1160.0         ,  860.0          ,  0.0            
      1354,  1160.0         ,  900.0          ,  0.0            
      1355,  1200.0         ,  860.0          ,  0.0            
      1356,  1200.0         ,  900.0          ,  0.0            
      1357,  1180.0         ,  880.0          ,  0.0            
      1358,  1240.0         ,  860.0          ,  0.0            
      1359,  1240.0         ,  900.0          ,  0.0            
      1360,  1220.0         ,  880.0          ,  0.0            
      1361,  1040.0         ,  820.0          ,  0.0            
      1362,  1060.0         ,  840.0          ,  0.0            
      1363,  1060.0         ,  800.0          ,  0.0            
      1364,  1080.0         ,  820.0          ,  0.0            
      1365,  1040.0         ,  940.0          ,  0.0            
      1366,  1060.0         ,  960.0          ,  0.0            
      1367,  1060.0         ,  920.0          ,  0.0            
      1368,  1080.0         ,  940.0          ,  0.0            
      1369,  1040.0         ,  860.0          ,  0.0            
      1370,  1040.0         ,  900.0          ,  0.0            
      1371,  1080.0         ,  860.0          ,  0.0            
      1372,  1080.0         ,  900.0          ,  0.0            
      1373,  1060.0         ,  880.0          ,  0.0            
      1374,  1140.0         ,  800.0          ,  0.0            
      1375,  1100.0         ,  800.0          ,  0.0            
      1376,  1140.0         ,  840.0          ,  0.0            
      1377,  1100.0         ,  840.0          ,  0.0            
      1378,  1120.0         ,  820.0          ,  0.0            
      1379,  1140.0         ,  880.0          ,  0.0            
      1380,  1100.0         ,  880.0          ,  0.0            
      1381,  1120.0         ,  860.0          ,  0.0            
      1382,  1140.0         ,  920.0          ,  0.0            
      1383,  1100.0         ,  920.0          ,  0.0            
      1384,  1120.0         ,  900.0          ,  0.0            
      1385,  1140.0         ,  960.0          ,  0.0            
      1386,  1100.0         ,  960.0          ,  0.0            
      1387,  1120.0         ,  940.0          ,  0.0            
      1388,  1160.0         ,  580.0          ,  0.0            
      1389,  1240.0         ,  580.0          ,  0.0            
      1390,  1180.0         ,  600.0          ,  0.0            
      1391,  1220.0         ,  600.0          ,  0.0            
      1392,  1180.0         ,  560.0          ,  0.0            
      1393,  1220.0         ,  560.0          ,  0.0            
      1394,  1200.0         ,  580.0          ,  0.0            
      1395,  1180.0         ,  680.0          ,  0.0            
      1396,  1220.0         ,  680.0          ,  0.0            
      1397,  1160.0         ,  620.0          ,  0.0            
      1398,  1160.0         ,  660.0          ,  0.0            
      1399,  1200.0         ,  620.0          ,  0.0            
      1400,  1200.0         ,  660.0          ,  0.0            
      1401,  1180.0         ,  640.0          ,  0.0            
      1402,  1240.0         ,  620.0          ,  0.0            
      1403,  1240.0         ,  660.0          ,  0.0            
      1404,  1220.0         ,  640.0          ,  0.0            
      1405,  1040.0         ,  580.0          ,  0.0            
      1406,  1060.0         ,  600.0          ,  0.0            
      1407,  1060.0         ,  560.0          ,  0.0            
      1408,  1080.0         ,  580.0          ,  0.0            
      1409,  1040.0         ,  700.0          ,  0.0            
      1410,  1060.0         ,  720.0          ,  0.0            
      1411,  1060.0         ,  680.0          ,  0.0            
      1412,  1080.0         ,  700.0          ,  0.0            
      1413,  1040.0         ,  620.0          ,  0.0            
      1414,  1040.0         ,  660.0          ,  0.0            
      1415,  1080.0         ,  620.0          ,  0.0            
      1416,  1080.0         ,  660.0          ,  0.0            
      1417,  1060.0         ,  640.0          ,  0.0            
      1418,  1140.0         ,  560.0          ,  0.0            
      1419,  1140.0         ,  600.0          ,  0.0            
      1420,  1120.0         ,  580.0          ,  0.0            
      1421,  1140.0         ,  640.0          ,  0.0            
      1422,  1120.0         ,  620.0          ,  0.0            
      1423,  1140.0         ,  680.0          ,  0.0            
      1424,  1120.0         ,  660.0          ,  0.0            
      1425,  1240.0         ,  780.0          ,  0.0            
      1426,  1200.0         ,  780.0          ,  0.0            
      1427,  1220.0         ,  760.0          ,  0.0            
      1428,  1160.0         ,  780.0          ,  0.0            
      1429,  1180.0         ,  760.0          ,  0.0            
      1430,  1120.0         ,  780.0          ,  0.0            
      1431,  1140.0         ,  760.0          ,  0.0            
      1432,  1080.0         ,  780.0          ,  0.0            
      1433,  1080.0         ,  740.0          ,  0.0            
      1434,  1100.0         ,  760.0          ,  0.0            
      1435,  1040.0         ,  780.0          ,  0.0            
      1436,  1040.0         ,  740.0          ,  0.0            
      1437,  1060.0         ,  760.0          ,  0.0            
      1438,  1440.0         ,  820.0          ,  0.0            
      1439,  1460.0         ,  840.0          ,  0.0            
      1440,  1460.0         ,  800.0          ,  0.0            
      1441,  1480.0         ,  820.0          ,  0.0            
      1442,  1440.0         ,  940.0          ,  0.0            
      1443,  1460.0         ,  960.0          ,  0.0            
      1444,  1460.0         ,  920.0          ,  0.0            
      1445,  1480.0         ,  940.0          ,  0.0            
      1446,  1440.0         ,  860.0          ,  0.0            
      1447,  1440.0         ,  900.0          ,  0.0            
      1448,  1480.0         ,  860.0          ,  0.0            
      1449,  1480.0         ,  900.0          ,  0.0            
      1450,  1460.0         ,  880.0          ,  0.0            
      1451,  1320.0         ,  820.0          ,  0.0            
      1452,  1340.0         ,  840.0          ,  0.0            
      1453,  1340.0         ,  800.0          ,  0.0            
      1454,  1360.0         ,  820.0          ,  0.0            
      1455,  1320.0         ,  940.0          ,  0.0            
      1456,  1340.0         ,  960.0          ,  0.0            
      1457,  1340.0         ,  920.0          ,  0.0            
      1458,  1360.0         ,  940.0          ,  0.0            
      1459,  1320.0         ,  860.0          ,  0.0            
      1460,  1320.0         ,  900.0          ,  0.0            
      1461,  1360.0         ,  860.0          ,  0.0            
      1462,  1360.0         ,  900.0          ,  0.0            
      1463,  1340.0         ,  880.0          ,  0.0            
      1464,  1420.0         ,  800.0          ,  0.0            
      1465,  1380.0         ,  800.0          ,  0.0            
      1466,  1420.0         ,  840.0          ,  0.0            
      1467,  1380.0         ,  840.0          ,  0.0            
      1468,  1400.0         ,  820.0          ,  0.0            
      1469,  1420.0         ,  880.0          ,  0.0            
      1470,  1380.0         ,  880.0          ,  0.0            
      1471,  1400.0         ,  860.0          ,  0.0            
      1472,  1420.0         ,  920.0          ,  0.0            
      1473,  1380.0         ,  920.0          ,  0.0            
      1474,  1400.0         ,  900.0          ,  0.0            
      1475,  1420.0         ,  960.0          ,  0.0            
      1476,  1380.0         ,  960.0          ,  0.0            
      1477,  1400.0         ,  940.0          ,  0.0            
      1478,  1460.0         ,  680.0          ,  0.0            
      1479,  1340.0         ,  680.0          ,  0.0            
      1480,  1420.0         ,  680.0          ,  0.0            
      1481,  1380.0         ,  680.0          ,  0.0            
      1482,  1460.0         ,  560.0          ,  0.0            
      1483,  1440.0         ,  580.0          ,  0.0            
      1484,  1480.0         ,  580.0          ,  0.0            
      1485,  1460.0         ,  600.0          ,  0.0            
      1486,  1340.0         ,  560.0          ,  0.0            
      1487,  1320.0         ,  580.0          ,  0.0            
      1488,  1360.0         ,  580.0          ,  0.0            
      1489,  1340.0         ,  600.0          ,  0.0            
      1490,  1420.0         ,  560.0          ,  0.0            
      1491,  1380.0         ,  560.0          ,  0.0            
      1492,  1420.0         ,  600.0          ,  0.0            
      1493,  1380.0         ,  600.0          ,  0.0            
      1494,  1400.0         ,  580.0          ,  0.0            
      1495,  1480.0         ,  660.0          ,  0.0            
      1496,  1480.0         ,  620.0          ,  0.0            
      1497,  1440.0         ,  660.0          ,  0.0            
      1498,  1440.0         ,  620.0          ,  0.0            
      1499,  1460.0         ,  640.0          ,  0.0            
      1500,  1400.0         ,  660.0          ,  0.0            
      1501,  1400.0         ,  620.0          ,  0.0            
      1502,  1420.0         ,  640.0          ,  0.0            
      1503,  1360.0         ,  660.0          ,  0.0            
      1504,  1360.0         ,  620.0          ,  0.0            
      1505,  1380.0         ,  640.0          ,  0.0            
      1506,  1320.0         ,  660.0          ,  0.0            
      1507,  1320.0         ,  620.0          ,  0.0            
      1508,  1340.0         ,  640.0          ,  0.0            
      1509,  1480.0         ,  780.0          ,  0.0            
      1510,  1440.0         ,  780.0          ,  0.0            
      1511,  1460.0         ,  760.0          ,  0.0            
      1512,  1400.0         ,  780.0          ,  0.0            
      1513,  1420.0         ,  760.0          ,  0.0            
      1514,  1360.0         ,  780.0          ,  0.0            
      1515,  1380.0         ,  760.0          ,  0.0            
      1516,  1320.0         ,  780.0          ,  0.0            
      1517,  1340.0         ,  760.0          ,  0.0            
      1518,  1260.0         ,  960.0          ,  0.0            
      1519,  1300.0         ,  960.0          ,  0.0            
      1520,  1260.0         ,  920.0          ,  0.0            
      1521,  1300.0         ,  920.0          ,  0.0            
      1522,  1280.0         ,  940.0          ,  0.0            
      1523,  1260.0         ,  880.0          ,  0.0            
      1524,  1300.0         ,  880.0          ,  0.0            
      1525,  1280.0         ,  900.0          ,  0.0            
      1526,  1260.0         ,  840.0          ,  0.0            
      1527,  1300.0         ,  840.0          ,  0.0            
      1528,  1280.0         ,  860.0          ,  0.0            
      1529,  1260.0         ,  800.0          ,  0.0            
      1530,  1300.0         ,  800.0          ,  0.0            
      1531,  1280.0         ,  820.0          ,  0.0            
      1532,  1260.0         ,  760.0          ,  0.0            
      1533,  1300.0         ,  760.0          ,  0.0            
      1534,  1280.0         ,  780.0          ,  0.0            
      1535,  1260.0         ,  680.0          ,  0.0            
      1536,  1300.0         ,  680.0          ,  0.0            
      1537,  1260.0         ,  640.0          ,  0.0            
      1538,  1300.0         ,  640.0          ,  0.0            
      1539,  1280.0         ,  660.0          ,  0.0            
      1540,  1260.0         ,  600.0          ,  0.0            
      1541,  1300.0         ,  600.0          ,  0.0            
      1542,  1280.0         ,  620.0          ,  0.0            
      1543,  1260.0         ,  560.0          ,  0.0            
      1544,  1300.0         ,  560.0          ,  0.0            
      1545,  1280.0         ,  580.0          ,  0.0            
      1546,  1800.0         ,  820.0          ,  0.0            
      1547,  1820.0         ,  840.0          ,  0.0            
      1548,  1820.0         ,  800.0          ,  0.0            
      1549,  1840.0         ,  820.0          ,  0.0            
      1550,  1940.0         ,  840.0          ,  0.0            
      1551,  1960.0         ,  820.0          ,  0.0            
      1552,  1920.0         ,  820.0          ,  0.0            
      1553,  1940.0         ,  800.0          ,  0.0            
      1554,  1860.0         ,  840.0          ,  0.0            
      1555,  1900.0         ,  840.0          ,  0.0            
      1556,  1860.0         ,  800.0          ,  0.0            
      1557,  1900.0         ,  800.0          ,  0.0            
      1558,  1880.0         ,  820.0          ,  0.0            
      1559,  1820.0         ,  960.0          ,  0.0            
      1560,  1840.0         ,  940.0          ,  0.0            
      1561,  1800.0         ,  940.0          ,  0.0            
      1562,  1820.0         ,  920.0          ,  0.0            
      1563,  1940.0         ,  960.0          ,  0.0            
      1564,  1960.0         ,  940.0          ,  0.0            
      1565,  1920.0         ,  940.0          ,  0.0            
      1566,  1940.0         ,  920.0          ,  0.0            
      1567,  1860.0         ,  960.0          ,  0.0            
      1568,  1900.0         ,  960.0          ,  0.0            
      1569,  1860.0         ,  920.0          ,  0.0            
      1570,  1900.0         ,  920.0          ,  0.0            
      1571,  1880.0         ,  940.0          ,  0.0            
      1572,  1800.0         ,  860.0          ,  0.0            
      1573,  1800.0         ,  900.0          ,  0.0            
      1574,  1840.0         ,  860.0          ,  0.0            
      1575,  1840.0         ,  900.0          ,  0.0            
      1576,  1820.0         ,  880.0          ,  0.0            
      1577,  1880.0         ,  860.0          ,  0.0            
      1578,  1880.0         ,  900.0          ,  0.0            
      1579,  1860.0         ,  880.0          ,  0.0            
      1580,  1920.0         ,  860.0          ,  0.0            
      1581,  1920.0         ,  900.0          ,  0.0            
      1582,  1900.0         ,  880.0          ,  0.0            
      1583,  1960.0         ,  860.0          ,  0.0            
      1584,  1960.0         ,  900.0          ,  0.0            
      1585,  1940.0         ,  880.0          ,  0.0            
      1586,  1580.0         ,  840.0          ,  0.0            
      1587,  1600.0         ,  820.0          ,  0.0            
      1588,  1560.0         ,  820.0          ,  0.0            
      1589,  1580.0         ,  800.0          ,  0.0            
      1590,  1700.0         ,  840.0          ,  0.0            
      1591,  1720.0         ,  820.0          ,  0.0            
      1592,  1680.0         ,  820.0          ,  0.0            
      1593,  1700.0         ,  800.0          ,  0.0            
      1594,  1620.0         ,  840.0          ,  0.0            
      1595,  1660.0         ,  840.0          ,  0.0            
      1596,  1620.0         ,  800.0          ,  0.0            
      1597,  1660.0         ,  800.0          ,  0.0            
      1598,  1640.0         ,  820.0          ,  0.0            
      1599,  1580.0         ,  960.0          ,  0.0            
      1600,  1600.0         ,  940.0          ,  0.0            
      1601,  1560.0         ,  940.0          ,  0.0            
      1602,  1580.0         ,  920.0          ,  0.0            
      1603,  1700.0         ,  960.0          ,  0.0            
      1604,  1720.0         ,  940.0          ,  0.0            
      1605,  1680.0         ,  940.0          ,  0.0            
      1606,  1700.0         ,  920.0          ,  0.0            
      1607,  1620.0         ,  960.0          ,  0.0            
      1608,  1660.0         ,  960.0          ,  0.0            
      1609,  1620.0         ,  920.0          ,  0.0            
      1610,  1660.0         ,  920.0          ,  0.0            
      1611,  1640.0         ,  940.0          ,  0.0            
      1612,  1560.0         ,  860.0          ,  0.0            
      1613,  1560.0         ,  900.0          ,  0.0            
      1614,  1600.0         ,  860.0          ,  0.0            
      1615,  1600.0         ,  900.0          ,  0.0            
      1616,  1580.0         ,  880.0          ,  0.0            
      1617,  1640.0         ,  860.0          ,  0.0            
      1618,  1640.0         ,  900.0          ,  0.0            
      1619,  1620.0         ,  880.0          ,  0.0            
      1620,  1680.0         ,  860.0          ,  0.0            
      1621,  1680.0         ,  900.0          ,  0.0            
      1622,  1660.0         ,  880.0          ,  0.0            
      1623,  1720.0         ,  860.0          ,  0.0            
      1624,  1720.0         ,  900.0          ,  0.0            
      1625,  1700.0         ,  880.0          ,  0.0            
      1626,  1780.0         ,  800.0          ,  0.0            
      1627,  1740.0         ,  800.0          ,  0.0            
      1628,  1780.0         ,  840.0          ,  0.0            
      1629,  1740.0         ,  840.0          ,  0.0            
      1630,  1760.0         ,  820.0          ,  0.0            
      1631,  1780.0         ,  880.0          ,  0.0            
      1632,  1740.0         ,  880.0          ,  0.0            
      1633,  1760.0         ,  860.0          ,  0.0            
      1634,  1780.0         ,  920.0          ,  0.0            
      1635,  1740.0         ,  920.0          ,  0.0            
      1636,  1760.0         ,  900.0          ,  0.0            
      1637,  1780.0         ,  960.0          ,  0.0            
      1638,  1740.0         ,  960.0          ,  0.0            
      1639,  1760.0         ,  940.0          ,  0.0            
      1640,  1820.0         ,  600.0          ,  0.0            
      1641,  1840.0         ,  580.0          ,  0.0            
      1642,  1800.0         ,  580.0          ,  0.0            
      1643,  1820.0         ,  560.0          ,  0.0            
      1644,  1940.0         ,  600.0          ,  0.0            
      1645,  1960.0         ,  580.0          ,  0.0            
      1646,  1920.0         ,  580.0          ,  0.0            
      1647,  1940.0         ,  560.0          ,  0.0            
      1648,  1860.0         ,  600.0          ,  0.0            
      1649,  1900.0         ,  600.0          ,  0.0            
      1650,  1860.0         ,  560.0          ,  0.0            
      1651,  1900.0         ,  560.0          ,  0.0            
      1652,  1880.0         ,  580.0          ,  0.0            
      1653,  1820.0         ,  680.0          ,  0.0            
      1654,  1940.0         ,  680.0          ,  0.0            
      1655,  1860.0         ,  680.0          ,  0.0            
      1656,  1900.0         ,  680.0          ,  0.0            
      1657,  1800.0         ,  620.0          ,  0.0            
      1658,  1800.0         ,  660.0          ,  0.0            
      1659,  1840.0         ,  620.0          ,  0.0            
      1660,  1840.0         ,  660.0          ,  0.0            
      1661,  1820.0         ,  640.0          ,  0.0            
      1662,  1880.0         ,  620.0          ,  0.0            
      1663,  1880.0         ,  660.0          ,  0.0            
      1664,  1860.0         ,  640.0          ,  0.0            
      1665,  1920.0         ,  620.0          ,  0.0            
      1666,  1920.0         ,  660.0          ,  0.0            
      1667,  1900.0         ,  640.0          ,  0.0            
      1668,  1960.0         ,  620.0          ,  0.0            
      1669,  1960.0         ,  660.0          ,  0.0            
      1670,  1940.0         ,  640.0          ,  0.0            
      1671,  1580.0         ,  600.0          ,  0.0            
      1672,  1600.0         ,  580.0          ,  0.0            
      1673,  1560.0         ,  580.0          ,  0.0            
      1674,  1580.0         ,  560.0          ,  0.0            
      1675,  1700.0         ,  600.0          ,  0.0            
      1676,  1720.0         ,  580.0          ,  0.0            
      1677,  1680.0         ,  580.0          ,  0.0            
      1678,  1700.0         ,  560.0          ,  0.0            
      1679,  1620.0         ,  600.0          ,  0.0            
      1680,  1660.0         ,  600.0          ,  0.0            
      1681,  1620.0         ,  560.0          ,  0.0            
      1682,  1660.0         ,  560.0          ,  0.0            
      1683,  1640.0         ,  580.0          ,  0.0            
      1684,  1580.0         ,  680.0          ,  0.0            
      1685,  1700.0         ,  680.0          ,  0.0            
      1686,  1620.0         ,  680.0          ,  0.0            
      1687,  1660.0         ,  680.0          ,  0.0            
      1688,  1560.0         ,  620.0          ,  0.0            
      1689,  1560.0         ,  660.0          ,  0.0            
      1690,  1600.0         ,  620.0          ,  0.0            
      1691,  1600.0         ,  660.0          ,  0.0            
      1692,  1580.0         ,  640.0          ,  0.0            
      1693,  1640.0         ,  620.0          ,  0.0            
      1694,  1640.0         ,  660.0          ,  0.0            
      1695,  1620.0         ,  640.0          ,  0.0            
      1696,  1680.0         ,  620.0          ,  0.0            
      1697,  1680.0         ,  660.0          ,  0.0            
      1698,  1660.0         ,  640.0          ,  0.0            
      1699,  1720.0         ,  620.0          ,  0.0            
      1700,  1720.0         ,  660.0          ,  0.0            
      1701,  1700.0         ,  640.0          ,  0.0            
      1702,  1780.0         ,  560.0          ,  0.0            
      1703,  1740.0         ,  560.0          ,  0.0            
      1704,  1780.0         ,  600.0          ,  0.0            
      1705,  1740.0         ,  600.0          ,  0.0            
      1706,  1760.0         ,  580.0          ,  0.0            
      1707,  1780.0         ,  640.0          ,  0.0            
      1708,  1740.0         ,  640.0          ,  0.0            
      1709,  1760.0         ,  620.0          ,  0.0            
      1710,  1780.0         ,  680.0          ,  0.0            
      1711,  1740.0         ,  680.0          ,  0.0            
      1712,  1760.0         ,  660.0          ,  0.0            
      1713,  1960.0         ,  780.0          ,  0.0            
      1714,  1920.0         ,  780.0          ,  0.0            
      1715,  1940.0         ,  760.0          ,  0.0            
      1716,  1880.0         ,  780.0          ,  0.0            
      1717,  1900.0         ,  760.0          ,  0.0            
      1718,  1840.0         ,  780.0          ,  0.0            
      1719,  1860.0         ,  760.0          ,  0.0            
      1720,  1800.0         ,  780.0          ,  0.0            
      1721,  1820.0         ,  760.0          ,  0.0            
      1722,  1760.0         ,  780.0          ,  0.0            
      1723,  1780.0         ,  760.0          ,  0.0            
      1724,  1720.0         ,  780.0          ,  0.0            
      1725,  1740.0         ,  760.0          ,  0.0            
      1726,  1680.0         ,  780.0          ,  0.0            
      1727,  1700.0         ,  760.0          ,  0.0            
      1728,  1640.0         ,  780.0          ,  0.0            
      1729,  1660.0         ,  760.0          ,  0.0            
      1730,  1600.0         ,  780.0          ,  0.0            
      1731,  1620.0         ,  760.0          ,  0.0            
      1732,  1560.0         ,  780.0          ,  0.0            
      1733,  1580.0         ,  760.0          ,  0.0            
      1734,  1500.0         ,  960.0          ,  0.0            
      1735,  1540.0         ,  960.0          ,  0.0            
      1736,  1500.0         ,  920.0          ,  0.0            
      1737,  1540.0         ,  920.0          ,  0.0            
      1738,  1520.0         ,  940.0          ,  0.0            
      1739,  1500.0         ,  880.0          ,  0.0            
      1740,  1540.0         ,  880.0          ,  0.0            
      1741,  1520.0         ,  900.0          ,  0.0            
      1742,  1500.0         ,  840.0          ,  0.0            
      1743,  1540.0         ,  840.0          ,  0.0            
      1744,  1520.0         ,  860.0          ,  0.0            
      1745,  1500.0         ,  800.0          ,  0.0            
      1746,  1540.0         ,  800.0          ,  0.0            
      1747,  1520.0         ,  820.0          ,  0.0            
      1748,  1500.0         ,  760.0          ,  0.0            
      1749,  1540.0         ,  760.0          ,  0.0            
      1750,  1520.0         ,  780.0          ,  0.0            
      1751,  1500.0         ,  680.0          ,  0.0            
      1752,  1540.0         ,  680.0          ,  0.0            
      1753,  1500.0         ,  640.0          ,  0.0            
      1754,  1540.0         ,  640.0          ,  0.0            
      1755,  1520.0         ,  660.0          ,  0.0            
      1756,  1500.0         ,  600.0          ,  0.0            
      1757,  1540.0         ,  600.0          ,  0.0            
      1758,  1520.0         ,  620.0          ,  0.0            
      1759,  1500.0         ,  560.0          ,  0.0            
      1760,  1540.0         ,  560.0          ,  0.0            
      1761,  1520.0         ,  580.0          ,  0.0            
      1762,  1040.0         ,  500.0          ,  0.0            
      1763,  1040.0         ,  540.0          ,  0.0            
      1764,  1080.0         ,  500.0          ,  0.0            
      1765,  1080.0         ,  540.0          ,  0.0            
      1766,  1060.0         ,  520.0          ,  0.0            
      1767,  1120.0         ,  500.0          ,  0.0            
      1768,  1120.0         ,  540.0          ,  0.0            
      1769,  1160.0         ,  500.0          ,  0.0            
      1770,  1160.0         ,  540.0          ,  0.0            
      1771,  1140.0         ,  520.0          ,  0.0            
      1772,  1200.0         ,  500.0          ,  0.0            
      1773,  1200.0         ,  540.0          ,  0.0            
      1774,  1180.0         ,  520.0          ,  0.0            
      1775,  1240.0         ,  500.0          ,  0.0            
      1776,  1240.0         ,  540.0          ,  0.0            
      1777,  1220.0         ,  520.0          ,  0.0            
      1778,  1280.0         ,  500.0          ,  0.0            
      1779,  1280.0         ,  540.0          ,  0.0            
      1780,  1260.0         ,  520.0          ,  0.0            
      1781,  1320.0         ,  500.0          ,  0.0            
      1782,  1320.0         ,  540.0          ,  0.0            
      1783,  1300.0         ,  520.0          ,  0.0            
      1784,  1360.0         ,  500.0          ,  0.0            
      1785,  1360.0         ,  540.0          ,  0.0            
      1786,  1340.0         ,  520.0          ,  0.0            
      1787,  1400.0         ,  500.0          ,  0.0            
      1788,  1400.0         ,  540.0          ,  0.0            
      1789,  1380.0         ,  520.0          ,  0.0            
      1790,  1440.0         ,  500.0          ,  0.0            
      1791,  1440.0         ,  540.0          ,  0.0            
      1792,  1420.0         ,  520.0          ,  0.0            
      1793,  1480.0         ,  500.0          ,  0.0            
      1794,  1480.0         ,  540.0          ,  0.0            
      1795,  1460.0         ,  520.0          ,  0.0            
      1796,  1520.0         ,  500.0          ,  0.0            
      1797,  1520.0         ,  540.0          ,  0.0            
      1798,  1500.0         ,  520.0          ,  0.0            
      1799,  1560.0         ,  500.0          ,  0.0            
      1800,  1560.0         ,  540.0          ,  0.0            
      1801,  1540.0         ,  520.0          ,  0.0            
      1802,  1600.0         ,  500.0          ,  0.0            
      1803,  1600.0         ,  540.0          ,  0.0            
      1804,  1580.0         ,  520.0          ,  0.0            
      1805,  1640.0         ,  500.0          ,  0.0            
      1806,  1640.0         ,  540.0          ,  0.0            
      1807,  1620.0         ,  520.0          ,  0.0            
      1808,  1680.0         ,  500.0          ,  0.0            
      1809,  1680.0         ,  540.0          ,  0.0            
      1810,  1660.0         ,  520.0          ,  0.0            
      1811,  1720.0         ,  500.0          ,  0.0            
      1812,  1720.0         ,  540.0          ,  0.0            
      1813,  1700.0         ,  520.0          ,  0.0            
      1814,  1760.0         ,  500.0          ,  0.0            
      1815,  1760.0         ,  540.0          ,  0.0            
      1816,  1740.0         ,  520.0          ,  0.0            
      1817,  1800.0         ,  500.0          ,  0.0            
      1818,  1800.0         ,  540.0          ,  0.0            
      1819,  1780.0         ,  520.0          ,  0.0            
      1820,  1840.0         ,  500.0          ,  0.0            
      1821,  1840.0         ,  540.0          ,  0.0            
      1822,  1820.0         ,  520.0          ,  0.0            
      1823,  1880.0         ,  500.0          ,  0.0            
      1824,  1880.0         ,  540.0          ,  0.0            
      1825,  1860.0         ,  520.0          ,  0.0            
      1826,  1920.0         ,  500.0          ,  0.0            
      1827,  1920.0         ,  540.0          ,  0.0            
      1828,  1900.0         ,  520.0          ,  0.0            
      1829,  1960.0         ,  500.0          ,  0.0            
      1830,  1960.0         ,  540.0          ,  0.0            
      1831,  1940.0         ,  520.0          ,  0.0            
      1832,  660.0          ,  400.0          ,  0.0            
      1833,  700.0          ,  400.0          ,  0.0            
      1834,  660.0          ,  480.0          ,  0.0            
      1835,  700.0          ,  480.0          ,  0.0            
      1836,  640.0          ,  420.0          ,  0.0            
      1837,  640.0          ,  460.0          ,  0.0            
      1838,  680.0          ,  420.0          ,  0.0            
      1839,  680.0          ,  460.0          ,  0.0            
      1840,  660.0          ,  440.0          ,  0.0            
      1841,  720.0          ,  420.0          ,  0.0            
      1842,  720.0          ,  460.0          ,  0.0            
      1843,  700.0          ,  440.0          ,  0.0            
      1844,  540.0          ,  400.0          ,  0.0            
      1845,  540.0          ,  480.0          ,  0.0            
      1846,  520.0          ,  420.0          ,  0.0            
      1847,  520.0          ,  460.0          ,  0.0            
      1848,  560.0          ,  420.0          ,  0.0            
      1849,  560.0          ,  460.0          ,  0.0            
      1850,  540.0          ,  440.0          ,  0.0            
      1851,  620.0          ,  400.0          ,  0.0            
      1852,  580.0          ,  400.0          ,  0.0            
      1853,  620.0          ,  440.0          ,  0.0            
      1854,  580.0          ,  440.0          ,  0.0            
      1855,  600.0          ,  420.0          ,  0.0            
      1856,  620.0          ,  480.0          ,  0.0            
      1857,  580.0          ,  480.0          ,  0.0            
      1858,  600.0          ,  460.0          ,  0.0            
      1859,  720.0          ,  300.0          ,  0.0            
      1860,  640.0          ,  300.0          ,  0.0            
      1861,  700.0          ,  280.0          ,  0.0            
      1862,  660.0          ,  280.0          ,  0.0            
      1863,  700.0          ,  320.0          ,  0.0            
      1864,  660.0          ,  320.0          ,  0.0            
      1865,  680.0          ,  300.0          ,  0.0            
      1866,  560.0          ,  300.0          ,  0.0            
      1867,  540.0          ,  280.0          ,  0.0            
      1868,  540.0          ,  320.0          ,  0.0            
      1869,  520.0          ,  300.0          ,  0.0            
      1870,  620.0          ,  280.0          ,  0.0            
      1871,  580.0          ,  280.0          ,  0.0            
      1872,  620.0          ,  320.0          ,  0.0            
      1873,  580.0          ,  320.0          ,  0.0            
      1874,  600.0          ,  300.0          ,  0.0            
      1875,  720.0          ,  380.0          ,  0.0            
      1876,  720.0          ,  340.0          ,  0.0            
      1877,  680.0          ,  380.0          ,  0.0            
      1878,  680.0          ,  340.0          ,  0.0            
      1879,  700.0          ,  360.0          ,  0.0            
      1880,  640.0          ,  380.0          ,  0.0            
      1881,  640.0          ,  340.0          ,  0.0            
      1882,  660.0          ,  360.0          ,  0.0            
      1883,  600.0          ,  380.0          ,  0.0            
      1884,  600.0          ,  340.0          ,  0.0            
      1885,  620.0          ,  360.0          ,  0.0            
      1886,  560.0          ,  380.0          ,  0.0            
      1887,  560.0          ,  340.0          ,  0.0            
      1888,  580.0          ,  360.0          ,  0.0            
      1889,  520.0          ,  380.0          ,  0.0            
      1890,  520.0          ,  340.0          ,  0.0            
      1891,  540.0          ,  360.0          ,  0.0            
      1892,  640.0          ,  60.0           ,  0.0            
      1893,  720.0          ,  60.0           ,  0.0            
      1894,  660.0          ,  80.0           ,  0.0            
      1895,  700.0          ,  80.0           ,  0.0            
      1896,  660.0          ,  40.0           ,  0.0            
      1897,  700.0          ,  40.0           ,  0.0            
      1898,  680.0          ,  60.0           ,  0.0            
      1899,  660.0          ,  160.0          ,  0.0            
      1900,  700.0          ,  160.0          ,  0.0            
      1901,  640.0          ,  100.0          ,  0.0            
      1902,  640.0          ,  140.0          ,  0.0            
      1903,  680.0          ,  100.0          ,  0.0            
      1904,  680.0          ,  140.0          ,  0.0            
      1905,  660.0          ,  120.0          ,  0.0            
      1906,  720.0          ,  100.0          ,  0.0            
      1907,  720.0          ,  140.0          ,  0.0            
      1908,  700.0          ,  120.0          ,  0.0            
      1909,  520.0          ,  60.0           ,  0.0            
      1910,  540.0          ,  80.0           ,  0.0            
      1911,  540.0          ,  40.0           ,  0.0            
      1912,  560.0          ,  60.0           ,  0.0            
      1913,  540.0          ,  160.0          ,  0.0            
      1914,  520.0          ,  100.0          ,  0.0            
      1915,  520.0          ,  140.0          ,  0.0            
      1916,  560.0          ,  100.0          ,  0.0            
      1917,  560.0          ,  140.0          ,  0.0            
      1918,  540.0          ,  120.0          ,  0.0            
      1919,  620.0          ,  40.0           ,  0.0            
      1920,  580.0          ,  40.0           ,  0.0            
      1921,  620.0          ,  80.0           ,  0.0            
      1922,  580.0          ,  80.0           ,  0.0            
      1923,  600.0          ,  60.0           ,  0.0            
      1924,  620.0          ,  120.0          ,  0.0            
      1925,  580.0          ,  120.0          ,  0.0            
      1926,  600.0          ,  100.0          ,  0.0            
      1927,  620.0          ,  160.0          ,  0.0            
      1928,  580.0          ,  160.0          ,  0.0            
      1929,  600.0          ,  140.0          ,  0.0            
      1930,  720.0          ,  260.0          ,  0.0            
      1931,  680.0          ,  260.0          ,  0.0            
      1932,  700.0          ,  240.0          ,  0.0            
      1933,  640.0          ,  260.0          ,  0.0            
      1934,  660.0          ,  240.0          ,  0.0            
      1935,  600.0          ,  260.0          ,  0.0            
      1936,  620.0          ,  240.0          ,  0.0            
      1937,  560.0          ,  260.0          ,  0.0            
      1938,  580.0          ,  240.0          ,  0.0            
      1939,  520.0          ,  260.0          ,  0.0            
      1940,  540.0          ,  240.0          ,  0.0            
      1941,  940.0          ,  400.0          ,  0.0            
      1942,  940.0          ,  480.0          ,  0.0            
      1943,  920.0          ,  420.0          ,  0.0            
      1944,  920.0          ,  460.0          ,  0.0            
      1945,  960.0          ,  420.0          ,  0.0            
      1946,  960.0          ,  460.0          ,  0.0            
      1947,  940.0          ,  440.0          ,  0.0            
      1948,  820.0          ,  400.0          ,  0.0            
      1949,  820.0          ,  480.0          ,  0.0            
      1950,  800.0          ,  420.0          ,  0.0            
      1951,  800.0          ,  460.0          ,  0.0            
      1952,  840.0          ,  420.0          ,  0.0            
      1953,  840.0          ,  460.0          ,  0.0            
      1954,  820.0          ,  440.0          ,  0.0            
      1955,  900.0          ,  400.0          ,  0.0            
      1956,  860.0          ,  400.0          ,  0.0            
      1957,  900.0          ,  440.0          ,  0.0            
      1958,  860.0          ,  440.0          ,  0.0            
      1959,  880.0          ,  420.0          ,  0.0            
      1960,  900.0          ,  480.0          ,  0.0            
      1961,  860.0          ,  480.0          ,  0.0            
      1962,  880.0          ,  460.0          ,  0.0            
      1963,  940.0          ,  280.0          ,  0.0            
      1964,  920.0          ,  300.0          ,  0.0            
      1965,  960.0          ,  300.0          ,  0.0            
      1966,  940.0          ,  320.0          ,  0.0            
      1967,  820.0          ,  280.0          ,  0.0            
      1968,  800.0          ,  300.0          ,  0.0            
      1969,  840.0          ,  300.0          ,  0.0            
      1970,  820.0          ,  320.0          ,  0.0            
      1971,  900.0          ,  280.0          ,  0.0            
      1972,  860.0          ,  280.0          ,  0.0            
      1973,  900.0          ,  320.0          ,  0.0            
      1974,  860.0          ,  320.0          ,  0.0            
      1975,  880.0          ,  300.0          ,  0.0            
      1976,  960.0          ,  380.0          ,  0.0            
      1977,  960.0          ,  340.0          ,  0.0            
      1978,  920.0          ,  380.0          ,  0.0            
      1979,  920.0          ,  340.0          ,  0.0            
      1980,  940.0          ,  360.0          ,  0.0            
      1981,  880.0          ,  380.0          ,  0.0            
      1982,  880.0          ,  340.0          ,  0.0            
      1983,  900.0          ,  360.0          ,  0.0            
      1984,  840.0          ,  380.0          ,  0.0            
      1985,  840.0          ,  340.0          ,  0.0            
      1986,  860.0          ,  360.0          ,  0.0            
      1987,  800.0          ,  380.0          ,  0.0            
      1988,  800.0          ,  340.0          ,  0.0            
      1989,  820.0          ,  360.0          ,  0.0            
      1990,  940.0          ,  40.0           ,  0.0            
      1991,  920.0          ,  60.0           ,  0.0            
      1992,  960.0          ,  60.0           ,  0.0            
      1993,  940.0          ,  80.0           ,  0.0            
      1994,  940.0          ,  160.0          ,  0.0            
      1995,  920.0          ,  100.0          ,  0.0            
      1996,  920.0          ,  140.0          ,  0.0            
      1997,  960.0          ,  100.0          ,  0.0            
      1998,  960.0          ,  140.0          ,  0.0            
      1999,  940.0          ,  120.0          ,  0.0            
      2000,  800.0          ,  60.0           ,  0.0            
      2001,  820.0          ,  80.0           ,  0.0            
      2002,  820.0          ,  40.0           ,  0.0            
      2003,  840.0          ,  60.0           ,  0.0            
      2004,  820.0          ,  160.0          ,  0.0            
      2005,  800.0          ,  100.0          ,  0.0            
      2006,  800.0          ,  140.0          ,  0.0            
      2007,  840.0          ,  100.0          ,  0.0            
      2008,  840.0          ,  140.0          ,  0.0            
      2009,  820.0          ,  120.0          ,  0.0            
      2010,  900.0          ,  40.0           ,  0.0            
      2011,  860.0          ,  40.0           ,  0.0            
      2012,  900.0          ,  80.0           ,  0.0            
      2013,  860.0          ,  80.0           ,  0.0            
      2014,  880.0          ,  60.0           ,  0.0            
      2015,  900.0          ,  120.0          ,  0.0            
      2016,  860.0          ,  120.0          ,  0.0            
      2017,  880.0          ,  100.0          ,  0.0            
      2018,  900.0          ,  160.0          ,  0.0            
      2019,  860.0          ,  160.0          ,  0.0            
      2020,  880.0          ,  140.0          ,  0.0            
      2021,  960.0          ,  260.0          ,  0.0            
      2022,  920.0          ,  260.0          ,  0.0            
      2023,  940.0          ,  240.0          ,  0.0            
      2024,  880.0          ,  260.0          ,  0.0            
      2025,  900.0          ,  240.0          ,  0.0            
      2026,  840.0          ,  260.0          ,  0.0            
      2027,  860.0          ,  240.0          ,  0.0            
      2028,  800.0          ,  260.0          ,  0.0            
      2029,  820.0          ,  240.0          ,  0.0            
      2030,  740.0          ,  480.0          ,  0.0            
      2031,  780.0          ,  480.0          ,  0.0            
      2032,  740.0          ,  440.0          ,  0.0            
      2033,  780.0          ,  440.0          ,  0.0            
      2034,  760.0          ,  460.0          ,  0.0            
      2035,  740.0          ,  400.0          ,  0.0            
      2036,  780.0          ,  400.0          ,  0.0            
      2037,  760.0          ,  420.0          ,  0.0            
      2038,  740.0          ,  360.0          ,  0.0            
      2039,  780.0          ,  360.0          ,  0.0            
      2040,  760.0          ,  380.0          ,  0.0            
      2041,  740.0          ,  320.0          ,  0.0            
      2042,  780.0          ,  320.0          ,  0.0            
      2043,  760.0          ,  340.0          ,  0.0            
      2044,  740.0          ,  280.0          ,  0.0            
      2045,  780.0          ,  280.0          ,  0.0            
      2046,  760.0          ,  300.0          ,  0.0            
      2047,  740.0          ,  240.0          ,  0.0            
      2048,  780.0          ,  240.0          ,  0.0            
      2049,  760.0          ,  260.0          ,  0.0            
      2050,  740.0          ,  160.0          ,  0.0            
      2051,  780.0          ,  160.0          ,  0.0            
      2052,  740.0          ,  120.0          ,  0.0            
      2053,  780.0          ,  120.0          ,  0.0            
      2054,  760.0          ,  140.0          ,  0.0            
      2055,  740.0          ,  80.0           ,  0.0            
      2056,  780.0          ,  80.0           ,  0.0            
      2057,  760.0          ,  100.0          ,  0.0            
      2058,  740.0          ,  40.0           ,  0.0            
      2059,  780.0          ,  40.0           ,  0.0            
      2060,  760.0          ,  60.0           ,  0.0            
      2061,  640.0          ,  820.0          ,  0.0            
      2062,  720.0          ,  820.0          ,  0.0            
      2063,  660.0          ,  840.0          ,  0.0            
      2064,  700.0          ,  840.0          ,  0.0            
      2065,  660.0          ,  800.0          ,  0.0            
      2066,  700.0          ,  800.0          ,  0.0            
      2067,  680.0          ,  820.0          ,  0.0            
      2068,  640.0          ,  940.0          ,  0.0            
      2069,  720.0          ,  940.0          ,  0.0            
      2070,  660.0          ,  960.0          ,  0.0            
      2071,  700.0          ,  960.0          ,  0.0            
      2072,  660.0          ,  920.0          ,  0.0            
      2073,  700.0          ,  920.0          ,  0.0            
      2074,  680.0          ,  940.0          ,  0.0            
      2075,  640.0          ,  860.0          ,  0.0            
      2076,  640.0          ,  900.0          ,  0.0            
      2077,  680.0          ,  860.0          ,  0.0            
      2078,  680.0          ,  900.0          ,  0.0            
      2079,  660.0          ,  880.0          ,  0.0            
      2080,  720.0          ,  860.0          ,  0.0            
      2081,  720.0          ,  900.0          ,  0.0            
      2082,  700.0          ,  880.0          ,  0.0            
      2083,  520.0          ,  820.0          ,  0.0            
      2084,  540.0          ,  840.0          ,  0.0            
      2085,  540.0          ,  800.0          ,  0.0            
      2086,  560.0          ,  820.0          ,  0.0            
      2087,  520.0          ,  940.0          ,  0.0            
      2088,  540.0          ,  960.0          ,  0.0            
      2089,  540.0          ,  920.0          ,  0.0            
      2090,  560.0          ,  940.0          ,  0.0            
      2091,  520.0          ,  860.0          ,  0.0            
      2092,  520.0          ,  900.0          ,  0.0            
      2093,  560.0          ,  860.0          ,  0.0            
      2094,  560.0          ,  900.0          ,  0.0            
      2095,  540.0          ,  880.0          ,  0.0            
      2096,  620.0          ,  800.0          ,  0.0            
      2097,  580.0          ,  800.0          ,  0.0            
      2098,  620.0          ,  840.0          ,  0.0            
      2099,  580.0          ,  840.0          ,  0.0            
      2100,  600.0          ,  820.0          ,  0.0            
      2101,  620.0          ,  880.0          ,  0.0            
      2102,  580.0          ,  880.0          ,  0.0            
      2103,  600.0          ,  860.0          ,  0.0            
      2104,  620.0          ,  920.0          ,  0.0            
      2105,  580.0          ,  920.0          ,  0.0            
      2106,  600.0          ,  900.0          ,  0.0            
      2107,  620.0          ,  960.0          ,  0.0            
      2108,  580.0          ,  960.0          ,  0.0            
      2109,  600.0          ,  940.0          ,  0.0            
      2110,  640.0          ,  580.0          ,  0.0            
      2111,  720.0          ,  580.0          ,  0.0            
      2112,  660.0          ,  600.0          ,  0.0            
      2113,  700.0          ,  600.0          ,  0.0            
      2114,  660.0          ,  560.0          ,  0.0            
      2115,  700.0          ,  560.0          ,  0.0            
      2116,  680.0          ,  580.0          ,  0.0            
      2117,  640.0          ,  700.0          ,  0.0            
      2118,  720.0          ,  700.0          ,  0.0            
      2119,  660.0          ,  720.0          ,  0.0            
      2120,  700.0          ,  720.0          ,  0.0            
      2121,  660.0          ,  680.0          ,  0.0            
      2122,  700.0          ,  680.0          ,  0.0            
      2123,  680.0          ,  700.0          ,  0.0            
      2124,  640.0          ,  620.0          ,  0.0            
      2125,  640.0          ,  660.0          ,  0.0            
      2126,  680.0          ,  620.0          ,  0.0            
      2127,  680.0          ,  660.0          ,  0.0            
      2128,  660.0          ,  640.0          ,  0.0            
      2129,  720.0          ,  620.0          ,  0.0            
      2130,  720.0          ,  660.0          ,  0.0            
      2131,  700.0          ,  640.0          ,  0.0            
      2132,  520.0          ,  580.0          ,  0.0            
      2133,  540.0          ,  600.0          ,  0.0            
      2134,  540.0          ,  560.0          ,  0.0            
      2135,  560.0          ,  580.0          ,  0.0            
      2136,  520.0          ,  700.0          ,  0.0            
      2137,  540.0          ,  720.0          ,  0.0            
      2138,  540.0          ,  680.0          ,  0.0            
      2139,  560.0          ,  700.0          ,  0.0            
      2140,  520.0          ,  620.0          ,  0.0            
      2141,  520.0          ,  660.0          ,  0.0            
      2142,  560.0          ,  620.0          ,  0.0            
      2143,  560.0          ,  660.0          ,  0.0            
      2144,  540.0          ,  640.0          ,  0.0            
      2145,  620.0          ,  560.0          ,  0.0            
      2146,  580.0          ,  560.0          ,  0.0            
      2147,  620.0          ,  600.0          ,  0.0            
      2148,  580.0          ,  600.0          ,  0.0            
      2149,  600.0          ,  580.0          ,  0.0            
      2150,  620.0          ,  640.0          ,  0.0            
      2151,  580.0          ,  640.0          ,  0.0            
      2152,  600.0          ,  620.0          ,  0.0            
      2153,  620.0          ,  680.0          ,  0.0            
      2154,  580.0          ,  680.0          ,  0.0            
      2155,  600.0          ,  660.0          ,  0.0            
      2156,  620.0          ,  720.0          ,  0.0            
      2157,  580.0          ,  720.0          ,  0.0            
      2158,  600.0          ,  700.0          ,  0.0            
      2159,  720.0          ,  780.0          ,  0.0            
      2160,  720.0          ,  740.0          ,  0.0            
      2161,  680.0          ,  780.0          ,  0.0            
      2162,  680.0          ,  740.0          ,  0.0            
      2163,  700.0          ,  760.0          ,  0.0            
      2164,  640.0          ,  780.0          ,  0.0            
      2165,  640.0          ,  740.0          ,  0.0            
      2166,  660.0          ,  760.0          ,  0.0            
      2167,  600.0          ,  780.0          ,  0.0            
      2168,  600.0          ,  740.0          ,  0.0            
      2169,  620.0          ,  760.0          ,  0.0            
      2170,  560.0          ,  780.0          ,  0.0            
      2171,  560.0          ,  740.0          ,  0.0            
      2172,  580.0          ,  760.0          ,  0.0            
      2173,  520.0          ,  780.0          ,  0.0            
      2174,  520.0          ,  740.0          ,  0.0            
      2175,  540.0          ,  760.0          ,  0.0            
      2176,  940.0          ,  920.0          ,  0.0            
      2177,  920.0          ,  940.0          ,  0.0            
      2178,  960.0          ,  940.0          ,  0.0            
      2179,  940.0          ,  960.0          ,  0.0            
      2180,  820.0          ,  920.0          ,  0.0            
      2181,  800.0          ,  940.0          ,  0.0            
      2182,  840.0          ,  940.0          ,  0.0            
      2183,  820.0          ,  960.0          ,  0.0            
      2184,  900.0          ,  920.0          ,  0.0            
      2185,  860.0          ,  920.0          ,  0.0            
      2186,  900.0          ,  960.0          ,  0.0            
      2187,  860.0          ,  960.0          ,  0.0            
      2188,  880.0          ,  940.0          ,  0.0            
      2189,  960.0          ,  820.0          ,  0.0            
      2190,  940.0          ,  800.0          ,  0.0            
      2191,  940.0          ,  840.0          ,  0.0            
      2192,  920.0          ,  820.0          ,  0.0            
      2193,  820.0          ,  800.0          ,  0.0            
      2194,  800.0          ,  820.0          ,  0.0            
      2195,  840.0          ,  820.0          ,  0.0            
      2196,  820.0          ,  840.0          ,  0.0            
      2197,  900.0          ,  800.0          ,  0.0            
      2198,  860.0          ,  800.0          ,  0.0            
      2199,  900.0          ,  840.0          ,  0.0            
      2200,  860.0          ,  840.0          ,  0.0            
      2201,  880.0          ,  820.0          ,  0.0            
      2202,  960.0          ,  900.0          ,  0.0            
      2203,  960.0          ,  860.0          ,  0.0            
      2204,  920.0          ,  900.0          ,  0.0            
      2205,  920.0          ,  860.0          ,  0.0            
      2206,  940.0          ,  880.0          ,  0.0            
      2207,  880.0          ,  900.0          ,  0.0            
      2208,  880.0          ,  860.0          ,  0.0            
      2209,  900.0          ,  880.0          ,  0.0            
      2210,  840.0          ,  900.0          ,  0.0            
      2211,  840.0          ,  860.0          ,  0.0            
      2212,  860.0          ,  880.0          ,  0.0            
      2213,  800.0          ,  900.0          ,  0.0            
      2214,  800.0          ,  860.0          ,  0.0            
      2215,  820.0          ,  880.0          ,  0.0            
      2216,  940.0          ,  560.0          ,  0.0            
      2217,  920.0          ,  580.0          ,  0.0            
      2218,  960.0          ,  580.0          ,  0.0            
      2219,  940.0          ,  600.0          ,  0.0            
      2220,  940.0          ,  680.0          ,  0.0            
      2221,  920.0          ,  700.0          ,  0.0            
      2222,  960.0          ,  700.0          ,  0.0            
      2223,  940.0          ,  720.0          ,  0.0            
      2224,  920.0          ,  620.0          ,  0.0            
      2225,  920.0          ,  660.0          ,  0.0            
      2226,  960.0          ,  620.0          ,  0.0            
      2227,  960.0          ,  660.0          ,  0.0            
      2228,  940.0          ,  640.0          ,  0.0            
      2229,  820.0          ,  560.0          ,  0.0            
      2230,  800.0          ,  580.0          ,  0.0            
      2231,  840.0          ,  580.0          ,  0.0            
      2232,  820.0          ,  600.0          ,  0.0            
      2233,  820.0          ,  680.0          ,  0.0            
      2234,  800.0          ,  700.0          ,  0.0            
      2235,  840.0          ,  700.0          ,  0.0            
      2236,  820.0          ,  720.0          ,  0.0            
      2237,  800.0          ,  620.0          ,  0.0            
      2238,  800.0          ,  660.0          ,  0.0            
      2239,  840.0          ,  620.0          ,  0.0            
      2240,  840.0          ,  660.0          ,  0.0            
      2241,  820.0          ,  640.0          ,  0.0            
      2242,  900.0          ,  560.0          ,  0.0            
      2243,  860.0          ,  560.0          ,  0.0            
      2244,  900.0          ,  600.0          ,  0.0            
      2245,  860.0          ,  600.0          ,  0.0            
      2246,  880.0          ,  580.0          ,  0.0            
      2247,  900.0          ,  640.0          ,  0.0            
      2248,  860.0          ,  640.0          ,  0.0            
      2249,  880.0          ,  620.0          ,  0.0            
      2250,  900.0          ,  680.0          ,  0.0            
      2251,  860.0          ,  680.0          ,  0.0            
      2252,  880.0          ,  660.0          ,  0.0            
      2253,  900.0          ,  720.0          ,  0.0            
      2254,  860.0          ,  720.0          ,  0.0            
      2255,  880.0          ,  700.0          ,  0.0            
      2256,  960.0          ,  780.0          ,  0.0            
      2257,  960.0          ,  740.0          ,  0.0            
      2258,  920.0          ,  780.0          ,  0.0            
      2259,  920.0          ,  740.0          ,  0.0            
      2260,  940.0          ,  760.0          ,  0.0            
      2261,  880.0          ,  780.0          ,  0.0            
      2262,  880.0          ,  740.0          ,  0.0            
      2263,  900.0          ,  760.0          ,  0.0            
      2264,  840.0          ,  780.0          ,  0.0            
      2265,  840.0          ,  740.0          ,  0.0            
      2266,  860.0          ,  760.0          ,  0.0            
      2267,  800.0          ,  780.0          ,  0.0            
      2268,  800.0          ,  740.0          ,  0.0            
      2269,  820.0          ,  760.0          ,  0.0            
      2270,  740.0          ,  960.0          ,  0.0            
      2271,  780.0          ,  960.0          ,  0.0            
      2272,  740.0          ,  920.0          ,  0.0            
      2273,  780.0          ,  920.0          ,  0.0            
      2274,  760.0          ,  940.0          ,  0.0            
      2275,  740.0          ,  880.0          ,  0.0            
      2276,  780.0          ,  880.0          ,  0.0            
      2277,  760.0          ,  900.0          ,  0.0            
      2278,  740.0          ,  840.0          ,  0.0            
      2279,  780.0          ,  840.0          ,  0.0            
      2280,  760.0          ,  860.0          ,  0.0            
      2281,  740.0          ,  800.0          ,  0.0            
      2282,  780.0          ,  800.0          ,  0.0            
      2283,  760.0          ,  820.0          ,  0.0            
      2284,  740.0          ,  760.0          ,  0.0            
      2285,  780.0          ,  760.0          ,  0.0            
      2286,  760.0          ,  780.0          ,  0.0            
      2287,  740.0          ,  720.0          ,  0.0            
      2288,  780.0          ,  720.0          ,  0.0            
      2289,  760.0          ,  740.0          ,  0.0            
      2290,  740.0          ,  680.0          ,  0.0            
      2291,  780.0          ,  680.0          ,  0.0            
      2292,  760.0          ,  700.0          ,  0.0            
      2293,  740.0          ,  640.0          ,  0.0            
      2294,  780.0          ,  640.0          ,  0.0            
      2295,  760.0          ,  660.0          ,  0.0            
      2296,  740.0          ,  600.0          ,  0.0            
      2297,  780.0          ,  600.0          ,  0.0            
      2298,  760.0          ,  620.0          ,  0.0            
      2299,  740.0          ,  560.0          ,  0.0            
      2300,  780.0          ,  560.0          ,  0.0            
      2301,  760.0          ,  580.0          ,  0.0            
      2302,  180.0          ,  160.0          ,  0.0            
      2303,  200.0          ,  180.0          ,  0.0            
      2304,  200.0          ,  220.0          ,  0.0            
      2305,  60.0           ,  160.0          ,  0.0            
      2306,  140.0          ,  160.0          ,  0.0            
      2307,  100.0          ,  160.0          ,  0.0            
      2308,  180.0          ,  40.0           ,  0.0            
      2309,  160.0          ,  60.0           ,  0.0            
      2310,  200.0          ,  60.0           ,  0.0            
      2311,  180.0          ,  80.0           ,  0.0            
      2312,  80.0           ,  60.0           ,  0.0            
      2313,  60.0           ,  40.0           ,  0.0            
      2314,  60.0           ,  80.0           ,  0.0            
      2315,  40.0           ,  60.0           ,  0.0            
      2316,  140.0          ,  40.0           ,  0.0            
      2317,  100.0          ,  40.0           ,  0.0            
      2318,  140.0          ,  80.0           ,  0.0            
      2319,  100.0          ,  80.0           ,  0.0            
      2320,  120.0          ,  60.0           ,  0.0            
      2321,  200.0          ,  140.0          ,  0.0            
      2322,  200.0          ,  100.0          ,  0.0            
      2323,  160.0          ,  140.0          ,  0.0            
      2324,  160.0          ,  100.0          ,  0.0            
      2325,  180.0          ,  120.0          ,  0.0            
      2326,  120.0          ,  140.0          ,  0.0            
      2327,  120.0          ,  100.0          ,  0.0            
      2328,  140.0          ,  120.0          ,  0.0            
      2329,  80.0           ,  140.0          ,  0.0            
      2330,  80.0           ,  100.0          ,  0.0            
      2331,  100.0          ,  120.0          ,  0.0            
      2332,  40.0           ,  140.0          ,  0.0            
      2333,  40.0           ,  100.0          ,  0.0            
      2334,  60.0           ,  120.0          ,  0.0            
      2335,  420.0          ,  160.0          ,  0.0            
      2336,  420.0          ,  240.0          ,  0.0            
      2337,  400.0          ,  180.0          ,  0.0            
      2338,  400.0          ,  220.0          ,  0.0            
      2339,  300.0          ,  160.0          ,  0.0            
      2340,  280.0          ,  180.0          ,  0.0            
      2341,  280.0          ,  220.0          ,  0.0            
      2342,  320.0          ,  180.0          ,  0.0            
      2343,  320.0          ,  220.0          ,  0.0            
      2344,  380.0          ,  160.0          ,  0.0            
      2345,  340.0          ,  160.0          ,  0.0            
      2346,  380.0          ,  200.0          ,  0.0            
      2347,  340.0          ,  200.0          ,  0.0            
      2348,  360.0          ,  180.0          ,  0.0            
      2349,  380.0          ,  240.0          ,  0.0            
      2350,  340.0          ,  240.0          ,  0.0            
      2351,  360.0          ,  220.0          ,  0.0            
      2352,  420.0          ,  40.0           ,  0.0            
      2353,  400.0          ,  60.0           ,  0.0            
      2354,  440.0          ,  60.0           ,  0.0            
      2355,  420.0          ,  80.0           ,  0.0            
      2356,  300.0          ,  40.0           ,  0.0            
      2357,  280.0          ,  60.0           ,  0.0            
      2358,  320.0          ,  60.0           ,  0.0            
      2359,  300.0          ,  80.0           ,  0.0            
      2360,  380.0          ,  40.0           ,  0.0            
      2361,  340.0          ,  40.0           ,  0.0            
      2362,  380.0          ,  80.0           ,  0.0            
      2363,  340.0          ,  80.0           ,  0.0            
      2364,  360.0          ,  60.0           ,  0.0            
      2365,  440.0          ,  140.0          ,  0.0            
      2366,  440.0          ,  100.0          ,  0.0            
      2367,  400.0          ,  140.0          ,  0.0            
      2368,  400.0          ,  100.0          ,  0.0            
      2369,  420.0          ,  120.0          ,  0.0            
      2370,  360.0          ,  140.0          ,  0.0            
      2371,  360.0          ,  100.0          ,  0.0            
      2372,  380.0          ,  120.0          ,  0.0            
      2373,  320.0          ,  140.0          ,  0.0            
      2374,  320.0          ,  100.0          ,  0.0            
      2375,  340.0          ,  120.0          ,  0.0            
      2376,  280.0          ,  140.0          ,  0.0            
      2377,  280.0          ,  100.0          ,  0.0            
      2378,  300.0          ,  120.0          ,  0.0            
      2379,  220.0          ,  240.0          ,  0.0            
      2380,  260.0          ,  240.0          ,  0.0            
      2381,  220.0          ,  200.0          ,  0.0            
      2382,  260.0          ,  200.0          ,  0.0            
      2383,  240.0          ,  220.0          ,  0.0            
      2384,  220.0          ,  160.0          ,  0.0            
      2385,  260.0          ,  160.0          ,  0.0            
      2386,  240.0          ,  180.0          ,  0.0            
      2387,  220.0          ,  120.0          ,  0.0            
      2388,  260.0          ,  120.0          ,  0.0            
      2389,  240.0          ,  140.0          ,  0.0            
      2390,  220.0          ,  80.0           ,  0.0            
      2391,  260.0          ,  80.0           ,  0.0            
      2392,  240.0          ,  100.0          ,  0.0            
      2393,  220.0          ,  40.0           ,  0.0            
      2394,  260.0          ,  40.0           ,  0.0            
      2395,  240.0          ,  60.0           ,  0.0            
      2396,  200.0          ,  460.0          ,  0.0            
      2397,  200.0          ,  340.0          ,  0.0            
      2398,  200.0          ,  420.0          ,  0.0            
      2399,  200.0          ,  380.0          ,  0.0            
      2400,  420.0          ,  440.0          ,  0.0            
      2401,  400.0          ,  460.0          ,  0.0            
      2402,  440.0          ,  460.0          ,  0.0            
      2403,  420.0          ,  480.0          ,  0.0            
      2404,  320.0          ,  460.0          ,  0.0            
      2405,  280.0          ,  460.0          ,  0.0            
      2406,  380.0          ,  440.0          ,  0.0            
      2407,  340.0          ,  440.0          ,  0.0            
      2408,  380.0          ,  480.0          ,  0.0            
      2409,  340.0          ,  480.0          ,  0.0            
      2410,  360.0          ,  460.0          ,  0.0            
      2411,  420.0          ,  320.0          ,  0.0            
      2412,  400.0          ,  340.0          ,  0.0            
      2413,  440.0          ,  340.0          ,  0.0            
      2414,  420.0          ,  360.0          ,  0.0            
      2415,  320.0          ,  340.0          ,  0.0            
      2416,  280.0          ,  340.0          ,  0.0            
      2417,  380.0          ,  320.0          ,  0.0            
      2418,  340.0          ,  320.0          ,  0.0            
      2419,  380.0          ,  360.0          ,  0.0            
      2420,  340.0          ,  360.0          ,  0.0            
      2421,  360.0          ,  340.0          ,  0.0            
      2422,  440.0          ,  420.0          ,  0.0            
      2423,  440.0          ,  380.0          ,  0.0            
      2424,  400.0          ,  420.0          ,  0.0            
      2425,  400.0          ,  380.0          ,  0.0            
      2426,  420.0          ,  400.0          ,  0.0            
      2427,  360.0          ,  420.0          ,  0.0            
      2428,  360.0          ,  380.0          ,  0.0            
      2429,  380.0          ,  400.0          ,  0.0            
      2430,  320.0          ,  420.0          ,  0.0            
      2431,  320.0          ,  380.0          ,  0.0            
      2432,  340.0          ,  400.0          ,  0.0            
      2433,  280.0          ,  420.0          ,  0.0            
      2434,  280.0          ,  380.0          ,  0.0            
      2435,  220.0          ,  480.0          ,  0.0            
      2436,  260.0          ,  480.0          ,  0.0            
      2437,  220.0          ,  440.0          ,  0.0            
      2438,  260.0          ,  440.0          ,  0.0            
      2439,  240.0          ,  460.0          ,  0.0            
      2440,  220.0          ,  400.0          ,  0.0            
      2441,  260.0          ,  400.0          ,  0.0            
      2442,  240.0          ,  420.0          ,  0.0            
      2443,  220.0          ,  360.0          ,  0.0            
      2444,  260.0          ,  360.0          ,  0.0            
      2445,  240.0          ,  380.0          ,  0.0            
      2446,  220.0          ,  320.0          ,  0.0            
      2447,  260.0          ,  320.0          ,  0.0            
      2448,  240.0          ,  340.0          ,  0.0            
      2449,  200.0          ,  260.0          ,  0.0            
      2450,  200.0          ,  300.0          ,  0.0            
      2451,  240.0          ,  260.0          ,  0.0            
      2452,  240.0          ,  300.0          ,  0.0            
      2453,  220.0          ,  280.0          ,  0.0            
      2454,  280.0          ,  260.0          ,  0.0            
      2455,  280.0          ,  300.0          ,  0.0            
      2456,  260.0          ,  280.0          ,  0.0            
      2457,  320.0          ,  260.0          ,  0.0            
      2458,  320.0          ,  300.0          ,  0.0            
      2459,  360.0          ,  260.0          ,  0.0            
      2460,  360.0          ,  300.0          ,  0.0            
      2461,  340.0          ,  280.0          ,  0.0            
      2462,  400.0          ,  260.0          ,  0.0            
      2463,  400.0          ,  300.0          ,  0.0            
      2464,  380.0          ,  280.0          ,  0.0            
      2465,  440.0          ,  260.0          ,  0.0            
      2466,  440.0          ,  300.0          ,  0.0            
      2467,  420.0          ,  280.0          ,  0.0            
      2468,  200.0          ,  820.0          ,  0.0            
      2469,  200.0          ,  940.0          ,  0.0            
      2470,  200.0          ,  860.0          ,  0.0            
      2471,  200.0          ,  900.0          ,  0.0            
      2472,  200.0          ,  580.0          ,  0.0            
      2473,  200.0          ,  700.0          ,  0.0            
      2474,  200.0          ,  620.0          ,  0.0            
      2475,  200.0          ,  660.0          ,  0.0            
      2476,  200.0          ,  780.0          ,  0.0            
      2477,  200.0          ,  740.0          ,  0.0            
      2478,  420.0          ,  800.0          ,  0.0            
      2479,  400.0          ,  820.0          ,  0.0            
      2480,  440.0          ,  820.0          ,  0.0            
      2481,  420.0          ,  840.0          ,  0.0            
      2482,  420.0          ,  920.0          ,  0.0            
      2483,  400.0          ,  940.0          ,  0.0            
      2484,  440.0          ,  940.0          ,  0.0            
      2485,  420.0          ,  960.0          ,  0.0            
      2486,  400.0          ,  860.0          ,  0.0            
      2487,  400.0          ,  900.0          ,  0.0            
      2488,  440.0          ,  860.0          ,  0.0            
      2489,  440.0          ,  900.0          ,  0.0            
      2490,  420.0          ,  880.0          ,  0.0            
      2491,  280.0          ,  820.0          ,  0.0            
      2492,  300.0          ,  840.0          ,  0.0            
      2493,  300.0          ,  800.0          ,  0.0            
      2494,  320.0          ,  820.0          ,  0.0            
      2495,  280.0          ,  940.0          ,  0.0            
      2496,  300.0          ,  960.0          ,  0.0            
      2497,  300.0          ,  920.0          ,  0.0            
      2498,  320.0          ,  940.0          ,  0.0            
      2499,  280.0          ,  860.0          ,  0.0            
      2500,  280.0          ,  900.0          ,  0.0            
      2501,  320.0          ,  860.0          ,  0.0            
      2502,  320.0          ,  900.0          ,  0.0            
      2503,  300.0          ,  880.0          ,  0.0            
      2504,  380.0          ,  800.0          ,  0.0            
      2505,  340.0          ,  800.0          ,  0.0            
      2506,  380.0          ,  840.0          ,  0.0            
      2507,  340.0          ,  840.0          ,  0.0            
      2508,  360.0          ,  820.0          ,  0.0            
      2509,  380.0          ,  880.0          ,  0.0            
      2510,  340.0          ,  880.0          ,  0.0            
      2511,  360.0          ,  860.0          ,  0.0            
      2512,  380.0          ,  920.0          ,  0.0            
      2513,  340.0          ,  920.0          ,  0.0            
      2514,  360.0          ,  900.0          ,  0.0            
      2515,  380.0          ,  960.0          ,  0.0            
      2516,  340.0          ,  960.0          ,  0.0            
      2517,  360.0          ,  940.0          ,  0.0            
      2518,  420.0          ,  560.0          ,  0.0            
      2519,  400.0          ,  580.0          ,  0.0            
      2520,  440.0          ,  580.0          ,  0.0            
      2521,  420.0          ,  600.0          ,  0.0            
      2522,  400.0          ,  700.0          ,  0.0            
      2523,  420.0          ,  720.0          ,  0.0            
      2524,  420.0          ,  680.0          ,  0.0            
      2525,  440.0          ,  700.0          ,  0.0            
      2526,  400.0          ,  620.0          ,  0.0            
      2527,  400.0          ,  660.0          ,  0.0            
      2528,  440.0          ,  620.0          ,  0.0            
      2529,  440.0          ,  660.0          ,  0.0            
      2530,  420.0          ,  640.0          ,  0.0            
      2531,  280.0          ,  580.0          ,  0.0            
      2532,  300.0          ,  600.0          ,  0.0            
      2533,  300.0          ,  560.0          ,  0.0            
      2534,  320.0          ,  580.0          ,  0.0            
      2535,  280.0          ,  700.0          ,  0.0            
      2536,  300.0          ,  720.0          ,  0.0            
      2537,  300.0          ,  680.0          ,  0.0            
      2538,  320.0          ,  700.0          ,  0.0            
      2539,  280.0          ,  620.0          ,  0.0            
      2540,  280.0          ,  660.0          ,  0.0            
      2541,  320.0          ,  620.0          ,  0.0            
      2542,  320.0          ,  660.0          ,  0.0            
      2543,  300.0          ,  640.0          ,  0.0            
      2544,  380.0          ,  560.0          ,  0.0            
      2545,  340.0          ,  560.0          ,  0.0            
      2546,  380.0          ,  600.0          ,  0.0            
      2547,  340.0          ,  600.0          ,  0.0            
      2548,  360.0          ,  580.0          ,  0.0            
      2549,  380.0          ,  640.0          ,  0.0            
      2550,  340.0          ,  640.0          ,  0.0            
      2551,  360.0          ,  620.0          ,  0.0            
      2552,  380.0          ,  680.0          ,  0.0            
      2553,  340.0          ,  680.0          ,  0.0            
      2554,  360.0          ,  660.0          ,  0.0            
      2555,  380.0          ,  720.0          ,  0.0            
      2556,  340.0          ,  720.0          ,  0.0            
      2557,  360.0          ,  700.0          ,  0.0            
      2558,  440.0          ,  780.0          ,  0.0            
      2559,  440.0          ,  740.0          ,  0.0            
      2560,  400.0          ,  780.0          ,  0.0            
      2561,  400.0          ,  740.0          ,  0.0            
      2562,  420.0          ,  760.0          ,  0.0            
      2563,  360.0          ,  780.0          ,  0.0            
      2564,  360.0          ,  740.0          ,  0.0            
      2565,  380.0          ,  760.0          ,  0.0            
      2566,  320.0          ,  780.0          ,  0.0            
      2567,  320.0          ,  740.0          ,  0.0            
      2568,  340.0          ,  760.0          ,  0.0            
      2569,  280.0          ,  780.0          ,  0.0            
      2570,  280.0          ,  740.0          ,  0.0            
      2571,  300.0          ,  760.0          ,  0.0            
      2572,  220.0          ,  960.0          ,  0.0            
      2573,  260.0          ,  960.0          ,  0.0            
      2574,  220.0          ,  920.0          ,  0.0            
      2575,  260.0          ,  920.0          ,  0.0            
      2576,  240.0          ,  940.0          ,  0.0            
      2577,  220.0          ,  880.0          ,  0.0            
      2578,  260.0          ,  880.0          ,  0.0            
      2579,  240.0          ,  900.0          ,  0.0            
      2580,  220.0          ,  840.0          ,  0.0            
      2581,  260.0          ,  840.0          ,  0.0            
      2582,  240.0          ,  860.0          ,  0.0            
      2583,  220.0          ,  800.0          ,  0.0            
      2584,  260.0          ,  800.0          ,  0.0            
      2585,  240.0          ,  820.0          ,  0.0            
      2586,  220.0          ,  760.0          ,  0.0            
      2587,  260.0          ,  760.0          ,  0.0            
      2588,  240.0          ,  780.0          ,  0.0            
      2589,  220.0          ,  720.0          ,  0.0            
      2590,  260.0          ,  720.0          ,  0.0            
      2591,  240.0          ,  740.0          ,  0.0            
      2592,  220.0          ,  680.0          ,  0.0            
      2593,  260.0          ,  680.0          ,  0.0            
      2594,  240.0          ,  700.0          ,  0.0            
      2595,  220.0          ,  640.0          ,  0.0            
      2596,  260.0          ,  640.0          ,  0.0            
      2597,  240.0          ,  660.0          ,  0.0            
      2598,  220.0          ,  600.0          ,  0.0            
      2599,  260.0          ,  600.0          ,  0.0            
      2600,  240.0          ,  620.0          ,  0.0            
      2601,  220.0          ,  560.0          ,  0.0            
      2602,  260.0          ,  560.0          ,  0.0            
      2603,  240.0          ,  580.0          ,  0.0            
      2604,  200.0          ,  500.0          ,  0.0            
      2605,  200.0          ,  540.0          ,  0.0            
      2606,  240.0          ,  500.0          ,  0.0            
      2607,  240.0          ,  540.0          ,  0.0            
      2608,  220.0          ,  520.0          ,  0.0            
      2609,  280.0          ,  500.0          ,  0.0            
      2610,  280.0          ,  540.0          ,  0.0            
      2611,  260.0          ,  520.0          ,  0.0            
      2612,  500.0          ,  40.0           ,  0.0            
      2613,  460.0          ,  40.0           ,  0.0            
      2614,  500.0          ,  80.0           ,  0.0            
      2615,  460.0          ,  80.0           ,  0.0            
      2616,  480.0          ,  60.0           ,  0.0            
      2617,  500.0          ,  120.0          ,  0.0            
      2618,  460.0          ,  120.0          ,  0.0            
      2619,  480.0          ,  100.0          ,  0.0            
      2620,  500.0          ,  160.0          ,  0.0            
      2621,  460.0          ,  160.0          ,  0.0            
      2622,  480.0          ,  140.0          ,  0.0            
      2623,  500.0          ,  240.0          ,  0.0            
      2624,  460.0          ,  240.0          ,  0.0            
      2625,  500.0          ,  280.0          ,  0.0            
      2626,  460.0          ,  280.0          ,  0.0            
      2627,  480.0          ,  260.0          ,  0.0            
      2628,  500.0          ,  320.0          ,  0.0            
      2629,  460.0          ,  320.0          ,  0.0            
      2630,  480.0          ,  300.0          ,  0.0            
      2631,  500.0          ,  360.0          ,  0.0            
      2632,  460.0          ,  360.0          ,  0.0            
      2633,  480.0          ,  340.0          ,  0.0            
      2634,  500.0          ,  400.0          ,  0.0            
      2635,  460.0          ,  400.0          ,  0.0            
      2636,  480.0          ,  380.0          ,  0.0            
      2637,  500.0          ,  440.0          ,  0.0            
      2638,  460.0          ,  440.0          ,  0.0            
      2639,  480.0          ,  420.0          ,  0.0            
      2640,  500.0          ,  480.0          ,  0.0            
      2641,  460.0          ,  480.0          ,  0.0            
      2642,  480.0          ,  460.0          ,  0.0            
      2643,  500.0          ,  560.0          ,  0.0            
      2644,  460.0          ,  560.0          ,  0.0            
      2645,  500.0          ,  600.0          ,  0.0            
      2646,  460.0          ,  600.0          ,  0.0            
      2647,  480.0          ,  580.0          ,  0.0            
      2648,  500.0          ,  640.0          ,  0.0            
      2649,  460.0          ,  640.0          ,  0.0            
      2650,  480.0          ,  620.0          ,  0.0            
      2651,  500.0          ,  680.0          ,  0.0            
      2652,  460.0          ,  680.0          ,  0.0            
      2653,  480.0          ,  660.0          ,  0.0            
      2654,  500.0          ,  720.0          ,  0.0            
      2655,  460.0          ,  720.0          ,  0.0            
      2656,  480.0          ,  700.0          ,  0.0            
      2657,  500.0          ,  760.0          ,  0.0            
      2658,  460.0          ,  760.0          ,  0.0            
      2659,  480.0          ,  740.0          ,  0.0            
      2660,  500.0          ,  800.0          ,  0.0            
      2661,  460.0          ,  800.0          ,  0.0            
      2662,  480.0          ,  780.0          ,  0.0            
      2663,  500.0          ,  840.0          ,  0.0            
      2664,  460.0          ,  840.0          ,  0.0            
      2665,  480.0          ,  820.0          ,  0.0            
      2666,  500.0          ,  880.0          ,  0.0            
      2667,  460.0          ,  880.0          ,  0.0            
      2668,  480.0          ,  860.0          ,  0.0            
      2669,  500.0          ,  920.0          ,  0.0            
      2670,  460.0          ,  920.0          ,  0.0            
      2671,  480.0          ,  900.0          ,  0.0            
      2672,  500.0          ,  960.0          ,  0.0            
      2673,  460.0          ,  960.0          ,  0.0            
      2674,  480.0          ,  940.0          ,  0.0            
      2675,  1020.0         ,  40.0           ,  0.0            
      2676,  980.0          ,  40.0           ,  0.0            
      2677,  1020.0         ,  80.0           ,  0.0            
      2678,  980.0          ,  80.0           ,  0.0            
      2679,  1000.0         ,  60.0           ,  0.0            
      2680,  1020.0         ,  120.0          ,  0.0            
      2681,  980.0          ,  120.0          ,  0.0            
      2682,  1000.0         ,  100.0          ,  0.0            
      2683,  1020.0         ,  160.0          ,  0.0            
      2684,  980.0          ,  160.0          ,  0.0            
      2685,  1000.0         ,  140.0          ,  0.0            
      2686,  1020.0         ,  200.0          ,  0.0            
      2687,  1000.0         ,  180.0          ,  0.0            
      2688,  1020.0         ,  240.0          ,  0.0            
      2689,  1000.0         ,  220.0          ,  0.0            
      2690,  1020.0         ,  280.0          ,  0.0            
      2691,  1000.0         ,  260.0          ,  0.0            
      2692,  1020.0         ,  320.0          ,  0.0            
      2693,  1000.0         ,  300.0          ,  0.0            
      2694,  1020.0         ,  360.0          ,  0.0            
      2695,  1000.0         ,  340.0          ,  0.0            
      2696,  1020.0         ,  400.0          ,  0.0            
      2697,  1000.0         ,  380.0          ,  0.0            
      2698,  1020.0         ,  440.0          ,  0.0            
      2699,  1000.0         ,  420.0          ,  0.0            
      2700,  1020.0         ,  480.0          ,  0.0            
      2701,  1000.0         ,  460.0          ,  0.0            
      2702,  1020.0         ,  520.0          ,  0.0            
      2703,  1000.0         ,  500.0          ,  0.0            
      2704,  1020.0         ,  560.0          ,  0.0            
      2705,  1000.0         ,  540.0          ,  0.0            
      2706,  1020.0         ,  600.0          ,  0.0            
      2707,  1000.0         ,  580.0          ,  0.0            
      2708,  1020.0         ,  640.0          ,  0.0            
      2709,  1000.0         ,  620.0          ,  0.0            
      2710,  1020.0         ,  680.0          ,  0.0            
      2711,  1000.0         ,  660.0          ,  0.0            
      2712,  1020.0         ,  720.0          ,  0.0            
      2713,  1000.0         ,  700.0          ,  0.0            
      2714,  1020.0         ,  760.0          ,  0.0            
      2715,  1000.0         ,  740.0          ,  0.0            
      2716,  1020.0         ,  800.0          ,  0.0            
      2717,  1000.0         ,  780.0          ,  0.0            
      2718,  1020.0         ,  840.0          ,  0.0            
      2719,  1000.0         ,  820.0          ,  0.0            
      2720,  1020.0         ,  880.0          ,  0.0            
      2721,  1000.0         ,  860.0          ,  0.0            
      2722,  1020.0         ,  920.0          ,  0.0            
      2723,  1000.0         ,  900.0          ,  0.0            
      2724,  1020.0         ,  960.0          ,  0.0            
      2725,  1000.0         ,  940.0          ,  0.0            
      2726,  1980.0         ,  40.0           ,  0.0            
      2727,  1980.0         ,  80.0           ,  0.0            
      2728,  2000.0         ,  60.0           ,  0.0            
      2729,  1980.0         ,  120.0          ,  0.0            
      2730,  2000.0         ,  100.0          ,  0.0            
      2731,  1980.0         ,  160.0          ,  0.0            
      2732,  2000.0         ,  140.0          ,  0.0            
      2733,  1980.0         ,  240.0          ,  0.0            
      2734,  1980.0         ,  280.0          ,  0.0            
      2735,  2000.0         ,  260.0          ,  0.0            
      2736,  1980.0         ,  320.0          ,  0.0            
      2737,  2000.0         ,  300.0          ,  0.0            
      2738,  1980.0         ,  360.0          ,  0.0            
      2739,  2000.0         ,  340.0          ,  0.0            
      2740,  1980.0         ,  440.0          ,  0.0            
      2741,  1980.0         ,  480.0          ,  0.0            
      2742,  2000.0         ,  460.0          ,  0.0            
      2743,  1980.0         ,  520.0          ,  0.0            
      2744,  2000.0         ,  500.0          ,  0.0            
      2745,  1980.0         ,  560.0          ,  0.0            
      2746,  2000.0         ,  540.0          ,  0.0            
      2747,  1980.0         ,  600.0          ,  0.0            
      2748,  2000.0         ,  580.0          ,  0.0            
      2749,  1980.0         ,  640.0          ,  0.0            
      2750,  2000.0         ,  620.0          ,  0.0            
      2751,  1980.0         ,  680.0          ,  0.0            
      2752,  2000.0         ,  660.0          ,  0.0            
      2753,  1980.0         ,  760.0          ,  0.0            
      2754,  1980.0         ,  800.0          ,  0.0            
      2755,  2000.0         ,  780.0          ,  0.0            
      2756,  1980.0         ,  840.0          ,  0.0            
      2757,  2000.0         ,  820.0          ,  0.0            
      2758,  1980.0         ,  880.0          ,  0.0            
      2759,  2000.0         ,  860.0          ,  0.0            
      2760,  1980.0         ,  920.0          ,  0.0            
      2761,  2000.0         ,  900.0          ,  0.0            
      2762,  1980.0         ,  960.0          ,  0.0            
      2763,  2000.0         ,  940.0          ,  0.0            
      2764,  1960.0         ,  980.0          ,  0.0            
      2765,  1920.0         ,  980.0          ,  0.0            
      2766,  1280.0         ,  360.0          ,  0.0            
      2767,  1280.0         ,  280.0          ,  0.0            
      2768,  1280.0         ,  320.0          ,  0.0            
      2769,  1360.0         ,  360.0          ,  0.0            
      2770,  1360.0         ,  280.0          ,  0.0            
      2771,  1360.0         ,  320.0          ,  0.0            
      2772,  1320.0         ,  360.0          ,  0.0            
      2773,  1320.0         ,  320.0          ,  0.0            
      2774,  1320.0         ,  280.0          ,  0.0            
      2775,  1480.0         ,  360.0          ,  0.0            
      2776,  1440.0         ,  360.0          ,  0.0            
      2777,  1480.0         ,  280.0          ,  0.0            
      2778,  1440.0         ,  280.0          ,  0.0            
      2779,  1480.0         ,  320.0          ,  0.0            
      2780,  1440.0         ,  320.0          ,  0.0            
      2781,  1400.0         ,  360.0          ,  0.0            
      2782,  1400.0         ,  320.0          ,  0.0            
      2783,  1400.0         ,  280.0          ,  0.0            
      2784,  1280.0         ,  480.0          ,  0.0            
      2785,  1280.0         ,  440.0          ,  0.0            
      2786,  1360.0         ,  480.0          ,  0.0            
      2787,  1360.0         ,  440.0          ,  0.0            
      2788,  1320.0         ,  480.0          ,  0.0            
      2789,  1320.0         ,  440.0          ,  0.0            
      2790,  1440.0         ,  480.0          ,  0.0            
      2791,  1440.0         ,  440.0          ,  0.0            
      2792,  1480.0         ,  480.0          ,  0.0            
      2793,  1480.0         ,  440.0          ,  0.0            
      2794,  1400.0         ,  480.0          ,  0.0            
      2795,  1400.0         ,  440.0          ,  0.0            
      2796,  1940.0         ,  1000.0         ,  0.0            
      2797,  1880.0         ,  980.0          ,  0.0            
      2798,  1900.0         ,  1000.0         ,  0.0            
      2799,  1840.0         ,  980.0          ,  0.0            
      2800,  1860.0         ,  1000.0         ,  0.0            
      2801,  1800.0         ,  980.0          ,  0.0            
      2802,  1080.0         ,  360.0          ,  0.0            
      2803,  1040.0         ,  360.0          ,  0.0            
      2804,  1080.0         ,  280.0          ,  0.0            
      2805,  1040.0         ,  280.0          ,  0.0            
      2806,  1080.0         ,  320.0          ,  0.0            
      2807,  1040.0         ,  320.0          ,  0.0            
      2808,  1200.0         ,  360.0          ,  0.0            
      2809,  1160.0         ,  360.0          ,  0.0            
      2810,  1200.0         ,  280.0          ,  0.0            
      2811,  1160.0         ,  280.0          ,  0.0            
      2812,  1200.0         ,  320.0          ,  0.0            
      2813,  1160.0         ,  320.0          ,  0.0            
      2814,  1120.0         ,  360.0          ,  0.0            
      2815,  1120.0         ,  320.0          ,  0.0            
      2816,  1120.0         ,  280.0          ,  0.0            
      2817,  1040.0         ,  480.0          ,  0.0            
      2818,  1040.0         ,  440.0          ,  0.0            
      2819,  1080.0         ,  480.0          ,  0.0            
      2820,  1080.0         ,  440.0          ,  0.0            
      2821,  1160.0         ,  480.0          ,  0.0            
      2822,  1160.0         ,  440.0          ,  0.0            
      2823,  1200.0         ,  480.0          ,  0.0            
      2824,  1200.0         ,  440.0          ,  0.0            
      2825,  1120.0         ,  480.0          ,  0.0            
      2826,  1120.0         ,  440.0          ,  0.0            
      2827,  1040.0         ,  400.0          ,  0.0            
      2828,  1080.0         ,  400.0          ,  0.0            
      2829,  1120.0         ,  400.0          ,  0.0            
      2830,  1160.0         ,  400.0          ,  0.0            
      2831,  1200.0         ,  400.0          ,  0.0            
      2832,  1240.0         ,  280.0          ,  0.0            
      2833,  1240.0         ,  320.0          ,  0.0            
      2834,  1240.0         ,  360.0          ,  0.0            
      2835,  1820.0         ,  1000.0         ,  0.0            
      2836,  1240.0         ,  440.0          ,  0.0            
      2837,  1240.0         ,  480.0          ,  0.0            
      2838,  1400.0         ,  80.0           ,  0.0            
      2839,  1400.0         ,  40.0           ,  0.0            
      2840,  1480.0         ,  80.0           ,  0.0            
      2841,  1480.0         ,  40.0           ,  0.0            
      2842,  1440.0         ,  80.0           ,  0.0            
      2843,  1440.0         ,  40.0           ,  0.0            
      2844,  1760.0         ,  980.0          ,  0.0            
      2845,  1400.0         ,  160.0          ,  0.0            
      2846,  1780.0         ,  1000.0         ,  0.0            
      2847,  1480.0         ,  160.0          ,  0.0            
      2848,  1720.0         ,  980.0          ,  0.0            
      2849,  1440.0         ,  160.0          ,  0.0            
      2850,  1400.0         ,  120.0          ,  0.0            
      2851,  1440.0         ,  120.0          ,  0.0            
      2852,  1480.0         ,  120.0          ,  0.0            
      2853,  1280.0         ,  40.0           ,  0.0            
      2854,  1320.0         ,  40.0           ,  0.0            
      2855,  1280.0         ,  80.0           ,  0.0            
      2856,  1320.0         ,  80.0           ,  0.0            
      2857,  1280.0         ,  160.0          ,  0.0            
      2858,  1320.0         ,  160.0          ,  0.0            
      2859,  1280.0         ,  200.0          ,  0.0            
      2860,  1320.0         ,  200.0          ,  0.0            
      2861,  1280.0         ,  120.0          ,  0.0            
      2862,  1320.0         ,  120.0          ,  0.0            
      2863,  1360.0         ,  40.0           ,  0.0            
      2864,  1360.0         ,  80.0           ,  0.0            
      2865,  1360.0         ,  120.0          ,  0.0            
      2866,  1360.0         ,  160.0          ,  0.0            
      2867,  1740.0         ,  1000.0         ,  0.0            
      2868,  1160.0         ,  80.0           ,  0.0            
      2869,  1160.0         ,  40.0           ,  0.0            
      2870,  1200.0         ,  80.0           ,  0.0            
      2871,  1200.0         ,  40.0           ,  0.0            
      2872,  1160.0         ,  200.0          ,  0.0            
      2873,  1160.0         ,  160.0          ,  0.0            
      2874,  1200.0         ,  200.0          ,  0.0            
      2875,  1200.0         ,  160.0          ,  0.0            
      2876,  1160.0         ,  120.0          ,  0.0            
      2877,  1200.0         ,  120.0          ,  0.0            
      2878,  1040.0         ,  40.0           ,  0.0            
      2879,  1080.0         ,  40.0           ,  0.0            
      2880,  1040.0         ,  80.0           ,  0.0            
      2881,  1080.0         ,  80.0           ,  0.0            
      2882,  1040.0         ,  160.0          ,  0.0            
      2883,  1080.0         ,  160.0          ,  0.0            
      2884,  1040.0         ,  200.0          ,  0.0            
      2885,  1080.0         ,  200.0          ,  0.0            
      2886,  1040.0         ,  120.0          ,  0.0            
      2887,  1080.0         ,  120.0          ,  0.0            
      2888,  1120.0         ,  40.0           ,  0.0            
      2889,  1120.0         ,  80.0           ,  0.0            
      2890,  1120.0         ,  120.0          ,  0.0            
      2891,  1120.0         ,  160.0          ,  0.0            
      2892,  1120.0         ,  200.0          ,  0.0            
      2893,  1240.0         ,  40.0           ,  0.0            
      2894,  1240.0         ,  80.0           ,  0.0            
      2895,  1240.0         ,  120.0          ,  0.0            
      2896,  1240.0         ,  160.0          ,  0.0            
      2897,  1240.0         ,  200.0          ,  0.0            
      2898,  1480.0         ,  240.0          ,  0.0            
      2899,  1440.0         ,  240.0          ,  0.0            
      2900,  1400.0         ,  240.0          ,  0.0            
      2901,  1360.0         ,  240.0          ,  0.0            
      2902,  1320.0         ,  240.0          ,  0.0            
      2903,  1280.0         ,  240.0          ,  0.0            
      2904,  1240.0         ,  240.0          ,  0.0            
      2905,  1200.0         ,  240.0          ,  0.0            
      2906,  1160.0         ,  240.0          ,  0.0            
      2907,  1120.0         ,  240.0          ,  0.0            
      2908,  1080.0         ,  240.0          ,  0.0            
      2909,  1040.0         ,  240.0          ,  0.0            
      2910,  1840.0         ,  360.0          ,  0.0            
      2911,  1800.0         ,  360.0          ,  0.0            
      2912,  1840.0         ,  280.0          ,  0.0            
      2913,  1800.0         ,  280.0          ,  0.0            
      2914,  1840.0         ,  320.0          ,  0.0            
      2915,  1800.0         ,  320.0          ,  0.0            
      2916,  1960.0         ,  360.0          ,  0.0            
      2917,  1920.0         ,  360.0          ,  0.0            
      2918,  1960.0         ,  280.0          ,  0.0            
      2919,  1920.0         ,  280.0          ,  0.0            
      2920,  1960.0         ,  320.0          ,  0.0            
      2921,  1920.0         ,  320.0          ,  0.0            
      2922,  1880.0         ,  360.0          ,  0.0            
      2923,  1880.0         ,  320.0          ,  0.0            
      2924,  1880.0         ,  280.0          ,  0.0            
      2925,  1840.0         ,  480.0          ,  0.0            
      2926,  1800.0         ,  480.0          ,  0.0            
      2927,  1840.0         ,  440.0          ,  0.0            
      2928,  1800.0         ,  440.0          ,  0.0            
      2929,  1960.0         ,  480.0          ,  0.0            
      2930,  1920.0         ,  480.0          ,  0.0            
      2931,  1960.0         ,  440.0          ,  0.0            
      2932,  1920.0         ,  440.0          ,  0.0            
      2933,  1880.0         ,  480.0          ,  0.0            
      2934,  1880.0         ,  440.0          ,  0.0            
      2935,  1680.0         ,  980.0          ,  0.0            
      2936,  1700.0         ,  1000.0         ,  0.0            
      2937,  1640.0         ,  980.0          ,  0.0            
      2938,  1660.0         ,  1000.0         ,  0.0            
      2939,  1600.0         ,  980.0          ,  0.0            
      2940,  1600.0         ,  360.0          ,  0.0            
      2941,  1560.0         ,  360.0          ,  0.0            
      2942,  1600.0         ,  280.0          ,  0.0            
      2943,  1560.0         ,  280.0          ,  0.0            
      2944,  1600.0         ,  320.0          ,  0.0            
      2945,  1560.0         ,  320.0          ,  0.0            
      2946,  1720.0         ,  360.0          ,  0.0            
      2947,  1680.0         ,  360.0          ,  0.0            
      2948,  1720.0         ,  280.0          ,  0.0            
      2949,  1680.0         ,  280.0          ,  0.0            
      2950,  1720.0         ,  320.0          ,  0.0            
      2951,  1680.0         ,  320.0          ,  0.0            
      2952,  1640.0         ,  360.0          ,  0.0            
      2953,  1640.0         ,  320.0          ,  0.0            
      2954,  1640.0         ,  280.0          ,  0.0            
      2955,  1560.0         ,  480.0          ,  0.0            
      2956,  1560.0         ,  440.0          ,  0.0            
      2957,  1600.0         ,  480.0          ,  0.0            
      2958,  1600.0         ,  440.0          ,  0.0            
      2959,  1720.0         ,  480.0          ,  0.0            
      2960,  1680.0         ,  480.0          ,  0.0            
      2961,  1720.0         ,  440.0          ,  0.0            
      2962,  1680.0         ,  440.0          ,  0.0            
      2963,  1640.0         ,  480.0          ,  0.0            
      2964,  1640.0         ,  440.0          ,  0.0            
      2965,  1620.0         ,  1000.0         ,  0.0            
      2966,  1560.0         ,  980.0          ,  0.0            
      2967,  1580.0         ,  1000.0         ,  0.0            
      2968,  1520.0         ,  980.0          ,  0.0            
      2969,  1540.0         ,  1000.0         ,  0.0            
      2970,  1760.0         ,  280.0          ,  0.0            
      2971,  1760.0         ,  320.0          ,  0.0            
      2972,  1760.0         ,  360.0          ,  0.0            
      2973,  1480.0         ,  980.0          ,  0.0            
      2974,  1760.0         ,  440.0          ,  0.0            
      2975,  1760.0         ,  480.0          ,  0.0            
      2976,  1920.0         ,  40.0           ,  0.0            
      2977,  1960.0         ,  40.0           ,  0.0            
      2978,  1920.0         ,  80.0           ,  0.0            
      2979,  1960.0         ,  80.0           ,  0.0            
      2980,  1920.0         ,  160.0          ,  0.0            
      2981,  1960.0         ,  160.0          ,  0.0            
      2982,  1500.0         ,  1000.0         ,  0.0            
      2983,  1440.0         ,  980.0          ,  0.0            
      2984,  1920.0         ,  120.0          ,  0.0            
      2985,  1960.0         ,  120.0          ,  0.0            
      2986,  1800.0         ,  80.0           ,  0.0            
      2987,  1800.0         ,  40.0           ,  0.0            
      2988,  1840.0         ,  80.0           ,  0.0            
      2989,  1840.0         ,  40.0           ,  0.0            
      2990,  1460.0         ,  1000.0         ,  0.0            
      2991,  1800.0         ,  160.0          ,  0.0            
      2992,  1400.0         ,  980.0          ,  0.0            
      2993,  1840.0         ,  160.0          ,  0.0            
      2994,  1800.0         ,  120.0          ,  0.0            
      2995,  1840.0         ,  120.0          ,  0.0            
      2996,  1880.0         ,  40.0           ,  0.0            
      2997,  1880.0         ,  80.0           ,  0.0            
      2998,  1880.0         ,  120.0          ,  0.0            
      2999,  1880.0         ,  160.0          ,  0.0            
      3000,  1420.0         ,  1000.0         ,  0.0            
      3001,  1600.0         ,  80.0           ,  0.0            
      3002,  1560.0         ,  80.0           ,  0.0            
      3003,  1600.0         ,  40.0           ,  0.0            
      3004,  1560.0         ,  40.0           ,  0.0            
      3005,  1720.0         ,  80.0           ,  0.0            
      3006,  1680.0         ,  80.0           ,  0.0            
      3007,  1720.0         ,  40.0           ,  0.0            
      3008,  1680.0         ,  40.0           ,  0.0            
      3009,  1640.0         ,  80.0           ,  0.0            
      3010,  1640.0         ,  40.0           ,  0.0            
      3011,  1360.0         ,  980.0          ,  0.0            
      3012,  1380.0         ,  1000.0         ,  0.0            
      3013,  1600.0         ,  160.0          ,  0.0            
      3014,  1560.0         ,  160.0          ,  0.0            
      3015,  1320.0         ,  980.0          ,  0.0            
      3016,  1340.0         ,  1000.0         ,  0.0            
      3017,  1720.0         ,  160.0          ,  0.0            
      3018,  1680.0         ,  160.0          ,  0.0            
      3019,  1280.0         ,  980.0          ,  0.0            
      3020,  1640.0         ,  160.0          ,  0.0            
      3021,  1560.0         ,  120.0          ,  0.0            
      3022,  1600.0         ,  120.0          ,  0.0            
      3023,  1640.0         ,  120.0          ,  0.0            
      3024,  1680.0         ,  120.0          ,  0.0            
      3025,  1720.0         ,  120.0          ,  0.0            
      3026,  1760.0         ,  40.0           ,  0.0            
      3027,  1760.0         ,  80.0           ,  0.0            
      3028,  1760.0         ,  120.0          ,  0.0            
      3029,  1760.0         ,  160.0          ,  0.0            
      3030,  1300.0         ,  1000.0         ,  0.0            
      3031,  1960.0         ,  240.0          ,  0.0            
      3032,  1920.0         ,  240.0          ,  0.0            
      3033,  1880.0         ,  240.0          ,  0.0            
      3034,  1840.0         ,  240.0          ,  0.0            
      3035,  1800.0         ,  240.0          ,  0.0            
      3036,  1760.0         ,  240.0          ,  0.0            
      3037,  1720.0         ,  240.0          ,  0.0            
      3038,  1680.0         ,  240.0          ,  0.0            
      3039,  1640.0         ,  240.0          ,  0.0            
      3040,  1600.0         ,  240.0          ,  0.0            
      3041,  1560.0         ,  240.0          ,  0.0            
      3042,  1520.0         ,  480.0          ,  0.0            
      3043,  1520.0         ,  440.0          ,  0.0            
      3044,  1240.0         ,  980.0          ,  0.0            
      3045,  1520.0         ,  360.0          ,  0.0            
      3046,  1520.0         ,  320.0          ,  0.0            
      3047,  1520.0         ,  280.0          ,  0.0            
      3048,  1520.0         ,  240.0          ,  0.0            
      3049,  1260.0         ,  1000.0         ,  0.0            
      3050,  1520.0         ,  160.0          ,  0.0            
      3051,  1520.0         ,  120.0          ,  0.0            
      3052,  1520.0         ,  80.0           ,  0.0            
      3053,  1520.0         ,  40.0           ,  0.0            
      3054,  1160.0         ,  840.0          ,  0.0            
      3055,  1160.0         ,  800.0          ,  0.0            
      3056,  1240.0         ,  840.0          ,  0.0            
      3057,  1240.0         ,  800.0          ,  0.0            
      3058,  1200.0         ,  840.0          ,  0.0            
      3059,  1200.0         ,  800.0          ,  0.0            
      3060,  1160.0         ,  960.0          ,  0.0            
      3061,  1160.0         ,  920.0          ,  0.0            
      3062,  1240.0         ,  960.0          ,  0.0            
      3063,  1240.0         ,  920.0          ,  0.0            
      3064,  1200.0         ,  960.0          ,  0.0            
      3065,  1200.0         ,  920.0          ,  0.0            
      3066,  1160.0         ,  880.0          ,  0.0            
      3067,  1200.0         ,  880.0          ,  0.0            
      3068,  1240.0         ,  880.0          ,  0.0            
      3069,  1040.0         ,  840.0          ,  0.0            
      3070,  1040.0         ,  800.0          ,  0.0            
      3071,  1080.0         ,  840.0          ,  0.0            
      3072,  1080.0         ,  800.0          ,  0.0            
      3073,  1040.0         ,  960.0          ,  0.0            
      3074,  1040.0         ,  920.0          ,  0.0            
      3075,  1080.0         ,  960.0          ,  0.0            
      3076,  1080.0         ,  920.0          ,  0.0            
      3077,  1040.0         ,  880.0          ,  0.0            
      3078,  1080.0         ,  880.0          ,  0.0            
      3079,  1120.0         ,  800.0          ,  0.0            
      3080,  1120.0         ,  840.0          ,  0.0            
      3081,  1120.0         ,  880.0          ,  0.0            
      3082,  1120.0         ,  920.0          ,  0.0            
      3083,  1120.0         ,  960.0          ,  0.0            
      3084,  1160.0         ,  600.0          ,  0.0            
      3085,  1160.0         ,  560.0          ,  0.0            
      3086,  1240.0         ,  600.0          ,  0.0            
      3087,  1240.0         ,  560.0          ,  0.0            
      3088,  1200.0         ,  600.0          ,  0.0            
      3089,  1200.0         ,  560.0          ,  0.0            
      3090,  1200.0         ,  980.0          ,  0.0            
      3091,  1160.0         ,  680.0          ,  0.0            
      3092,  1220.0         ,  1000.0         ,  0.0            
      3093,  1240.0         ,  680.0          ,  0.0            
      3094,  1160.0         ,  980.0          ,  0.0            
      3095,  1200.0         ,  680.0          ,  0.0            
      3096,  1160.0         ,  640.0          ,  0.0            
      3097,  1200.0         ,  640.0          ,  0.0            
      3098,  1240.0         ,  640.0          ,  0.0            
      3099,  1040.0         ,  600.0          ,  0.0            
      3100,  1040.0         ,  560.0          ,  0.0            
      3101,  1080.0         ,  600.0          ,  0.0            
      3102,  1080.0         ,  560.0          ,  0.0            
      3103,  1040.0         ,  720.0          ,  0.0            
      3104,  1040.0         ,  680.0          ,  0.0            
      3105,  1080.0         ,  720.0          ,  0.0            
      3106,  1080.0         ,  680.0          ,  0.0            
      3107,  1040.0         ,  640.0          ,  0.0            
      3108,  1080.0         ,  640.0          ,  0.0            
      3109,  1120.0         ,  560.0          ,  0.0            
      3110,  1120.0         ,  600.0          ,  0.0            
      3111,  1120.0         ,  640.0          ,  0.0            
      3112,  1120.0         ,  680.0          ,  0.0            
      3113,  1180.0         ,  1000.0         ,  0.0            
      3114,  1240.0         ,  760.0          ,  0.0            
      3115,  1200.0         ,  760.0          ,  0.0            
      3116,  1160.0         ,  760.0          ,  0.0            
      3117,  1120.0         ,  760.0          ,  0.0            
      3118,  1080.0         ,  760.0          ,  0.0            
      3119,  1040.0         ,  760.0          ,  0.0            
      3120,  1440.0         ,  840.0          ,  0.0            
      3121,  1440.0         ,  800.0          ,  0.0            
      3122,  1480.0         ,  840.0          ,  0.0            
      3123,  1480.0         ,  800.0          ,  0.0            
      3124,  1440.0         ,  960.0          ,  0.0            
      3125,  1440.0         ,  920.0          ,  0.0            
      3126,  1480.0         ,  960.0          ,  0.0            
      3127,  1480.0         ,  920.0          ,  0.0            
      3128,  1440.0         ,  880.0          ,  0.0            
      3129,  1480.0         ,  880.0          ,  0.0            
      3130,  1320.0         ,  840.0          ,  0.0            
      3131,  1320.0         ,  800.0          ,  0.0            
      3132,  1360.0         ,  840.0          ,  0.0            
      3133,  1360.0         ,  800.0          ,  0.0            
      3134,  1320.0         ,  960.0          ,  0.0            
      3135,  1320.0         ,  920.0          ,  0.0            
      3136,  1360.0         ,  960.0          ,  0.0            
      3137,  1360.0         ,  920.0          ,  0.0            
      3138,  1320.0         ,  880.0          ,  0.0            
      3139,  1360.0         ,  880.0          ,  0.0            
      3140,  1400.0         ,  800.0          ,  0.0            
      3141,  1400.0         ,  840.0          ,  0.0            
      3142,  1400.0         ,  880.0          ,  0.0            
      3143,  1400.0         ,  920.0          ,  0.0            
      3144,  1400.0         ,  960.0          ,  0.0            
      3145,  1480.0         ,  680.0          ,  0.0            
      3146,  1120.0         ,  980.0          ,  0.0            
      3147,  1440.0         ,  680.0          ,  0.0            
      3148,  1140.0         ,  1000.0         ,  0.0            
      3149,  1360.0         ,  680.0          ,  0.0            
      3150,  1080.0         ,  980.0          ,  0.0            
      3151,  1320.0         ,  680.0          ,  0.0            
      3152,  1100.0         ,  1000.0         ,  0.0            
      3153,  1400.0         ,  680.0          ,  0.0            
      3154,  1040.0         ,  980.0          ,  0.0            
      3155,  1440.0         ,  560.0          ,  0.0            
      3156,  1480.0         ,  560.0          ,  0.0            
      3157,  1440.0         ,  600.0          ,  0.0            
      3158,  1480.0         ,  600.0          ,  0.0            
      3159,  1320.0         ,  560.0          ,  0.0            
      3160,  1360.0         ,  560.0          ,  0.0            
      3161,  1320.0         ,  600.0          ,  0.0            
      3162,  1360.0         ,  600.0          ,  0.0            
      3163,  1400.0         ,  560.0          ,  0.0            
      3164,  1400.0         ,  600.0          ,  0.0            
      3165,  1480.0         ,  640.0          ,  0.0            
      3166,  1440.0         ,  640.0          ,  0.0            
      3167,  1400.0         ,  640.0          ,  0.0            
      3168,  1360.0         ,  640.0          ,  0.0            
      3169,  1320.0         ,  640.0          ,  0.0            
      3170,  1480.0         ,  760.0          ,  0.0            
      3171,  1440.0         ,  760.0          ,  0.0            
      3172,  1400.0         ,  760.0          ,  0.0            
      3173,  1360.0         ,  760.0          ,  0.0            
      3174,  1320.0         ,  760.0          ,  0.0            
      3175,  1280.0         ,  960.0          ,  0.0            
      3176,  1280.0         ,  920.0          ,  0.0            
      3177,  1280.0         ,  880.0          ,  0.0            
      3178,  1280.0         ,  840.0          ,  0.0            
      3179,  1280.0         ,  800.0          ,  0.0            
      3180,  1280.0         ,  760.0          ,  0.0            
      3181,  1060.0         ,  1000.0         ,  0.0            
      3182,  1280.0         ,  680.0          ,  0.0            
      3183,  1280.0         ,  640.0          ,  0.0            
      3184,  1280.0         ,  600.0          ,  0.0            
      3185,  1280.0         ,  560.0          ,  0.0            
      3186,  1800.0         ,  840.0          ,  0.0            
      3187,  1800.0         ,  800.0          ,  0.0            
      3188,  1840.0         ,  840.0          ,  0.0            
      3189,  1840.0         ,  800.0          ,  0.0            
      3190,  1960.0         ,  840.0          ,  0.0            
      3191,  1920.0         ,  840.0          ,  0.0            
      3192,  1960.0         ,  800.0          ,  0.0            
      3193,  1920.0         ,  800.0          ,  0.0            
      3194,  1880.0         ,  840.0          ,  0.0            
      3195,  1880.0         ,  800.0          ,  0.0            
      3196,  1840.0         ,  960.0          ,  0.0            
      3197,  1800.0         ,  960.0          ,  0.0            
      3198,  1840.0         ,  920.0          ,  0.0            
      3199,  1800.0         ,  920.0          ,  0.0            
      3200,  1960.0         ,  960.0          ,  0.0            
      3201,  1920.0         ,  960.0          ,  0.0            
      3202,  1960.0         ,  920.0          ,  0.0            
      3203,  1920.0         ,  920.0          ,  0.0            
      3204,  1880.0         ,  960.0          ,  0.0            
      3205,  1880.0         ,  920.0          ,  0.0            
      3206,  1800.0         ,  880.0          ,  0.0            
      3207,  1840.0         ,  880.0          ,  0.0            
      3208,  1880.0         ,  880.0          ,  0.0            
      3209,  1920.0         ,  880.0          ,  0.0            
      3210,  1960.0         ,  880.0          ,  0.0            
      3211,  1600.0         ,  840.0          ,  0.0            
      3212,  1560.0         ,  840.0          ,  0.0            
      3213,  1600.0         ,  800.0          ,  0.0            
      3214,  1560.0         ,  800.0          ,  0.0            
      3215,  1720.0         ,  840.0          ,  0.0            
      3216,  1680.0         ,  840.0          ,  0.0            
      3217,  1720.0         ,  800.0          ,  0.0            
      3218,  1680.0         ,  800.0          ,  0.0            
      3219,  1640.0         ,  840.0          ,  0.0            
      3220,  1640.0         ,  800.0          ,  0.0            
      3221,  1600.0         ,  960.0          ,  0.0            
      3222,  1560.0         ,  960.0          ,  0.0            
      3223,  1600.0         ,  920.0          ,  0.0            
      3224,  1560.0         ,  920.0          ,  0.0            
      3225,  1720.0         ,  960.0          ,  0.0            
      3226,  1680.0         ,  960.0          ,  0.0            
      3227,  1720.0         ,  920.0          ,  0.0            
      3228,  1680.0         ,  920.0          ,  0.0            
      3229,  1640.0         ,  960.0          ,  0.0            
      3230,  1640.0         ,  920.0          ,  0.0            
      3231,  1560.0         ,  880.0          ,  0.0            
      3232,  1600.0         ,  880.0          ,  0.0            
      3233,  1640.0         ,  880.0          ,  0.0            
      3234,  1680.0         ,  880.0          ,  0.0            
      3235,  1720.0         ,  880.0          ,  0.0            
      3236,  1760.0         ,  800.0          ,  0.0            
      3237,  1760.0         ,  840.0          ,  0.0            
      3238,  1760.0         ,  880.0          ,  0.0            
      3239,  1760.0         ,  920.0          ,  0.0            
      3240,  1760.0         ,  960.0          ,  0.0            
      3241,  1840.0         ,  600.0          ,  0.0            
      3242,  1800.0         ,  600.0          ,  0.0            
      3243,  1840.0         ,  560.0          ,  0.0            
      3244,  1800.0         ,  560.0          ,  0.0            
      3245,  1960.0         ,  600.0          ,  0.0            
      3246,  1920.0         ,  600.0          ,  0.0            
      3247,  1960.0         ,  560.0          ,  0.0            
      3248,  1920.0         ,  560.0          ,  0.0            
      3249,  1880.0         ,  600.0          ,  0.0            
      3250,  1880.0         ,  560.0          ,  0.0            
      3251,  1000.0         ,  980.0          ,  0.0            
      3252,  1020.0         ,  1000.0         ,  0.0            
      3253,  1840.0         ,  680.0          ,  0.0            
      3254,  1800.0         ,  680.0          ,  0.0            
      3255,  960.0          ,  980.0          ,  0.0            
      3256,  920.0          ,  980.0          ,  0.0            
      3257,  1960.0         ,  680.0          ,  0.0            
      3258,  1920.0         ,  680.0          ,  0.0            
      3259,  940.0          ,  1000.0         ,  0.0            
      3260,  1880.0         ,  680.0          ,  0.0            
      3261,  1800.0         ,  640.0          ,  0.0            
      3262,  1840.0         ,  640.0          ,  0.0            
      3263,  1880.0         ,  640.0          ,  0.0            
      3264,  1920.0         ,  640.0          ,  0.0            
      3265,  1960.0         ,  640.0          ,  0.0            
      3266,  1600.0         ,  600.0          ,  0.0            
      3267,  1560.0         ,  600.0          ,  0.0            
      3268,  1600.0         ,  560.0          ,  0.0            
      3269,  1560.0         ,  560.0          ,  0.0            
      3270,  1720.0         ,  600.0          ,  0.0            
      3271,  1680.0         ,  600.0          ,  0.0            
      3272,  1720.0         ,  560.0          ,  0.0            
      3273,  1680.0         ,  560.0          ,  0.0            
      3274,  1640.0         ,  600.0          ,  0.0            
      3275,  1640.0         ,  560.0          ,  0.0            
      3276,  880.0          ,  980.0          ,  0.0            
      3277,  900.0          ,  1000.0         ,  0.0            
      3278,  1600.0         ,  680.0          ,  0.0            
      3279,  1560.0         ,  680.0          ,  0.0            
      3280,  840.0          ,  980.0          ,  0.0            
      3281,  860.0          ,  1000.0         ,  0.0            
      3282,  1720.0         ,  680.0          ,  0.0            
      3283,  1680.0         ,  680.0          ,  0.0            
      3284,  800.0          ,  980.0          ,  0.0            
      3285,  1640.0         ,  680.0          ,  0.0            
      3286,  1560.0         ,  640.0          ,  0.0            
      3287,  1600.0         ,  640.0          ,  0.0            
      3288,  1640.0         ,  640.0          ,  0.0            
      3289,  1680.0         ,  640.0          ,  0.0            
      3290,  1720.0         ,  640.0          ,  0.0            
      3291,  1760.0         ,  560.0          ,  0.0            
      3292,  1760.0         ,  600.0          ,  0.0            
      3293,  1760.0         ,  640.0          ,  0.0            
      3294,  1760.0         ,  680.0          ,  0.0            
      3295,  820.0          ,  1000.0         ,  0.0            
      3296,  1960.0         ,  760.0          ,  0.0            
      3297,  1920.0         ,  760.0          ,  0.0            
      3298,  1880.0         ,  760.0          ,  0.0            
      3299,  1840.0         ,  760.0          ,  0.0            
      3300,  1800.0         ,  760.0          ,  0.0            
      3301,  1760.0         ,  760.0          ,  0.0            
      3302,  1720.0         ,  760.0          ,  0.0            
      3303,  1680.0         ,  760.0          ,  0.0            
      3304,  1640.0         ,  760.0          ,  0.0            
      3305,  1600.0         ,  760.0          ,  0.0            
      3306,  1560.0         ,  760.0          ,  0.0            
      3307,  1520.0         ,  960.0          ,  0.0            
      3308,  1520.0         ,  920.0          ,  0.0            
      3309,  1520.0         ,  880.0          ,  0.0            
      3310,  1520.0         ,  840.0          ,  0.0            
      3311,  1520.0         ,  800.0          ,  0.0            
      3312,  1520.0         ,  760.0          ,  0.0            
      3313,  760.0          ,  980.0          ,  0.0            
      3314,  1520.0         ,  680.0          ,  0.0            
      3315,  1520.0         ,  640.0          ,  0.0            
      3316,  1520.0         ,  600.0          ,  0.0            
      3317,  1520.0         ,  560.0          ,  0.0            
      3318,  1040.0         ,  520.0          ,  0.0            
      3319,  1080.0         ,  520.0          ,  0.0            
      3320,  1120.0         ,  520.0          ,  0.0            
      3321,  1160.0         ,  520.0          ,  0.0            
      3322,  1200.0         ,  520.0          ,  0.0            
      3323,  1240.0         ,  520.0          ,  0.0            
      3324,  1280.0         ,  520.0          ,  0.0            
      3325,  1320.0         ,  520.0          ,  0.0            
      3326,  1360.0         ,  520.0          ,  0.0            
      3327,  1400.0         ,  520.0          ,  0.0            
      3328,  1440.0         ,  520.0          ,  0.0            
      3329,  1480.0         ,  520.0          ,  0.0            
      3330,  1520.0         ,  520.0          ,  0.0            
      3331,  1560.0         ,  520.0          ,  0.0            
      3332,  1600.0         ,  520.0          ,  0.0            
      3333,  1640.0         ,  520.0          ,  0.0            
      3334,  1680.0         ,  520.0          ,  0.0            
      3335,  1720.0         ,  520.0          ,  0.0            
      3336,  1760.0         ,  520.0          ,  0.0            
      3337,  1800.0         ,  520.0          ,  0.0            
      3338,  1840.0         ,  520.0          ,  0.0            
      3339,  1880.0         ,  520.0          ,  0.0            
      3340,  1920.0         ,  520.0          ,  0.0            
      3341,  1960.0         ,  520.0          ,  0.0            
      3342,  640.0          ,  400.0          ,  0.0            
      3343,  720.0          ,  400.0          ,  0.0            
      3344,  680.0          ,  400.0          ,  0.0            
      3345,  640.0          ,  480.0          ,  0.0            
      3346,  720.0          ,  480.0          ,  0.0            
      3347,  680.0          ,  480.0          ,  0.0            
      3348,  640.0          ,  440.0          ,  0.0            
      3349,  680.0          ,  440.0          ,  0.0            
      3350,  720.0          ,  440.0          ,  0.0            
      3351,  520.0          ,  400.0          ,  0.0            
      3352,  560.0          ,  400.0          ,  0.0            
      3353,  520.0          ,  480.0          ,  0.0            
      3354,  560.0          ,  480.0          ,  0.0            
      3355,  520.0          ,  440.0          ,  0.0            
      3356,  560.0          ,  440.0          ,  0.0            
      3357,  600.0          ,  400.0          ,  0.0            
      3358,  600.0          ,  440.0          ,  0.0            
      3359,  600.0          ,  480.0          ,  0.0            
      3360,  720.0          ,  280.0          ,  0.0            
      3361,  720.0          ,  320.0          ,  0.0            
      3362,  640.0          ,  280.0          ,  0.0            
      3363,  640.0          ,  320.0          ,  0.0            
      3364,  680.0          ,  280.0          ,  0.0            
      3365,  680.0          ,  320.0          ,  0.0            
      3366,  560.0          ,  280.0          ,  0.0            
      3367,  560.0          ,  320.0          ,  0.0            
      3368,  520.0          ,  280.0          ,  0.0            
      3369,  520.0          ,  320.0          ,  0.0            
      3370,  600.0          ,  280.0          ,  0.0            
      3371,  600.0          ,  320.0          ,  0.0            
      3372,  720.0          ,  360.0          ,  0.0            
      3373,  680.0          ,  360.0          ,  0.0            
      3374,  640.0          ,  360.0          ,  0.0            
      3375,  600.0          ,  360.0          ,  0.0            
      3376,  560.0          ,  360.0          ,  0.0            
      3377,  520.0          ,  360.0          ,  0.0            
      3378,  640.0          ,  80.0           ,  0.0            
      3379,  640.0          ,  40.0           ,  0.0            
      3380,  720.0          ,  80.0           ,  0.0            
      3381,  720.0          ,  40.0           ,  0.0            
      3382,  680.0          ,  80.0           ,  0.0            
      3383,  680.0          ,  40.0           ,  0.0            
      3384,  780.0          ,  1000.0         ,  0.0            
      3385,  640.0          ,  160.0          ,  0.0            
      3386,  720.0          ,  980.0          ,  0.0            
      3387,  720.0          ,  160.0          ,  0.0            
      3388,  740.0          ,  1000.0         ,  0.0            
      3389,  680.0          ,  160.0          ,  0.0            
      3390,  640.0          ,  120.0          ,  0.0            
      3391,  680.0          ,  120.0          ,  0.0            
      3392,  720.0          ,  120.0          ,  0.0            
      3393,  520.0          ,  80.0           ,  0.0            
      3394,  520.0          ,  40.0           ,  0.0            
      3395,  560.0          ,  80.0           ,  0.0            
      3396,  560.0          ,  40.0           ,  0.0            
      3397,  680.0          ,  980.0          ,  0.0            
      3398,  520.0          ,  160.0          ,  0.0            
      3399,  700.0          ,  1000.0         ,  0.0            
      3400,  560.0          ,  160.0          ,  0.0            
      3401,  520.0          ,  120.0          ,  0.0            
      3402,  560.0          ,  120.0          ,  0.0            
      3403,  600.0          ,  40.0           ,  0.0            
      3404,  600.0          ,  80.0           ,  0.0            
      3405,  600.0          ,  120.0          ,  0.0            
      3406,  600.0          ,  160.0          ,  0.0            
      3407,  640.0          ,  980.0          ,  0.0            
      3408,  720.0          ,  240.0          ,  0.0            
      3409,  680.0          ,  240.0          ,  0.0            
      3410,  640.0          ,  240.0          ,  0.0            
      3411,  600.0          ,  240.0          ,  0.0            
      3412,  560.0          ,  240.0          ,  0.0            
      3413,  520.0          ,  240.0          ,  0.0            
      3414,  920.0          ,  400.0          ,  0.0            
      3415,  960.0          ,  400.0          ,  0.0            
      3416,  920.0          ,  480.0          ,  0.0            
      3417,  960.0          ,  480.0          ,  0.0            
      3418,  920.0          ,  440.0          ,  0.0            
      3419,  960.0          ,  440.0          ,  0.0            
      3420,  800.0          ,  400.0          ,  0.0            
      3421,  840.0          ,  400.0          ,  0.0            
      3422,  800.0          ,  480.0          ,  0.0            
      3423,  840.0          ,  480.0          ,  0.0            
      3424,  800.0          ,  440.0          ,  0.0            
      3425,  840.0          ,  440.0          ,  0.0            
      3426,  880.0          ,  400.0          ,  0.0            
      3427,  880.0          ,  440.0          ,  0.0            
      3428,  880.0          ,  480.0          ,  0.0            
      3429,  920.0          ,  280.0          ,  0.0            
      3430,  960.0          ,  280.0          ,  0.0            
      3431,  920.0          ,  320.0          ,  0.0            
      3432,  960.0          ,  320.0          ,  0.0            
      3433,  800.0          ,  280.0          ,  0.0            
      3434,  840.0          ,  280.0          ,  0.0            
      3435,  800.0          ,  320.0          ,  0.0            
      3436,  840.0          ,  320.0          ,  0.0            
      3437,  880.0          ,  280.0          ,  0.0            
      3438,  880.0          ,  320.0          ,  0.0            
      3439,  960.0          ,  360.0          ,  0.0            
      3440,  920.0          ,  360.0          ,  0.0            
      3441,  880.0          ,  360.0          ,  0.0            
      3442,  840.0          ,  360.0          ,  0.0            
      3443,  800.0          ,  360.0          ,  0.0            
      3444,  920.0          ,  40.0           ,  0.0            
      3445,  960.0          ,  40.0           ,  0.0            
      3446,  920.0          ,  80.0           ,  0.0            
      3447,  960.0          ,  80.0           ,  0.0            
      3448,  920.0          ,  160.0          ,  0.0            
      3449,  960.0          ,  160.0          ,  0.0            
      3450,  660.0          ,  1000.0         ,  0.0            
      3451,  600.0          ,  980.0          ,  0.0            
      3452,  920.0          ,  120.0          ,  0.0            
      3453,  960.0          ,  120.0          ,  0.0            
      3454,  800.0          ,  80.0           ,  0.0            
      3455,  800.0          ,  40.0           ,  0.0            
      3456,  840.0          ,  80.0           ,  0.0            
      3457,  840.0          ,  40.0           ,  0.0            
      3458,  620.0          ,  1000.0         ,  0.0            
      3459,  800.0          ,  160.0          ,  0.0            
      3460,  560.0          ,  980.0          ,  0.0            
      3461,  840.0          ,  160.0          ,  0.0            
      3462,  800.0          ,  120.0          ,  0.0            
      3463,  840.0          ,  120.0          ,  0.0            
      3464,  880.0          ,  40.0           ,  0.0            
      3465,  880.0          ,  80.0           ,  0.0            
      3466,  880.0          ,  120.0          ,  0.0            
      3467,  880.0          ,  160.0          ,  0.0            
      3468,  580.0          ,  1000.0         ,  0.0            
      3469,  960.0          ,  240.0          ,  0.0            
      3470,  920.0          ,  240.0          ,  0.0            
      3471,  880.0          ,  240.0          ,  0.0            
      3472,  840.0          ,  240.0          ,  0.0            
      3473,  800.0          ,  240.0          ,  0.0            
      3474,  760.0          ,  480.0          ,  0.0            
      3475,  760.0          ,  440.0          ,  0.0            
      3476,  760.0          ,  400.0          ,  0.0            
      3477,  760.0          ,  360.0          ,  0.0            
      3478,  760.0          ,  320.0          ,  0.0            
      3479,  760.0          ,  280.0          ,  0.0            
      3480,  760.0          ,  240.0          ,  0.0            
      3481,  520.0          ,  980.0          ,  0.0            
      3482,  760.0          ,  160.0          ,  0.0            
      3483,  760.0          ,  120.0          ,  0.0            
      3484,  760.0          ,  80.0           ,  0.0            
      3485,  760.0          ,  40.0           ,  0.0            
      3486,  640.0          ,  840.0          ,  0.0            
      3487,  640.0          ,  800.0          ,  0.0            
      3488,  720.0          ,  840.0          ,  0.0            
      3489,  720.0          ,  800.0          ,  0.0            
      3490,  680.0          ,  840.0          ,  0.0            
      3491,  680.0          ,  800.0          ,  0.0            
      3492,  640.0          ,  960.0          ,  0.0            
      3493,  640.0          ,  920.0          ,  0.0            
      3494,  720.0          ,  960.0          ,  0.0            
      3495,  720.0          ,  920.0          ,  0.0            
      3496,  680.0          ,  960.0          ,  0.0            
      3497,  680.0          ,  920.0          ,  0.0            
      3498,  640.0          ,  880.0          ,  0.0            
      3499,  680.0          ,  880.0          ,  0.0            
      3500,  720.0          ,  880.0          ,  0.0            
      3501,  520.0          ,  840.0          ,  0.0            
      3502,  520.0          ,  800.0          ,  0.0            
      3503,  560.0          ,  840.0          ,  0.0            
      3504,  560.0          ,  800.0          ,  0.0            
      3505,  520.0          ,  960.0          ,  0.0            
      3506,  520.0          ,  920.0          ,  0.0            
      3507,  560.0          ,  960.0          ,  0.0            
      3508,  560.0          ,  920.0          ,  0.0            
      3509,  520.0          ,  880.0          ,  0.0            
      3510,  560.0          ,  880.0          ,  0.0            
      3511,  600.0          ,  800.0          ,  0.0            
      3512,  600.0          ,  840.0          ,  0.0            
      3513,  600.0          ,  880.0          ,  0.0            
      3514,  600.0          ,  920.0          ,  0.0            
      3515,  600.0          ,  960.0          ,  0.0            
      3516,  640.0          ,  600.0          ,  0.0            
      3517,  640.0          ,  560.0          ,  0.0            
      3518,  720.0          ,  600.0          ,  0.0            
      3519,  720.0          ,  560.0          ,  0.0            
      3520,  680.0          ,  600.0          ,  0.0            
      3521,  680.0          ,  560.0          ,  0.0            
      3522,  640.0          ,  720.0          ,  0.0            
      3523,  640.0          ,  680.0          ,  0.0            
      3524,  720.0          ,  720.0          ,  0.0            
      3525,  720.0          ,  680.0          ,  0.0            
      3526,  680.0          ,  720.0          ,  0.0            
      3527,  680.0          ,  680.0          ,  0.0            
      3528,  640.0          ,  640.0          ,  0.0            
      3529,  680.0          ,  640.0          ,  0.0            
      3530,  720.0          ,  640.0          ,  0.0            
      3531,  520.0          ,  600.0          ,  0.0            
      3532,  520.0          ,  560.0          ,  0.0            
      3533,  560.0          ,  600.0          ,  0.0            
      3534,  560.0          ,  560.0          ,  0.0            
      3535,  520.0          ,  720.0          ,  0.0            
      3536,  520.0          ,  680.0          ,  0.0            
      3537,  560.0          ,  720.0          ,  0.0            
      3538,  560.0          ,  680.0          ,  0.0            
      3539,  520.0          ,  640.0          ,  0.0            
      3540,  560.0          ,  640.0          ,  0.0            
      3541,  600.0          ,  560.0          ,  0.0            
      3542,  600.0          ,  600.0          ,  0.0            
      3543,  600.0          ,  640.0          ,  0.0            
      3544,  600.0          ,  680.0          ,  0.0            
      3545,  600.0          ,  720.0          ,  0.0            
      3546,  720.0          ,  760.0          ,  0.0            
      3547,  680.0          ,  760.0          ,  0.0            
      3548,  640.0          ,  760.0          ,  0.0            
      3549,  600.0          ,  760.0          ,  0.0            
      3550,  560.0          ,  760.0          ,  0.0            
      3551,  520.0          ,  760.0          ,  0.0            
      3552,  920.0          ,  920.0          ,  0.0            
      3553,  960.0          ,  920.0          ,  0.0            
      3554,  920.0          ,  960.0          ,  0.0            
      3555,  960.0          ,  960.0          ,  0.0            
      3556,  800.0          ,  920.0          ,  0.0            
      3557,  840.0          ,  920.0          ,  0.0            
      3558,  800.0          ,  960.0          ,  0.0            
      3559,  840.0          ,  960.0          ,  0.0            
      3560,  880.0          ,  920.0          ,  0.0            
      3561,  880.0          ,  960.0          ,  0.0            
      3562,  960.0          ,  800.0          ,  0.0            
      3563,  960.0          ,  840.0          ,  0.0            
      3564,  920.0          ,  800.0          ,  0.0            
      3565,  920.0          ,  840.0          ,  0.0            
      3566,  800.0          ,  800.0          ,  0.0            
      3567,  840.0          ,  800.0          ,  0.0            
      3568,  800.0          ,  840.0          ,  0.0            
      3569,  840.0          ,  840.0          ,  0.0            
      3570,  880.0          ,  800.0          ,  0.0            
      3571,  880.0          ,  840.0          ,  0.0            
      3572,  960.0          ,  880.0          ,  0.0            
      3573,  920.0          ,  880.0          ,  0.0            
      3574,  880.0          ,  880.0          ,  0.0            
      3575,  840.0          ,  880.0          ,  0.0            
      3576,  800.0          ,  880.0          ,  0.0            
      3577,  920.0          ,  560.0          ,  0.0            
      3578,  960.0          ,  560.0          ,  0.0            
      3579,  920.0          ,  600.0          ,  0.0            
      3580,  960.0          ,  600.0          ,  0.0            
      3581,  920.0          ,  680.0          ,  0.0            
      3582,  960.0          ,  680.0          ,  0.0            
      3583,  920.0          ,  720.0          ,  0.0            
      3584,  960.0          ,  720.0          ,  0.0            
      3585,  920.0          ,  640.0          ,  0.0            
      3586,  960.0          ,  640.0          ,  0.0            
      3587,  800.0          ,  560.0          ,  0.0            
      3588,  840.0          ,  560.0          ,  0.0            
      3589,  800.0          ,  600.0          ,  0.0            
      3590,  840.0          ,  600.0          ,  0.0            
      3591,  800.0          ,  680.0          ,  0.0            
      3592,  840.0          ,  680.0          ,  0.0            
      3593,  800.0          ,  720.0          ,  0.0            
      3594,  840.0          ,  720.0          ,  0.0            
      3595,  800.0          ,  640.0          ,  0.0            
      3596,  840.0          ,  640.0          ,  0.0            
      3597,  880.0          ,  560.0          ,  0.0            
      3598,  880.0          ,  600.0          ,  0.0            
      3599,  880.0          ,  640.0          ,  0.0            
      3600,  880.0          ,  680.0          ,  0.0            
      3601,  880.0          ,  720.0          ,  0.0            
      3602,  960.0          ,  760.0          ,  0.0            
      3603,  920.0          ,  760.0          ,  0.0            
      3604,  880.0          ,  760.0          ,  0.0            
      3605,  840.0          ,  760.0          ,  0.0            
      3606,  800.0          ,  760.0          ,  0.0            
      3607,  760.0          ,  960.0          ,  0.0            
      3608,  760.0          ,  920.0          ,  0.0            
      3609,  760.0          ,  880.0          ,  0.0            
      3610,  760.0          ,  840.0          ,  0.0            
      3611,  760.0          ,  800.0          ,  0.0            
      3612,  760.0          ,  760.0          ,  0.0            
      3613,  760.0          ,  720.0          ,  0.0            
      3614,  760.0          ,  680.0          ,  0.0            
      3615,  760.0          ,  640.0          ,  0.0            
      3616,  760.0          ,  600.0          ,  0.0            
      3617,  760.0          ,  560.0          ,  0.0            
      3618,  540.0          ,  1000.0         ,  0.0            
      3619,  480.0          ,  980.0          ,  0.0            
      3620,  500.0          ,  1000.0         ,  0.0            
      3621,  440.0          ,  980.0          ,  0.0            
      3622,  460.0          ,  1000.0         ,  0.0            
      3623,  400.0          ,  980.0          ,  0.0            
      3624,  420.0          ,  1000.0         ,  0.0            
      3625,  360.0          ,  980.0          ,  0.0            
      3626,  380.0          ,  1000.0         ,  0.0            
      3627,  320.0          ,  980.0          ,  0.0            
      3628,  340.0          ,  1000.0         ,  0.0            
      3629,  280.0          ,  980.0          ,  0.0            
      3630,  160.0          ,  160.0          ,  0.0            
      3631,  200.0          ,  160.0          ,  0.0            
      3632,  300.0          ,  1000.0         ,  0.0            
      3633,  200.0          ,  240.0          ,  0.0            
      3634,  240.0          ,  980.0          ,  0.0            
      3635,  200.0          ,  200.0          ,  0.0            
      3636,  40.0           ,  160.0          ,  0.0            
      3637,  80.0           ,  160.0          ,  0.0            
      3638,  260.0          ,  1000.0         ,  0.0            
      3639,  200.0          ,  980.0          ,  0.0            
      3640,  220.0          ,  1000.0         ,  0.0            
      3641,  20.0           ,  160.0          ,  0.0            
      3642,  120.0          ,  160.0          ,  0.0            
      3643,  20.0           ,  120.0          ,  0.0            
      3644,  0.0            ,  140.0          ,  0.0            
      3645,  160.0          ,  40.0           ,  0.0            
      3646,  200.0          ,  40.0           ,  0.0            
      3647,  160.0          ,  80.0           ,  0.0            
      3648,  200.0          ,  80.0           ,  0.0            
      3649,  80.0           ,  40.0           ,  0.0            
      3650,  80.0           ,  80.0           ,  0.0            
      3651,  40.0           ,  40.0           ,  0.0            
      3652,  40.0           ,  80.0           ,  0.0            
      3653,  120.0          ,  40.0           ,  0.0            
      3654,  120.0          ,  80.0           ,  0.0            
      3655,  200.0          ,  120.0          ,  0.0            
      3656,  160.0          ,  120.0          ,  0.0            
      3657,  120.0          ,  120.0          ,  0.0            
      3658,  80.0           ,  120.0          ,  0.0            
      3659,  40.0           ,  120.0          ,  0.0            
      3660,  400.0          ,  160.0          ,  0.0            
      3661,  440.0          ,  160.0          ,  0.0            
      3662,  400.0          ,  240.0          ,  0.0            
      3663,  440.0          ,  240.0          ,  0.0            
      3664,  400.0          ,  200.0          ,  0.0            
      3665,  20.0           ,  80.0           ,  0.0            
      3666,  280.0          ,  160.0          ,  0.0            
      3667,  320.0          ,  160.0          ,  0.0            
      3668,  280.0          ,  240.0          ,  0.0            
      3669,  320.0          ,  240.0          ,  0.0            
      3670,  280.0          ,  200.0          ,  0.0            
      3671,  320.0          ,  200.0          ,  0.0            
      3672,  360.0          ,  160.0          ,  0.0            
      3673,  360.0          ,  200.0          ,  0.0            
      3674,  360.0          ,  240.0          ,  0.0            
      3675,  400.0          ,  40.0           ,  0.0            
      3676,  440.0          ,  40.0           ,  0.0            
      3677,  400.0          ,  80.0           ,  0.0            
      3678,  440.0          ,  80.0           ,  0.0            
      3679,  280.0          ,  40.0           ,  0.0            
      3680,  320.0          ,  40.0           ,  0.0            
      3681,  280.0          ,  80.0           ,  0.0            
      3682,  320.0          ,  80.0           ,  0.0            
      3683,  360.0          ,  40.0           ,  0.0            
      3684,  360.0          ,  80.0           ,  0.0            
      3685,  440.0          ,  120.0          ,  0.0            
      3686,  400.0          ,  120.0          ,  0.0            
      3687,  360.0          ,  120.0          ,  0.0            
      3688,  320.0          ,  120.0          ,  0.0            
      3689,  280.0          ,  120.0          ,  0.0            
      3690,  240.0          ,  240.0          ,  0.0            
      3691,  240.0          ,  200.0          ,  0.0            
      3692,  240.0          ,  160.0          ,  0.0            
      3693,  240.0          ,  120.0          ,  0.0            
      3694,  240.0          ,  80.0           ,  0.0            
      3695,  240.0          ,  40.0           ,  0.0            
      3696,  0.0            ,  100.0          ,  0.0            
      3697,  20.0           ,  40.0           ,  0.0            
      3698,  0.0            ,  60.0           ,  0.0            
      3699,  40.0           ,  20.0           ,  0.0            
      3700,  80.0           ,  20.0           ,  0.0            
      3701,  60.0           ,  0.0            ,  0.0            
      3702,  120.0          ,  20.0           ,  0.0            
      3703,  100.0          ,  0.0            ,  0.0            
      3704,  160.0          ,  20.0           ,  0.0            
      3705,  140.0          ,  0.0            ,  0.0            
      3706,  200.0          ,  480.0          ,  0.0            
      3707,  200.0          ,  20.0           ,  0.0            
      3708,  200.0          ,  440.0          ,  0.0            
      3709,  180.0          ,  0.0            ,  0.0            
      3710,  200.0          ,  360.0          ,  0.0            
      3711,  240.0          ,  20.0           ,  0.0            
      3712,  200.0          ,  320.0          ,  0.0            
      3713,  220.0          ,  0.0            ,  0.0            
      3714,  200.0          ,  400.0          ,  0.0            
      3715,  280.0          ,  20.0           ,  0.0            
      3716,  260.0          ,  0.0            ,  0.0            
      3717,  320.0          ,  20.0           ,  0.0            
      3718,  300.0          ,  0.0            ,  0.0            
      3719,  360.0          ,  20.0           ,  0.0            
      3720,  340.0          ,  0.0            ,  0.0            
      3721,  400.0          ,  440.0          ,  0.0            
      3722,  440.0          ,  440.0          ,  0.0            
      3723,  400.0          ,  480.0          ,  0.0            
      3724,  440.0          ,  480.0          ,  0.0            
      3725,  320.0          ,  440.0          ,  0.0            
      3726,  320.0          ,  480.0          ,  0.0            
      3727,  280.0          ,  440.0          ,  0.0            
      3728,  280.0          ,  480.0          ,  0.0            
      3729,  360.0          ,  440.0          ,  0.0            
      3730,  360.0          ,  480.0          ,  0.0            
      3731,  400.0          ,  320.0          ,  0.0            
      3732,  440.0          ,  320.0          ,  0.0            
      3733,  400.0          ,  360.0          ,  0.0            
      3734,  440.0          ,  360.0          ,  0.0            
      3735,  320.0          ,  320.0          ,  0.0            
      3736,  320.0          ,  360.0          ,  0.0            
      3737,  280.0          ,  320.0          ,  0.0            
      3738,  280.0          ,  360.0          ,  0.0            
      3739,  360.0          ,  320.0          ,  0.0            
      3740,  360.0          ,  360.0          ,  0.0            
      3741,  440.0          ,  400.0          ,  0.0            
      3742,  400.0          ,  400.0          ,  0.0            
      3743,  360.0          ,  400.0          ,  0.0            
      3744,  320.0          ,  400.0          ,  0.0            
      3745,  280.0          ,  400.0          ,  0.0            
      3746,  240.0          ,  480.0          ,  0.0            
      3747,  240.0          ,  440.0          ,  0.0            
      3748,  240.0          ,  400.0          ,  0.0            
      3749,  240.0          ,  360.0          ,  0.0            
      3750,  240.0          ,  320.0          ,  0.0            
      3751,  400.0          ,  20.0           ,  0.0            
      3752,  380.0          ,  0.0            ,  0.0            
      3753,  440.0          ,  20.0           ,  0.0            
      3754,  420.0          ,  0.0            ,  0.0            
      3755,  200.0          ,  280.0          ,  0.0            
      3756,  240.0          ,  280.0          ,  0.0            
      3757,  280.0          ,  280.0          ,  0.0            
      3758,  320.0          ,  280.0          ,  0.0            
      3759,  360.0          ,  280.0          ,  0.0            
      3760,  400.0          ,  280.0          ,  0.0            
      3761,  440.0          ,  280.0          ,  0.0            
      3762,  480.0          ,  20.0           ,  0.0            
      3763,  200.0          ,  800.0          ,  0.0            
      3764,  460.0          ,  0.0            ,  0.0            
      3765,  200.0          ,  840.0          ,  0.0            
      3766,  520.0          ,  20.0           ,  0.0            
      3767,  500.0          ,  0.0            ,  0.0            
      3768,  200.0          ,  960.0          ,  0.0            
      3769,  200.0          ,  920.0          ,  0.0            
      3770,  560.0          ,  20.0           ,  0.0            
      3771,  200.0          ,  880.0          ,  0.0            
      3772,  540.0          ,  0.0            ,  0.0            
      3773,  600.0          ,  20.0           ,  0.0            
      3774,  580.0          ,  0.0            ,  0.0            
      3775,  640.0          ,  20.0           ,  0.0            
      3776,  620.0          ,  0.0            ,  0.0            
      3777,  680.0          ,  20.0           ,  0.0            
      3778,  660.0          ,  0.0            ,  0.0            
      3779,  720.0          ,  20.0           ,  0.0            
      3780,  700.0          ,  0.0            ,  0.0            
      3781,  760.0          ,  20.0           ,  0.0            
      3782,  740.0          ,  0.0            ,  0.0            
      3783,  800.0          ,  20.0           ,  0.0            
      3784,  780.0          ,  0.0            ,  0.0            
      3785,  840.0          ,  20.0           ,  0.0            
      3786,  820.0          ,  0.0            ,  0.0            
      3787,  880.0          ,  20.0           ,  0.0            
      3788,  200.0          ,  560.0          ,  0.0            
      3789,  860.0          ,  0.0            ,  0.0            
      3790,  200.0          ,  600.0          ,  0.0            
      3791,  920.0          ,  20.0           ,  0.0            
      3792,  900.0          ,  0.0            ,  0.0            
      3793,  200.0          ,  720.0          ,  0.0            
      3794,  200.0          ,  680.0          ,  0.0            
      3795,  960.0          ,  20.0           ,  0.0            
      3796,  200.0          ,  640.0          ,  0.0            
      3797,  940.0          ,  0.0            ,  0.0            
      3798,  1000.0         ,  20.0           ,  0.0            
      3799,  980.0          ,  0.0            ,  0.0            
      3800,  1040.0         ,  20.0           ,  0.0            
      3801,  1020.0         ,  0.0            ,  0.0            
      3802,  1080.0         ,  20.0           ,  0.0            
      3803,  1060.0         ,  0.0            ,  0.0            
      3804,  1120.0         ,  20.0           ,  0.0            
      3805,  1100.0         ,  0.0            ,  0.0            
      3806,  1160.0         ,  20.0           ,  0.0            
      3807,  1140.0         ,  0.0            ,  0.0            
      3808,  1200.0         ,  20.0           ,  0.0            
      3809,  1180.0         ,  0.0            ,  0.0            
      3810,  1240.0         ,  20.0           ,  0.0            
      3811,  1220.0         ,  0.0            ,  0.0            
      3812,  200.0          ,  760.0          ,  0.0            
      3813,  1280.0         ,  20.0           ,  0.0            
      3814,  1260.0         ,  0.0            ,  0.0            
      3815,  1320.0         ,  20.0           ,  0.0            
      3816,  1300.0         ,  0.0            ,  0.0            
      3817,  400.0          ,  800.0          ,  0.0            
      3818,  440.0          ,  800.0          ,  0.0            
      3819,  400.0          ,  840.0          ,  0.0            
      3820,  440.0          ,  840.0          ,  0.0            
      3821,  400.0          ,  920.0          ,  0.0            
      3822,  440.0          ,  920.0          ,  0.0            
      3823,  400.0          ,  960.0          ,  0.0            
      3824,  440.0          ,  960.0          ,  0.0            
      3825,  400.0          ,  880.0          ,  0.0            
      3826,  440.0          ,  880.0          ,  0.0            
      3827,  280.0          ,  840.0          ,  0.0            
      3828,  280.0          ,  800.0          ,  0.0            
      3829,  320.0          ,  840.0          ,  0.0            
      3830,  320.0          ,  800.0          ,  0.0            
      3831,  280.0          ,  960.0          ,  0.0            
      3832,  280.0          ,  920.0          ,  0.0            
      3833,  320.0          ,  960.0          ,  0.0            
      3834,  320.0          ,  920.0          ,  0.0            
      3835,  280.0          ,  880.0          ,  0.0            
      3836,  320.0          ,  880.0          ,  0.0            
      3837,  360.0          ,  800.0          ,  0.0            
      3838,  360.0          ,  840.0          ,  0.0            
      3839,  360.0          ,  880.0          ,  0.0            
      3840,  360.0          ,  920.0          ,  0.0            
      3841,  360.0          ,  960.0          ,  0.0            
      3842,  400.0          ,  560.0          ,  0.0            
      3843,  440.0          ,  560.0          ,  0.0            
      3844,  400.0          ,  600.0          ,  0.0            
      3845,  440.0          ,  600.0          ,  0.0            
      3846,  400.0          ,  720.0          ,  0.0            
      3847,  400.0          ,  680.0          ,  0.0            
      3848,  440.0          ,  720.0          ,  0.0            
      3849,  440.0          ,  680.0          ,  0.0            
      3850,  400.0          ,  640.0          ,  0.0            
      3851,  440.0          ,  640.0          ,  0.0            
      3852,  280.0          ,  600.0          ,  0.0            
      3853,  280.0          ,  560.0          ,  0.0            
      3854,  320.0          ,  600.0          ,  0.0            
      3855,  320.0          ,  560.0          ,  0.0            
      3856,  280.0          ,  720.0          ,  0.0            
      3857,  280.0          ,  680.0          ,  0.0            
      3858,  320.0          ,  720.0          ,  0.0            
      3859,  320.0          ,  680.0          ,  0.0            
      3860,  280.0          ,  640.0          ,  0.0            
      3861,  320.0          ,  640.0          ,  0.0            
      3862,  360.0          ,  560.0          ,  0.0            
      3863,  360.0          ,  600.0          ,  0.0            
      3864,  360.0          ,  640.0          ,  0.0            
      3865,  360.0          ,  680.0          ,  0.0            
      3866,  360.0          ,  720.0          ,  0.0            
      3867,  440.0          ,  760.0          ,  0.0            
      3868,  400.0          ,  760.0          ,  0.0            
      3869,  360.0          ,  760.0          ,  0.0            
      3870,  320.0          ,  760.0          ,  0.0            
      3871,  280.0          ,  760.0          ,  0.0            
      3872,  240.0          ,  960.0          ,  0.0            
      3873,  240.0          ,  920.0          ,  0.0            
      3874,  240.0          ,  880.0          ,  0.0            
      3875,  240.0          ,  840.0          ,  0.0            
      3876,  240.0          ,  800.0          ,  0.0            
      3877,  240.0          ,  760.0          ,  0.0            
      3878,  240.0          ,  720.0          ,  0.0            
      3879,  240.0          ,  680.0          ,  0.0            
      3880,  240.0          ,  640.0          ,  0.0            
      3881,  240.0          ,  600.0          ,  0.0            
      3882,  240.0          ,  560.0          ,  0.0            
      3883,  1360.0         ,  20.0           ,  0.0            
      3884,  1340.0         ,  0.0            ,  0.0            
      3885,  1400.0         ,  20.0           ,  0.0            
      3886,  1380.0         ,  0.0            ,  0.0            
      3887,  200.0          ,  520.0          ,  0.0            
      3888,  240.0          ,  520.0          ,  0.0            
      3889,  280.0          ,  520.0          ,  0.0            
      3890,  1440.0         ,  20.0           ,  0.0            
      3891,  1420.0         ,  0.0            ,  0.0            
      3892,  1480.0         ,  20.0           ,  0.0            
      3893,  1460.0         ,  0.0            ,  0.0            
      3894,  480.0          ,  40.0           ,  0.0            
      3895,  480.0          ,  80.0           ,  0.0            
      3896,  480.0          ,  120.0          ,  0.0            
      3897,  480.0          ,  160.0          ,  0.0            
      3898,  1520.0         ,  20.0           ,  0.0            
      3899,  480.0          ,  240.0          ,  0.0            
      3900,  480.0          ,  280.0          ,  0.0            
      3901,  480.0          ,  320.0          ,  0.0            
      3902,  480.0          ,  360.0          ,  0.0            
      3903,  480.0          ,  400.0          ,  0.0            
      3904,  480.0          ,  440.0          ,  0.0            
      3905,  480.0          ,  480.0          ,  0.0            
      3906,  1500.0         ,  0.0            ,  0.0            
      3907,  480.0          ,  560.0          ,  0.0            
      3908,  480.0          ,  600.0          ,  0.0            
      3909,  480.0          ,  640.0          ,  0.0            
      3910,  480.0          ,  680.0          ,  0.0            
      3911,  480.0          ,  720.0          ,  0.0            
      3912,  480.0          ,  760.0          ,  0.0            
      3913,  480.0          ,  800.0          ,  0.0            
      3914,  480.0          ,  840.0          ,  0.0            
      3915,  480.0          ,  880.0          ,  0.0            
      3916,  480.0          ,  920.0          ,  0.0            
      3917,  480.0          ,  960.0          ,  0.0            
      3918,  1000.0         ,  40.0           ,  0.0            
      3919,  1000.0         ,  80.0           ,  0.0            
      3920,  1000.0         ,  120.0          ,  0.0            
      3921,  1000.0         ,  160.0          ,  0.0            
      3922,  1000.0         ,  200.0          ,  0.0            
      3923,  1000.0         ,  240.0          ,  0.0            
      3924,  1000.0         ,  280.0          ,  0.0            
      3925,  1000.0         ,  320.0          ,  0.0            
      3926,  1000.0         ,  360.0          ,  0.0            
      3927,  1000.0         ,  400.0          ,  0.0            
      3928,  1000.0         ,  440.0          ,  0.0            
      3929,  1000.0         ,  480.0          ,  0.0            
      3930,  1000.0         ,  520.0          ,  0.0            
      3931,  1000.0         ,  560.0          ,  0.0            
      3932,  1000.0         ,  600.0          ,  0.0            
      3933,  1000.0         ,  640.0          ,  0.0            
      3934,  1000.0         ,  680.0          ,  0.0            
      3935,  1000.0         ,  720.0          ,  0.0            
      3936,  1000.0         ,  760.0          ,  0.0            
      3937,  1000.0         ,  800.0          ,  0.0            
      3938,  1000.0         ,  840.0          ,  0.0            
      3939,  1000.0         ,  880.0          ,  0.0            
      3940,  1000.0         ,  920.0          ,  0.0            
      3941,  1000.0         ,  960.0          ,  0.0            
      3942,  2000.0         ,  40.0           ,  0.0            
      3943,  2000.0         ,  80.0           ,  0.0            
      3944,  2000.0         ,  120.0          ,  0.0            
      3945,  2000.0         ,  160.0          ,  0.0            
      3946,  1560.0         ,  20.0           ,  0.0            
      3947,  2000.0         ,  240.0          ,  0.0            
      3948,  2000.0         ,  280.0          ,  0.0            
      3949,  2000.0         ,  320.0          ,  0.0            
      3950,  2000.0         ,  360.0          ,  0.0            
      3951,  1540.0         ,  0.0            ,  0.0            
      3952,  2000.0         ,  440.0          ,  0.0            
      3953,  2000.0         ,  480.0          ,  0.0            
      3954,  2000.0         ,  520.0          ,  0.0            
      3955,  2000.0         ,  560.0          ,  0.0            
      3956,  2000.0         ,  600.0          ,  0.0            
      3957,  2000.0         ,  640.0          ,  0.0            
      3958,  2000.0         ,  680.0          ,  0.0            
      3959,  1600.0         ,  20.0           ,  0.0            
      3960,  2000.0         ,  760.0          ,  0.0            
      3961,  2000.0         ,  800.0          ,  0.0            
      3962,  2000.0         ,  840.0          ,  0.0            
      3963,  2000.0         ,  880.0          ,  0.0            
      3964,  2000.0         ,  920.0          ,  0.0            
      3965,  2000.0         ,  960.0          ,  0.0            
      3966,  1960.0         ,  1000.0         ,  0.0            
      3967,  1920.0         ,  1000.0         ,  0.0            
      3968,  1880.0         ,  1000.0         ,  0.0            
      3969,  1840.0         ,  1000.0         ,  0.0            
      3970,  1800.0         ,  1000.0         ,  0.0            
      3971,  1760.0         ,  1000.0         ,  0.0            
      3972,  1720.0         ,  1000.0         ,  0.0            
      3973,  1680.0         ,  1000.0         ,  0.0            
      3974,  1640.0         ,  1000.0         ,  0.0            
      3975,  1600.0         ,  1000.0         ,  0.0            
      3976,  1560.0         ,  1000.0         ,  0.0            
      3977,  1520.0         ,  1000.0         ,  0.0            
      3978,  1480.0         ,  1000.0         ,  0.0            
      3979,  1440.0         ,  1000.0         ,  0.0            
      3980,  1400.0         ,  1000.0         ,  0.0            
      3981,  1360.0         ,  1000.0         ,  0.0            
      3982,  1320.0         ,  1000.0         ,  0.0            
      3983,  1280.0         ,  1000.0         ,  0.0            
      3984,  1240.0         ,  1000.0         ,  0.0            
      3985,  1200.0         ,  1000.0         ,  0.0            
      3986,  1160.0         ,  1000.0         ,  0.0            
      3987,  1120.0         ,  1000.0         ,  0.0            
      3988,  1080.0         ,  1000.0         ,  0.0            
      3989,  1040.0         ,  1000.0         ,  0.0            
      3990,  1000.0         ,  1000.0         ,  0.0            
      3991,  960.0          ,  1000.0         ,  0.0            
      3992,  920.0          ,  1000.0         ,  0.0            
      3993,  880.0          ,  1000.0         ,  0.0            
      3994,  840.0          ,  1000.0         ,  0.0            
      3995,  800.0          ,  1000.0         ,  0.0            
      3996,  760.0          ,  1000.0         ,  0.0            
      3997,  720.0          ,  1000.0         ,  0.0            
      3998,  680.0          ,  1000.0         ,  0.0            
      3999,  640.0          ,  1000.0         ,  0.0            
      4000,  600.0          ,  1000.0         ,  0.0            
      4001,  560.0          ,  1000.0         ,  0.0            
      4002,  520.0          ,  1000.0         ,  0.0            
      4003,  480.0          ,  1000.0         ,  0.0            
      4004,  440.0          ,  1000.0         ,  0.0            
      4005,  400.0          ,  1000.0         ,  0.0            
      4006,  360.0          ,  1000.0         ,  0.0            
      4007,  320.0          ,  1000.0         ,  0.0            
      4008,  280.0          ,  1000.0         ,  0.0            
      4009,  240.0          ,  1000.0         ,  0.0            
      4010,  200.0          ,  1000.0         ,  0.0            
      4011,  1580.0         ,  0.0            ,  0.0            
      4012,  1640.0         ,  20.0           ,  0.0            
      4013,  1620.0         ,  0.0            ,  0.0            
      4014,  1680.0         ,  20.0           ,  0.0            
      4015,  1660.0         ,  0.0            ,  0.0            
      4016,  1720.0         ,  20.0           ,  0.0            
      4017,  1700.0         ,  0.0            ,  0.0            
      4018,  1760.0         ,  20.0           ,  0.0            
      4019,  1740.0         ,  0.0            ,  0.0            
      4020,  1800.0         ,  20.0           ,  0.0            
      4021,  1780.0         ,  0.0            ,  0.0            
      4022,  1840.0         ,  20.0           ,  0.0            
      4023,  1820.0         ,  0.0            ,  0.0            
      4024,  1880.0         ,  20.0           ,  0.0            
      4025,  1860.0         ,  0.0            ,  0.0            
      4026,  1920.0         ,  20.0           ,  0.0            
      4027,  1900.0         ,  0.0            ,  0.0            
      4028,  1960.0         ,  20.0           ,  0.0            
      4029,  1940.0         ,  0.0            ,  0.0            
      4030,  2000.0         ,  980.0          ,  0.0            
      4031,  1980.0         ,  1000.0         ,  0.0            
      4032,  2000.0         ,  20.0           ,  0.0            
      4033,  1980.0         ,  0.0            ,  0.0            
      4034,  0.0            ,  20.0           ,  0.0            
      4035,  0.0            ,  160.0          ,  0.0            
      4036,  0.0            ,  120.0          ,  0.0            
      4037,  0.0            ,  80.0           ,  0.0            
      4038,  0.0            ,  40.0           ,  0.0            
      4039,  40.0           ,  0.0            ,  0.0            
      4040,  80.0           ,  0.0            ,  0.0            
      4041,  120.0          ,  0.0            ,  0.0            
      4042,  160.0          ,  0.0            ,  0.0            
      4043,  200.0          ,  0.0            ,  0.0            
      4044,  240.0          ,  0.0            ,  0.0            
      4045,  280.0          ,  0.0            ,  0.0            
      4046,  320.0          ,  0.0            ,  0.0            
      4047,  360.0          ,  0.0            ,  0.0            
      4048,  400.0          ,  0.0            ,  0.0            
      4049,  440.0          ,  0.0            ,  0.0            
      4050,  480.0          ,  0.0            ,  0.0            
      4051,  520.0          ,  0.0            ,  0.0            
      4052,  560.0          ,  0.0            ,  0.0            
      4053,  600.0          ,  0.0            ,  0.0            
      4054,  640.0          ,  0.0            ,  0.0            
      4055,  680.0          ,  0.0            ,  0.0            
      4056,  720.0          ,  0.0            ,  0.0            
      4057,  760.0          ,  0.0            ,  0.0            
      4058,  800.0          ,  0.0            ,  0.0            
      4059,  840.0          ,  0.0            ,  0.0            
      4060,  880.0          ,  0.0            ,  0.0            
      4061,  920.0          ,  0.0            ,  0.0            
      4062,  960.0          ,  0.0            ,  0.0            
      4063,  1000.0         ,  0.0            ,  0.0            
      4064,  1040.0         ,  0.0            ,  0.0            
      4065,  1080.0         ,  0.0            ,  0.0            
      4066,  1120.0         ,  0.0            ,  0.0            
      4067,  1160.0         ,  0.0            ,  0.0            
      4068,  1200.0         ,  0.0            ,  0.0            
      4069,  1240.0         ,  0.0            ,  0.0            
      4070,  1280.0         ,  0.0            ,  0.0            
      4071,  1320.0         ,  0.0            ,  0.0            
      4072,  1360.0         ,  0.0            ,  0.0            
      4073,  1400.0         ,  0.0            ,  0.0            
      4074,  1440.0         ,  0.0            ,  0.0            
      4075,  1480.0         ,  0.0            ,  0.0            
      4076,  1520.0         ,  0.0            ,  0.0            
      4077,  1560.0         ,  0.0            ,  0.0            
      4078,  1600.0         ,  0.0            ,  0.0            
      4079,  1640.0         ,  0.0            ,  0.0            
      4080,  1680.0         ,  0.0            ,  0.0            
      4081,  1720.0         ,  0.0            ,  0.0            
      4082,  1760.0         ,  0.0            ,  0.0            
      4083,  1800.0         ,  0.0            ,  0.0            
      4084,  1840.0         ,  0.0            ,  0.0            
      4085,  1880.0         ,  0.0            ,  0.0            
      4086,  1920.0         ,  0.0            ,  0.0            
      4087,  1960.0         ,  0.0            ,  0.0            
      4088,  20.0           ,  0.0            ,  0.0            
      4089,  2000.0         ,  1000.0         ,  0.0            
      4090,  2000.0         ,  0.0            ,  0.0            
      4091,  0.0            ,  0.0            ,  0.0            
*ELEMENT,TYPE=S4
         1,       833,      2405,      3727,      2438
         2,      3823,      2485,       859,      2483
         3,      2517,       860,      2512,      3840
         4,       860,      2483,      3821,      2512
         5,      2515,      3823,      2483,       860
         6,      3841,      2515,       860,      2517
         7,      2436,      3728,      2405,       833
         8,      3746,      2436,       833,      2439
         9,      2606,       834,      2436,      3746
        10,       834,      2609,      3728,      2436
        11,      2611,      3889,      2609,       834
        12,      3888,      2611,       834,      2606
        13,      2452,       835,      2456,      3756
        14,       835,      2455,      3757,      2456
        15,      2447,      3737,      2455,       835
        16,      3750,      2447,       835,      2452
        17,      2448,       836,      2447,      3750
        18,       836,      2416,      3737,      2447
        19,      2444,      3738,      2416,       836
        20,      3749,      2444,       836,      2448
        21,      2445,       837,      2444,      3749
        22,       837,      2434,      3738,      2444
        23,      2441,      3745,      2434,       837
        24,      3748,      2441,       837,      2445
        25,      2585,       838,      2580,      3875
        26,       838,      2468,      3765,      2580
        27,      2583,      3763,      2468,       838
        28,      3876,      2583,       838,      2585
        29,      2588,       839,      2583,      3876
        30,       839,      2476,      3763,      2583
        31,      2586,      3812,      2476,       839
        32,      3877,      2586,       839,      2588
        33,      2582,       840,      2577,      3874
        34,       840,      2470,      3771,      2577
        35,      2580,      3765,      2470,       840
        36,      3875,      2580,       840,      2582
        37,      3634,       841,      3640,      4009
        38,       841,      3639,      4010,      3640
        39,      2572,      3768,      3639,       841
        40,      3872,      2572,       841,      3634
        41,      2576,       842,      2572,      3872
        42,       842,      2469,      3768,      2572
        43,      2574,      3769,      2469,       842
        44,      3873,      2574,       842,      2576
        45,      2579,       843,      2574,      3873
        46,       843,      2471,      3769,      2574
        47,      2577,      3771,      2471,       843
        48,      3874,      2577,       843,      2579
        49,      2603,       844,      2598,      3881
        50,       844,      2472,      3790,      2598
        51,      2601,      3788,      2472,       844
        52,      3882,      2601,       844,      2603
        53,      2607,       845,      2601,      3882
        54,       845,      2605,      3788,      2601
        55,      2608,      3887,      2605,       845
        56,      3888,      2608,       845,      2607
        57,      2600,       846,      2595,      3880
        58,       846,      2474,      3796,      2595
        59,      2598,      3790,      2474,       846
        60,      3881,      2598,       846,      2600
        61,      2591,       847,      2586,      3877
        62,       847,      2477,      3812,      2586
        63,      2589,      3793,      2477,       847
        64,      3878,      2589,       847,      2591
        65,      2594,       848,      2589,      3878
        66,       848,      2473,      3793,      2589
        67,      2487,       861,      2490,      3825
        68,       861,      2489,      3826,      2490
        69,      2482,      3822,      2489,       861
        70,      3821,      2482,       861,      2487
        71,      2514,       862,      2509,      3839
        72,       862,      2487,      3825,      2509
        73,      2512,      3821,      2487,       862
        74,      3840,      2512,       862,      2514
        75,      2674,       863,      2673,      3917
        76,       863,      2484,      3824,      2673
        77,      2670,      3822,      2484,       863
        78,      3916,      2670,       863,      2674
        79,      2671,       864,      2670,      3916
        80,       864,      2489,      3822,      2670
        81,      2667,      3826,      2489,       864
        82,      3915,      2667,       864,      2671
        83,      3623,       865,      3626,      4005
        84,       865,      3625,      4006,      3626
        85,      2515,      3841,      3625,       865
        86,      3823,      2515,       865,      3623
        87,      3621,       866,      3624,      4004
        88,       866,      3623,      4005,      3624
        89,      2485,      3823,      3623,       866
        90,      3824,      2485,       866,      3621
        91,      3619,       867,      3622,      4003
        92,       867,      3621,      4004,      3622
        93,      2673,      3824,      3621,       867
        94,      3917,      2673,       867,      3619
        95,      2491,       868,      2493,      3828
        96,       868,      2494,      3830,      2493
        97,      2592,      3794,      2473,       848
        98,      3879,      2592,       848,      2594
        99,      2597,       849,      2592,      3879
       100,       849,      2475,      3794,      2592
       101,      2595,      3796,      2475,       849
       102,      3880,      2595,       849,      2597
       103,      2479,       850,      2506,      3819
       104,       850,      2508,      3838,      2506
       105,      2504,      3837,      2508,       850
       106,      3817,      2504,       850,      2479
       107,      2560,       851,      2504,      3817
       108,       851,      2563,      3837,      2504
       109,      2565,      3869,      2563,       851
       110,      3868,      2565,       851,      2560
       111,      2480,       852,      2481,      3820
       112,       852,      2479,      3819,      2481
       113,      2478,      3817,      2479,       852
       114,      3818,      2478,       852,      2480
       115,      2558,       853,      2478,      3818
       116,       853,      2560,      3817,      2478
       117,      2562,      3868,      2560,       853
       118,      3867,      2562,       853,      2558
       119,      2665,       854,      2664,      3914
       120,       854,      2480,      3820,      2664
       121,      2661,      3818,      2480,       854
       122,      3913,      2661,       854,      2665
       123,      2662,       855,      2661,      3913
       124,       855,      2558,      3818,      2661
       125,      2658,      3867,      2558,       855
       126,      3912,      2658,       855,      2662
       127,      2492,      3829,      2494,       868
       128,      3827,      2492,       868,      2491
       129,      2499,       869,      2492,      3827
       130,       869,      2501,      3829,      2492
       131,      2503,      3836,      2501,       869
       132,      3835,      2503,       869,      2499
       133,      2585,       870,      2584,      3876
       134,       870,      2491,      3828,      2584
       135,      2581,      3827,      2491,       870
       136,      3875,      2581,       870,      2585
       137,      2582,       871,      2581,      3875
       138,       871,      2499,      3827,      2581
       139,      2578,      3835,      2499,       871
       140,      3874,      2578,       871,      2582
       141,      2569,       872,      2571,      3871
       142,      2486,       856,      2509,      3825
       143,       856,      2511,      3839,      2509
       144,      2506,      3838,      2511,       856
       145,      3819,      2506,       856,      2486
       146,      2488,       857,      2490,      3826
       147,       857,      2486,      3825,      2490
       148,      2481,      3819,      2486,       857
       149,      3820,      2481,       857,      2488
       150,      2668,       858,      2667,      3915
       151,       858,      2488,      3826,      2667
       152,      2664,      3820,      2488,       858
       153,      3914,      2664,       858,      2668
       154,      2483,       859,      2482,      3821
       155,       859,      2484,      3822,      2482
       156,      2485,      3824,      2484,       859
       157,      2545,      3855,      2534,       907
       158,      3862,      2545,       907,      2548
       159,      2535,       908,      2537,      3857
       160,       908,      2538,      3859,      2537
       161,      2536,      3858,      2538,       908
       162,      3856,      2536,       908,      2535
       163,      2570,       909,      2536,      3856
       164,       909,      2567,      3858,      2536
       165,      2571,      3870,      2567,       909
       166,      3871,      2571,       909,      2570
       167,      2594,       910,      2593,      3879
       168,       910,      2535,      3857,      2593
       169,       872,      2566,      3870,      2571
       170,      2590,      3856,      2535,       910
       171,      2493,      3830,      2566,       872
       172,      3828,      2493,       872,      2569
       173,      3878,      2590,       910,      2594
       174,      2591,       911,      2590,      3878
       175,      2588,       873,      2587,      3877
       176,       873,      2569,      3871,      2587
       177,       911,      2570,      3856,      2590
       178,      2584,      3828,      2569,       873
       179,      3876,      2584,       873,      2588
       180,      2587,      3871,      2570,       911
       181,      2511,       874,      2510,      3839
       182,      3877,      2587,       911,      2591
       183,       874,      2501,      3836,      2510
       184,      2507,      3829,      2501,       874
       185,      3838,      2507,       874,      2511
       186,      2540,       912,      2543,      3860
       187,      2508,       875,      2507,      3838
       188,       875,      2494,      3829,      2507
       189,      2505,      3830,      2494,       875
       190,      3837,      2505,       875,      2508
       191,      2563,       876,      2505,      3837
       192,       912,      2542,      3861,      2543
       193,      2537,      3859,      2542,       912
       194,      3857,      2537,       912,      2540
       195,      2597,       913,      2596,      3880
       196,       913,      2540,      3860,      2596
       197,      2593,      3857,      2540,       913
       198,      3879,      2593,       913,      2597
       199,       876,      2566,      3830,      2505
       200,      2568,      3870,      2566,       876
       201,      3869,      2568,       876,      2563
       202,      2495,       877,      2497,      3832
       203,       877,      2498,      3834,      2497
       204,      2496,      3833,      2498,       877
       205,      3831,      2496,       877,      2495
       206,      3629,       878,      2496,      3831
       207,       878,      3627,      3833,      2496
       208,      3632,      4007,      3627,       878
       209,      4008,      3632,       878,      3629
       210,      2576,       879,      2575,      3873
       211,       879,      2495,      3832,      2575
       212,      2573,      3831,      2495,       879
       213,      3872,      2573,       879,      2576
       214,      3634,       880,      2573,      3872
       215,       880,      3629,      3831,      2573
       216,      3638,      4008,      3629,       880
       217,      4009,      3638,       880,      3634
       218,      2500,       881,      2503,      3835
       219,       881,      2502,      3836,      2503
       220,      2497,      3834,      2502,       881
       221,      3832,      2497,       881,      2500
       222,      2579,       882,      2578,      3874
       223,       882,      2500,      3835,      2578
       224,      2575,      3832,      2500,       882
       225,      3873,      2575,       882,      2579
       226,      3625,       883,      3628,      4006
       227,       883,      3627,      4007,      3628
       228,      2516,      3833,      3627,       883
       229,      3841,      2516,       883,      3625
       230,      2517,       884,      2516,      3841
       231,       884,      2498,      3833,      2516
       232,      2513,      3834,      2498,       884
       233,      3840,      2513,       884,      2517
       234,      2514,       885,      2513,      3840
       235,       885,      2502,      3834,      2513
       236,      2510,      3836,      2502,       885
       237,      3839,      2510,       885,      2514
       238,      2519,       886,      2518,      3842
       239,       886,      2520,      3843,      2518
       240,      2521,      3845,      2520,       886
       241,      2564,       914,      2568,      3869
       242,       914,      2567,      3870,      2568
       243,      2556,      3858,      2567,       914
       244,      3866,      2556,       914,      2564
       245,      2557,       915,      2556,      3866
       246,       915,      2538,      3858,      2556
       247,      2553,      3859,      2538,       915
       248,      3865,      2553,       915,      2557
       249,      2554,       916,      2553,      3865
       250,       916,      2542,      3859,      2553
       251,      2550,      3861,      2542,       916
       252,      3864,      2550,       916,      2554
       253,      3844,      2521,       886,      2519
       254,      2548,       887,      2544,      3862
       255,       887,      2519,      3842,      2544
       256,      2546,      3844,      2519,       887
       257,      3863,      2546,       887,      2548
       258,      2647,       888,      2646,      3908
       259,       888,      2520,      3845,      2646
       260,      2644,      3843,      2520,       888
       261,      3907,      2644,       888,      2647
       262,      2526,       889,      2549,      3850
       263,       889,      2551,      3864,      2549
       264,      2546,      3863,      2551,       889
       265,      3844,      2546,       889,      2526
       266,      2528,       890,      2530,      3851
       267,       890,      2526,      3850,      2530
       268,      2521,      3844,      2526,       890
       269,      3845,      2521,       890,      2528
       270,      2650,       891,      2649,      3909
       271,       891,      2528,      3851,      2649
       272,      2646,      3845,      2528,       891
       273,      3908,      2646,       891,      2650
       274,      2561,       892,      2523,      3846
       275,       892,      2559,      3848,      2523
       276,      2562,      3867,      2559,       892
       277,      3868,      2562,       892,      2561
       278,      2564,       893,      2555,      3866
       279,       893,      2561,      3846,      2555
       280,      2565,      3868,      2561,       893
       281,      3869,      2565,       893,      2564
       282,      2522,       894,      2524,      3847
       283,       894,      2525,      3849,      2524
       284,      2523,      3848,      2525,       894
       285,      3846,      2523,       894,      2522
       286,      2557,       895,      2552,      3865
       287,       895,      2522,      3847,      2552
       288,      2555,      3846,      2522,       895
       289,      3866,      2555,       895,      2557
       290,      2527,       896,      2530,      3850
       291,       896,      2529,      3851,      2530
       292,      2524,      3849,      2529,       896
       293,      3847,      2524,       896,      2527
       294,      2554,       897,      2549,      3864
       295,       897,      2527,      3850,      2549
       296,      2552,      3847,      2527,       897
       297,      3865,      2552,       897,      2554
       298,      2659,       898,      2658,      3912
       299,       898,      2559,      3867,      2658
       300,      2655,      3848,      2559,       898
       301,      3911,      2655,       898,      2659
       302,      2656,       899,      2655,      3911
       303,       899,      2525,      3848,      2655
       304,      2652,      3849,      2525,       899
       305,      3910,      2652,       899,      2656
       306,      2653,       900,      2652,      3910
       307,       900,      2529,      3849,      2652
       308,      2649,      3851,      2529,       900
       309,      3909,      2649,       900,      2653
       310,      2539,       901,      2532,      3852
       311,       901,      2541,      3854,      2532
       312,      2543,      3861,      2541,       901
       313,      3860,      2543,       901,      2539
       314,      2600,       902,      2599,      3881
       315,       902,      2539,      3852,      2599
       316,      2596,      3860,      2539,       902
       317,      3880,      2596,       902,      2600
       318,      2531,       903,      2533,      3853
       319,       903,      2534,      3855,      2533
       320,      2532,      3854,      2534,       903
       321,      3852,      2532,       903,      2531
       322,      2603,       904,      2602,      3882
       323,       904,      2531,      3853,      2602
       324,      2599,      3852,      2531,       904
       325,      3881,      2599,       904,      2603
       326,      2607,       905,      2611,      3888
       327,       905,      2610,      3889,      2611
       328,      2602,      3853,      2610,       905
       329,      3882,      2602,       905,      2607
       330,      2551,       906,      2550,      3864
       331,       906,      2541,      3861,      2550
       332,      2547,      3854,      2541,       906
       333,      3863,      2547,       906,      2551
       334,      2548,       907,      2547,      3863
       335,       907,      2534,      3854,      2547
       336,      2439,       833,      2438,      3747
       337,      3747,      2438,       832,      2442
       338,      2438,      3727,      2433,       832
       339,       832,      2433,      3745,      2441
       340,      2442,       832,      2441,      3748
       341,      3712,      2446,       831,      2450
       342,      2446,      3750,      2452,       831
       343,       831,      2452,      3756,      2453
       344,      2450,       831,      2453,      3755
       345,      3714,      2440,       830,      2399
       346,      2440,      3748,      2445,       830
       347,       830,      2445,      3749,      2443
       348,      2399,       830,      2443,      3710
       349,      3710,      2443,       829,      2397
       350,      2443,      3749,      2448,       829
       351,       829,      2448,      3750,      2446
       352,      2397,       829,      2446,      3712
       353,      3708,      2437,       828,      2398
       354,      2437,      3747,      2442,       828
       355,       828,      2442,      3748,      2440
       356,      2398,       828,      2440,      3714
       357,      3887,      2608,       827,      2604
       358,      2608,      3888,      2606,       827
       359,       827,      2606,      3746,      2435
       360,      2604,       827,      2435,      3706
       361,      3706,      2435,       826,      2396
       362,      2435,      3746,      2439,       826
       363,       826,      2439,      3747,      2437
       364,      2396,       826,      2437,      3708
       365,      3684,      2363,       825,      2371
       366,      2363,      3682,      2374,       825
       367,       825,      2374,      3688,      2375
       368,      2371,       825,      2375,      3687
       369,      3682,      2359,       824,      2374
       370,      2359,      3681,      2377,       824
       371,       824,      2377,      3689,      2378
       372,      2374,       824,      2378,      3688
       373,      3681,      2391,       823,      2377
       374,      2391,      3694,      2392,       823
       375,       823,      2392,      3693,      2388
       376,      2377,       823,      2388,      3689
       377,      4047,      3720,       822,      3719
       378,      3720,      4046,      3717,       822
       379,       822,      3717,      3680,      2361
       380,      3719,       822,      2361,      3683
       381,      3683,      2361,       821,      2364
       382,      2361,      3680,      2358,       821
       383,       821,      2358,      3682,      2363
       384,      2364,       821,      2363,      3684
       385,      3695,      2394,       820,      3711
       386,      2394,      3679,      3715,       820
       387,       820,      3715,      4045,      3716
       388,      3711,       820,      3716,      4044
       389,      3679,      2356,       819,      3715
       390,      2356,      3680,      3717,       819
       391,       819,      3717,      4046,      3718
       392,      3715,       819,      3718,      4045
       393,      3694,      2391,       818,      2395
       394,      2391,      3681,      2357,       818
       395,       818,      2357,      3679,      2394
       396,      2395,       818,      2394,      3695
       397,      3681,      2359,       817,      2357
       398,      2359,      3682,      2358,       817
       399,       817,      2358,      3680,      2356
       400,      2357,       817,      2356,      3679
       401,      3895,      2615,       816,      2619
       402,      2615,      3678,      2366,       816
       403,       816,      2366,      3685,      2618
       404,      2619,       816,      2618,      3896
       405,      3678,      2355,       815,      2366
       406,      2355,      3677,      2368,       815
       407,       815,      2368,      3686,      2369
       408,      2366,       815,      2369,      3685
       409,      3677,      2362,       814,      2368
       410,      2362,      3684,      2371,       814
       411,       814,      2371,      3687,      2372
       412,      2368,       814,      2372,      3686
       413,      4050,      3764,       813,      3762
       414,      3764,      4049,      3753,       813
       415,       813,      3753,      3676,      2613
       416,      3762,       813,      2613,      3894
       417,      3894,      2613,       812,      2616
       418,      2613,      3676,      2354,       812
       419,       812,      2354,      3678,      2615
       420,      2616,       812,      2615,      3895
       421,      3683,      2360,       811,      3719
       422,      2360,      3675,      3751,       811
       423,       811,      3751,      4048,      3752
       424,      3719,       811,      3752,      4047
       425,      3675,      2352,       810,      3751
       426,      2352,      3676,      3753,       810
       427,       810,      3753,      4049,      3754
       428,      3751,       810,      3754,      4048
       429,      3684,      2362,       809,      2364
       430,      2362,      3677,      2353,       809
       431,       809,      2353,      3675,      2360
       432,      2364,       809,      2360,      3683
       433,      3677,      2355,       808,      2353
       434,      2355,      3678,      2354,       808
       435,       808,      2354,      3676,      2352
       436,      2353,       808,      2352,      3675
       437,      3690,      2380,       807,      2383
       438,      2380,      3668,      2341,       807
       439,       807,      2341,      3670,      2382
       440,      2383,       807,      2382,      3691
       441,      3756,      2456,       806,      2451
       442,      2456,      3757,      2454,       806
       443,       806,      2454,      3668,      2380
       444,      2451,       806,      2380,      3690
       445,      3687,      2375,       805,      2370
       446,      2375,      3688,      2373,       805
       447,       805,      2373,      3667,      2345
       448,      2370,       805,      2345,      3672
       449,      3688,      2378,       804,      2373
       450,      2378,      3689,      2376,       804
       451,       804,      2376,      3666,      2339
       452,      2373,       804,      2339,      3667
       453,      3689,      2388,       803,      2376
       454,      2388,      3693,      2389,       803
       455,       803,      2389,      3692,      2385
       456,      2376,       803,      2385,      3666
       457,      3666,      2385,       802,      2340
       458,      2385,      3692,      2386,       802
       459,       802,      2386,      3691,      2382
       460,      2340,       802,      2382,      3670
       461,      3896,      2618,       801,      2622
       462,      2618,      3685,      2365,       801
       463,       801,      2365,      3661,      2621
       464,      2622,       801,      2621,      3897
       465,      3672,      2344,       800,      2370
       466,      2344,      3660,      2367,       800
       467,       800,      2367,      3686,      2372
       468,      2370,       800,      2372,      3687
       469,      3660,      2335,       799,      2367
       470,      2335,      3661,      2365,       799
       471,       799,      2365,      3685,      2369
       472,      2367,       799,      2369,      3686
       473,      4036,      3643,       798,      3696
       474,      3643,      3659,      2333,       798
       475,       798,      2333,      3652,      3665
       476,      3696,       798,      3665,      4037
       477,      4037,      3665,       797,      3698
       478,      3665,      3652,      2315,       797
       479,       797,      2315,      3651,      3697
       480,      3698,       797,      3697,      4038
       481,      4038,      3697,       796,      4034
       482,      3697,      3651,      3699,       796
       483,       796,      3699,      4039,      4088
       484,      4034,       796,      4088,      4091
       485,      3654,      2319,       795,      2327
       486,      2319,      3650,      2330,       795
       487,       795,      2330,      3658,      2331
       488,      2327,       795,      2331,      3657
       489,      3650,      2314,       794,      2330
       490,      2314,      3652,      2333,       794
       491,       794,      2333,      3659,      2334
       492,      2330,       794,      2334,      3658
       493,      4041,      3703,       793,      3702
       494,      3703,      4040,      3700,       793
       495,       793,      3700,      3649,      2317
       496,      3702,       793,      2317,      3653
       497,      3653,      2317,       792,      2320
       498,      2317,      3649,      2312,       792
       499,       792,      2312,      3650,      2319
       500,      2320,       792,      2319,      3654
       501,      4040,      3701,       791,      3700
       502,      3701,      4039,      3699,       791
       503,       791,      3699,      3651,      2313
       504,      3700,       791,      2313,      3649
       505,      3649,      2313,       790,      2312
       506,      2313,      3651,      2315,       790
       507,       790,      2315,      3652,      2314
       508,      2312,       790,      2314,      3650
       509,      3694,      2390,       789,      2392
       510,      2390,      3648,      2322,       789
       511,       789,      2322,      3655,      2387
       512,      2392,       789,      2387,      3693
       513,      3648,      2311,       788,      2322
       514,      2311,      3647,      2324,       788
       515,       788,      2324,      3656,      2325
       516,      2322,       788,      2325,      3655
       517,      3647,      2318,       787,      2324
       518,      2318,      3654,      2327,       787
       519,       787,      2327,      3657,      2328
       520,      2324,       787,      2328,      3656
       521,      4044,      3713,       786,      3711
       522,      3713,      4043,      3707,       786
       523,       786,      3707,      3646,      2393
       524,      3711,       786,      2393,      3695
       525,      3695,      2393,       785,      2395
       526,      2393,      3646,      2310,       785
       527,       785,      2310,      3648,      2390
       528,      2395,       785,      2390,      3694
       529,      3653,      2316,       784,      3702
       530,      2316,      3645,      3704,       784
       531,       784,      3704,      4042,      3705
       532,      3702,       784,      3705,      4041
       533,      3645,      2308,       783,      3704
       534,      2308,      3646,      3707,       783
       535,       783,      3707,      4043,      3709
       536,      3704,       783,      3709,      4042
       537,      3654,      2318,       782,      2320
       538,      2318,      3647,      2309,       782
       539,       782,      2309,      3645,      2316
       540,      2320,       782,      2316,      3653
       541,      3647,      2311,       781,      2309
       542,      2311,      3648,      2310,       781
       543,       781,      2310,      3646,      2308
       544,      2309,       781,      2308,      3645
       545,      3657,      2331,       780,      2326
       546,      2331,      3658,      2329,       780
       547,       780,      2329,      3637,      2307
       548,      2326,       780,      2307,      3642
       549,      3658,      2334,       779,      2329
       550,      2334,      3659,      2332,       779
       551,       779,      2332,      3636,      2305
       552,      2329,       779,      2305,      3637
       553,      3659,      3643,       778,      2332
       554,      3643,      4036,      3644,       778
       555,       778,      3644,      4035,      3641
       556,      2332,       778,      3641,      3636
       557,      3691,      2381,       777,      2383
       558,      2381,      3635,      2304,       777
       559,       777,      2304,      3633,      2379
       560,      2383,       777,      2379,      3690
       561,      3690,      2379,       776,      2451
       562,      2379,      3633,      2449,       776
       563,       776,      2449,      3755,      2453
       564,      2451,       776,      2453,      3756
       565,      3693,      2387,       775,      2389
       566,      2387,      3655,      2321,       775
       567,       775,      2321,      3631,      2384
       568,      2389,       775,      2384,      3692
       569,      3692,      2384,       774,      2386
       570,      2384,      3631,      2303,       774
       571,       774,      2303,      3635,      2381
       572,      2386,       774,      2381,      3691
       573,      3642,      2306,       773,      2326
       574,      2306,      3630,      2323,       773
       575,       773,      2323,      3656,      2328
       576,      2326,       773,      2328,      3657
       577,      3630,      2302,       772,      2323
       578,      2302,      3631,      2321,       772
       579,       772,      2321,      3655,      2325
       580,      2323,       772,      2325,      3656
       581,      3418,      1947,       771,      1943
       582,      1947,      3419,      1945,       771
       583,       771,      1945,      3415,      1941
       584,      1943,       771,      1941,      3414
       585,      3414,      1941,       770,      1978
       586,      1941,      3415,      1976,       770
       587,       770,      1976,      3439,      1980
       588,      1978,       770,      1980,      3440
       589,      3416,      1942,       769,      1944
       590,      1942,      3417,      1946,       769
       591,       769,      1946,      3419,      1947
       592,      1944,       769,      1947,      3418
       593,      3430,      1963,       768,      1965
       594,      1963,      3429,      1964,       768
       595,       768,      1964,      3431,      1966
       596,      1965,       768,      1966,      3432
       597,      3469,      2023,       767,      2021
       598,      2023,      3470,      2022,       767
       599,       767,      2022,      3429,      1963
       600,      2021,       767,      1963,      3430
       601,      3432,      1966,       766,      1977
       602,      1966,      3431,      1979,       766
       603,       766,      1979,      3440,      1980
       604,      1977,       766,      1980,      3439
       605,      3438,      1974,       765,      1982
       606,      1974,      3436,      1985,       765
       607,       765,      1985,      3442,      1986
       608,      1982,       765,      1986,      3441
       609,      3471,      2027,       764,      2024
       610,      2027,      3472,      2026,       764
       611,       764,      2026,      3434,      1972
       612,      2024,       764,      1972,      3437
       613,      3437,      1972,       763,      1975
       614,      1972,      3434,      1969,       763
       615,       763,      1969,      3436,      1974
       616,      1975,       763,      1974,      3438
       617,      3431,      1973,       762,      1979
       618,      1973,      3438,      1982,       762
       619,       762,      1982,      3441,      1983
       620,      1979,       762,      1983,      3440
       621,      3470,      2025,       761,      2022
       622,      2025,      3471,      2024,       761
       623,       761,      2024,      3437,      1971
       624,      2022,       761,      1971,      3429
       625,      3429,      1971,       760,      1964
       626,      1971,      3437,      1975,       760
       627,       760,      1975,      3438,      1973
       628,      1964,       760,      1973,      3431
       629,      3427,      1958,       759,      1962
       630,      1958,      3425,      1953,       759
       631,       759,      1953,      3423,      1961
       632,      1962,       759,      1961,      3428
       633,      3441,      1986,       758,      1981
       634,      1986,      3442,      1984,       758
       635,       758,      1984,      3421,      1956
       636,      1981,       758,      1956,      3426
       637,      3426,      1956,       757,      1959
       638,      1956,      3421,      1952,       757
       639,       757,      1952,      3425,      1958
       640,      1959,       757,      1958,      3427
       641,      3428,      1960,       756,      1962
       642,      1960,      3416,      1944,       756
       643,       756,      1944,      3418,      1957
       644,      1962,       756,      1957,      3427
       645,      3426,      1955,       755,      1981
       646,      1955,      3414,      1978,       755
       647,       755,      1978,      3440,      1983
       648,      1981,       755,      1983,      3441
       649,      3427,      1957,       754,      1959
       650,      1957,      3418,      1943,       754
       651,       754,      1943,      3414,      1955
       652,      1959,       754,      1955,      3426
       653,      3543,      2151,       753,      2155
       654,      2151,      3540,      2143,       753
       655,       753,      2143,      3538,      2154
       656,      2155,       753,      2154,      3544
       657,      3544,      2154,       752,      2158
       658,      2154,      3538,      2139,       752
       659,       752,      2139,      3537,      2157
       660,      2158,       752,      2157,      3545
       661,      3545,      2157,       751,      2168
       662,      2157,      3537,      2171,       751
       663,       751,      2171,      3550,      2172
       664,      2168,       751,      2172,      3549
       665,      3910,      2651,       750,      2653
       666,      2651,      3536,      2141,       750
       667,       750,      2141,      3539,      2648
       668,      2653,       750,      2648,      3909
       669,      3536,      2138,       749,      2141
       670,      2138,      3538,      2143,       749
       671,       749,      2143,      3540,      2144
       672,      2141,       749,      2144,      3539
       673,      3912,      2657,       748,      2659
       674,      2657,      3551,      2174,       748
       675,       748,      2174,      3535,      2654
       676,      2659,       748,      2654,      3911
       677,      3911,      2654,       747,      2656
       678,      2654,      3535,      2136,       747
       679,       747,      2136,      3536,      2651
       680,      2656,       747,      2651,      3910
       681,      3551,      2175,       746,      2174
       682,      2175,      3550,      2171,       746
       683,       746,      2171,      3537,      2137
       684,      2174,       746,      2137,      3535
       685,      3535,      2137,       745,      2136
       686,      2137,      3537,      2139,       745
       687,       745,      2139,      3538,      2138
       688,      2136,       745,      2138,      3536
       689,      3541,      2146,       744,      2149
       690,      2146,      3534,      2135,       744
       691,       744,      2135,      3533,      2148
       692,      2149,       744,      2148,      3542
       693,      3542,      2148,       743,      2152
       694,      2148,      3533,      2142,       743
       695,       743,      2142,      3540,      2151
       696,      2152,       743,      2151,      3543
       697,      3909,      2648,       742,      2650
       698,      2648,      3539,      2140,       742
       699,       742,      2140,      3531,      2645
       700,      2650,       742,      2645,      3908
       701,      3908,      2645,       741,      2647
       702,      2645,      3531,      2132,       741
       703,       741,      2132,      3532,      2643
       704,      2647,       741,      2643,      3907
       705,      3539,      2144,       740,      2140
       706,      2144,      3540,      2142,       740
       707,       740,      2142,      3533,      2133
       708,      2140,       740,      2133,      3531
       709,      3531,      2133,       739,      2132
       710,      2133,      3533,      2135,       739
       711,       739,      2135,      3534,      2134
       712,      2132,       739,      2134,      3532
       713,      3527,      2122,       738,      2127
       714,      2122,      3525,      2130,       738
       715,       738,      2130,      3530,      2131
       716,      2127,       738,      2131,      3529
       717,      3525,      2290,       737,      2130
       718,      2290,      3614,      2295,       737
       719,       737,      2295,      3615,      2293
       720,      2130,       737,      2293,      3530
       721,      3547,      2163,       736,      2162
       722,      2163,      3546,      2160,       736
       723,       736,      2160,      3524,      2120
       724,      2162,       736,      2120,      3526
       725,      3526,      2120,       735,      2123
       726,      2120,      3524,      2118,       735
       727,       735,      2118,      3525,      2122
       728,      2123,       735,      2122,      3527
       729,      3546,      2284,       734,      2160
       730,      2284,      3612,      2289,       734
       731,       734,      2289,      3613,      2287
       732,      2160,       734,      2287,      3524
       733,      3524,      2287,       733,      2118
       734,      2287,      3613,      2292,       733
       735,       733,      2292,      3614,      2290
       736,      2118,       733,      2290,      3525
       737,      3544,      2153,       732,      2155
       738,      2153,      3523,      2125,       732
       739,       732,      2125,      3528,      2150
       740,      2155,       732,      2150,      3543
       741,      3523,      2121,       731,      2125
       742,      2121,      3527,      2127,       731
       743,       731,      2127,      3529,      2128
       744,      2125,       731,      2128,      3528
       745,      3545,      2156,       730,      2158
       746,      2156,      3522,      2117,       730
       747,       730,      2117,      3523,      2153
       748,      2158,       730,      2153,      3544
       749,      3522,      2119,       729,      2117
       750,      2119,      3526,      2123,       729
       751,       729,      2123,      3527,      2121
       752,      2117,       729,      2121,      3523
       753,      3549,      2169,       728,      2168
       754,      2169,      3548,      2165,       728
       755,       728,      2165,      3522,      2156
       756,      2168,       728,      2156,      3545
       757,      3548,      2166,       727,      2165
       758,      2166,      3547,      2162,       727
       759,       727,      2162,      3526,      2119
       760,      2165,       727,      2119,      3522
       761,      3520,      2113,       726,      2116
       762,      2113,      3518,      2111,       726
       763,       726,      2111,      3519,      2115
       764,      2116,       726,      2115,      3521
       765,      3518,      2296,       725,      2111
       766,      2296,      3616,      2301,       725
       767,       725,      2301,      3617,      2299
       768,      2111,       725,      2299,      3519
       769,      3529,      2131,       724,      2126
       770,      2131,      3530,      2129,       724
       771,       724,      2129,      3518,      2113
       772,      2126,       724,      2113,      3520
       773,      3530,      2293,       723,      2129
       774,      2293,      3615,      2298,       723
       775,       723,      2298,      3616,      2296
       776,      2129,       723,      2296,      3518
       777,      3542,      2147,       722,      2149
       778,      2147,      3516,      2110,       722
       779,       722,      2110,      3517,      2145
       780,      2149,       722,      2145,      3541
       781,      3516,      2112,       721,      2110
       782,      2112,      3520,      2116,       721
       783,       721,      2116,      3521,      2114
       784,      2110,       721,      2114,      3517
       785,      3543,      2150,       720,      2152
       786,      2150,      3528,      2124,       720
       787,       720,      2124,      3516,      2147
       788,      2152,       720,      2147,      3542
       789,      3528,      2128,       719,      2124
       790,      2128,      3529,      2126,       719
       791,       719,      2126,      3520,      2112
       792,      2124,       719,      2112,      3516
       793,      3513,      2102,       718,      2106
       794,      2102,      3510,      2094,       718
       795,       718,      2094,      3508,      2105
       796,      2106,       718,      2105,      3514
       797,      3514,      2105,       717,      2109
       798,      2105,      3508,      2090,       717
       799,       717,      2090,      3507,      2108
       800,      2109,       717,      2108,      3515
       801,      3515,      2108,       716,      3451
       802,      2108,      3507,      3460,       716
       803,       716,      3460,      4001,      3468
       804,      3451,       716,      3468,      4000
       805,      3916,      2669,       715,      2671
       806,      2669,      3506,      2092,       715
       807,       715,      2092,      3509,      2666
       808,      2671,       715,      2666,      3915
       809,      3506,      2089,       714,      2092
       810,      2089,      3508,      2094,       714
       811,       714,      2094,      3510,      2095
       812,      2092,       714,      2095,      3509
       813,      4003,      3620,       713,      3619
       814,      3620,      4002,      3481,       713
       815,       713,      3481,      3505,      2672
       816,      3619,       713,      2672,      3917
       817,      3917,      2672,       712,      2674
       818,      2672,      3505,      2087,       712
       819,       712,      2087,      3506,      2669
       820,      2674,       712,      2669,      3916
       821,      4002,      3618,       711,      3481
       822,      3618,      4001,      3460,       711
       823,       711,      3460,      3507,      2088
       824,      3481,       711,      2088,      3505
       825,      3505,      2088,       710,      2087
       826,      2088,      3507,      2090,       710
       827,       710,      2090,      3508,      2089
       828,      2087,       710,      2089,      3506
       829,      3549,      2172,       709,      2167
       830,      2172,      3550,      2170,       709
       831,       709,      2170,      3504,      2097
       832,      2167,       709,      2097,      3511
       833,      3511,      2097,       708,      2100
       834,      2097,      3504,      2086,       708
       835,       708,      2086,      3503,      2099
       836,      2100,       708,      2099,      3512
       837,      3512,      2099,       707,      2103
       838,      2099,      3503,      2093,       707
       839,       707,      2093,      3510,      2102
       840,      2103,       707,      2102,      3513
       841,      3913,      2660,       706,      2662
       842,      2660,      3502,      2173,       706
       843,       706,      2173,      3551,      2657
       844,      2662,       706,      2657,      3912
       845,      3502,      2085,       705,      2173
       846,      2085,      3504,      2170,       705
       847,       705,      2170,      3550,      2175
       848,      2173,       705,      2175,      3551
       849,      3915,      2666,       704,      2668
       850,      2666,      3509,      2091,       704
       851,       704,      2091,      3501,      2663
       852,      2668,       704,      2663,      3914
       853,      3914,      2663,       703,      2665
       854,      2663,      3501,      2083,       703
       855,       703,      2083,      3502,      2660
       856,      2665,       703,      2660,      3913
       857,      3509,      2095,       702,      2091
       858,      2095,      3510,      2093,       702
       859,       702,      2093,      3503,      2084
       860,      2091,       702,      2084,      3501
       861,      3501,      2084,       701,      2083
       862,      2084,      3503,      2086,       701
       863,       701,      2086,      3504,      2085
       864,      2083,       701,      2085,      3502
       865,      3497,      2073,       700,      2078
       866,      2073,      3495,      2081,       700
       867,       700,      2081,      3500,      2082
       868,      2078,       700,      2082,      3499
       869,      3495,      2272,       699,      2081
       870,      2272,      3608,      2277,       699
       871,       699,      2277,      3609,      2275
       872,      2081,       699,      2275,      3500
       873,      3998,      3399,       698,      3397
       874,      3399,      3997,      3386,       698
       875,       698,      3386,      3494,      2071
       876,      3397,       698,      2071,      3496
       877,      3496,      2071,       697,      2074
       878,      2071,      3494,      2069,       697
       879,       697,      2069,      3495,      2073
       880,      2074,       697,      2073,      3497
       881,      3997,      3388,       696,      3386
       882,      3388,      3996,      3313,       696
       883,       696,      3313,      3607,      2270
       884,      3386,       696,      2270,      3494
       885,      3494,      2270,       695,      2069
       886,      2270,      3607,      2274,       695
       887,       695,      2274,      3608,      2272
       888,      2069,       695,      2272,      3495
       889,      3514,      2104,       694,      2106
       890,      2104,      3493,      2076,       694
       891,       694,      2076,      3498,      2101
       892,      2106,       694,      2101,      3513
       893,      3493,      2072,       693,      2076
       894,      2072,      3497,      2078,       693
       895,       693,      2078,      3499,      2079
       896,      2076,       693,      2079,      3498
       897,      3515,      2107,       692,      2109
       898,      2107,      3492,      2068,       692
       899,       692,      2068,      3493,      2104
       900,      2109,       692,      2104,      3514
       901,      3492,      2070,       691,      2068
       902,      2070,      3496,      2074,       691
       903,       691,      2074,      3497,      2072
       904,      2068,       691,      2072,      3493
       905,      4000,      3458,       690,      3451
       906,      3458,      3999,      3407,       690
       907,       690,      3407,      3492,      2107
       908,      3451,       690,      2107,      3515
       909,      3999,      3450,       689,      3407
       910,      3450,      3998,      3397,       689
       911,       689,      3397,      3496,      2070
       912,      3407,       689,      2070,      3492
       913,      3491,      2066,       688,      2161
       914,      2066,      3489,      2159,       688
       915,       688,      2159,      3546,      2163
       916,      2161,       688,      2163,      3547
       917,      3489,      2281,       687,      2159
       918,      2281,      3611,      2286,       687
       919,       687,      2286,      3612,      2284
       920,      2159,       687,      2284,      3546
       921,      3499,      2082,       686,      2077
       922,      2082,      3500,      2080,       686
       923,       686,      2080,      3488,      2064
       924,      2077,       686,      2064,      3490
       925,      3490,      2064,       685,      2067
       926,      2064,      3488,      2062,       685
       927,       685,      2062,      3489,      2066
       928,      2067,       685,      2066,      3491
       929,      3500,      2275,       684,      2080
       930,      2275,      3609,      2280,       684
       931,       684,      2280,      3610,      2278
       932,      2080,       684,      2278,      3488
       933,      3488,      2278,       683,      2062
       934,      2278,      3610,      2283,       683
       935,       683,      2283,      3611,      2281
       936,      2062,       683,      2281,      3489
       937,      3511,      2096,       682,      2167
       938,      2096,      3487,      2164,       682
       939,       682,      2164,      3548,      2169
       940,      2167,       682,      2169,      3549
       941,      3487,      2065,       681,      2164
       942,      2065,      3491,      2161,       681
       943,       681,      2161,      3547,      2166
       944,      2164,       681,      2166,      3548
       945,      3512,      2098,       680,      2100
       946,      2098,      3486,      2061,       680
       947,       680,      2061,      3487,      2096
       948,      2100,       680,      2096,      3511
       949,      3486,      2063,       679,      2061
       950,      2063,      3490,      2067,       679
       951,       679,      2067,      3491,      2065
       952,      2061,       679,      2065,      3487
       953,      3513,      2101,       678,      2103
       954,      2101,      3498,      2075,       678
       955,       678,      2075,      3486,      2098
       956,      2103,       678,      2098,      3512
       957,      3498,      2079,       677,      2075
       958,      2079,      3499,      2077,       677
       959,       677,      2077,      3490,      2063
       960,      2075,       677,      2063,      3486
       961,      3466,      2016,       676,      2020
       962,      2016,      3463,      2008,       676
       963,       676,      2008,      3461,      2019
       964,      2020,       676,      2019,      3467
       965,      3482,      2051,       675,      2054
       966,      2051,      3459,      2006,       675
       967,       675,      2006,      3462,      2053
       968,      2054,       675,      2053,      3483
       969,      3459,      2004,       674,      2006
       970,      2004,      3461,      2008,       674
       971,       674,      2008,      3463,      2009
       972,      2006,       674,      2009,      3462
       973,      4060,      3789,       673,      3787
       974,      3789,      4059,      3785,       673
       975,       673,      3785,      3457,      2011
       976,      3787,       673,      2011,      3464
       977,      3464,      2011,       672,      2014
       978,      2011,      3457,      2003,       672
       979,       672,      2003,      3456,      2013
       980,      2014,       672,      2013,      3465
       981,      3465,      2013,       671,      2017
       982,      2013,      3456,      2007,       671
       983,       671,      2007,      3463,      2016
       984,      2017,       671,      2016,      3466
       985,      3485,      2059,       670,      3781
       986,      2059,      3455,      3783,       670
       987,       670,      3783,      4058,      3784
       988,      3781,       670,      3784,      4057
       989,      3455,      2002,       669,      3783
       990,      2002,      3457,      3785,       669
       991,       669,      3785,      4059,      3786
       992,      3783,       669,      3786,      4058
       993,      3483,      2053,       668,      2057
       994,      2053,      3462,      2005,       668
       995,       668,      2005,      3454,      2056
       996,      2057,       668,      2056,      3484
       997,      3484,      2056,       667,      2060
       998,      2056,      3454,      2000,       667
       999,       667,      2000,      3455,      2059
      1000,      2060,       667,      2059,      3485
      1001,      3462,      2009,       666,      2005
      1002,      2009,      3463,      2007,       666
      1003,       666,      2007,      3456,      2001
      1004,      2005,       666,      2001,      3454
      1005,      3454,      2001,       665,      2000
      1006,      2001,      3456,      2003,       665
      1007,       665,      2003,      3457,      2002
      1008,      2000,       665,      2002,      3455
      1009,      3920,      2681,       664,      2685
      1010,      2681,      3453,      1998,       664
      1011,       664,      1998,      3449,      2684
      1012,      2685,       664,      2684,      3921
      1013,      3467,      2018,       663,      2020
      1014,      2018,      3448,      1996,       663
      1015,       663,      1996,      3452,      2015
      1016,      2020,       663,      2015,      3466
      1017,      3448,      1994,       662,      1996
      1018,      1994,      3449,      1998,       662
      1019,       662,      1998,      3453,      1999
      1020,      1996,       662,      1999,      3452
      1021,      3919,      2678,       661,      2682
      1022,      2678,      3447,      1997,       661
      1023,       661,      1997,      3453,      2681
      1024,      2682,       661,      2681,      3920
      1025,      3447,      1993,       660,      1997
      1026,      1993,      3446,      1995,       660
      1027,       660,      1995,      3452,      1999
      1028,      1997,       660,      1999,      3453
      1029,      3446,      2012,       659,      1995
      1030,      2012,      3465,      2017,       659
      1031,       659,      2017,      3466,      2015
      1032,      1995,       659,      2015,      3452
      1033,      4063,      3799,       658,      3798
      1034,      3799,      4062,      3795,       658
      1035,       658,      3795,      3445,      2676
      1036,      3798,       658,      2676,      3918
      1037,      3918,      2676,       657,      2679
      1038,      2676,      3445,      1992,       657
      1039,       657,      1992,      3447,      2678
      1040,      2679,       657,      2678,      3919
      1041,      3464,      2010,       656,      3787
      1042,      2010,      3444,      3791,       656
      1043,       656,      3791,      4061,      3792
      1044,      3787,       656,      3792,      4060
      1045,      3444,      1990,       655,      3791
      1046,      1990,      3445,      3795,       655
      1047,       655,      3795,      4062,      3797
      1048,      3791,       655,      3797,      4061
      1049,      3465,      2012,       654,      2014
      1050,      2012,      3446,      1991,       654
      1051,       654,      1991,      3444,      2010
      1052,      2014,       654,      2010,      3464
      1053,      3446,      1993,       653,      1991
      1054,      1993,      3447,      1992,       653
      1055,       653,      1992,      3445,      1990
      1056,      1991,       653,      1990,      3444
      1057,      3348,      1840,       652,      1836
      1058,      1840,      3349,      1838,       652
      1059,       652,      1838,      3344,      1832
      1060,      1836,       652,      1832,      3342
      1061,      3358,      1853,       651,      1855
      1062,      1853,      3348,      1836,       651
      1063,       651,      1836,      3342,      1851
      1064,      1855,       651,      1851,      3357
      1065,      3342,      1832,       650,      1880
      1066,      1832,      3344,      1877,       650
      1067,       650,      1877,      3373,      1882
      1068,      1880,       650,      1882,      3374
      1069,      3357,      1851,       649,      1883
      1070,      1851,      3342,      1880,       649
      1071,       649,      1880,      3374,      1885
      1072,      1883,       649,      1885,      3375
      1073,      3343,      1833,       648,      1841
      1074,      1833,      3344,      1838,       648
      1075,       648,      1838,      3349,      1843
      1076,      1841,       648,      1843,      3350
      1077,      3372,      1879,       647,      1875
      1078,      1879,      3373,      1877,       647
      1079,       647,      1877,      3344,      1833
      1080,      1875,       647,      1833,      3343
      1081,      3476,      2035,       646,      2037
      1082,      2035,      3343,      1841,       646
      1083,       646,      1841,      3350,      2032
      1084,      2037,       646,      2032,      3475
      1085,      3477,      2038,       645,      2040
      1086,      2038,      3372,      1875,       645
      1087,       645,      1875,      3343,      2035
      1088,      2040,       645,      2035,      3476
      1089,      3345,      1834,       644,      1837
      1090,      1834,      3347,      1839,       644
      1091,       644,      1839,      3349,      1840
      1092,      1837,       644,      1840,      3348
      1093,      3359,      1856,       643,      1858
      1094,      1856,      3345,      1837,       643
      1095,       643,      1837,      3348,      1853
      1096,      1858,       643,      1853,      3358
      1097,      3346,      2030,       642,      1842
      1098,      2030,      3474,      2034,       642
      1099,       642,      2034,      3475,      2032
      1100,      1842,       642,      2032,      3350
      1101,      3347,      1835,       641,      1839
      1102,      1835,      3346,      1842,       641
      1103,       641,      1842,      3350,      1843
      1104,      1839,       641,      1843,      3349
      1105,      3351,      2634,       640,      1846
      1106,      2634,      3903,      2639,       640
      1107,       640,      2639,      3904,      2637
      1108,      1846,       640,      2637,      3355
      1109,      3377,      2631,       639,      1889
      1110,      2631,      3902,      2636,       639
      1111,       639,      2636,      3903,      2634
      1112,      1889,       639,      2634,      3351
      1113,      3352,      1844,       638,      1848
      1114,      1844,      3351,      1846,       638
      1115,       638,      1846,      3355,      1850
      1116,      1848,       638,      1850,      3356
      1117,      3376,      1891,       637,      1886
      1118,      1891,      3377,      1889,       637
      1119,       637,      1889,      3351,      1844
      1120,      1886,       637,      1844,      3352
      1121,      3357,      1852,       636,      1855
      1122,      1852,      3352,      1848,       636
      1123,       636,      1848,      3356,      1854
      1124,      1855,       636,      1854,      3358
      1125,      3375,      1888,       635,      1883
      1126,      1888,      3376,      1886,       635
      1127,       635,      1886,      3352,      1852
      1128,      1883,       635,      1852,      3357
      1129,      3353,      1845,       634,      1847
      1130,      1845,      3354,      1849,       634
      1131,       634,      1849,      3356,      1850
      1132,      1847,       634,      1850,      3355
      1133,      3905,      2640,       633,      2642
      1134,      2640,      3353,      1847,       633
      1135,       633,      1847,      3355,      2637
      1136,      2642,       633,      2637,      3904
      1137,      3358,      1854,       632,      1858
      1138,      1854,      3356,      1849,       632
      1139,       632,      1849,      3354,      1857
      1140,      1858,       632,      1857,      3359
      1141,      3360,      1861,       631,      1859
      1142,      1861,      3364,      1865,       631
      1143,       631,      1865,      3365,      1863
      1144,      1859,       631,      1863,      3361
      1145,      3408,      1932,       630,      1930
      1146,      1932,      3409,      1931,       630
      1147,       630,      1931,      3364,      1861
      1148,      1930,       630,      1861,      3360
      1149,      3479,      2044,       629,      2046
      1150,      2044,      3360,      1859,       629
      1151,       629,      1859,      3361,      2041
      1152,      2046,       629,      2041,      3478
      1153,      3480,      2047,       628,      2049
      1154,      2047,      3408,      1930,       628
      1155,       628,      1930,      3360,      2044
      1156,      2049,       628,      2044,      3479
      1157,      3361,      1863,       627,      1876
      1158,      1863,      3365,      1878,       627
      1159,       627,      1878,      3373,      1879
      1160,      1876,       627,      1879,      3372
      1161,      3478,      2041,       626,      2043
      1162,      2041,      3361,      1876,       626
      1163,       626,      1876,      3372,      2038
      1164,      2043,       626,      2038,      3477
      1165,      3410,      1936,       625,      1933
      1166,      1936,      3411,      1935,       625
      1167,       625,      1935,      3370,      1870
      1168,      1933,       625,      1870,      3362
      1169,      3409,      1934,       624,      1931
      1170,      1934,      3410,      1933,       624
      1171,       624,      1933,      3362,      1862
      1172,      1931,       624,      1862,      3364
      1173,      3362,      1870,       623,      1860
      1174,      1870,      3370,      1874,       623
      1175,       623,      1874,      3371,      1872
      1176,      1860,       623,      1872,      3363
      1177,      3364,      1862,       622,      1865
      1178,      1862,      3362,      1860,       622
      1179,       622,      1860,      3363,      1864
      1180,      1865,       622,      1864,      3365
      1181,      3405,      1925,       621,      1929
      1182,      1925,      3402,      1917,       621
      1183,       621,      1917,      3400,      1928
      1184,      1929,       621,      1928,      3406
      1185,      3363,      1872,       620,      1881
      1186,      1872,      3371,      1884,       620
      1187,       620,      1884,      3375,      1885
      1188,      1881,       620,      1885,      3374
      1189,      3365,      1864,       619,      1878
      1190,      1864,      3363,      1881,       619
      1191,       619,      1881,      3374,      1882
      1192,      1878,       619,      1882,      3373
      1193,      3897,      2620,       618,      2622
      1194,      2620,      3398,      1915,       618
      1195,       618,      1915,      3401,      2617
      1196,      2622,       618,      2617,      3896
      1197,      3398,      1913,       617,      1915
      1198,      1913,      3400,      1917,       617
      1199,       617,      1917,      3402,      1918
      1200,      1915,       617,      1918,      3401
      1201,      3366,      1867,       616,      1866
      1202,      1867,      3368,      1869,       616
      1203,       616,      1869,      3369,      1868
      1204,      1866,       616,      1868,      3367
      1205,      3412,      1940,       615,      1937
      1206,      1940,      3413,      1939,       615
      1207,       615,      1939,      3368,      1867
      1208,      1937,       615,      1867,      3366
      1209,      3370,      1871,       614,      1874
      1210,      1871,      3366,      1866,       614
      1211,       614,      1866,      3367,      1873
      1212,      1874,       614,      1873,      3371
      1213,      3411,      1938,       613,      1935
      1214,      1938,      3412,      1937,       613
      1215,       613,      1937,      3366,      1871
      1216,      1935,       613,      1871,      3370
      1217,      4053,      3774,       612,      3773
      1218,      3774,      4052,      3770,       612
      1219,       612,      3770,      3396,      1920
      1220,      3773,       612,      1920,      3403
      1221,      3403,      1920,       611,      1923
      1222,      1920,      3396,      1912,       611
      1223,       611,      1912,      3395,      1922
      1224,      1923,       611,      1922,      3404
      1225,      3404,      1922,       610,      1926
      1226,      1922,      3395,      1916,       610
      1227,       610,      1916,      3402,      1925
      1228,      1926,       610,      1925,      3405
      1229,      3894,      2612,       609,      3762
      1230,      2612,      3394,      3766,       609
      1231,       609,      3766,      4051,      3767
      1232,      3762,       609,      3767,      4050
      1233,      3394,      1911,       608,      3766
      1234,      1911,      3396,      3770,       608
      1235,       608,      3770,      4052,      3772
      1236,      3766,       608,      3772,      4051
      1237,      3895,      2614,       607,      2616
      1238,      2614,      3393,      1909,       607
      1239,       607,      1909,      3394,      2612
      1240,      2616,       607,      2612,      3894
      1241,      3393,      1910,       606,      1909
      1242,      1910,      3395,      1912,       606
      1243,       606,      1912,      3396,      1911
      1244,      1909,       606,      1911,      3394
      1245,      3896,      2617,       605,      2619
      1246,      2617,      3401,      1914,       605
      1247,       605,      1914,      3393,      2614
      1248,      2619,       605,      2614,      3895
      1249,      3401,      1918,       604,      1914
      1250,      1918,      3402,      1916,       604
      1251,       604,      1916,      3395,      1910
      1252,      1914,       604,      1910,      3393
      1253,      3389,      1900,       603,      1904
      1254,      1900,      3387,      1907,       603
      1255,       603,      1907,      3392,      1908
      1256,      1904,       603,      1908,      3391
      1257,      3387,      2050,       602,      1907
      1258,      2050,      3482,      2054,       602
      1259,       602,      2054,      3483,      2052
      1260,      1907,       602,      2052,      3392
      1261,      3367,      1868,       601,      1887
      1262,      1868,      3369,      1890,       601
      1263,       601,      1890,      3377,      1891
      1264,      1887,       601,      1891,      3376
      1265,      3371,      1873,       600,      1884
      1266,      1873,      3367,      1887,       600
      1267,       600,      1887,      3376,      1888
      1268,      1884,       600,      1888,      3375
      1269,      3900,      2625,       599,      2627
      1270,      2625,      3368,      1939,       599
      1271,       599,      1939,      3413,      2623
      1272,      2627,       599,      2623,      3899
      1273,      3901,      2628,       598,      2630
      1274,      2628,      3369,      1869,       598
      1275,       598,      1869,      3368,      2625
      1276,      2630,       598,      2625,      3900
      1277,      3406,      1927,       597,      1929
      1278,      1927,      3385,      1902,       597
      1279,       597,      1902,      3390,      1924
      1280,      1929,       597,      1924,      3405
      1281,      3385,      1899,       596,      1902
      1282,      1899,      3389,      1904,       596
      1283,       596,      1904,      3391,      1905
      1284,      1902,       596,      1905,      3390
      1285,      3902,      2631,       595,      2633
      1286,      2631,      3377,      1890,       595
      1287,       595,      1890,      3369,      2628
      1288,      2633,       595,      2628,      3901
      1289,      3383,      1897,       594,      3777
      1290,      1897,      3381,      3779,       594
      1291,       594,      3779,      4056,      3780
      1292,      3777,       594,      3780,      4055
      1293,      3381,      2058,       593,      3779
      1294,      2058,      3485,      3781,       593
      1295,       593,      3781,      4057,      3782
      1296,      3779,       593,      3782,      4056
      1297,      3391,      1908,       592,      1903
      1298,      1908,      3392,      1906,       592
      1299,       592,      1906,      3380,      1895
      1300,      1903,       592,      1895,      3382
      1301,      3382,      1895,       591,      1898
      1302,      1895,      3380,      1893,       591
      1303,       591,      1893,      3381,      1897
      1304,      1898,       591,      1897,      3383
      1305,      3392,      2052,       590,      1906
      1306,      2052,      3483,      2057,       590
      1307,       590,      2057,      3484,      2055
      1308,      1906,       590,      2055,      3380
      1309,      3380,      2055,       589,      1893
      1310,      2055,      3484,      2060,       589
      1311,       589,      2060,      3485,      2058
      1312,      1893,       589,      2058,      3381
      1313,      3403,      1919,       588,      3773
      1314,      1919,      3379,      3775,       588
      1315,       588,      3775,      4054,      3776
      1316,      3773,       588,      3776,      4053
      1317,      3379,      1896,       587,      3775
      1318,      1896,      3383,      3777,       587
      1319,       587,      3777,      4055,      3778
      1320,      3775,       587,      3778,      4054
      1321,      3404,      1921,       586,      1923
      1322,      1921,      3378,      1892,       586
      1323,       586,      1892,      3379,      1919
      1324,      1923,       586,      1919,      3403
      1325,      3378,      1894,       585,      1892
      1326,      1894,      3382,      1898,       585
      1327,       585,      1898,      3383,      1896
      1328,      1892,       585,      1896,      3379
      1329,      3405,      1924,       584,      1926
      1330,      1924,      3390,      1901,       584
      1331,       584,      1901,      3378,      1921
      1332,      1926,       584,      1921,      3404
      1333,      3390,      1905,       583,      1901
      1334,      1905,      3391,      1903,       583
      1335,       583,      1903,      3382,      1894
      1336,      1901,       583,      1894,      3378
      1337,      3420,      2036,       582,      1950
      1338,      2036,      3476,      2037,       582
      1339,       582,      2037,      3475,      2033
      1340,      1950,       582,      2033,      3424
      1341,      3443,      2039,       581,      1987
      1342,      2039,      3477,      2040,       581
      1343,       581,      2040,      3476,      2036
      1344,      1987,       581,      2036,      3420
      1345,      3421,      1948,       580,      1952
      1346,      1948,      3420,      1950,       580
      1347,       580,      1950,      3424,      1954
      1348,      1952,       580,      1954,      3425
      1349,      3442,      1989,       579,      1984
      1350,      1989,      3443,      1987,       579
      1351,       579,      1987,      3420,      1948
      1352,      1984,       579,      1948,      3421
      1353,      3422,      1949,       578,      1951
      1354,      1949,      3423,      1953,       578
      1355,       578,      1953,      3425,      1954
      1356,      1951,       578,      1954,      3424
      1357,      3474,      2031,       577,      2034
      1358,      2031,      3422,      1951,       577
      1359,       577,      1951,      3424,      2033
      1360,      2034,       577,      2033,      3475
      1361,      3433,      2045,       576,      1968
      1362,      2045,      3479,      2046,       576
      1363,       576,      2046,      3478,      2042
      1364,      1968,       576,      2042,      3435
      1365,      3473,      2048,       575,      2028
      1366,      2048,      3480,      2049,       575
      1367,       575,      2049,      3479,      2045
      1368,      2028,       575,      2045,      3433
      1369,      3434,      1967,       574,      1969
      1370,      1967,      3433,      1968,       574
      1371,       574,      1968,      3435,      1970
      1372,      1969,       574,      1970,      3436
      1373,      3472,      2029,       573,      2026
      1374,      2029,      3473,      2028,       573
      1375,       573,      2028,      3433,      1967
      1376,      2026,       573,      1967,      3434
      1377,      3435,      2042,       572,      1988
      1378,      2042,      3478,      2043,       572
      1379,       572,      2043,      3477,      2039
      1380,      1988,       572,      2039,      3443
      1381,      3436,      1970,       571,      1985
      1382,      1970,      3435,      1988,       571
      1383,       571,      1988,      3443,      1989
      1384,      1985,       571,      1989,      3442
      1385,      3673,      2346,       570,      2348
      1386,      2346,      3664,      2337,       570
      1387,       570,      2337,      3660,      2344
      1388,      2348,       570,      2344,      3672
      1389,      3760,      2467,       569,      2462
      1390,      2467,      3761,      2465,       569
      1391,       569,      2465,      3663,      2336
      1392,      2462,       569,      2336,      3662
      1393,      3759,      2464,       568,      2459
      1394,      2464,      3760,      2462,       568
      1395,       568,      2462,      3662,      2349
      1396,      2459,       568,      2349,      3674
      1397,      3674,      2349,       567,      2351
      1398,      2349,      3662,      2338,       567
      1399,       567,      2338,      3664,      2346
      1400,      2351,       567,      2346,      3673
      1401,      3899,      2624,       566,      2627
      1402,      2624,      3663,      2465,       566
      1403,       566,      2465,      3761,      2626
      1404,      2627,       566,      2626,      3900
      1405,      3672,      2345,       565,      2348
      1406,      2345,      3667,      2342,       565
      1407,       565,      2342,      3671,      2347
      1408,      2348,       565,      2347,      3673
      1409,      3674,      2350,       564,      2459
      1410,      2350,      3669,      2457,       564
      1411,       564,      2457,      3758,      2461
      1412,      2459,       564,      2461,      3759
      1413,      3673,      2347,       563,      2351
      1414,      2347,      3671,      2343,       563
      1415,       563,      2343,      3669,      2350
      1416,      2351,       563,      2350,      3674
      1417,      3723,      2403,       562,      2401
      1418,      2403,      3724,      2402,       562
      1419,       562,      2402,      3722,      2400
      1420,      2401,       562,      2400,      3721
      1421,      3730,      2408,       561,      2410
      1422,      2408,      3723,      2401,       561
      1423,       561,      2401,      3721,      2406
      1424,      2410,       561,      2406,      3729
      1425,      3721,      2400,       560,      2424
      1426,      2400,      3722,      2422,       560
      1427,       560,      2422,      3741,      2426
      1428,      2424,       560,      2426,      3742
      1429,      3729,      2406,       559,      2427
      1430,      2406,      3721,      2424,       559
      1431,       559,      2424,      3742,      2429
      1432,      2427,       559,      2429,      3743
      1433,      3904,      2638,       558,      2642
      1434,      2638,      3722,      2402,       558
      1435,       558,      2402,      3724,      2641
      1436,      2642,       558,      2641,      3905
      1437,      3903,      2635,       557,      2639
      1438,      2635,      3741,      2422,       557
      1439,       557,      2422,      3722,      2638
      1440,      2639,       557,      2638,      3904
      1441,      3729,      2407,       556,      2410
      1442,      2407,      3725,      2404,       556
      1443,       556,      2404,      3726,      2409
      1444,      2410,       556,      2409,      3730
      1445,      3743,      2432,       555,      2427
      1446,      2432,      3744,      2430,       555
      1447,       555,      2430,      3725,      2407
      1448,      2427,       555,      2407,      3729
      1449,      3733,      2414,       554,      2412
      1450,      2414,      3734,      2413,       554
      1451,       554,      2413,      3732,      2411
      1452,      2412,       554,      2411,      3731
      1453,      3740,      2419,       553,      2421
      1454,      2419,      3733,      2412,       553
      1455,       553,      2412,      3731,      2417
      1456,      2421,       553,      2417,      3739
      1457,      3731,      2411,       552,      2463
      1458,      2411,      3732,      2466,       552
      1459,       552,      2466,      3761,      2467
      1460,      2463,       552,      2467,      3760
      1461,      3739,      2417,       551,      2460
      1462,      2417,      3731,      2463,       551
      1463,       551,      2463,      3760,      2464
      1464,      2460,       551,      2464,      3759
      1465,      3901,      2629,       550,      2633
      1466,      2629,      3732,      2413,       550
      1467,       550,      2413,      3734,      2632
      1468,      2633,       550,      2632,      3902
      1469,      3900,      2626,       549,      2630
      1470,      2626,      3761,      2466,       549
      1471,       549,      2466,      3732,      2629
      1472,      2630,       549,      2629,      3901
      1473,      3733,      2419,       548,      2425
      1474,      2419,      3740,      2428,       548
      1475,       548,      2428,      3743,      2429
      1476,      2425,       548,      2429,      3742
      1477,      3734,      2414,       547,      2423
      1478,      2414,      3733,      2425,       547
      1479,       547,      2425,      3742,      2426
      1480,      2423,       547,      2426,      3741
      1481,      3902,      2632,       546,      2636
      1482,      2632,      3734,      2423,       546
      1483,       546,      2423,      3741,      2635
      1484,      2636,       546,      2635,      3903
      1485,      3739,      2418,       545,      2421
      1486,      2418,      3735,      2415,       545
      1487,       545,      2415,      3736,      2420
      1488,      2421,       545,      2420,      3740
      1489,      3759,      2461,       544,      2460
      1490,      2461,      3758,      2458,       544
      1491,       544,      2458,      3735,      2418
      1492,      2460,       544,      2418,      3739
      1493,      3740,      2420,       543,      2428
      1494,      2420,      3736,      2431,       543
      1495,       543,      2431,      3744,      2432
      1496,      2428,       543,      2432,      3743
      1497,      3230,      1610,       542,      1618
      1498,      1610,      3228,      1621,       542
      1499,       542,      1621,      3234,      1622
      1500,      1618,       542,      1622,      3233
      1501,      3228,      1606,       541,      1621
      1502,      1606,      3227,      1624,       541
      1503,       541,      1624,      3235,      1625
      1504,      1621,       541,      1625,      3234
      1505,      3227,      1635,       540,      1624
      1506,      1635,      3239,      1636,       540
      1507,       540,      1636,      3238,      1632
      1508,      1624,       540,      1632,      3235
      1509,      3974,      2938,       539,      2937
      1510,      2938,      3973,      2935,       539
      1511,       539,      2935,      3226,      1608
      1512,      2937,       539,      1608,      3229
      1513,      3229,      1608,       538,      1611
      1514,      1608,      3226,      1605,       538
      1515,       538,      1605,      3228,      1610
      1516,      1611,       538,      1610,      3230
      1517,      3240,      1638,       537,      2844
      1518,      1638,      3225,      2848,       537
      1519,       537,      2848,      3972,      2867
      1520,      2844,       537,      2867,      3971
      1521,      3225,      1603,       536,      2848
      1522,      1603,      3226,      2935,       536
      1523,       536,      2935,      3973,      2936
      1524,      2848,       536,      2936,      3972
      1525,      3239,      1635,       535,      1639
      1526,      1635,      3227,      1604,       535
      1527,       535,      1604,      3225,      1638
      1528,      1639,       535,      1638,      3240
      1529,      3227,      1606,       534,      1604
      1530,      1606,      3228,      1605,       534
      1531,       534,      1605,      3226,      1603
      1532,      1604,       534,      1603,      3225
      1533,      3308,      1737,       533,      1741
      1534,      1737,      3224,      1613,       533
      1535,       533,      1613,      3231,      1740
      1536,      1741,       533,      1740,      3309
      1537,      3224,      1602,       532,      1613
      1538,      1602,      3223,      1615,       532
      1539,       532,      1615,      3232,      1616
      1540,      1613,       532,      1616,      3231
      1541,      3223,      1609,       531,      1615
      1542,      1609,      3230,      1618,       531
      1543,       531,      1618,      3233,      1619
      1544,      1615,       531,      1619,      3232
      1545,      3977,      2969,       530,      2968
      1546,      2969,      3976,      2966,       530
      1547,       530,      2966,      3222,      1735
      1548,      2968,       530,      1735,      3307
      1549,      3307,      1735,       529,      1738
      1550,      1735,      3222,      1601,       529
      1551,       529,      1601,      3224,      1737
      1552,      1738,       529,      1737,      3308
      1553,      3976,      2967,       528,      2966
      1554,      2967,      3975,      2939,       528
      1555,       528,      2939,      3221,      1599
      1556,      2966,       528,      1599,      3222
      1557,      3222,      1599,       527,      1601
      1558,      1599,      3221,      1600,       527
      1559,       527,      1600,      3223,      1602
      1560,      1601,       527,      1602,      3224
      1561,      3975,      2965,       526,      2939
      1562,      2965,      3974,      2937,       526
      1563,       526,      2937,      3229,      1607
      1564,      2939,       526,      1607,      3221
      1565,      3221,      1607,       525,      1600
      1566,      1607,      3229,      1611,       525
      1567,       525,      1611,      3230,      1609
      1568,      1600,       525,      1609,      3223
      1569,      3220,      1597,       524,      1728
      1570,      1597,      3218,      1726,       524
      1571,       524,      1726,      3303,      1729
      1572,      1728,       524,      1729,      3304
      1573,      3218,      1593,       523,      1726
      1574,      1593,      3217,      1724,       523
      1575,       523,      1724,      3302,      1727
      1576,      1726,       523,      1727,      3303
      1577,      3217,      1627,       522,      1724
      1578,      1627,      3236,      1722,       522
      1579,       522,      1722,      3301,      1725
      1580,      1724,       522,      1725,      3302
      1581,      3233,      1622,       521,      1617
      1582,      1622,      3234,      1620,       521
      1583,       521,      1620,      3216,      1595
      1584,      1617,       521,      1595,      3219
      1585,      3219,      1595,       520,      1598
      1586,      1595,      3216,      1592,       520
      1587,       520,      1592,      3218,      1597
      1588,      1598,       520,      1597,      3220
      1589,      3237,      1629,       519,      1633
      1590,      1629,      3215,      1623,       519
      1591,       519,      1623,      3235,      1632
      1592,      1633,       519,      1632,      3238
      1593,      3215,      1590,       518,      1623
      1594,      1590,      3216,      1620,       518
      1595,       518,      1620,      3234,      1625
      1596,      1623,       518,      1625,      3235
      1597,      3236,      1627,       517,      1630
      1598,      1627,      3217,      1591,       517
      1599,       517,      1591,      3215,      1629
      1600,      1630,       517,      1629,      3237
      1601,      3217,      1593,       516,      1591
      1602,      1593,      3218,      1592,       516
      1603,       516,      1592,      3216,      1590
      1604,      1591,       516,      1590,      3215
      1605,      3311,      1746,       515,      1750
      1606,      1746,      3214,      1732,       515
      1607,       515,      1732,      3306,      1749
      1608,      1750,       515,      1749,      3312
      1609,      3214,      1589,       514,      1732
      1610,      1589,      3213,      1730,       514
      1611,       514,      1730,      3305,      1733
      1612,      1732,       514,      1733,      3306
      1613,      3213,      1596,       513,      1730
      1614,      1596,      3220,      1728,       513
      1615,       513,      1728,      3304,      1731
      1616,      1730,       513,      1731,      3305
      1617,      3309,      1740,       512,      1744
      1618,      1740,      3231,      1612,       512
      1619,       512,      1612,      3212,      1743
      1620,      1744,       512,      1743,      3310
      1621,      3310,      1743,       511,      1747
      1622,      1743,      3212,      1588,       511
      1623,       511,      1588,      3214,      1746
      1624,      1747,       511,      1746,      3311
      1625,      3219,      1594,       510,      1617
      1626,      1594,      3211,      1614,       510
      1627,       510,      1614,      3232,      1619
      1628,      1617,       510,      1619,      3233
      1629,      3211,      1586,       509,      1614
      1630,      1586,      3212,      1612,       509
      1631,       509,      1612,      3231,      1616
      1632,      1614,       509,      1616,      3232
      1633,      3220,      1596,       508,      1598
      1634,      1596,      3213,      1587,       508
      1635,       508,      1587,      3211,      1594
      1636,      1598,       508,      1594,      3219
      1637,      3213,      1589,       507,      1587
      1638,      1589,      3214,      1588,       507
      1639,       507,      1588,      3212,      1586
      1640,      1587,       507,      1586,      3211
      1641,      3205,      1570,       506,      1578
      1642,      1570,      3203,      1581,       506
      1643,       506,      1581,      3209,      1582
      1644,      1578,       506,      1582,      3208
      1645,      3203,      1566,       505,      1581
      1646,      1566,      3202,      1584,       505
      1647,       505,      1584,      3210,      1585
      1648,      1581,       505,      1585,      3209
      1649,      3202,      2760,       504,      1584
      1650,      2760,      3964,      2761,       504
      1651,       504,      2761,      3963,      2758
      1652,      1584,       504,      2758,      3210
      1653,      3968,      2798,       503,      2797
      1654,      2798,      3967,      2765,       503
      1655,       503,      2765,      3201,      1568
      1656,      2797,       503,      1568,      3204
      1657,      3204,      1568,       502,      1571
      1658,      1568,      3201,      1565,       502
      1659,       502,      1565,      3203,      1570
      1660,      1571,       502,      1570,      3205
      1661,      3965,      2762,       501,      4030
      1662,      2762,      3200,      2764,       501
      1663,       501,      2764,      3966,      4031
      1664,      4030,       501,      4031,      4089
      1665,      3200,      1563,       500,      2764
      1666,      1563,      3201,      2765,       500
      1667,       500,      2765,      3967,      2796
      1668,      2764,       500,      2796,      3966
      1669,      3964,      2760,       499,      2763
      1670,      2760,      3202,      1564,       499
      1671,       499,      1564,      3200,      2762
      1672,      2763,       499,      2762,      3965
      1673,      3202,      1566,       498,      1564
      1674,      1566,      3203,      1565,       498
      1675,       498,      1565,      3201,      1563
      1676,      1564,       498,      1563,      3200
      1677,      3239,      1634,       497,      1636
      1678,      1634,      3199,      1573,       497
      1679,       497,      1573,      3206,      1631
      1680,      1636,       497,      1631,      3238
      1681,      3199,      1562,       496,      1573
      1682,      1562,      3198,      1575,       496
      1683,       496,      1575,      3207,      1576
      1684,      1573,       496,      1576,      3206
      1685,      3198,      1569,       495,      1575
      1686,      1569,      3205,      1578,       495
      1687,       495,      1578,      3208,      1579
      1688,      1575,       495,      1579,      3207
      1689,      3971,      2846,       494,      2844
      1690,      2846,      3970,      2801,       494
      1691,       494,      2801,      3197,      1637
      1692,      2844,       494,      1637,      3240
      1693,      3240,      1637,       493,      1639
      1694,      1637,      3197,      1561,       493
      1695,       493,      1561,      3199,      1634
      1696,      1639,       493,      1634,      3239
      1697,      3204,      1567,       492,      2797
      1698,      1567,      3196,      2799,       492
      1699,       492,      2799,      3969,      2800
      1700,      2797,       492,      2800,      3968
      1701,      3196,      1559,       491,      2799
      1702,      1559,      3197,      2801,       491
      1703,       491,      2801,      3970,      2835
      1704,      2799,       491,      2835,      3969
      1705,      3205,      1569,       490,      1571
      1706,      1569,      3198,      1560,       490
      1707,       490,      1560,      3196,      1567
      1708,      1571,       490,      1567,      3204
      1709,      3198,      1562,       489,      1560
      1710,      1562,      3199,      1561,       489
      1711,       489,      1561,      3197,      1559
      1712,      1560,       489,      1559,      3196
      1713,      3195,      1557,       488,      1716
      1714,      1557,      3193,      1714,       488
      1715,       488,      1714,      3297,      1717
      1716,      1716,       488,      1717,      3298
      1717,      3193,      1553,       487,      1714
      1718,      1553,      3192,      1713,       487
      1719,       487,      1713,      3296,      1715
      1720,      1714,       487,      1715,      3297
      1721,      3192,      2754,       486,      1713
      1722,      2754,      3961,      2755,       486
      1723,       486,      2755,      3960,      2753
      1724,      1713,       486,      2753,      3296
      1725,      3208,      1582,       485,      1577
      1726,      1582,      3209,      1580,       485
      1727,       485,      1580,      3191,      1555
      1728,      1577,       485,      1555,      3194
      1729,      3194,      1555,       484,      1558
      1730,      1555,      3191,      1552,       484
      1731,       484,      1552,      3193,      1557
      1732,      1558,       484,      1557,      3195
      1733,      3962,      2756,       483,      2759
      1734,      2756,      3190,      1583,       483
      1735,       483,      1583,      3210,      2758
      1736,      2759,       483,      2758,      3963
      1737,      3190,      1550,       482,      1583
      1738,      1550,      3191,      1580,       482
      1739,       482,      1580,      3209,      1585
      1740,      1583,       482,      1585,      3210
      1741,      3961,      2754,       481,      2757
      1742,      2754,      3192,      1551,       481
      1743,       481,      1551,      3190,      2756
      1744,      2757,       481,      2756,      3962
      1745,      3192,      1553,       480,      1551
      1746,      1553,      3193,      1552,       480
      1747,       480,      1552,      3191,      1550
      1748,      1551,       480,      1550,      3190
      1749,      3298,      1719,       479,      1716
      1750,      1719,      3299,      1718,       479
      1751,       479,      1718,      3189,      1556
      1752,      1716,       479,      1556,      3195
      1753,      3195,      1556,       478,      1558
      1754,      1556,      3189,      1549,       478
      1755,       478,      1549,      3188,      1554
      1756,      1558,       478,      1554,      3194
      1757,      3194,      1554,       477,      1577
      1758,      1554,      3188,      1574,       477
      1759,       477,      1574,      3207,      1579
      1760,      1577,       477,      1579,      3208
      1761,      3236,      1626,       476,      1722
      1762,      1626,      3187,      1720,       476
      1763,       476,      1720,      3300,      1723
      1764,      1722,       476,      1723,      3301
      1765,      3187,      1548,       475,      1720
      1766,      1548,      3189,      1718,       475
      1767,       475,      1718,      3299,      1721
      1768,      1720,       475,      1721,      3300
      1769,      3237,      1628,       474,      1630
      1770,      1628,      3186,      1546,       474
      1771,       474,      1546,      3187,      1626
      1772,      1630,       474,      1626,      3236
      1773,      3186,      1547,       473,      1546
      1774,      1547,      3188,      1549,       473
      1775,       473,      1549,      3189,      1548
      1776,      1546,       473,      1548,      3187
      1777,      3238,      1631,       472,      1633
      1778,      1631,      3206,      1572,       472
      1779,       472,      1572,      3186,      1628
      1780,      1633,       472,      1628,      3237
      1781,      3206,      1576,       471,      1572
      1782,      1576,      3207,      1574,       471
      1783,       471,      1574,      3188,      1547
      1784,      1572,       471,      1547,      3186
      1785,      3554,      2179,       470,      2177
      1786,      2179,      3555,      2178,       470
      1787,       470,      2178,      3553,      2176
      1788,      2177,       470,      2176,      3552
      1789,      3552,      2176,       469,      2204
      1790,      2176,      3553,      2202,       469
      1791,       469,      2202,      3572,      2206
      1792,      2204,       469,      2206,      3573
      1793,      3555,      2179,       468,      3255
      1794,      2179,      3554,      3256,       468
      1795,       468,      3256,      3992,      3259
      1796,      3255,       468,      3259,      3991
      1797,      3562,      2190,       467,      2189
      1798,      2190,      3564,      2192,       467
      1799,       467,      2192,      3565,      2191
      1800,      2189,       467,      2191,      3563
      1801,      3602,      2260,       466,      2256
      1802,      2260,      3603,      2258,       466
      1803,       466,      2258,      3564,      2190
      1804,      2256,       466,      2190,      3562
      1805,      2814,       974,       465,       976
      1806,       974,      2809,       971,       465
      1807,       465,       971,      2813,       975
      1808,       976,       465,       975,      2815
      1809,      2829,       999,       464,       995
      1810,       999,      2830,       997,       464
      1811,       464,       997,      2809,       974
      1812,       995,       464,       974,      2814
      1813,      2816,       977,       463,      1127
      1814,       977,      2811,      1124,       463
      1815,       463,      1124,      2906,      1129
      1816,      1127,       463,      1129,      2907
      1817,      2815,       975,       462,       978
      1818,       975,      2813,       972,       462
      1819,       462,       972,      2811,       977
      1820,       978,       462,       977,      2816
      1821,      3320,      1771,       461,      1767
      1822,      1771,      3321,      1769,       461
      1823,       461,      1769,      2821,       987
      1824,      1767,       461,       987,      2825
      1825,      2825,       987,       460,       989
      1826,       987,      2821,       983,       460
      1827,       460,       983,      2822,       988
      1828,       989,       460,       988,      2826
      1829,      2826,       988,       459,       996
      1830,       988,      2822,       998,       459
      1831,       459,       998,      2830,       999
      1832,       996,       459,       999,      2829
      1833,      2907,      1129,       458,      1128
      1834,      1129,      2906,      1125,       458
      1835,       458,      1125,      2872,      1091
      1836,      1128,       458,      1091,      2892
      1837,      2892,      1091,       457,      1092
      1838,      1091,      2872,      1058,       457
      1839,       457,      1058,      2873,      1088
      1840,      1092,       457,      1088,      2891
      1841,      3110,      1419,       456,      1420
      1842,      1419,      3084,      1388,       456
      1843,       456,      1388,      3085,      1418
      1844,      1420,       456,      1418,      3109
      1845,      3111,      1421,       455,      1422
      1846,      1421,      3096,      1397,       455
      1847,       455,      1397,      3084,      1419
      1848,      1422,       455,      1419,      3110
      1849,      3109,      1418,       454,      1768
      1850,      1418,      3085,      1770,       454
      1851,       454,      1770,      3321,      1771
      1852,      1768,       454,      1771,      3320
      1853,      3579,      2244,       453,      2224
      1854,      2244,      3598,      2249,       453
      1855,       453,      2249,      3599,      2247
      1856,      2224,       453,      2247,      3585
      1857,      2949,      1178,       452,      1304
      1858,      1178,      2948,      1302,       452
      1859,       452,      1302,      3037,      1305
      1860,      1304,       452,      1305,      3038
      1861,      3112,      1423,       451,      1424
      1862,      1423,      3091,      1398,       451
      1863,       451,      1398,      3096,      1421
      1864,      1424,       451,      1421,      3111
      1865,      3601,      2253,       450,      2255
      1866,      2253,      3583,      2221,       450
      1867,       450,      2221,      3581,      2250
      1868,      2255,       450,      2250,      3600
      1869,      2954,      1190,       449,      1306
      1870,      1190,      2949,      1304,       449
      1871,       449,      1304,      3038,      1307
      1872,      1306,       449,      1307,      3039
      1873,      3600,      2250,       448,      2252
      1874,      2250,      3581,      2225,       448
      1875,       448,      2225,      3585,      2247
      1876,      2252,       448,      2247,      3599
      1877,      2772,       922,       447,       925
      1878,       922,      2769,       919,       447
      1879,       447,       919,      2771,       924
      1880,       925,       447,       924,      2773
      1881,      2779,       935,       446,       931
      1882,       935,      2780,       933,       446
      1883,       446,       933,      2776,       929
      1884,       931,       446,       929,      2775
      1885,      3142,      1470,       445,      1474
      1886,      1470,      3139,      1462,       445
      1887,       445,      1462,      3137,      1473
      1888,      1474,       445,      1473,      3143
      1889,      3143,      1473,       444,      1477
      1890,      1473,      3137,      1458,       444
      1891,       444,      1458,      3136,      1476
      1892,      1477,       444,      1476,      3144
      1893,      3144,      1476,       443,      2992
      1894,      1476,      3136,      3011,       443
      1895,       443,      3011,      3981,      3012
      1896,      2992,       443,      3012,      3980
      1897,      3176,      1521,       442,      1525
      1898,      1521,      3135,      1460,       442
      1899,       442,      1460,      3138,      1524
      1900,      1525,       442,      1524,      3177
      1901,      3135,      1457,       441,      1460
      1902,      1457,      3137,      1462,       441
      1903,       441,      1462,      3139,      1463
      1904,      1460,       441,      1463,      3138
      1905,      3175,      1519,       440,      1522
      1906,      1519,      3134,      1455,       440
      1907,       440,      1455,      3135,      1521
      1908,      1522,       440,      1521,      3176
      1909,      3134,      1456,       439,      1455
      1910,      1456,      3136,      1458,       439
      1911,       439,      1458,      3137,      1457
      1912,      1455,       439,      1457,      3135
      1913,      3983,      3030,       438,      3019
      1914,      3030,      3982,      3015,       438
      1915,       438,      3015,      3134,      1519
      1916,      3019,       438,      1519,      3175
      1917,      3982,      3016,       437,      3015
      1918,      3016,      3981,      3011,       437
      1919,       437,      3011,      3136,      1456
      1920,      3015,       437,      1456,      3134
      1921,      3172,      1515,       436,      1512
      1922,      1515,      3173,      1514,       436
      1923,       436,      1514,      3133,      1465
      1924,      1512,       436,      1465,      3140
      1925,      3140,      1465,       435,      1468
      1926,      1465,      3133,      1454,       435
      1927,       435,      1454,      3132,      1467
      1928,      1468,       435,      1467,      3141
      1929,      3141,      1467,       434,      1471
      1930,      1467,      3132,      1461,       434
      1931,       434,      1461,      3139,      1470
      1932,      1471,       434,      1470,      3142
      1933,      3179,      1530,       433,      1534
      1934,      1530,      3131,      1516,       433
      1935,       433,      1516,      3174,      1533
      1936,      1534,       433,      1533,      3180
      1937,      3131,      1453,       432,      1516
      1938,      1453,      3133,      1514,       432
      1939,       432,      1514,      3173,      1517
      1940,      1516,       432,      1517,      3174
      1941,      3178,      1527,       431,      1531
      1942,      1527,      3130,      1451,       431
      1943,       431,      1451,      3131,      1530
      1944,      1531,       431,      1530,      3179
      1945,      3130,      1452,       430,      1451
      1946,      1452,      3132,      1454,       430
      1947,       430,      1454,      3133,      1453
      1948,      1451,       430,      1453,      3131
      1949,      3177,      1524,       429,      1528
      1950,      1524,      3138,      1459,       429
      1951,       429,      1459,      3130,      1527
      1952,      1528,       429,      1527,      3178
      1953,      3138,      1463,       428,      1459
      1954,      1463,      3139,      1461,       428
      1955,       428,      1461,      3132,      1452
      1956,      1459,       428,      1452,      3130
      1957,      3309,      1739,       427,      1741
      1958,      1739,      3129,      1449,       427
      1959,       427,      1449,      3127,      1736
      1960,      1741,       427,      1736,      3308
      1961,      3308,      1736,       426,      1738
      1962,      1736,      3127,      1445,       426
      1963,       426,      1445,      3126,      1734
      1964,      1738,       426,      1734,      3307
      1965,      3307,      1734,       425,      2968
      1966,      1734,      3126,      2973,       425
      1967,       425,      2973,      3978,      2982
      1968,      2968,       425,      2982,      3977
      1969,      3143,      1472,       424,      1474
      1970,      1472,      3125,      1447,       424
      1971,       424,      1447,      3128,      1469
      1972,      1474,       424,      1469,      3142
      1973,      3125,      1444,       423,      1447
      1974,      1444,      3127,      1449,       423
      1975,       423,      1449,      3129,      1450
      1976,      1447,       423,      1450,      3128
      1977,      3980,      3000,       422,      2992
      1978,      3000,      3979,      2983,       422
      1979,       422,      2983,      3124,      1475
      1980,      2992,       422,      1475,      3144
      1981,      3144,      1475,       421,      1477
      1982,      1475,      3124,      1442,       421
      1983,       421,      1442,      3125,      1472
      1984,      1477,       421,      1472,      3143
      1985,      3979,      2990,       420,      2983
      1986,      2990,      3978,      2973,       420
      1987,       420,      2973,      3126,      1443
      1988,      2983,       420,      1443,      3124
      1989,      3124,      1443,       419,      1442
      1990,      1443,      3126,      1445,       419
      1991,       419,      1445,      3127,      1444
      1992,      1442,       419,      1444,      3125
      1993,      3312,      1748,       418,      1750
      1994,      1748,      3170,      1509,       418
      1995,       418,      1509,      3123,      1745
      1996,      1750,       418,      1745,      3311
      1997,      3311,      1745,       417,      1747
      1998,      1745,      3123,      1441,       417
      1999,       417,      1441,      3122,      1742
      2000,      1747,       417,      1742,      3310
      2001,      3310,      1742,       416,      1744
      2002,      1742,      3122,      1448,       416
      2003,       416,      1448,      3129,      1739
      2004,      1744,       416,      1739,      3309
      2005,      3140,      1464,       415,      1512
      2006,      1464,      3121,      1510,       415
      2007,       415,      1510,      3171,      1513
      2008,      1512,       415,      1513,      3172
      2009,      3121,      1440,       414,      1510
      2010,      1440,      3123,      1509,       414
      2011,       414,      1509,      3170,      1511
      2012,      1510,       414,      1511,      3171
      2013,      3142,      1469,       413,      1471
      2014,      1469,      3128,      1446,       413
      2015,       413,      1446,      3120,      1466
      2016,      1471,       413,      1466,      3141
      2017,      3141,      1466,       412,      1468
      2018,      1466,      3120,      1438,       412
      2019,       412,      1438,      3121,      1464
      2020,      1468,       412,      1464,      3140
      2021,      3128,      1450,       411,      1446
      2022,      1450,      3129,      1448,       411
      2023,       411,      1448,      3122,      1439
      2024,      1446,       411,      1439,      3120
      2025,      3120,      1439,       410,      1438
      2026,      1439,      3122,      1441,       410
      2027,       410,      1441,      3123,      1440
      2028,      1438,       410,      1440,      3121
      2029,      3046,      1319,       409,      1321
      2030,      1319,      2779,       931,       409
      2031,       409,       931,      2775,      1317
      2032,      1321,       409,      1317,      3045
      2033,      2781,       937,       408,       940
      2034,       937,      2776,       933,       408
      2035,       408,       933,      2780,       939
      2036,       940,       408,       939,      2782
      2037,      2914,      1141,       407,      1137
      2038,      1141,      2915,      1139,       407
      2039,       407,      1139,      2911,      1135
      2040,      1137,       407,      1135,      2910
      2041,      3934,      2710,       406,      2711
      2042,      2710,      3104,      1414,       406
      2043,       406,      1414,      3107,      2708
      2044,      2711,       406,      2708,      3933
      2045,      3104,      1411,       405,      1414
      2046,      1411,      3106,      1416,       405
      2047,       405,      1416,      3108,      1417
      2048,      1414,       405,      1417,      3107
      2049,      3936,      2714,       404,      2715
      2050,      2714,      3119,      1436,       404
      2051,       404,      1436,      3103,      2712
      2052,      2715,       404,      2712,      3935
      2053,      3935,      2712,       403,      2713
      2054,      2712,      3103,      1409,       403
      2055,       403,      1409,      3104,      2710
      2056,      2713,       403,      2710,      3934
      2057,      3119,      1437,       402,      1436
      2058,      1437,      3118,      1433,       402
      2059,       402,      1433,      3105,      1410
      2060,      1436,       402,      1410,      3103
      2061,      3103,      1410,       401,      1409
      2062,      1410,      3105,      1412,       401
      2063,       401,      1412,      3106,      1411
      2064,      1409,       401,      1411,      3104
      2065,      2923,      1151,       400,      1153
      2066,      1151,      2914,      1137,       400
      2067,       400,      1137,      2910,      1149
      2068,      1153,       400,      1149,      2922
      2069,      2972,      1210,       399,      1212
      2070,      1210,      2911,      1139,       399
      2071,       399,      1139,      2915,      1207
      2072,      1212,       399,      1207,      2971
      2073,      2920,      1148,       398,      1144
      2074,      1148,      2921,      1146,       398
      2075,       398,      1146,      2917,      1142
      2076,      1144,       398,      1142,      2916
      2077,      3931,      2704,       397,      2705
      2078,      2704,      3100,      1763,       397
      2079,       397,      1763,      3318,      2702
      2080,      2705,       397,      2702,      3930
      2081,      3100,      1407,       396,      1763
      2082,      1407,      3102,      1765,       396
      2083,       396,      1765,      3319,      1766
      2084,      1763,       396,      1766,      3318
      2085,      3933,      2708,       395,      2709
      2086,      2708,      3107,      1413,       395
      2087,       395,      1413,      3099,      2706
      2088,      2709,       395,      2706,      3932
      2089,      3932,      2706,       394,      2707
      2090,      2706,      3099,      1405,       394
      2091,       394,      1405,      3100,      2704
      2092,      2707,       394,      2704,      3931
      2093,      3107,      1417,       393,      1413
      2094,      1417,      3108,      1415,       393
      2095,       393,      1415,      3101,      1406
      2096,      1413,       393,      1406,      3099
      2097,      3099,      1406,       392,      1405
      2098,      1406,      3101,      1408,       392
      2099,       392,      1408,      3102,      1407
      2100,      1405,       392,      1407,      3100
      2101,      3949,      2736,       391,      2739
      2102,      2736,      2920,      1144,       391
      2103,       391,      1144,      2916,      2738
      2104,      2739,       391,      2738,      3950
      2105,      2922,      1150,       390,      1153
      2106,      1150,      2917,      1146,       390
      2107,       390,      1146,      2921,      1152
      2108,      1153,       390,      1152,      2923
      2109,      2940,      1184,       389,      1172
      2110,      1184,      2952,      1188,       389
      2111,       389,      1188,      2953,      1186
      2112,      1172,       389,      1186,      2944
      2113,      2941,      1170,       388,      1174
      2114,      1170,      2940,      1172,       388
      2115,       388,      1172,      2944,      1176
      2116,      1174,       388,      1176,      2945
      2117,      2857,      1101,       387,      1035
      2118,      1101,      2896,      1105,       387
      2119,       387,      1105,      2897,      1104
      2120,      1035,       387,      1104,      2859
      2121,      2832,      1003,       386,      1119
      2122,      1003,      2767,      1116,       386
      2123,       386,      1116,      2903,      1121
      2124,      1119,       386,      1121,      2904
      2125,      2767,       926,       385,      1116
      2126,       926,      2774,      1113,       385
      2127,       385,      1113,      2902,      1118
      2128,      1116,       385,      1118,      2903
      2129,      3583,      2253,       384,      2259
      2130,      2253,      3601,      2262,       384
      2131,       384,      2262,      3604,      2263
      2132,      2259,       384,      2263,      3603
      2133,      3589,      2232,       383,      2230
      2134,      2232,      3590,      2231,       383
      2135,       383,      2231,      3588,      2229
      2136,      2230,       383,      2229,      3587
      2137,      3182,      1536,       382,      1539
      2138,      1536,      3151,      1506,       382
      2139,       382,      1506,      3169,      1538
      2140,      1539,       382,      1538,      3183
      2141,      3157,      1485,       381,      1483
      2142,      1485,      3158,      1484,       381
      2143,       381,      1484,      3156,      1482
      2144,      1483,       381,      1482,      3155
      2145,      3164,      1492,       380,      1494
      2146,      1492,      3157,      1483,       380
      2147,       380,      1483,      3155,      1490
      2148,      1494,       380,      1490,      3163
      2149,      3317,      1759,       379,      1761
      2150,      1759,      3156,      1484,       379
      2151,       379,      1484,      3158,      1756
      2152,      1761,       379,      1756,      3316
      2153,      3157,      1492,       378,      1498
      2154,      1492,      3164,      1501,       378
      2155,       378,      1501,      3167,      1502
      2156,      1498,       378,      1502,      3166
      2157,      3158,      1485,       377,      1496
      2158,      1485,      3157,      1498,       377
      2159,       377,      1498,      3166,      1499
      2160,      1496,       377,      1499,      3165
      2161,      3316,      1756,       376,      1758
      2162,      1756,      3158,      1496,       376
      2163,       376,      1496,      3165,      1753
      2164,      1758,       376,      1753,      3315
      2165,      3161,      1489,       375,      1487
      2166,      1489,      3162,      1488,       375
      2167,       375,      1488,      3160,      1486
      2168,      1487,       375,      1486,      3159
      2169,      3184,      1541,       374,      1545
      2170,      1541,      3161,      1487,       374
      2171,       374,      1487,      3159,      1544
      2172,      1545,       374,      1544,      3185
      2173,      3163,      1491,       373,      1494
      2174,      1491,      3160,      1488,       373
      2175,       373,      1488,      3162,      1493
      2176,      1494,       373,      1493,      3164
      2177,      3161,      1541,       372,      1507
      2178,      1541,      3184,      1542,       372
      2179,       372,      1542,      3183,      1538
      2180,      1507,       372,      1538,      3169
      2181,      3162,      1489,       371,      1504
      2182,      1489,      3161,      1507,       371
      2183,       371,      1507,      3169,      1508
      2184,      1504,       371,      1508,      3168
      2185,      3164,      1493,       370,      1501
      2186,      1493,      3162,      1504,       370
      2187,       370,      1504,      3168,      1505
      2188,      1501,       370,      1505,      3167
      2189,      3241,      1648,       369,      1641
      2190,      1648,      3249,      1652,       369
      2191,       369,      1652,      3250,      1650
      2192,      1641,       369,      1650,      3243
      2193,      3262,      1664,       368,      1659
      2194,      1664,      3263,      1662,       368
      2195,       368,      1662,      3249,      1648
      2196,      1659,       368,      1648,      3241
      2197,      3081,      1380,       367,      1384
      2198,      1380,      3078,      1372,       367
      2199,       367,      1372,      3076,      1383
      2200,      1384,       367,      1383,      3082
      2201,      3082,      1383,       366,      1387
      2202,      1383,      3076,      1368,       366
      2203,       366,      1368,      3075,      1386
      2204,      1387,       366,      1386,      3083
      2205,      3083,      1386,       365,      3146
      2206,      1386,      3075,      3150,       365
      2207,       365,      3150,      3988,      3152
      2208,      3146,       365,      3152,      3987
      2209,      3940,      2722,       364,      2723
      2210,      2722,      3074,      1370,       364
      2211,       364,      1370,      3077,      2720
      2212,      2723,       364,      2720,      3939
      2213,      3074,      1367,       363,      1370
      2214,      1367,      3076,      1372,       363
      2215,       363,      1372,      3078,      1373
      2216,      1370,       363,      1373,      3077
      2217,      3990,      3252,       362,      3251
      2218,      3252,      3989,      3154,       362
      2219,       362,      3154,      3073,      2724
      2220,      3251,       362,      2724,      3941
      2221,      3941,      2724,       361,      2725
      2222,      2724,      3073,      1365,       361
      2223,       361,      1365,      3074,      2722
      2224,      2725,       361,      2722,      3940
      2225,      3989,      3181,       360,      3154
      2226,      3181,      3988,      3150,       360
      2227,       360,      3150,      3075,      1366
      2228,      3154,       360,      1366,      3073
      2229,      3073,      1366,       359,      1365
      2230,      1366,      3075,      1368,       359
      2231,       359,      1368,      3076,      1367
      2232,      1365,       359,      1367,      3074
      2233,      3117,      1434,       358,      1430
      2234,      1434,      3118,      1432,       358
      2235,       358,      1432,      3072,      1375
      2236,      1430,       358,      1375,      3079
      2237,      3079,      1375,       357,      1378
      2238,      1375,      3072,      1364,       357
      2239,       357,      1364,      3071,      1377
      2240,      1378,       357,      1377,      3080
      2241,      3080,      1377,       356,      1381
      2242,      1377,      3071,      1371,       356
      2243,       356,      1371,      3078,      1380
      2244,      1381,       356,      1380,      3081
      2245,      3937,      2716,       355,      2717
      2246,      2716,      3070,      1435,       355
      2247,       355,      1435,      3119,      2714
      2248,      2717,       355,      2714,      3936
      2249,      3070,      1363,       354,      1435
      2250,      1363,      3072,      1432,       354
      2251,       354,      1432,      3118,      1437
      2252,      1435,       354,      1437,      3119
      2253,      3939,      2720,       353,      2721
      2254,      2720,      3077,      1369,       353
      2255,       353,      1369,      3069,      2718
      2256,      2721,       353,      2718,      3938
      2257,      3938,      2718,       352,      2719
      2258,      2718,      3069,      1361,       352
      2259,       352,      1361,      3070,      2716
      2260,      2719,       352,      2716,      3937
      2261,      3077,      1373,       351,      1369
      2262,      1373,      3078,      1371,       351
      2263,       351,      1371,      3071,      1362
      2264,      1369,       351,      1362,      3069
      2265,      3069,      1362,       350,      1361
      2266,      1362,      3071,      1364,       350
      2267,       350,      1364,      3072,      1363
      2268,      1361,       350,      1363,      3070
      2269,      3065,      1351,       349,      1356
      2270,      1351,      3063,      1359,       349
      2271,       349,      1359,      3068,      1360
      2272,      1356,       349,      1360,      3067
      2273,      3063,      1520,       348,      1359
      2274,      1520,      3176,      1525,       348
      2275,       348,      1525,      3177,      1523
      2276,      1359,       348,      1523,      3068
      2277,      3985,      3092,       347,      3090
      2278,      3092,      3984,      3044,       347
      2279,       347,      3044,      3062,      1349
      2280,      3090,       347,      1349,      3064
      2281,      3064,      1349,       346,      1352
      2282,      1349,      3062,      1347,       346
      2283,       346,      1347,      3063,      1351
      2284,      1352,       346,      1351,      3065
      2285,      3984,      3049,       345,      3044
      2286,      3049,      3983,      3019,       345
      2287,       345,      3019,      3175,      1518
      2288,      3044,       345,      1518,      3062
      2289,      3062,      1518,       344,      1347
      2290,      1518,      3175,      1522,       344
      2291,       344,      1522,      3176,      1520
      2292,      1347,       344,      1520,      3063
      2293,      3082,      1382,       343,      1384
      2294,      1382,      3061,      1354,       343
      2295,       343,      1354,      3066,      1379
      2296,      1384,       343,      1379,      3081
      2297,      3061,      1350,       342,      1354
      2298,      1350,      3065,      1356,       342
      2299,       342,      1356,      3067,      1357
      2300,      1354,       342,      1357,      3066
      2301,      3083,      1385,       341,      1387
      2302,      1385,      3060,      1346,       341
      2303,       341,      1346,      3061,      1382
      2304,      1387,       341,      1382,      3082
      2305,      3060,      1348,       340,      1346
      2306,      1348,      3064,      1352,       340
      2307,       340,      1352,      3065,      1350
      2308,      1346,       340,      1350,      3061
      2309,      3987,      3148,       339,      3146
      2310,      3148,      3986,      3094,       339
      2311,       339,      3094,      3060,      1385
      2312,      3146,       339,      1385,      3083
      2313,      3986,      3113,       338,      3094
      2314,      3113,      3985,      3090,       338
      2315,       338,      3090,      3064,      1348
      2316,      3094,       338,      1348,      3060
      2317,      3059,      1344,       337,      1426
      2318,      1344,      3057,      1425,       337
      2319,       337,      1425,      3114,      1427
      2320,      1426,       337,      1427,      3115
      2321,      3057,      1529,       336,      1425
      2322,      1529,      3179,      1534,       336
      2323,       336,      1534,      3180,      1532
      2324,      1425,       336,      1532,      3114
      2325,      3058,      1342,       335,      1345
      2326,      1342,      3056,      1340,       335
      2327,       335,      1340,      3057,      1344
      2328,      1345,       335,      1344,      3059
      2329,      3056,      1526,       334,      1340
      2330,      1526,      3178,      1531,       334
      2331,       334,      1531,      3179,      1529
      2332,      1340,       334,      1529,      3057
      2333,      3067,      1360,       333,      1355
      2334,      1360,      3068,      1358,       333
      2335,       333,      1358,      3056,      1342
      2336,      1355,       333,      1342,      3058
      2337,      3068,      1523,       332,      1358
      2338,      1523,      3177,      1528,       332
      2339,       332,      1528,      3178,      1526
      2340,      1358,       332,      1526,      3056
      2341,      3079,      1374,       331,      1430
      2342,      1374,      3055,      1428,       331
      2343,       331,      1428,      3116,      1431
      2344,      1430,       331,      1431,      3117
      2345,      3055,      1343,       330,      1428
      2346,      1343,      3059,      1426,       330
      2347,       330,      1426,      3115,      1429
      2348,      1428,       330,      1429,      3116
      2349,      3080,      1376,       329,      1378
      2350,      1376,      3054,      1339,       329
      2351,       329,      1339,      3055,      1374
      2352,      1378,       329,      1374,      3079
      2353,      3054,      1341,       328,      1339
      2354,      1341,      3058,      1345,       328
      2355,       328,      1345,      3059,      1343
      2356,      1339,       328,      1343,      3055
      2357,      3081,      1379,       327,      1381
      2358,      1379,      3066,      1353,       327
      2359,       327,      1353,      3054,      1376
      2360,      1381,       327,      1376,      3080
      2361,      3066,      1357,       326,      1353
      2362,      1357,      3067,      1355,       326
      2363,       326,      1355,      3058,      1341
      2364,      1353,       326,      1341,      3054
      2365,      3020,      1265,       325,      1272
      2366,      1265,      3018,      1275,       325
      2367,       325,      1275,      3024,      1276
      2368,      1272,       325,      1276,      3023
      2369,      3018,      1263,       324,      1275
      2370,      1263,      3017,      1278,       324
      2371,       324,      1278,      3025,      1279
      2372,      1275,       324,      1279,      3024
      2373,      3017,      1289,       323,      1278
      2374,      1289,      3029,      1290,       323
      2375,       323,      1290,      3028,      1286
      2376,      1278,       323,      1286,      3025
      2377,      3242,      1640,       322,      1642
      2378,      1640,      3241,      1641,       322
      2379,       322,      1641,      3243,      1643
      2380,      1642,       322,      1643,      3244
      2381,      3261,      1661,       321,      1657
      2382,      1661,      3262,      1659,       321
      2383,       321,      1659,      3241,      1640
      2384,      1657,       321,      1640,      3242
      2385,      3292,      1704,       320,      1706
      2386,      1704,      3242,      1642,       320
      2387,       320,      1642,      3244,      1702
      2388,      1706,       320,      1702,      3291
      2389,      3293,      1707,       319,      1709
      2390,      1707,      3261,      1657,       319
      2391,       319,      1657,      3242,      1704
      2392,      1709,       319,      1704,      3292
      2393,      3247,      1647,       318,      1645
      2394,      1647,      3248,      1646,       318
      2395,       318,      1646,      3246,      1644
      2396,      1645,       318,      1644,      3245
      2397,      3955,      2745,       317,      2748
      2398,      2745,      3247,      1645,       317
      2399,       317,      1645,      3245,      2747
      2400,      2748,       317,      2747,      3956
      2401,      3050,      1329,       316,      1332
      2402,      1329,      3014,      1267,       316
      2403,       316,      1267,      3021,      1331
      2404,      1332,       316,      1331,      3051
      2405,      3014,      1262,       315,      1267
      2406,      1262,      3013,      1269,       315
      2407,       315,      1269,      3022,      1270
      2408,      1267,       315,      1270,      3021
      2409,      3013,      1264,       314,      1269
      2410,      1264,      3020,      1272,       314
      2411,       314,      1272,      3023,      1273
      2412,      1269,       314,      1273,      3022
      2413,      3245,      1644,       313,      1668
      2414,      1644,      3246,      1665,       313
      2415,       313,      1665,      3264,      1670
      2416,      1668,       313,      1670,      3265
      2417,      3956,      2747,       312,      2750
      2418,      2747,      3245,      1668,       312
      2419,       312,      1668,      3265,      2749
      2420,      2750,       312,      2749,      3957
      2421,      3249,      1649,       311,      1652
      2422,      1649,      3246,      1646,       311
      2423,       311,      1646,      3248,      1651
      2424,      1652,       311,      1651,      3250
      2425,      3263,      1667,       310,      1662
      2426,      1667,      3264,      1665,       310
      2427,       310,      1665,      3246,      1649
      2428,      1662,       310,      1649,      3249
      2429,      3253,      1655,       309,      1660
      2430,      1655,      3260,      1663,       309
      2431,       309,      1663,      3263,      1664
      2432,      1660,       309,      1664,      3262
      2433,      3254,      1653,       308,      1658
      2434,      1653,      3253,      1660,       308
      2435,       308,      1660,      3262,      1661
      2436,      1658,       308,      1661,      3261
      2437,      3010,      1260,       307,      4012
      2438,      1260,      3008,      4014,       307
      2439,       307,      4014,      4080,      4015
      2440,      4012,       307,      4015,      4079
      2441,      3008,      1256,       306,      4014
      2442,      1256,      3007,      4016,       306
      2443,       306,      4016,      4081,      4017
      2444,      4014,       306,      4017,      4080
      2445,      3007,      1281,       305,      4016
      2446,      1281,      3026,      4018,       305
      2447,       305,      4018,      4082,      4019
      2448,      4016,       305,      4019,      4081
      2449,      3023,      1276,       304,      1271
      2450,      1276,      3024,      1274,       304
      2451,       304,      1274,      3006,      1258
      2452,      1271,       304,      1258,      3009
      2453,      3009,      1258,       303,      1261
      2454,      1258,      3006,      1255,       303
      2455,       303,      1255,      3008,      1260
      2456,      1261,       303,      1260,      3010
      2457,      3024,      1279,       302,      1274
      2458,      1279,      3025,      1277,       302
      2459,       302,      1277,      3005,      1253
      2460,      1274,       302,      1253,      3006
      2461,      3006,      1253,       301,      1255
      2462,      1253,      3005,      1254,       301
      2463,       301,      1254,      3007,      1256
      2464,      1255,       301,      1256,      3008
      2465,      3025,      1286,       300,      1277
      2466,      1286,      3028,      1287,       300
      2467,       300,      1287,      3027,      1283
      2468,      1277,       300,      1283,      3005
      2469,      3005,      1283,       299,      1254
      2470,      1283,      3027,      1284,       299
      2471,       299,      1284,      3026,      1281
      2472,      1254,       299,      1281,      3007
      2473,      3053,      1337,       298,      3898
      2474,      1337,      3004,      3946,       298
      2475,       298,      3946,      4077,      3951
      2476,      3898,       298,      3951,      4076
      2477,      3004,      1252,       297,      3946
      2478,      1252,      3003,      3959,       297
      2479,       297,      3959,      4078,      4011
      2480,      3946,       297,      4011,      4077
      2481,      3003,      1259,       296,      3959
      2482,      1259,      3010,      4012,       296
      2483,       296,      4012,      4079,      4013
      2484,      3959,       296,      4013,      4078
      2485,      3051,      1331,       295,      1335
      2486,      1331,      3021,      1266,       295
      2487,       295,      1266,      3002,      1334
      2488,      1335,       295,      1334,      3052
      2489,      3052,      1334,       294,      1338
      2490,      1334,      3002,      1251,       294
      2491,       294,      1251,      3004,      1337
      2492,      1338,       294,      1337,      3053
      2493,      3009,      1257,       293,      1271
      2494,      1257,      3001,      1268,       293
      2495,       293,      1268,      3022,      1273
      2496,      1271,       293,      1273,      3023
      2497,      3001,      1249,       292,      1268
      2498,      1249,      3002,      1266,       292
      2499,       292,      1266,      3021,      1270
      2500,      1268,       292,      1270,      3022
      2501,      3010,      1259,       291,      1261
      2502,      1259,      3003,      1250,       291
      2503,       291,      1250,      3001,      1257
      2504,      1261,       291,      1257,      3009
      2505,      3003,      1252,       290,      1250
      2506,      1252,      3004,      1251,       290
      2507,       290,      1251,      3002,      1249
      2508,      1250,       290,      1249,      3001
      2509,      2998,      1244,       289,      1248
      2510,      1244,      2995,      1236,       289
      2511,       289,      1236,      2993,      1247
      2512,      1248,       289,      1247,      2999
      2513,      3294,      1710,       288,      1712
      2514,      1710,      3254,      1658,       288
      2515,       288,      1658,      3261,      1707
      2516,      1712,       288,      1707,      3293
      2517,      3257,      2751,       287,      1669
      2518,      2751,      3958,      2752,       287
      2519,       287,      2752,      3957,      2749
      2520,      1669,       287,      2749,      3265
      2521,      3029,      1288,       286,      1290
      2522,      1288,      2991,      1234,       286
      2523,       286,      1234,      2994,      1285
      2524,      1290,       286,      1285,      3028
      2525,      2991,      1232,       285,      1234
      2526,      1232,      2993,      1236,       285
      2527,       285,      1236,      2995,      1237
      2528,      1234,       285,      1237,      2994
      2529,      3258,      1654,       284,      1666
      2530,      1654,      3257,      1669,       284
      2531,       284,      1669,      3265,      1670
      2532,      1666,       284,      1670,      3264
      2533,      3260,      1656,       283,      1663
      2534,      1656,      3258,      1666,       283
      2535,       283,      1666,      3264,      1667
      2536,      1663,       283,      1667,      3263
      2537,      3266,      1679,       282,      1672
      2538,      1679,      3274,      1683,       282
      2539,       282,      1683,      3275,      1681
      2540,      1672,       282,      1681,      3268
      2541,      3287,      1695,       281,      1690
      2542,      1695,      3288,      1693,       281
      2543,       281,      1693,      3274,      1679
      2544,      1690,       281,      1679,      3266
      2545,      4085,      4025,       280,      4024
      2546,      4025,      4084,      4022,       280
      2547,       280,      4022,      2989,      1239
      2548,      4024,       280,      1239,      2996
      2549,      2996,      1239,       279,      1242
      2550,      1239,      2989,      1231,       279
      2551,       279,      1231,      2988,      1241
      2552,      1242,       279,      1241,      2997
      2553,      2997,      1241,       278,      1245
      2554,      1241,      2988,      1235,       278
      2555,       278,      1235,      2995,      1244
      2556,      1245,       278,      1244,      2998
      2557,      3026,      1280,       277,      4018
      2558,      1280,      2987,      4020,       277
      2559,       277,      4020,      4083,      4021
      2560,      4018,       277,      4021,      4082
      2561,      2987,      1230,       276,      4020
      2562,      1230,      2989,      4022,       276
      2563,       276,      4022,      4084,      4023
      2564,      4020,       276,      4023,      4083
      2565,      3027,      1282,       275,      1284
      2566,      1282,      2986,      1228,       275
      2567,       275,      1228,      2987,      1280
      2568,      1284,       275,      1280,      3026
      2569,      2986,      1229,       274,      1228
      2570,      1229,      2988,      1231,       274
      2571,       274,      1231,      2989,      1230
      2572,      1228,       274,      1230,      2987
      2573,      3028,      1285,       273,      1287
      2574,      1285,      2994,      1233,       273
      2575,       273,      1233,      2986,      1282
      2576,      1287,       273,      1282,      3027
      2577,      2994,      1237,       272,      1233
      2578,      1237,      2995,      1235,       272
      2579,       272,      1235,      2988,      1229
      2580,      1233,       272,      1229,      2986
      2581,      3267,      1671,       271,      1673
      2582,      1671,      3266,      1672,       271
      2583,       271,      1672,      3268,      1674
      2584,      1673,       271,      1674,      3269
      2585,      3286,      1692,       270,      1688
      2586,      1692,      3287,      1690,       270
      2587,       270,      1690,      3266,      1671
      2588,      1688,       270,      1671,      3267
      2589,      3316,      1757,       269,      1761
      2590,      1757,      3267,      1673,       269
      2591,       269,      1673,      3269,      1760
      2592,      1761,       269,      1760,      3317
      2593,      3944,      2729,       268,      2732
      2594,      2729,      2985,      1226,       268
      2595,       268,      1226,      2981,      2731
      2596,      2732,       268,      2731,      3945
      2597,      3315,      1754,       267,      1758
      2598,      1754,      3286,      1688,       267
      2599,       267,      1688,      3267,      1757
      2600,      1758,       267,      1757,      3316
      2601,      2999,      1246,       266,      1248
      2602,      1246,      2980,      1224,       266
      2603,       266,      1224,      2984,      1243
      2604,      1248,       266,      1243,      2998
      2605,      2980,      1222,       265,      1224
      2606,      1222,      2981,      1226,       265
      2607,       265,      1226,      2985,      1227
      2608,      1224,       265,      1227,      2984
      2609,      3272,      1678,       264,      1676
      2610,      1678,      3273,      1677,       264
      2611,       264,      1677,      3271,      1675
      2612,      1676,       264,      1675,      3270
      2613,      3291,      1703,       263,      1706
      2614,      1703,      3272,      1676,       263
      2615,       263,      1676,      3270,      1705
      2616,      1706,       263,      1705,      3292
      2617,      3943,      2727,       262,      2730
      2618,      2727,      2979,      1225,       262
      2619,       262,      1225,      2985,      2729
      2620,      2730,       262,      2729,      3944
      2621,      2979,      1221,       261,      1225
      2622,      1221,      2978,      1223,       261
      2623,       261,      1223,      2984,      1227
      2624,      1225,       261,      1227,      2985
      2625,      2978,      1240,       260,      1223
      2626,      1240,      2997,      1245,       260
      2627,       260,      1245,      2998,      1243
      2628,      1223,       260,      1243,      2984
      2629,      4090,      4033,       259,      4032
      2630,      4033,      4087,      4028,       259
      2631,       259,      4028,      2977,      2726
      2632,      4032,       259,      2726,      3942
      2633,      3942,      2726,       258,      2728
      2634,      2726,      2977,      1220,       258
      2635,       258,      1220,      2979,      2727
      2636,      2728,       258,      2727,      3943
      2637,      4087,      4029,       257,      4028
      2638,      4029,      4086,      4026,       257
      2639,       257,      4026,      2976,      1218
      2640,      4028,       257,      1218,      2977
      2641,      2977,      1218,       256,      1220
      2642,      1218,      2976,      1219,       256
      2643,       256,      1219,      2978,      1221
      2644,      1220,       256,      1221,      2979
      2645,      4086,      4027,       255,      4026
      2646,      4027,      4085,      4024,       255
      2647,       255,      4024,      2996,      1238
      2648,      4026,       255,      1238,      2976
      2649,      2976,      1238,       254,      1219
      2650,      1238,      2996,      1242,       254
      2651,       254,      1242,      2997,      1240
      2652,      1219,       254,      1240,      2978
      2653,      3270,      1675,       253,      1699
      2654,      1675,      3271,      1696,       253
      2655,       253,      1696,      3289,      1701
      2656,      1699,       253,      1701,      3290
      2657,      3292,      1705,       252,      1709
      2658,      1705,      3270,      1699,       252
      2659,       252,      1699,      3290,      1708
      2660,      1709,       252,      1708,      3293
      2661,      3274,      1680,       251,      1683
      2662,      1680,      3271,      1677,       251
      2663,       251,      1677,      3273,      1682
      2664,      1683,       251,      1682,      3275
      2665,      3288,      1698,       250,      1693
      2666,      1698,      3289,      1696,       250
      2667,       250,      1696,      3271,      1680
      2668,      1693,       250,      1680,      3274
      2669,      3278,      1686,       249,      1691
      2670,      1686,      3285,      1694,       249
      2671,       249,      1694,      3288,      1695
      2672,      1691,       249,      1695,      3287
      2673,      3279,      1684,       248,      1689
      2674,      1684,      3278,      1691,       248
      2675,       248,      1691,      3287,      1692
      2676,      1689,       248,      1692,      3286
      2677,      3314,      1752,       247,      1755
      2678,      1752,      3279,      1689,       247
      2679,       247,      1689,      3286,      1754
      2680,      1755,       247,      1754,      3315
      2681,      3282,      1711,       246,      1700
      2682,      1711,      3294,      1712,       246
      2683,       246,      1712,      3293,      1708
      2684,      1700,       246,      1708,      3290
      2685,      3283,      1685,       245,      1697
      2686,      1685,      3282,      1700,       245
      2687,       245,      1700,      3290,      1701
      2688,      1697,       245,      1701,      3289
      2689,      3285,      1687,       244,      1694
      2690,      1687,      3283,      1697,       244
      2691,       244,      1697,      3289,      1698
      2692,      1694,       244,      1698,      3288
      2693,      3167,      1505,       243,      1500
      2694,      1505,      3168,      1503,       243
      2695,       243,      1503,      3149,      1481
      2696,      1500,       243,      1481,      3153
      2697,      3168,      1508,       242,      1503
      2698,      1508,      3169,      1506,       242
      2699,       242,      1506,      3151,      1479
      2700,      1503,       242,      1479,      3149
      2701,      3153,      1480,       241,      1500
      2702,      1480,      3147,      1497,       241
      2703,       241,      1497,      3166,      1502
      2704,      1500,       241,      1502,      3167
      2705,      3315,      1753,       240,      1755
      2706,      1753,      3165,      1495,       240
      2707,       240,      1495,      3145,      1751
      2708,      1755,       240,      1751,      3314
      2709,      3165,      1499,       239,      1495
      2710,      1499,      3166,      1497,       239
      2711,       239,      1497,      3147,      1478
      2712,      1495,       239,      1478,      3145
      2713,      3095,      1396,       238,      1400
      2714,      1396,      3093,      1403,       238
      2715,       238,      1403,      3098,      1404
      2716,      1400,       238,      1404,      3097
      2717,      3093,      1535,       237,      1403
      2718,      1535,      3182,      1539,       237
      2719,       237,      1539,      3183,      1537
      2720,      1403,       237,      1537,      3098
      2721,      3091,      1395,       236,      1398
      2722,      1395,      3095,      1400,       236
      2723,       236,      1400,      3097,      1401
      2724,      1398,       236,      1401,      3096
      2725,      3088,      1391,       235,      1394
      2726,      1391,      3086,      1389,       235
      2727,       235,      1389,      3087,      1393
      2728,      1394,       235,      1393,      3089
      2729,      3086,      1540,       234,      1389
      2730,      1540,      3184,      1545,       234
      2731,       234,      1545,      3185,      1543
      2732,      1389,       234,      1543,      3087
      2733,      3097,      1404,       233,      1399
      2734,      1404,      3098,      1402,       233
      2735,       233,      1402,      3086,      1391
      2736,      1399,       233,      1391,      3088
      2737,      3098,      1537,       232,      1402
      2738,      1537,      3183,      1542,       232
      2739,       232,      1542,      3184,      1540
      2740,      1402,       232,      1540,      3086
      2741,      3096,      1401,       231,      1397
      2742,      1401,      3097,      1399,       231
      2743,       231,      1399,      3088,      1390
      2744,      1397,       231,      1390,      3084
      2745,      3084,      1390,       230,      1388
      2746,      1390,      3088,      1394,       230
      2747,       230,      1394,      3089,      1392
      2748,      1388,       230,      1392,      3085
      2749,      3324,      1783,       229,      1778
      2750,      1783,      3325,      1781,       229
      2751,       229,      1781,      2788,       946
      2752,      1778,       229,       946,      2784
      2753,      3323,      1780,       228,      1775
      2754,      1780,      3324,      1778,       228
      2755,       228,      1778,      2784,      1010
      2756,      1775,       228,      1010,      2837
      2757,      2784,       946,       227,       944
      2758,       946,      2788,       950,       227
      2759,       227,       950,      2789,       948
      2760,       944,       227,       948,      2785
      2761,      2837,      1010,       226,      1012
      2762,      1010,      2784,       944,       226
      2763,       226,       944,      2785,      1008
      2764,      1012,       226,      1008,      2836
      2765,      2766,       921,       225,       917
      2766,       921,      2772,       925,       225
      2767,       225,       925,      2773,       923
      2768,       917,       225,       923,      2768
      2769,      2923,      1152,       224,      1156
      2770,      1152,      2921,      1147,       224
      2771,       224,      1147,      2919,      1155
      2772,      1156,       224,      1155,      2924
      2773,      2786,       955,       223,       945
      2774,       955,      2794,       959,       223
      2775,       223,       959,      2795,       957
      2776,       945,       223,       957,      2787
      2777,      3326,      1789,       222,      1784
      2778,      1789,      3327,      1787,       222
      2779,       222,      1787,      2794,       955
      2780,      1784,       222,       955,      2786
      2781,      2788,       947,       221,       950
      2782,       947,      2786,       945,       221
      2783,       221,       945,      2787,       949
      2784,       950,       221,       949,      2789
      2785,      3325,      1786,       220,      1781
      2786,      1786,      3326,      1784,       220
      2787,       220,      1784,      2786,       947
      2788,      1781,       220,       947,      2788
      2789,      2921,      1148,       219,      1147
      2790,      1148,      2920,      1145,       219
      2791,       219,      1145,      2918,      1143
      2792,      1147,       219,      1143,      2919
      2793,      2920,      2736,       218,      1145
      2794,      2736,      3949,      2737,       218
      2795,       218,      2737,      3948,      2734
      2796,      1145,       218,      2734,      2918
      2797,      3328,      1795,       217,      1790
      2798,      1795,      3329,      1793,       217
      2799,       217,      1793,      2792,       952
      2800,      1790,       217,       952,      2790
      2801,      3327,      1792,       216,      1787
      2802,      1792,      3328,      1790,       216
      2803,       216,      1790,      2790,       956
      2804,      1787,       216,       956,      2794
      2805,      2790,       952,       215,       951
      2806,       952,      2792,       954,       215
      2807,       215,       954,      2793,       953
      2808,       951,       215,       953,      2791
      2809,      2794,       956,       214,       959
      2810,       956,      2790,       951,       214
      2811,       214,       951,      2791,       958
      2812,       959,       214,       958,      2795
      2813,      2971,      1207,       213,      1209
      2814,      1207,      2915,      1140,       213
      2815,       213,      1140,      2913,      1205
      2816,      1209,       213,      1205,      2970
      2817,      2924,      1154,       212,      1156
      2818,      1154,      2912,      1138,       212
      2819,       212,      1138,      2914,      1151
      2820,      1156,       212,      1151,      2923
      2821,      3042,      1312,       211,      1796
      2822,      1312,      2792,      1793,       211
      2823,       211,      1793,      3329,      1798
      2824,      1796,       211,      1798,      3330
      2825,      3043,      1314,       210,      1316
      2826,      1314,      2793,       954,       210
      2827,       210,       954,      2792,      1312
      2828,      1316,       210,      1312,      3042
      2829,      2912,      1136,       209,      1138
      2830,      1136,      2913,      1140,       209
      2831,       209,      1140,      2915,      1141
      2832,      1138,       209,      1141,      2914
      2833,      2812,       973,       208,       969
      2834,       973,      2813,       971,       208
      2835,       208,       971,      2809,       967
      2836,       969,       208,       967,      2808
      2837,      3616,      2297,       207,      2301
      2838,      2297,      3589,      2230,       207
      2839,       207,      2230,      3587,      2300
      2840,      2301,       207,      2300,      3617
      2841,      2808,       967,       206,      1000
      2842,       967,      2809,       997,       206
      2843,       206,       997,      2830,      1002
      2844,      1000,       206,      1002,      2831
      2845,      2943,      1171,       205,      1310
      2846,      1171,      2942,      1308,       205
      2847,       205,      1308,      3040,      1311
      2848,      1310,       205,      1311,      3041
      2849,      2905,      1126,       204,      1122
      2850,      1126,      2906,      1124,       204
      2851,       204,      1124,      2811,       968
      2852,      1122,       204,       968,      2810
      2853,      3597,      2243,       203,      2246
      2854,      2243,      3588,      2231,       203
      2855,       203,      2231,      3590,      2245
      2856,      2246,       203,      2245,      3598
      2857,      2810,       968,       202,       970
      2858,       968,      2811,       972,       202
      2859,       202,       972,      2813,       973
      2860,       970,       202,       973,      2812
      2861,      3047,      1323,       201,      1327
      2862,      1323,      2943,      1310,       201
      2863,       201,      1310,      3041,      1326
      2864,      1327,       201,      1326,      3048
      2865,      3321,      1774,       200,      1769
      2866,      1774,      3322,      1772,       200
      2867,       200,      1772,      2823,       984
      2868,      1769,       200,       984,      2821
      2869,      2821,       984,       199,       983
      2870,       984,      2823,       986,       199
      2871,       199,       986,      2824,       985
      2872,       983,       199,       985,      2822
      2873,      2822,       985,       198,       998
      2874,       985,      2824,      1001,       198
      2875,       198,      1001,      2831,      1002
      2876,       998,       198,      1002,      2830
      2877,      2837,      1011,       197,      1775
      2878,      1011,      2823,      1772,       197
      2879,       197,      1772,      3322,      1777
      2880,      1775,       197,      1777,      3323
      2881,      2836,      1009,       196,      1012
      2882,      1009,      2824,       986,       196
      2883,       196,       986,      2823,      1011
      2884,      1012,       196,      1011,      2837
      2885,      2782,       939,       195,       943
      2886,       939,      2780,       934,       195
      2887,       195,       934,      2778,       942
      2888,       943,       195,       942,      2783
      2889,      2906,      1126,       194,      1125
      2890,      1126,      2905,      1123,       194
      2891,       194,      1123,      2874,      1059
      2892,      1125,       194,      1059,      2872
      2893,      2872,      1059,       193,      1058
      2894,      1059,      2874,      1061,       193
      2895,       193,      1061,      2875,      1060
      2896,      1058,       193,      1060,      2873
      2897,      3589,      2297,       192,      2237
      2898,      2297,      3616,      2298,       192
      2899,       192,      2298,      3615,      2294
      2900,      2237,       192,      2294,      3595
      2901,      2948,      1206,       191,      1302
      2902,      1206,      2970,      1300,       191
      2903,       191,      1300,      3036,      1303
      2904,      1302,       191,      1303,      3037
      2905,      2927,      1160,       190,      1158
      2906,      1160,      2928,      1159,       190
      2907,       190,      1159,      2926,      1157
      2908,      1158,       190,      1157,      2925
      2909,      2934,      1167,       189,      1169
      2910,      1167,      2927,      1158,       189
      2911,       189,      1158,      2925,      1165
      2912,      1169,       189,      1165,      2933
      2913,      2925,      1157,       188,      1820
      2914,      1157,      2926,      1817,       188
      2915,       188,      1817,      3337,      1822
      2916,      1820,       188,      1822,      3338
      2917,      2933,      1165,       187,      1823
      2918,      1165,      2925,      1820,       187
      2919,       187,      1820,      3338,      1825
      2920,      1823,       187,      1825,      3339
      2921,      2975,      1215,       186,      1217
      2922,      1215,      2926,      1159,       186
      2923,       186,      1159,      2928,      1213
      2924,      1217,       186,      1213,      2974
      2925,      3336,      1819,       185,      1814
      2926,      1819,      3337,      1817,       185
      2927,       185,      1817,      2926,      1215
      2928,      1814,       185,      1215,      2975
      2929,      3047,      1322,       184,      1324
      2930,      1322,      2777,       932,       184
      2931,       184,       932,      2779,      1319
      2932,      1324,       184,      1319,      3046
      2933,      2777,       930,       183,       932
      2934,       930,      2778,       934,       183
      2935,       183,       934,      2780,       935
      2936,       932,       183,       935,      2779
      2937,      2773,       924,       182,       928
      2938,       924,      2771,       920,       182
      2939,       182,       920,      2770,       927
      2940,       928,       182,       927,      2774
      2941,      2929,      2741,       181,      1162
      2942,      2741,      3953,      2742,       181
      2943,       181,      2742,      3952,      2740
      2944,      1162,       181,      2740,      2931
      2945,      3341,      2743,       180,      1829
      2946,      2743,      3954,      2744,       180
      2947,       180,      2744,      3953,      2741
      2948,      1829,       180,      2741,      2929
      2949,      2930,      1161,       179,      1163
      2950,      1161,      2929,      1162,       179
      2951,       179,      1162,      2931,      1164
      2952,      1163,       179,      1164,      2932
      2953,      3340,      1831,       178,      1826
      2954,      1831,      3341,      1829,       178
      2955,       178,      1829,      2929,      1161
      2956,      1826,       178,      1161,      2930
      2957,      2933,      1166,       177,      1169
      2958,      1166,      2930,      1163,       177
      2959,       177,      1163,      2932,      1168
      2960,      1169,       177,      1168,      2934
      2961,      3339,      1828,       176,      1823
      2962,      1828,      3340,      1826,       176
      2963,       176,      1826,      2930,      1166
      2964,      1823,       176,      1166,      2933
      2965,      2771,       938,       175,       920
      2966,       938,      2782,       943,       175
      2967,       175,       943,      2783,       941
      2968,       920,       175,       941,      2770
      2969,      3046,      1320,       174,      1324
      2970,      1320,      2945,      1175,       174
      2971,       174,      1175,      2943,      1323
      2972,      1324,       174,      1323,      3047
      2973,      2945,      1176,       173,      1175
      2974,      1176,      2944,      1173,       173
      2975,       173,      1173,      2942,      1171
      2976,      1175,       173,      1171,      2943
      2977,      3331,      1804,       172,      1799
      2978,      1804,      3332,      1802,       172
      2979,       172,      1802,      2957,      1193
      2980,      1799,       172,      1193,      2955
      2981,      3330,      1801,       171,      1796
      2982,      1801,      3331,      1799,       171
      2983,       171,      1799,      2955,      1313
      2984,      1796,       171,      1313,      3042
      2985,      2955,      1193,       170,      1192
      2986,      1193,      2957,      1195,       170
      2987,       170,      1195,      2958,      1194
      2988,      1192,       170,      1194,      2956
      2989,      3042,      1313,       169,      1316
      2990,      1313,      2955,      1192,       169
      2991,       169,      1192,      2956,      1315
      2992,      1316,       169,      1315,      3043
      2993,      2885,      1074,       168,      1131
      2994,      1074,      2884,      1133,       168
      2995,       168,      1133,      2909,      1134
      2996,      1131,       168,      1134,      2908
      2997,      2884,      2686,       167,      1133
      2998,      2686,      3922,      2689,       167
      2999,       167,      2689,      3923,      2688
      3000,      1133,       167,      2688,      2909
      3001,      2890,      1086,       166,      1090
      3002,      1086,      2887,      1078,       166
      3003,       166,      1078,      2883,      1089
      3004,      1090,       166,      1089,      2891
      3005,      2944,      1186,       165,      1173
      3006,      1186,      2953,      1191,       165
      3007,       165,      1191,      2954,      1189
      3008,      1173,       165,      1189,      2942
      3009,      2887,      1079,       164,      1078
      3010,      1079,      2886,      1076,       164
      3011,       164,      1076,      2882,      1071
      3012,      1078,       164,      1071,      2883
      3013,      2883,      1071,       163,      1073
      3014,      1071,      2882,      1072,       163
      3015,       163,      1072,      2884,      1074
      3016,      1073,       163,      1074,      2885
      3017,      2886,      2680,       162,      1076
      3018,      2680,      3920,      2685,       162
      3019,       162,      2685,      3921,      2683
      3020,      1076,       162,      2683,      2882
      3021,      2882,      2683,       161,      1072
      3022,      2683,      3921,      2687,       161
      3023,       161,      2687,      3922,      2686
      3024,      1072,       161,      2686,      2884
      3025,      2889,      1083,       160,      1087
      3026,      1083,      2881,      1077,       160
      3027,       160,      1077,      2887,      1086
      3028,      1087,       160,      1086,      2890
      3029,      2881,      1070,       159,      1077
      3030,      1070,      2880,      1075,       159
      3031,       159,      1075,      2886,      1079
      3032,      1077,       159,      1079,      2887
      3033,      2880,      2677,       158,      1075
      3034,      2677,      3919,      2682,       158
      3035,       158,      2682,      3920,      2680
      3036,      1075,       158,      2680,      2886
      3037,      4066,      3805,       157,      3804
      3038,      3805,      4065,      3802,       157
      3039,       157,      3802,      2879,      1081
      3040,      3804,       157,      1081,      2888
      3041,      2888,      1081,       156,      1084
      3042,      1081,      2879,      1069,       156
      3043,       156,      1069,      2881,      1083
      3044,      1084,       156,      1083,      2889
      3045,      4065,      3803,       155,      3802
      3046,      3803,      4064,      3800,       155
      3047,       155,      3800,      2878,      1067
      3048,      3802,       155,      1067,      2879
      3049,      2879,      1067,       154,      1069
      3050,      1067,      2878,      1068,       154
      3051,       154,      1068,      2880,      1070
      3052,      1069,       154,      1070,      2881
      3053,      4064,      3801,       153,      3800
      3054,      3801,      4063,      3798,       153
      3055,       153,      3798,      3918,      2675
      3056,      3800,       153,      2675,      2878
      3057,      2878,      2675,       152,      1068
      3058,      2675,      3918,      2679,       152
      3059,       152,      2679,      3919,      2677
      3060,      1068,       152,      2677,      2880
      3061,      2895,      1099,       151,      1103
      3062,      1099,      2877,      1065,       151
      3063,       151,      1065,      2875,      1102
      3064,      1103,       151,      1102,      2896
      3065,      2768,       923,       150,       918
      3066,       923,      2773,       928,       150
      3067,       150,       928,      2774,       926
      3068,       918,       150,       926,      2767
      3069,      2963,      1200,       149,      1805
      3070,      1200,      2957,      1802,       149
      3071,       149,      1802,      3332,      1807
      3072,      1805,       149,      1807,      3333
      3073,      2891,      1088,       148,      1090
      3074,      1088,      2873,      1063,       148
      3075,       148,      1063,      2876,      1085
      3076,      1090,       148,      1085,      2890
      3077,      2873,      1060,       147,      1063
      3078,      1060,      2875,      1065,       147
      3079,       147,      1065,      2877,      1066
      3080,      1063,       147,      1066,      2876
      3081,      2964,      1202,       146,      1204
      3082,      1202,      2958,      1195,       146
      3083,       146,      1195,      2957,      1200
      3084,      1204,       146,      1200,      2963
      3085,      2833,      1004,       145,      1005
      3086,      1004,      2768,       918,       145
      3087,       145,       918,      2767,      1003
      3088,      1005,       145,      1003,      2832
      3089,      2961,      1199,       144,      1197
      3090,      1199,      2962,      1198,       144
      3091,       144,      1198,      2960,      1196
      3092,      1197,       144,      1196,      2959
      3093,      2974,      1214,       143,      1217
      3094,      1214,      2961,      1197,       143
      3095,       143,      1197,      2959,      1216
      3096,      1217,       143,      1216,      2975
      3097,      4069,      3811,       142,      3810
      3098,      3811,      4068,      3808,       142
      3099,       142,      3808,      2871,      1094
      3100,      3810,       142,      1094,      2893
      3101,      2893,      1094,       141,      1097
      3102,      1094,      2871,      1057,       141
      3103,       141,      1057,      2870,      1096
      3104,      1097,       141,      1096,      2894
      3105,      2894,      1096,       140,      1100
      3106,      1096,      2870,      1064,       140
      3107,       140,      1064,      2877,      1099
      3108,      1100,       140,      1099,      2895
      3109,      2888,      1080,       139,      3804
      3110,      1080,      2869,      3806,       139
      3111,       139,      3806,      4067,      3807
      3112,      3804,       139,      3807,      4066
      3113,      2869,      1056,       138,      3806
      3114,      1056,      2871,      3808,       138
      3115,       138,      3808,      4068,      3809
      3116,      3806,       138,      3809,      4067
      3117,      2889,      1082,       137,      1084
      3118,      1082,      2868,      1054,       137
      3119,       137,      1054,      2869,      1080
      3120,      1084,       137,      1080,      2888
      3121,      2868,      1055,       136,      1054
      3122,      1055,      2870,      1057,       136
      3123,       136,      1057,      2871,      1056
      3124,      1054,       136,      1056,      2869
      3125,      2890,      1085,       135,      1087
      3126,      1085,      2876,      1062,       135
      3127,       135,      1062,      2868,      1082
      3128,      1087,       135,      1082,      2889
      3129,      2876,      1066,       134,      1062
      3130,      1066,      2877,      1064,       134
      3131,       134,      1064,      2870,      1055
      3132,      1062,       134,      1055,      2868
      3133,      2959,      1196,       133,      1811
      3134,      1196,      2960,      1808,       133
      3135,       133,      1808,      3334,      1813
      3136,      1811,       133,      1813,      3335
      3137,      2975,      1216,       132,      1814
      3138,      1216,      2959,      1811,       132
      3139,       132,      1811,      3335,      1816
      3140,      1814,       132,      1816,      3336
      3141,      2963,      1201,       131,      1204
      3142,      1201,      2960,      1198,       131
      3143,       131,      1198,      2962,      1203
      3144,      1204,       131,      1203,      2964
      3145,      2865,      1049,       130,      1053
      3146,      1049,      2862,      1041,       130
      3147,       130,      1041,      2858,      1052
      3148,      1053,       130,      1052,      2866
      3149,      3333,      1810,       129,      1805
      3150,      1810,      3334,      1808,       129
      3151,       129,      1808,      2960,      1201
      3152,      1805,       129,      1201,      2963
      3153,      2862,      1042,       128,      1041
      3154,      1042,      2861,      1039,       128
      3155,       128,      1039,      2857,      1034
      3156,      1041,       128,      1034,      2858
      3157,      2953,      1187,       127,      1191
      3158,      1187,      2951,      1182,       127
      3159,       127,      1182,      2949,      1190
      3160,      1191,       127,      1190,      2954
      3161,      2861,      1098,       126,      1039
      3162,      1098,      2895,      1103,       126
      3163,       126,      1103,      2896,      1101
      3164,      1039,       126,      1101,      2857
      3165,      2951,      1183,       125,      1182
      3166,      1183,      2950,      1180,       125
      3167,       125,      1180,      2948,      1178
      3168,      1182,       125,      1178,      2949
      3169,      2864,      1046,       124,      1050
      3170,      1046,      2856,      1040,       124
      3171,       124,      1040,      2862,      1049
      3172,      1050,       124,      1049,      2865
      3173,      2856,      1033,       123,      1040
      3174,      1033,      2855,      1038,       123
      3175,       123,      1038,      2861,      1042
      3176,      1040,       123,      1042,      2862
      3177,      2855,      1095,       122,      1038
      3178,      1095,      2894,      1100,       122
      3179,       122,      1100,      2895,      1098
      3180,      1038,       122,      1098,      2861
      3181,      4072,      3884,       121,      3883
      3182,      3884,      4071,      3815,       121
      3183,       121,      3815,      2854,      1044
      3184,      3883,       121,      1044,      2863
      3185,      2863,      1044,       120,      1047
      3186,      1044,      2854,      1032,       120
      3187,       120,      1032,      2856,      1046
      3188,      1047,       120,      1046,      2864
      3189,      2893,      1093,       119,      3810
      3190,      1093,      2853,      3813,       119
      3191,       119,      3813,      4070,      3814
      3192,      3810,       119,      3814,      4069
      3193,      2853,      1030,       118,      3813
      3194,      1030,      2854,      3815,       118
      3195,       118,      3815,      4071,      3816
      3196,      3813,       118,      3816,      4070
      3197,      2894,      1095,       117,      1097
      3198,      1095,      2855,      1031,       117
      3199,       117,      1031,      2853,      1093
      3200,      1097,       117,      1093,      2893
      3201,      2855,      1033,       116,      1031
      3202,      1033,      2856,      1032,       116
      3203,       116,      1032,      2854,      1030
      3204,      1031,       116,      1030,      2853
      3205,      2849,      1021,       115,      1025
      3206,      1021,      2847,      1028,       115
      3207,       115,      1028,      2852,      1029
      3208,      1025,       115,      1029,      2851
      3209,      2847,      1328,       114,      1028
      3210,      1328,      3050,      1332,       114
      3211,       114,      1332,      3051,      1330
      3212,      1028,       114,      1330,      2852
      3213,      2950,      1208,       113,      1180
      3214,      1208,      2971,      1209,       113
      3215,       113,      1209,      2970,      1206
      3216,      1180,       113,      1206,      2948
      3217,      3563,      2191,       112,      2203
      3218,      2191,      3565,      2205,       112
      3219,       112,      2205,      3573,      2206
      3220,      2203,       112,      2206,      3572
      3221,      3578,      2216,       111,      2218
      3222,      2216,      3577,      2217,       111
      3223,       111,      2217,      3579,      2219
      3224,      2218,       111,      2219,      3580
      3225,      3085,      1392,       110,      1770
      3226,      1392,      3089,      1773,       110
      3227,       110,      1773,      3322,      1774
      3228,      1770,       110,      1774,      3321
      3229,      2866,      1051,       109,      1053
      3230,      1051,      2845,      1023,       109
      3231,       109,      1023,      2850,      1048
      3232,      1053,       109,      1048,      2865
      3233,      2845,      1020,       108,      1023
      3234,      1020,      2849,      1025,       108
      3235,       108,      1025,      2851,      1026
      3236,      1023,       108,      1026,      2850
      3237,      3580,      2219,       107,      2226
      3238,      2219,      3579,      2224,       107
      3239,       107,      2224,      3585,      2228
      3240,      2226,       107,      2228,      3586
      3241,      3583,      2223,       106,      2221
      3242,      2223,      3584,      2222,       106
      3243,       106,      2222,      3582,      2220
      3244,      2221,       106,      2220,      3581
      3245,      3581,      2220,       105,      2225
      3246,      2220,      3582,      2227,       105
      3247,       105,      2227,      3586,      2228
      3248,      2225,       105,      2228,      3585
      3249,      3584,      2223,       104,      2257
      3250,      2223,      3583,      2259,       104
      3251,       104,      2259,      3603,      2260
      3252,      2257,       104,      2260,      3602
      3253,      2843,      1018,       103,      3890
      3254,      1018,      2841,      3892,       103
      3255,       103,      3892,      4075,      3893
      3256,      3890,       103,      3893,      4074
      3257,      2841,      1336,       102,      3892
      3258,      1336,      3053,      3898,       102
      3259,       102,      3898,      4076,      3906
      3260,      3892,       102,      3906,      4075
      3261,      2842,      1016,       101,      1019
      3262,      1016,      2840,      1014,       101
      3263,       101,      1014,      2841,      1018
      3264,      1019,       101,      1018,      2843
      3265,      2840,      1333,       100,      1014
      3266,      1333,      3052,      1338,       100
      3267,       100,      1338,      3053,      1336
      3268,      1014,       100,      1336,      2841
      3269,      2851,      1029,        99,      1024
      3270,      1029,      2852,      1027,        99
      3271,        99,      1027,      2840,      1016
      3272,      1024,        99,      1016,      2842
      3273,      2852,      1330,        98,      1027
      3274,      1330,      3051,      1335,        98
      3275,        98,      1335,      3052,      1333
      3276,      1027,        98,      1333,      2840
      3277,      2863,      1043,        97,      3883
      3278,      1043,      2839,      3885,        97
      3279,        97,      3885,      4073,      3886
      3280,      3883,        97,      3886,      4072
      3281,      2839,      1017,        96,      3885
      3282,      1017,      2843,      3890,        96
      3283,        96,      3890,      4074,      3891
      3284,      3885,        96,      3891,      4073
      3285,      2865,      1048,        95,      1050
      3286,      1048,      2850,      1022,        95
      3287,        95,      1022,      2838,      1045
      3288,      1050,        95,      1045,      2864
      3289,      2864,      1045,        94,      1047
      3290,      1045,      2838,      1013,        94
      3291,        94,      1013,      2839,      1043
      3292,      1047,        94,      1043,      2863
      3293,      2850,      1026,        93,      1022
      3294,      1026,      2851,      1024,        93
      3295,        93,      1024,      2842,      1015
      3296,      1022,        93,      1015,      2838
      3297,      2838,      1015,        92,      1013
      3298,      1015,      2842,      1019,        92
      3299,        92,      1019,      2843,      1017
      3300,      1013,        92,      1017,      2839
      3301,      3087,      1543,        91,      1776
      3302,      1543,      3185,      1779,        91
      3303,        91,      1779,      3324,      1780
      3304,      1776,        91,      1780,      3323
      3305,      3089,      1393,        90,      1773
      3306,      1393,      3087,      1776,        90
      3307,        90,      1776,      3323,      1777
      3308,      1773,        90,      1777,      3322
      3309,      3561,      2186,        89,      2188
      3310,      2186,      3554,      2177,        89
      3311,        89,      2177,      3552,      2184
      3312,      2188,        89,      2184,      3560
      3313,      3560,      2184,        88,      2207
      3314,      2184,      3552,      2204,        88
      3315,        88,      2204,      3573,      2209
      3316,      2207,        88,      2209,      3574
      3317,      3554,      2186,        87,      3256
      3318,      2186,      3561,      3276,        87
      3319,        87,      3276,      3993,      3277
      3320,      3256,        87,      3277,      3992
      3321,      3558,      2183,        86,      2181
      3322,      2183,      3559,      2182,        86
      3323,        86,      2182,      3557,      2180
      3324,      2181,        86,      2180,      3556
      3325,      3607,      2271,        85,      2274
      3326,      2271,      3558,      2181,        85
      3327,        85,      2181,      3556,      2273
      3328,      2274,        85,      2273,      3608
      3329,      3556,      2180,        84,      2213
      3330,      2180,      3557,      2210,        84
      3331,        84,      2210,      3575,      2215
      3332,      2213,        84,      2215,      3576
      3333,      3608,      2273,        83,      2277
      3334,      2273,      3556,      2213,        83
      3335,        83,      2213,      3576,      2276
      3336,      2277,        83,      2276,      3609
      3337,      3560,      2185,        82,      2188
      3338,      2185,      3557,      2182,        82
      3339,        82,      2182,      3559,      2187
      3340,      2188,        82,      2187,      3561
      3341,      3574,      2212,        81,      2207
      3342,      2212,      3575,      2210,        81
      3343,        81,      2210,      3557,      2185
      3344,      2207,        81,      2185,      3560
      3345,      3558,      2271,        80,      3284
      3346,      2271,      3607,      3313,        80
      3347,        80,      3313,      3996,      3384
      3348,      3284,        80,      3384,      3995
      3349,      3928,      2698,        79,      2699
      3350,      2698,      2818,       991,        79
      3351,        79,       991,      2827,      2696
      3352,      2699,        79,      2696,      3927
      3353,      2818,       981,        78,       991
      3354,       981,      2820,       993,        78
      3355,        78,       993,      2828,       994
      3356,       991,        78,       994,      2827
      3357,      3929,      2700,        77,      2701
      3358,      2700,      2817,       979,        77
      3359,        77,       979,      2818,      2698
      3360,      2701,        77,      2698,      3928
      3361,      2817,       980,        76,       979
      3362,       980,      2819,       982,        76
      3363,        76,       982,      2820,       981
      3364,       979,        76,       981,      2818
      3365,      3930,      2702,        75,      2703
      3366,      2702,      3318,      1762,        75
      3367,        75,      1762,      2817,      2700
      3368,      2703,        75,      2700,      3929
      3369,      3318,      1766,        74,      1762
      3370,      1766,      3319,      1764,        74
      3371,        74,      1764,      2819,       980
      3372,      1762,        74,       980,      2817
      3373,      3559,      2183,        73,      3280
      3374,      2183,      3558,      3284,        73
      3375,        73,      3284,      3995,      3295
      3376,      3280,        73,      3295,      3994
      3377,      3561,      2187,        72,      3276
      3378,      2187,      3559,      3280,        72
      3379,        72,      3280,      3994,      3281
      3380,      3276,        72,      3281,      3993
      3381,      3570,      2197,        71,      2261
      3382,      2197,      3564,      2258,        71
      3383,        71,      2258,      3603,      2263
      3384,      2261,        71,      2263,      3604
      3385,      3571,      2199,        70,      2201
      3386,      2199,      3565,      2192,        70
      3387,        70,      2192,      3564,      2197
      3388,      2201,        70,      2197,      3570
      3389,      3275,      1682,        69,      1806
      3390,      1682,      3273,      1809,        69
      3391,        69,      1809,      3334,      1810
      3392,      1806,        69,      1810,      3333
      3393,      3273,      1678,        68,      1809
      3394,      1678,      3272,      1812,        68
      3395,        68,      1812,      3335,      1813
      3396,      1809,        68,      1813,      3334
      3397,      3272,      1703,        67,      1812
      3398,      1703,      3291,      1815,        67
      3399,        67,      1815,      3336,      1816
      3400,      1812,        67,      1816,      3335
      3401,      3574,      2209,        66,      2208
      3402,      2209,      3573,      2205,        66
      3403,        66,      2205,      3565,      2199
      3404,      2208,        66,      2199,      3571
      3405,      3566,      2282,        65,      2194
      3406,      2282,      3611,      2283,        65
      3407,        65,      2283,      3610,      2279
      3408,      2194,        65,      2279,      3568
      3409,      3606,      2285,        64,      2267
      3410,      2285,      3612,      2286,        64
      3411,        64,      2286,      3611,      2282
      3412,      2267,        64,      2282,      3566
      3413,      3567,      2193,        63,      2195
      3414,      2193,      3566,      2194,        63
      3415,        63,      2194,      3568,      2196
      3416,      2195,        63,      2196,      3569
      3417,      3605,      2269,        62,      2264
      3418,      2269,      3606,      2267,        62
      3419,        62,      2267,      3566,      2193
      3420,      2264,        62,      2193,      3567
      3421,      3925,      2692,        61,      2693
      3422,      2692,      2807,       965,        61
      3423,        61,       965,      2805,      2690
      3424,      2693,        61,      2690,      3924
      3425,      3924,      2690,        60,      2691
      3426,      2690,      2805,      1132,        60
      3427,        60,      1132,      2909,      2688
      3428,      2691,        60,      2688,      3923
      3429,      2807,       966,        59,       965
      3430,       966,      2806,       963,        59
      3431,        59,       963,      2804,       961
      3432,       965,        59,       961,      2805
      3433,      2805,       961,        58,      1132
      3434,       961,      2804,      1130,        58
      3435,        58,      1130,      2908,      1134
      3436,      1132,        58,      1134,      2909
      3437,      3570,      2198,        57,      2201
      3438,      2198,      3567,      2195,        57
      3439,        57,      2195,      3569,      2200
      3440,      2201,        57,      2200,      3571
      3441,      3317,      1760,        56,      1797
      3442,      1760,      3269,      1800,        56
      3443,        56,      1800,      3331,      1801
      3444,      1797,        56,      1801,      3330
      3445,      3927,      2696,        55,      2697
      3446,      2696,      2827,       990,        55
      3447,        55,       990,      2803,      2694
      3448,      2697,        55,      2694,      3926
      3449,      3926,      2694,        54,      2695
      3450,      2694,      2803,       964,        54
      3451,        54,       964,      2807,      2692
      3452,      2695,        54,      2692,      3925
      3453,      3269,      1674,        53,      1800
      3454,      1674,      3268,      1803,        53
      3455,        53,      1803,      3332,      1804
      3456,      1800,        53,      1804,      3331
      3457,      2802,       960,        52,       992
      3458,       960,      2803,       990,        52
      3459,        52,       990,      2827,       994
      3460,       992,        52,       994,      2828
      3461,      3268,      1681,        51,      1803
      3462,      1681,      3275,      1806,        51
      3463,        51,      1806,      3333,      1807
      3464,      1803,        51,      1807,      3332
      3465,      2806,       966,        50,       962
      3466,       966,      2807,       964,        50
      3467,        50,       964,      2803,       960
      3468,       962,        50,       960,      2802
      3469,      3604,      2266,        49,      2261
      3470,      2266,      3605,      2264,        49
      3471,        49,      2264,      3567,      2198
      3472,      2261,        49,      2198,      3570
      3473,      3568,      2279,        48,      2214
      3474,      2279,      3610,      2280,        48
      3475,        48,      2280,      3609,      2276
      3476,      2214,        48,      2276,      3576
      3477,      3569,      2196,        47,      2211
      3478,      2196,      3568,      2214,        47
      3479,        47,      2214,      3576,      2215
      3480,      2211,        47,      2215,      3575
      3481,      3571,      2200,        46,      2208
      3482,      2200,      3569,      2211,        46
      3483,        46,      2211,      3575,      2212
      3484,      2208,        46,      2212,      3574
      3485,      3577,      2242,        45,      2217
      3486,      2242,      3597,      2246,        45
      3487,        45,      2246,      3598,      2244
      3488,      2217,        45,      2244,      3579
      3489,      2769,       936,        44,       919
      3490,       936,      2781,       940,        44
      3491,        44,       940,      2782,       938
      3492,       919,        44,       938,      2771
      3493,      3590,      2232,        43,      2239
      3494,      2232,      3589,      2237,        43
      3495,        43,      2237,      3595,      2241
      3496,      2239,        43,      2241,      3596
      3497,      3598,      2245,        42,      2249
      3498,      2245,      3590,      2239,        42
      3499,        42,      2239,      3596,      2248
      3500,      2249,        42,      2248,      3599
      3501,      2770,       941,        41,      1111
      3502,       941,      2783,      1109,        41
      3503,        41,      1109,      2900,      1112
      3504,      1111,        41,      1112,      2901
      3505,      2774,       927,        40,      1113
      3506,       927,      2770,      1111,        40
      3507,        40,      1111,      2901,      1115
      3508,      1113,        40,      1115,      2902
      3509,      2898,      1108,        39,      1106
      3510,      1108,      2899,      1107,        39
      3511,        39,      1107,      2778,       930
      3512,      1106,        39,       930,      2777
      3513,      3048,      1325,        38,      1327
      3514,      1325,      2898,      1106,        38
      3515,        38,      1106,      2777,      1322
      3516,      1327,        38,      1322,      3047
      3517,      3250,      1651,        37,      1824
      3518,      1651,      3248,      1827,        37
      3519,        37,      1827,      3340,      1828
      3520,      1824,        37,      1828,      3339
      3521,      3248,      1647,        36,      1827
      3522,      1647,      3247,      1830,        36
      3523,        36,      1830,      3341,      1831
      3524,      1827,        36,      1831,      3340
      3525,      3247,      2745,        35,      1830
      3526,      2745,      3955,      2746,        35
      3527,        35,      2746,      3954,      2743
      3528,      1830,        35,      2743,      3341
      3529,      3591,      2291,        34,      2234
      3530,      2291,      3614,      2292,        34
      3531,        34,      2292,      3613,      2288
      3532,      2234,        34,      2288,      3593
      3533,      3595,      2294,        33,      2238
      3534,      2294,      3615,      2295,        33
      3535,        33,      2295,      3614,      2291
      3536,      2238,        33,      2291,      3591
      3537,      2783,       942,        32,      1109
      3538,       942,      2778,      1107,        32
      3539,        32,      1107,      2899,      1110
      3540,      1109,        32,      1110,      2900
      3541,      3592,      2233,        31,      2235
      3542,      2233,      3591,      2234,        31
      3543,        31,      2234,      3593,      2236
      3544,      2235,        31,      2236,      3594
      3545,      2860,      1037,        30,      1114
      3546,      1037,      2859,      1117,        30
      3547,        30,      1117,      2903,      1118
      3548,      1114,        30,      1118,      2902
      3549,      3045,      1318,        29,      1321
      3550,      1318,      2941,      1174,        29
      3551,        29,      1174,      2945,      1320
      3552,      1321,        29,      1320,      3046
      3553,      3291,      1702,        28,      1815
      3554,      1702,      3244,      1818,        28
      3555,        28,      1818,      3337,      1819
      3556,      1815,        28,      1819,      3336
      3557,      3244,      1643,        27,      1818
      3558,      1643,      3243,      1821,        27
      3559,        27,      1821,      3338,      1822
      3560,      1818,        27,      1822,      3337
      3561,      3243,      1650,        26,      1821
      3562,      1650,      3250,      1824,        26
      3563,        26,      1824,      3339,      1825
      3564,      1821,        26,      1825,      3338
      3565,      2950,      1183,        25,      1179
      3566,      1183,      2951,      1181,        25
      3567,        25,      1181,      2947,      1177
      3568,      1179,        25,      1177,      2946
      3569,      2971,      1208,        24,      1212
      3570,      1208,      2950,      1179,        24
      3571,        24,      1179,      2946,      1211
      3572,      1212,        24,      1211,      2972
      3573,      2952,      1185,        23,      1188
      3574,      1185,      2947,      1181,        23
      3575,        23,      1181,      2951,      1187
      3576,      1188,        23,      1187,      2953
      3577,      2834,      1006,        22,      1007
      3578,      1006,      2766,       917,        22
      3579,        22,       917,      2768,      1004
      3580,      1007,        22,      1004,      2833
      3581,      2859,      1104,        21,      1117
      3582,      1104,      2897,      1120,        21
      3583,        21,      1120,      2904,      1121
      3584,      1117,        21,      1121,      2903
      3585,      2858,      1034,        20,      1036
      3586,      1034,      2857,      1035,        20
      3587,        20,      1035,      2859,      1037
      3588,      1036,        20,      1037,      2860
      3589,      3034,      1299,        19,      1296
      3590,      1299,      3035,      1298,        19
      3591,        19,      1298,      2913,      1136
      3592,      1296,        19,      1136,      2912
      3593,      3033,      1297,        18,      1294
      3594,      1297,      3034,      1296,        18
      3595,        18,      1296,      2912,      1154
      3596,      1294,        18,      1154,      2924
      3597,      3596,      2241,        17,      2240
      3598,      2241,      3595,      2238,        17
      3599,        17,      2238,      3591,      2233
      3600,      2240,        17,      2233,      3592
      3601,      3327,      1789,        16,      1788
      3602,      1789,      3326,      1785,        16
      3603,        16,      1785,      3160,      1491
      3604,      1788,        16,      1491,      3163
      3605,      3600,      2251,        15,      2255
      3606,      2251,      3592,      2235,        15
      3607,        15,      2235,      3594,      2254
      3608,      2255,        15,      2254,      3601
      3609,      3185,      1544,        14,      1779
      3610,      1544,      3159,      1782,        14
      3611,        14,      1782,      3325,      1783
      3612,      1779,        14,      1783,      3324
      3613,      3159,      1486,        13,      1782
      3614,      1486,      3160,      1785,        13
      3615,        13,      1785,      3326,      1786
      3616,      1782,        13,      1786,      3325
      3617,      2970,      1205,        12,      1300
      3618,      1205,      2913,      1298,        12
      3619,        12,      1298,      3035,      1301
      3620,      1300,        12,      1301,      3036
      3621,      3599,      2248,        11,      2252
      3622,      2248,      3596,      2240,        11
      3623,        11,      2240,      3592,      2251
      3624,      2252,        11,      2251,      3600
      3625,      2918,      2734,        10,      1291
      3626,      2734,      3948,      2735,        10
      3627,        10,      2735,      3947,      2733
      3628,      1291,        10,      2733,      3031
      3629,      3593,      2288,         9,      2268
      3630,      2288,      3613,      2289,         9
      3631,         9,      2289,      3612,      2285
      3632,      2268,         9,      2285,      3606
      3633,      2919,      1143,         8,      1292
      3634,      1143,      2918,      1291,         8
      3635,         8,      1291,      3031,      1293
      3636,      1292,         8,      1293,      3032
      3637,      3330,      1798,         7,      1797
      3638,      1798,      3329,      1794,         7
      3639,         7,      1794,      3156,      1759
      3640,      1797,         7,      1759,      3317
      3641,      3594,      2236,         6,      2265
      3642,      2236,      3593,      2268,         6
      3643,         6,      2268,      3606,      2269
      3644,      2265,         6,      2269,      3605
      3645,      3163,      1490,         5,      1788
      3646,      1490,      3155,      1791,         5
      3647,         5,      1791,      3328,      1792
      3648,      1788,         5,      1792,      3327
      3649,      3155,      1482,         4,      1791
      3650,      1482,      3156,      1794,         4
      3651,         4,      1794,      3329,      1795
      3652,      1791,         4,      1795,      3328
      3653,      2924,      1155,         3,      1294
      3654,      1155,      2919,      1292,         3
      3655,         3,      1292,      3032,      1295
      3656,      1294,         3,      1295,      3033
      3657,      3601,      2254,         2,      2262
      3658,      2254,      3594,      2265,         2
      3659,         2,      2265,      3605,      2266
      3660,      2262,         2,      2266,      3604
      3661,      2942,      1189,         1,      1308
      3662,      1189,      2954,      1306,         1
      3663,         1,      1306,      3039,      1309
      3664,      1308,         1,      1309,      3040
*****
