**
**   Template:  2D Helmholtz solver
**
*NODE
         1,  -4.990935788724,  0.1048635528159,  0.0            
         2,  -4.965012283265,  0.2069745066619,  0.0            
         3,  -4.924785142325,  0.3046071309436,  0.0            
         4,  -4.873188310586,  0.3966881579479,  0.0            
         5,  -4.812787589904,  0.4830695077702,  0.0            
         6,  -4.745430767897,  0.5642238069235,  0.0            
         7,  -4.672564141988,  0.6405985615814,  0.0            
         8,  -4.595336440688,  0.712592548323 ,  0.0            
         9,  -4.514662887906,  0.7805635705912,  0.0            
        10,  -4.431180412946,  0.8449029960873,  0.0            
        11,  -4.345313625578,  0.9059951633987,  0.0            
        12,  -4.257401256044,  0.9641512508156,  0.0            
        13,  -4.167720102764,  1.0196260871307,  0.0            
        14,  -4.076499921688,  1.0726313785626,  0.0            
        15,  -3.983933955911,  1.1233452205971,  0.0            
        16,  -3.890186644574,  1.1719190442597,  0.0            
        17,  -3.795399403014,  1.218482790408 ,  0.0            
        18,  -3.699694917486,  1.2631488936982,  0.0            
        19,  -3.603180551165,  1.3060153139423,  0.0            
        20,  -3.505950957088,  1.3471679398506,  0.0            
        21,  -3.40808806936 ,  1.3866833165319,  0.0            
        22,  -3.309628207418,  1.4246430123657,  0.0            
        23,  -3.21060928638 ,  1.4611153044251,  0.0            
        24,  -3.111073815078,  1.496156601534 ,  0.0            
        25,  -3.011060008424,  1.5298165247733,  0.0            
        26,  -2.910602398427,  1.5621388071725,  0.0            
        27,  -2.809732339371,  1.5931620359884,  0.0            
        28,  -2.708478428853,  1.622920269424 ,  0.0            
        29,  -2.606866861306,  1.6514435522441,  0.0            
        30,  -2.504921726874,  1.678758349256 ,  0.0            
        31,  -2.402665265736,  1.7048879115024,  0.0            
        32,  -2.300118085818,  1.7298525868892,  0.0            
        33,  -2.197299350247,  1.753670084577 ,  0.0            
        34,  -2.094226939631,  1.7763557006107,  0.0            
        35,  -1.990917593288,  1.7979225108195,  0.0            
        36,  -1.88738703278 ,  1.8183815358803,  0.0            
        37,  -1.7836500705  ,  1.8377418825343,  0.0            
        38,  -1.679720705594,  1.8560108642276,  0.0            
        39,  -1.575612209085,  1.8731941038611,  0.0            
        40,  -1.471337199801,  1.8892956208656,  0.0            
        41,  -1.366907712405,  1.9043179044275,  0.0            
        42,  -1.26233525866 ,  1.9182619743746,  0.0            
        43,  -1.157630882872,  1.9311274309617,  0.0            
        44,  -1.052805212332,  1.9429124945748,  0.0            
        45,  -0.947868503445,  1.9536140361813,  0.0            
        46,  -0.842830684155,  1.96322759919  ,  0.0            
        47,  -0.737701393196,  1.9717474132439,  0.0            
        48,  -0.632490016626,  1.9791664003428,  0.0            
        49,  -0.527205722065,  1.9854761735779,  0.0            
        50,  -0.421857490984,  1.990667028663 ,  0.0            
        51,  -0.316454149395,  1.9947279283424,  0.0            
        52,  -0.211004397238,  1.9976464796728,  0.0            
        53,  -0.10551680515 ,  1.9994089044323,  0.0            
        54,  -4.606425395621,  0.6093627008527,  0.0            
        55,  -4.536017962495,  0.6798782995912,  0.0            
        56,  -4.67216477933 ,  0.5348417846089,  0.0            
        57,  -4.461235092341,  0.7465123135546,  0.0            
        58,  -4.732768186551,  0.4560123134944,  0.0            
        59,  -4.382781057859,  0.809611533138 ,  0.0            
        60,  -4.78657123404 ,  0.372701878682 ,  0.0            
        61,  -4.300692164162,  0.8693307315355,  0.0            
        62,  -4.215088948447,  0.9251965347379,  0.0            
        63,  -4.474120234012,  0.6514447462146,  0.0            
        64,  -4.537564138273,  0.5829272122774,  0.0            
        65,  -4.405810119579,  0.7162575934493,  0.0            
        66,  -4.831850718284,  0.2845614149045,  0.0            
        67,  -4.596527762913,  0.5106804030586,  0.0            
        68,  -4.12717096668 ,  0.9776314800981,  0.0            
        69,  -4.333017211144,  0.7776638071466,  0.0            
        70,  -4.255343895943,  0.8352916410588,  0.0            
        71,  -4.650922530685,  0.4344907393774,  0.0            
        72,  -4.866451011425,  0.1926052458538,  0.0            
        73,  -4.037476446375,  1.0270734543656,  0.0            
        74,  -4.698834545816,  0.3543561746484,  0.0            
        75,  -4.172587216957,  0.8879623822903,  0.0            
        76,  -4.411376701612,  0.6251155059467,  0.0            
        77,  -4.349794450544,  0.6880620721904,  0.0            
        78,  -4.283093161229,  0.7476691930375,  0.0            
        79,  -4.468072823855,  0.5586335870821,  0.0            
        80,  -4.087064598806,  0.936463661324 ,  0.0            
        81,  -4.210120622912,  0.8029056513347,  0.0            
        82,  -4.738797626504,  0.2699077010163,  0.0            
        83,  -4.520678611309,  0.4887070998662,  0.0            
        84,  -3.94605738694 ,  1.0734693003054,  0.0            
        85,  -4.569156041327,  0.4151477328626,  0.0            
        86,  -3.99983631985 ,  0.9817211031518,  0.0            
        87,  -4.888864696956,  0.0972433887145,  0.0            
        88,  -4.130213536659,  0.8519134340443,  0.0            
        89,  -4.769038354604,  0.1823240040182,  0.0            
        90,  -4.294946970482,  0.6614609144825,  0.0            
        91,  -4.234903458491,  0.7194392143277,  0.0            
        92,  -4.349408611552,  0.6001475473228,  0.0            
        93,  -4.611540169876,  0.3380367225803,  0.0            
        94,  -3.853330695715,  1.1170531554304,  0.0            
        95,  -4.166831862656,  0.7722963575618,  0.0            
        96,  -4.046851608064,  0.8959547470237,  0.0            
        97,  -4.399364173721,  0.53552578892  ,  0.0            
        98,  -3.910591021496,  1.0236978387614,  0.0            
        99,  -4.445811657024,  0.4678015692201,  0.0            
       100,  -4.646598171148,  0.2571178387787,  0.0            
       101,  -4.089349675289,  0.8173263374907,  0.0            
       102,  -3.961963990565,  0.9366958023094,  0.0            
       103,  -3.759823088416,  1.1584087257836,  0.0            
       104,  -4.488419978367,  0.3967836122022,  0.0            
       105,  -4.125145047502,  0.7429125408409,  0.0            
       106,  -4.187602009036,  0.6920583859661,  0.0            
       107,  -4.788787288859,  0.0917569744549,  0.0            
       108,  -4.240204616651,  0.6355742699382,  0.0            
       109,  -3.819515684092,  1.0626720965058,  0.0            
       110,  -4.287337124034,  0.5758842717148,  0.0            
       111,  -4.007516801076,  0.8566233988843,  0.0            
       112,  -3.875167186706,  0.9744070737709,  0.0            
       113,  -4.672895927661,  0.173412677909 ,  0.0            
       114,  -4.525291942879,  0.3225534837157,  0.0            
       115,  -4.330674492524,  0.5131452354816,  0.0            
       116,  -3.665717803758,  1.1981001582515,  0.0            
       117,  -4.049650820641,  0.7836093610845,  0.0            
       118,  -4.371113719573,  0.4475776192321,  0.0            
       119,  -3.924432896485,  0.8928609398681,  0.0            
       120,  -3.727322892783,  1.0993961802676,  0.0            
       121,  -4.08696200029 ,  0.7160575587102,  0.0            
       122,  -4.14070781365 ,  0.6665341008727,  0.0            
       123,  -4.555497925486,  0.2450382565999,  0.0            
       124,  -4.183819715179,  0.6122249989968,  0.0            
       125,  -3.786304089529,  1.0092459979435,  0.0            
       126,  -4.407891559913,  0.3790833327443,  0.0            
       127,  -3.969012125503,  0.817692861517 ,  0.0            
       128,  -3.571083952329,  1.2364347770794,  0.0            
       129,  -4.2235978171  ,  0.554349689364 ,  0.0            
       130,  -4.689977709343,  0.0871330798158,  0.0            
       131,  -3.839934516701,  0.9266340044302,  0.0            
       132,  -4.012902402014,  0.7505044909824,  0.0            
       133,  -3.634543290272,  1.1345784297613,  0.0            
       134,  -4.260617402522,  0.49337840486  ,  0.0            
       135,  -4.577840290986,  0.1650200756817,  0.0            
       136,  -4.439305835514,  0.3076561723151,  0.0            
       137,  -4.054070132489,  0.6928284648263,  0.0            
       138,  -4.084903366698,  0.6499258151644,  0.0            
       139,  -3.887335990167,  0.849154565308 ,  0.0            
       140,  -3.695919531052,  1.0418540114397,  0.0            
       141,  -3.475945687555,  1.2735570222331,  0.0            
       142,  -4.295310674316,  0.4296760182182,  0.0            
       143,  -4.119337996239,  0.5989325019164,  0.0            
       144,  -3.753604260804,  0.9579172531417,  0.0            
       145,  -3.934733119596,  0.7780549423098,  0.0            
       146,  -4.464691030307,  0.2334493252992,  0.0            
       147,  -3.541414860313,  1.168641624463 ,  0.0            
       148,  -4.326466597033,  0.3634318202167,  0.0            
       149,  -4.153343200154,  0.5423602613841,  0.0            
       150,  -3.99050433166 ,  0.7115201223522,  0.0            
       151,  -3.804724280312,  0.8788546568516,  0.0            
       152,  -4.592007338918,  0.082844105188 ,  0.0            
       153,  -4.009821242777,  0.659915078514 ,  0.0            
       154,  -3.604744964216,  1.0729124479494,  0.0            
       155,  -3.380332971107,  1.3095244883206,  0.0            
       156,  -4.18528965053 ,  0.4822928727902,  0.0            
       157,  -4.042029963746,  0.6046387675175,  0.0            
       158,  -3.66561262071 ,  0.987034796406 ,  0.0            
       159,  -3.85471810073 ,  0.8045857830461,  0.0            
       160,  -4.352666712041,  0.294494828497 ,  0.0            
       161,  -4.483045964751,  0.1569921107456,  0.0            
       162,  -3.44800095148 ,  1.2017827663713,  0.0            
       163,  -3.916967451309,  0.7328857868326,  0.0            
       164,  -4.21521112869 ,  0.4194892468705,  0.0            
       165,  -3.720743483748,  0.9065963526896,  0.0            
       166,  -4.073477518481,  0.5464361958934,  0.0            
       167,  -3.284262412233,  1.3443499715884,  0.0            
       168,  -3.930145960009,  0.6788446757735,  0.0            
       169,  -3.513227307862,  1.1029204427977,  0.0            
       170,  -4.373437822372,  0.223228359335 ,  0.0            
       171,  -3.773545111965,  0.8301584391095,  0.0            
       172,  -4.24181313345 ,  0.3544056621618,  0.0            
       173,  -4.102427567286,  0.4854407755006,  0.0            
       174,  -3.576514261967,  1.0144794403132,  0.0            
       175,  -3.958892364296,  0.62030870301  ,  0.0            
       176,  -3.354300546145,  1.234070393539 ,  0.0            
       177,  -3.837910826915,  0.7551551164123,  0.0            
       178,  -3.635298315642,  0.9323757653039,  0.0            
       179,  -4.49421038507 ,  0.0787777682234,  0.0            
       180,  -3.98856350154 ,  0.5597367351058,  0.0            
       181,  -4.129154477672,  0.4219499571287,  0.0            
       182,  -3.187680484725,  1.3780076480678,  0.0            
       183,  -4.263792362478,  0.2868590071894,  0.0            
       184,  -3.421536860157,  1.1321590700859,  0.0            
       185,  -3.848117180933,  0.6984569590931,  0.0            
       186,  -4.387930522798,  0.1499264547028,  0.0            
       187,  -3.691304466826,  0.8543627879768,  0.0            
       188,  -3.486815235657,  1.0406939456285,  0.0            
       189,  -4.015482654101,  0.4969395605807,  0.0            
       190,  -3.873947768327,  0.637584820164 ,  0.0            
       191,  -4.152784212794,  0.356184705342 ,  0.0            
       192,  -3.756941159707,  0.7769917864407,  0.0            
       193,  -3.260309700318,  1.2654953938664,  0.0            
       194,  -3.548648567655,  0.9564571655261,  0.0            
       195,  -4.280736189568,  0.2172485670649,  0.0            
       196,  -3.090502620565,  1.4103704336597,  0.0            
       197,  -3.901871555134,  0.5747978308092,  0.0            
       198,  -3.608030375169,  0.8769585435328,  0.0            
       199,  -3.329681713306,  1.1607294261877,  0.0            
       200,  -3.765130559517,  0.7174318108291,  0.0            
       201,  -4.039895214547,  0.4318619602849,  0.0            
       202,  -4.396155311447,  0.0752237299053,  0.0            
       203,  -4.172015200359,  0.2881830488262,  0.0            
       204,  -3.396852527428,  1.0660439891404,  0.0            
       205,  -3.675034854425,  0.7978586999646,  0.0            
       206,  -3.165982794283,  1.2959931454031,  0.0            
       207,  -3.788440142409,  0.6542044763758,  0.0            
       208,  -3.927161674226,  0.5101229734281,  0.0            
       209,  -3.461148788018,  0.979234629912 ,  0.0            
       210,  -4.291914746106,  0.1457907105793,  0.0            
       211,  -4.061469439649,  0.3644037259387,  0.0            
       212,  -2.992616325286,  1.4412210822466,  0.0            
       213,  -3.523697709056,  0.8979777154828,  0.0            
       214,  -3.237640735227,  1.18863174613  ,  0.0            
       215,  -3.681526484782,  0.7355606027634,  0.0            
       216,  -3.814481601836,  0.5892845656417,  0.0            
       217,  -4.186389710049,  0.2181063498432,  0.0            
       218,  -3.949643577017,  0.443258023681 ,  0.0            
       219,  -3.592556324818,  0.8174332907546,  0.0            
       220,  -3.306732969894,  1.0907341683954,  0.0            
       221,  -3.071229244034,  1.325380962316 ,  0.0            
       222,  -4.078862508858,  0.2948540047875,  0.0            
       223,  -3.702342002863,  0.6699839592482,  0.0            
       224,  -3.373161330961,  1.0010620735186,  0.0            
       225,  -3.838143326293,  0.5227743858432,  0.0            
       226,  -4.297542026681,  0.0731418737882,  0.0            
       227,  -3.438377159745,  0.9175934169599,  0.0            
       228,  -3.145374782674,  1.2157687085105,  0.0            
       229,  -2.893984422696,  1.4703851486696,  0.0            
       230,  -3.969372067908,  0.3739784485131,  0.0            
       231,  -4.19518644331 ,  0.1463633844174,  0.0            
       232,  -3.597653420066,  0.7526732668055,  0.0            
       233,  -3.726323479613,  0.6029465835547,  0.0            
       234,  -3.509349759219,  0.8356700667867,  0.0            
       235,  -3.216461005639,  1.1148184199223,  0.0            
       236,  -2.975855791583,  1.3533419152296,  0.0            
       237,  -4.091416953561,  0.2230626066008,  0.0            
       238,  -3.858823537962,  0.4541377887421,  0.0            
       239,  -3.284862243551,  1.022130574707 ,  0.0            
       240,  -3.615958092418,  0.6848556080034,  0.0            
       241,  -3.985189074342,  0.3026408016537,  0.0            
       242,  -3.748378613322,  0.5345500323064,  0.0            
       243,  -3.052805363873,  1.2418862485508,  0.0            
       244,  -3.352364027178,  0.9361438602167,  0.0            
       245,  -3.513382612008,  0.7686919003453,  0.0            
       246,  -2.794728009721,  1.49785377784  ,  0.0            
       247,  -4.19872251287 ,  0.0733998147415,  0.0            
       248,  -3.425316652744,  0.8526795793388,  0.0            
       249,  -3.876773596833,  0.3831192785193,  0.0            
       250,  -3.637624333743,  0.6157753234408,  0.0            
       251,  -3.126008249748,  1.1382392057459,  0.0            
       252,  -4.098417716752,  0.1497619765754,  0.0            
       253,  -2.879592732763,  1.3795503142136,  0.0            
       254,  -3.767394688153,  0.4641875871068,  0.0            
       255,  -3.196360832051,  1.0425517631365,  0.0            
       256,  -3.996219592403,  0.2288984315668,  0.0            
       257,  -3.529246522478,  0.6988338342992,  0.0            
       258,  -2.959768722897,  1.2666157922699,  0.0            
       259,  -3.265818542321,  0.953916772065 ,  0.0            
       260,  -3.657930458178,  0.5454634882201,  0.0            
       261,  -3.8910725009  ,  0.3100414114168,  0.0            
       262,  -3.428596576979,  0.7835752155237,  0.0            
       263,  -3.340535203401,  0.8686358374315,  0.0            
       264,  -2.694809517818,  1.5239042131405,  0.0            
       265,  -3.035334643402,  1.1608545765479,  0.0            
       266,  -3.783615685552,  0.3915004286956,  0.0            
       267,  -2.78244329271 ,  1.4038403582497,  0.0            
       268,  -3.548435909581,  0.6278207476255,  0.0            
       269,  -4.100169411012,  0.0750591328654,  0.0            
       270,  -4.001716675661,  0.1537607987826,  0.0            
       271,  -3.107670529687,  1.0623468529328,  0.0            
       272,  -3.675320478509,  0.4734268915224,  0.0            
       273,  -3.442189210315,  0.7118929471041,  0.0            
       274,  -2.865864015799,  1.2896957182456,  0.0            
       275,  -3.178935305458,  0.9710290875264,  0.0            
       276,  -3.900680756263,  0.2344663629736,  0.0            
       277,  -3.343224087184,  0.7974457626888,  0.0            
       278,  -3.255021789647,  0.8836743877582,  0.0            
       279,  -3.566821831093,  0.5556322622825,  0.0            
       280,  -3.796395495461,  0.3167835458017,  0.0            
       281,  -2.94435147996 ,  1.1824315377742,  0.0            
       282,  -2.594529675121,  1.5490618252276,  0.0            
       283,  -2.68408817262 ,  1.4266425642912,  0.0            
       284,  -3.458849871759,  0.6390553318157,  0.0            
       285,  -3.018784820894,  1.0814373586564,  0.0            
       286,  -3.689851365988,  0.3991237576763,  0.0            
       287,  -4.001856018066,  0.0770318772109,  0.0            
       288,  -3.354753268762,  0.7240085747318,  0.0            
       289,  -2.77103119627 ,  1.3110123063167,  0.0            
       290,  -3.091754452113,  0.9874729322712,  0.0            
       291,  -3.904810931897,  0.1575540257729,  0.0            
       292,  -3.582590831465,  0.4819659264712,  0.0            
       293,  -3.257174156093,  0.8104743464881,  0.0            
       294,  -3.168991728117,  0.8979354978838,  0.0            
       295,  -3.804651755464,  0.239547903948 ,  0.0            
       296,  -2.85258245636 ,  1.2027319492899,  0.0            
       297,  -3.475156871687,  0.5650746617811,  0.0            
       298,  -2.49361890572 ,  1.5739660347276,  0.0            
       299,  -3.701109217406,  0.3228732010964,  0.0            
       300,  -2.92965834585 ,  1.0996769957256,  0.0            
       301,  -2.585046446517,  1.4488828896354,  0.0            
       302,  -3.368898551945,  0.6494523813929,  0.0            
       303,  -3.595492443558,  0.406098411593 ,  0.0            
       304,  -3.266853325559,  0.7352293999616,  0.0            
       305,  -2.67451700641 ,  1.3310482349686,  0.0            
       306,  -3.004363726994,  1.0032327087303,  0.0            
       307,  -3.170545509382,  0.8227221852999,  0.0            
       308,  -3.48925847867 ,  0.4898199304225,  0.0            
       309,  -3.903497590299,  0.0789273893496,  0.0            
       310,  -3.082490493518,  0.9115162908511,  0.0            
       311,  -3.807527949827,  0.1609791653387,  0.0            
       312,  -2.759963557987,  1.2215162383906,  0.0            
       313,  -2.392302349611,  1.5985366340119,  0.0            
       314,  -3.38300138541 ,  0.5737457260028,  0.0            
       315,  -3.708067927988,  0.2441323775783,  0.0            
       316,  -2.839778183527,  1.1169556419742,  0.0            
       317,  -2.484858342043,  1.4716968211691,  0.0            
       318,  -3.605259503869,  0.3283967722176,  0.0            
       319,  -3.278588520451,  0.6590594341904,  0.0            
       320,  -2.916764639986,  1.0183039209674,  0.0            
       321,  -3.17847145429 ,  0.7456498075817,  0.0            
       322,  -2.576960706421,  1.3508176747257,  0.0            
       323,  -3.083329804352,  0.8341574484444,  0.0            
       324,  -3.500572854727,  0.4124627207635,  0.0            
       325,  -2.995688372207,  0.9244600528078,  0.0            
       326,  -2.66531779239 ,  1.2392382990636,  0.0            
       327,  -3.395350228189,  0.4969428119388,  0.0            
       328,  -2.290444237498,  1.6226162640223,  0.0            
       329,  -3.804946853172,  0.0806633232993,  0.0            
       330,  -3.709791220729,  0.1640303174881,  0.0            
       331,  -2.749150943215,  1.1331134513965,  0.0            
       332,  -3.290433898521,  0.5816789697138,  0.0            
       333,  -3.610974893968,  0.2482713809886,  0.0            
       334,  -2.384136571782,  1.4948606076911,  0.0            
       335,  -3.187906942168,  0.6679041732003,  0.0            
       336,  -2.828423021725,  1.0326723856443,  0.0            
       337,  -3.508886822714,  0.3333854356482,  0.0            
       338,  -3.08956290495 ,  0.7553134641304,  0.0            
       339,  -2.47760554504 ,  1.3717357785372,  0.0            
       340,  -2.995666921928,  0.8448226753068,  0.0            
       341,  -2.908611710017,  0.936778922269 ,  0.0            
       342,  -3.405114372734,  0.418191810373 ,  0.0            
       343,  -2.569385595657,  1.2569472367671,  0.0            
       344,  -2.188356912092,  1.646018895127 ,  0.0            
       345,  -3.300945171318,  0.5033601701796,  0.0            
       346,  -2.656249675524,  1.1485996813711,  0.0            
       347,  -3.706141480984,  0.0822251160916,  0.0            
       348,  -3.197458852704,  0.5889350037314,  0.0            
       349,  -2.28262274082 ,  1.5180310665785,  0.0            
       350,  -3.611639517986,  0.1667543552752,  0.0            
       351,  -2.739389365759,  1.0462192560025,  0.0            
       352,  -3.096838852858,  0.6759498094396,  0.0            
       353,  -3.513409816268,  0.2519961212247,  0.0            
       354,  -3.000169514046,  0.7642539459786,  0.0            
       355,  -2.377490723048,  1.3934809408955,  0.0            
       356,  -2.907586828666,  0.8548189656479,  0.0            
       357,  -2.820765003766,  0.9484817461143,  0.0            
       358,  -3.412033968368,  0.3378143557236,  0.0            
       359,  -2.470999744945,  1.2761910915304,  0.0            
       360,  -3.309156120936,  0.4233042316147,  0.0            
       361,  -2.086073159332,  1.6687309574378,  0.0            
       362,  -2.561914951976,  1.164376402932 ,  0.0            
       363,  -3.206057131713,  0.5091233721099,  0.0            
       364,  -2.18089763708 ,  1.5408666760245,  0.0            
       365,  -2.647880086816,  1.0594274835106,  0.0            
       366,  -3.104126039077,  0.5955127937972,  0.0            
       367,  -3.60709961175 ,  0.0836239301268,  0.0            
       368,  -3.005356159929,  0.6832186646971,  0.0            
       369,  -3.513110203424,  0.1691841400646,  0.0            
       370,  -2.732247305083,  0.9595196268052,  0.0            
       371,  -2.910292039727,  0.772491152414 ,  0.0            
       372,  -2.276245983548,  1.4156193528189,  0.0            
       373,  -2.818684387747,  0.8642320081546,  0.0            
       374,  -3.415419483957,  0.2553037750664,  0.0            
       375,  -2.371587905025,  1.2965166188754,  0.0            
       376,  -3.314718132255,  0.3416889348886,  0.0            
       377,  -1.983617741312,  1.6907194109454,  0.0            
       378,  -2.464525366012,  1.1819961210623,  0.0            
       379,  -3.212696770631,  0.427832884826 ,  0.0            
       380,  -2.554847505538,  1.0732884764762,  0.0            
       381,  -2.07897687962 ,  1.5633346913242,  0.0            
       382,  -3.110761460399,  0.5142358724993,  0.0            
       383,  -3.010425915672,  0.601396060931 ,  0.0            
       384,  -2.641224709033,  0.9704368354237,  0.0            
       385,  -2.174752311735,  1.4376967458608,  0.0            
       386,  -2.913436828843,  0.6897794992428,  0.0            
       387,  -2.819577884949,  0.7800455626318,  0.0            
       388,  -2.72909353596 ,  0.8730514314399,  0.0            
       389,  -3.507841497374,  0.0848712306193,  0.0            
       390,  -3.414249089745,  0.1713243450151,  0.0            
       391,  -2.270639379883,  1.3174341159214,  0.0            
       392,  -3.317017789185,  0.2581913232813,  0.0            
       393,  -1.88093122266 ,  1.7119381070513,  0.0            
       394,  -3.216926486278,  0.3450367790825,  0.0            
       395,  -2.365853129592,  1.2008681655143,  0.0            
       396,  -3.115792101492,  0.4317770038683,  0.0            
       397,  -1.976946124227,  1.5853790634338,  0.0            
       398,  -2.458304944394,  1.089349336416 ,  0.0            
       399,  -3.015061359649,  0.5186936840388,  0.0            
       400,  -2.548699924004,  0.9823395530954,  0.0            
       401,  -2.07300573042 ,  1.4596679928247,  0.0            
       402,  -2.916367392169,  0.6065753064459,  0.0            
       403,  -2.637201579194,  0.8817892205859,  0.0            
       404,  -2.820770006735,  0.6956827232372,  0.0            
       405,  -2.728139354876,  0.7869070077635,  0.0            
       406,  -2.169364153651,  1.3384051760872,  0.0            
       407,  -1.777695523312,  1.7321284627123,  0.0            
       408,  -3.408394580958,  0.0859716404455,  0.0            
       409,  -3.315070931855,  0.1731726936795,  0.0            
       410,  -3.218192082198,  0.2606565067734,  0.0            
       411,  -2.265220747198,  1.2204700647178,  0.0            
       412,  -1.874778274619,  1.6068995109823,  0.0            
       413,  -3.118694237433,  0.3478724613075,  0.0            
       414,  -2.360272695839,  1.1068069701297,  0.0            
       415,  -3.01844457804 ,  0.4351164466539,  0.0            
       416,  -2.452544383554,  0.9968238689278,  0.0            
       417,  -1.971183555599,  1.4814379848871,  0.0            
       418,  -2.918993721502,  0.5225185955004,  0.0            
       419,  -2.543985098585,  0.8917350319115,  0.0            
       420,  -2.821709000365,  0.6110493618427,  0.0            
       421,  -2.634700023302,  0.7935561751175,  0.0            
       422,  -2.727420768955,  0.700878772734 ,  0.0            
       423,  -1.67391918941 ,  1.7503643437873,  0.0            
       424,  -2.067746998614,  1.3593784690805,  0.0            
       425,  -2.164176131381,  1.2402045748525,  0.0            
       426,  -3.308768662944,  0.0869241193777,  0.0            
       427,  -1.772117045336,  1.6274327610081,  0.0            
       428,  -3.21557251732 ,  0.1747290171135,  0.0            
       429,  -3.118964310891,  0.2626878858302,  0.0            
       430,  -2.259928601605,  1.125031866302 ,  0.0            
       431,  -3.020011248131,  0.3501963172334,  0.0            
       432,  -1.869303332117,  1.5028541464196,  0.0            
       433,  -2.354844334871,  1.0128903752652,  0.0            
       434,  -2.920697820908,  0.4378483974529,  0.0            
       435,  -2.447509333668,  0.9046541595404,  0.0            
       436,  -2.822415128978,  0.5257250930701,  0.0            
       437,  -1.966067551443,  1.3802263106914,  0.0            
       438,  -2.540142347375,  0.801505316166 ,  0.0            
       439,  -2.726481672497,  0.6147492281709,  0.0            
       440,  -2.632409920294,  0.7056986003843,  0.0            
       441,  -1.569668507629,  1.7658330711715,  0.0            
       442,  -2.062696174281,  1.260013822944 ,  0.0            
       443,  -1.668987784226,  1.6453612143302,  0.0            
       444,  -2.159096255531,  1.1433871603115,  0.0            
       445,  -3.20896607763 ,  0.0877243235637,  0.0            
       446,  -3.115763826668,  0.1759911951976,  0.0            
       447,  -1.767059343555,  1.523292637775 ,  0.0            
       448,  -3.01931668953 ,  0.2642730255822,  0.0            
       449,  -2.254698114599,  1.0297302916043,  0.0            
       450,  -2.920925923663,  0.3520202152353,  0.0            
       451,  -2.349668340692,  0.9193818910886,  0.0            
       452,  -2.82248672762 ,  0.439976970724 ,  0.0            
       453,  -1.864360374213,  1.4007773190722,  0.0            
       454,  -2.442940895447,  0.8127692771236,  0.0            
       455,  -2.725367175136,  0.528207371405 ,  0.0            
       456,  -2.629962120238,  0.6179297929565,  0.0            
       457,  -2.536462770081,  0.7117762631372,  0.0            
       458,  -1.961163626542,  1.2797442947674,  0.0            
       459,  -1.465429478581,  1.7792781350637,  0.0            
       460,  -1.565219444154,  1.6593159164696,  0.0            
       461,  -2.057750527689,  1.1618239654296,  0.0            
       462,  -1.664469570852,  1.5407182193715,  0.0            
       463,  -3.108988609978,  0.0883640281356,  0.0            
       464,  -2.154030571814,  1.0466892965071,  0.0            
       465,  -3.015629568803,  0.1769561261307,  0.0            
       466,  -2.919299682636,  0.2654215231416,  0.0            
       467,  -2.249574402415,  0.934841512966 ,  0.0            
       468,  -1.762366656246,  1.4203864918204,  0.0            
       469,  -2.821434493226,  0.3533440943132,  0.0            
       470,  -2.344658651113,  0.8261049619706,  0.0            
       471,  -2.723853386261,  0.441404576551 ,  0.0            
       472,  -2.627389932606,  0.5300957439864,  0.0            
       473,  -2.43848500653 ,  0.7214043288002,  0.0            
       474,  -1.859610624028,  1.2992189584264,  0.0            
       475,  -2.532700271352,  0.622293329304 ,  0.0            
       476,  -1.361148880854,  1.7916410205079,  0.0            
       477,  -1.956359578816,  1.1801936456569,  0.0            
       478,  -1.461294390122,  1.6706274108372,  0.0            
       479,  -2.052816040389,  1.0637246279562,  0.0            
       480,  -1.561198153988,  1.5534360507545,  0.0            
       481,  -1.66010279084 ,  1.4369842519674,  0.0            
       482,  -3.008827429921,  0.0888367515401,  0.0            
       483,  -2.148996897219,  0.950382555477 ,  0.0            
       484,  -2.915204501786,  0.1776302163156,  0.0            
       485,  -2.818945880116,  0.2661381544918,  0.0            
       486,  -2.244517625599,  0.840160919137 ,  0.0            
       487,  -2.721570235739,  0.354052279845 ,  0.0            
       488,  -1.757805286282,  1.3178000290029,  0.0            
       489,  -2.339700948578,  0.7333319503339,  0.0            
       490,  -2.624584589464,  0.4422173866874,  0.0            
       491,  -2.433983811053,  0.6303207534798,  0.0            
       492,  -2.528868657724,  0.5330423081451,  0.0            
       493,  -1.854947948091,  1.1983375577254,  0.0            
       494,  -1.25683699947 ,  1.8032245576433,  0.0            
       495,  -1.951560756216,  1.0807107792994,  0.0            
       496,  -1.357159788383,  1.6808886190331,  0.0            
       497,  -1.457619696757,  1.5631134145277,  0.0            
       498,  -2.047904460115,  0.9659752342794,  0.0            
       499,  -1.557179236872,  1.4488429735965,  0.0            
       500,  -2.908497780594,  0.0891459658858,  0.0            
       501,  -2.14397357498 ,  0.8542765473488,  0.0            
       502,  -2.814531995897,  0.1780051005664,  0.0            
       503,  -1.655762275787,  1.3334832258803,  0.0            
       504,  -2.718277491293,  0.2663329623758,  0.0            
       505,  -2.239487714915,  0.7459727503807,  0.0            
       506,  -2.621304856162,  0.3541642829691,  0.0            
       507,  -2.334720336859,  0.6408046750113,  0.0            
       508,  -1.753301788415,  1.2156656148127,  0.0            
       509,  -2.42944264661 ,  0.5395983628073,  0.0            
       510,  -2.52492912588 ,  0.4439687042645,  0.0            
       511,  -1.850283995509,  1.0975101472903,  0.0            
       512,  -1.152428994102,  1.81411083067  ,  0.0            
       513,  -1.252968145305,  1.6906025498962,  0.0            
       514,  -1.946772670308,  0.9815342437854,  0.0            
       515,  -1.353690613938,  1.5717398415923,  0.0            
       516,  -1.453892521914,  1.4576608667404,  0.0            
       517,  -2.042993918074,  0.8684201049195,  0.0            
       518,  -2.808032940166,  0.0892886872592,  0.0            
       519,  -1.553095269215,  1.3445962360917,  0.0            
       520,  -2.138959900666,  0.7586533079632,  0.0            
       521,  -2.713616264112,  0.1780008859619,  0.0            
       522,  -1.651433075943,  1.2303303587787,  0.0            
       523,  -2.234442054727,  0.6520051901188,  0.0            
       524,  -2.617373543353,  0.2660085924528,  0.0            
       525,  -2.329724862575,  0.5486394841618,  0.0            
       526,  -2.424857217781,  0.4491389381872,  0.0            
       527,  -2.520757570246,  0.3550379221165,  0.0            
       528,  -1.74879247533 ,  1.1135756574946,  0.0            
       529,  -1.047944955982,  1.8243203593041,  0.0            
       530,  -1.845619093049,  0.9969436428316,  0.0            
       531,  -1.148685742452,  1.6998936307448,  0.0            
       532,  -1.249657460927,  1.579961698993 ,  0.0            
       533,  -1.941976566904,  0.8825401653102,  0.0            
       534,  -1.350208723877,  1.4654412083567,  0.0            
       535,  -2.03808957589 ,  0.7713374895378,  0.0            
       536,  -1.450059999006,  1.3527657437078,  0.0            
       537,  -2.707427104854,  0.0892302130962,  0.0            
       538,  -2.133937653602,  0.6632365152595,  0.0            
       539,  -2.612547610315,  0.1775938333943,  0.0            
       540,  -1.548984910594,  1.240782324603 ,  0.0            
       541,  -2.229391556329,  0.5583756349933,  0.0            
       542,  -2.324719966615,  0.4567132204078,  0.0            
       543,  -1.647096018634,  1.127211687905 ,  0.0            
       544,  -2.516250403651,  0.266274229077 ,  0.0            
       545,  -2.420171422076,  0.3589383999331,  0.0            
       546,  -1.744274238744,  1.011698770803 ,  0.0            
       547,  -0.943396191429,  1.8338595787705,  0.0            
       548,  -1.04436188457 ,  1.708807172828 ,  0.0            
       549,  -1.840939031759,  0.8965376878111,  0.0            
       550,  -1.145531912332,  1.5879507403427,  0.0            
       551,  -1.937182656382,  0.7839921023286,  0.0            
       552,  -1.246402266193,  1.4728314699641,  0.0            
       553,  -2.033182360126,  0.6744515544925,  0.0            
       554,  -1.346631514438,  1.3599093284376,  0.0            
       555,  -2.128919789171,  0.5681397259732,  0.0            
       556,  -2.606708470158,  0.0889561086428,  0.0            
       557,  -1.446191599885,  1.2485065349946,  0.0            
       558,  -2.224336692935,  0.4649432297082,  0.0            
       559,  -2.511272470876,  0.1775609442446,  0.0            
       560,  -2.31969341794 ,  0.3650131211062,  0.0            
       561,  -2.415326929714,  0.2690245180347,  0.0            
       562,  -1.544866580154,  1.1369914801408,  0.0            
       563,  -1.642746178276,  1.0242550705118,  0.0            
       564,  -0.838791214596,  1.8427275033153,  0.0            
       565,  -1.739736710966,  0.9099541651456,  0.0            
       566,  -0.940008463282,  1.7173601612405,  0.0            
       567,  -1.041384825789,  1.5957810146266,  0.0            
       568,  -1.836258340663,  0.7965246814831,  0.0            
       569,  -1.142506497534,  1.4800329482782,  0.0            
       570,  -1.932390857107,  0.6856255883042,  0.0            
       571,  -1.243082342549,  1.3666470254266,  0.0            
       572,  -2.028284733013,  0.5778738104707,  0.0            
       573,  -1.343029515758,  1.2552367973846,  0.0            
       574,  -2.123899154027,  0.4731964168866,  0.0            
       575,  -2.505787076845,  0.0888695622791,  0.0            
       576,  -2.21927583566 ,  0.3716841349533,  0.0            
       577,  -2.410257388232,  0.1792777586286,  0.0            
       578,  -2.314627210929,  0.2735829516927,  0.0            
       579,  -1.44231673635 ,  1.1442598536716,  0.0            
       580,  -1.540734160364,  1.0333101919422,  0.0            
       581,  -1.638376462244,  0.9213990295822,  0.0            
       582,  -0.734143360627,  1.8509206277599,  0.0            
       583,  -0.835630562049,  1.7255547617297,  0.0            
       584,  -1.735196514677,  0.8085319228249,  0.0            
       585,  -0.937227644847,  1.6034782091359,  0.0            
       586,  -1.831584725982,  0.6966682914964,  0.0            
       587,  -1.038597839126,  1.4871487703221,  0.0            
       588,  -1.927614483819,  0.5875470700055,  0.0            
       589,  -1.139451407382,  1.3732035903876,  0.0            
       590,  -2.023383016227,  0.4814084001924,  0.0            
       591,  -1.239754312347,  1.2615177684444,  0.0            
       592,  -2.118877750222,  0.3783845743851,  0.0            
       593,  -2.405011397347,  0.0896811413486,  0.0            
       594,  -2.214207372271,  0.2786382316401,  0.0            
       595,  -2.309508150643,  0.182294278892 ,  0.0            
       596,  -1.339423743772,  1.150568914856 ,  0.0            
       597,  -1.438429145603,  1.0400733972328,  0.0            
       598,  -1.536583276135,  0.9296962679838,  0.0            
       599,  -0.629462461444,  1.8584342033041,  0.0            
       600,  -1.634003635409,  0.8187874539813,  0.0            
       601,  -0.731240921807,  1.7333890654337,  0.0            
       602,  -0.833061868233,  1.6110460083206,  0.0            
       603,  -1.730666455919,  0.707236650188 ,  0.0            
       604,  -0.934686861975,  1.4942143791385,  0.0            
       605,  -1.826931469643,  0.5970645158734,  0.0            
       606,  -1.035813319345,  1.3797081699354,  0.0            
       607,  -1.922837433978,  0.4895460176259,  0.0            
       608,  -2.018477488671,  0.385043916184 ,  0.0            
       609,  -1.136403096435,  1.2675848782821,  0.0            
       610,  -2.113864691128,  0.2837168484413,  0.0            
       611,  -2.304456075853,  0.0911640579848,  0.0            
       612,  -2.209139585248,  0.1856845923212,  0.0            
       613,  -1.236425417007,  1.156389500495 ,  0.0            
       614,  -1.335808957656,  1.0459242536395,  0.0            
       615,  -1.434526303948,  0.9359224756503,  0.0            
       616,  -0.52476239145 ,  1.8652619932386,  0.0            
       617,  -1.532429387992,  0.8262468394158,  0.0            
       618,  -0.626846103854,  1.740860194344 ,  0.0            
       619,  -1.629642605783,  0.7162717579515,  0.0            
       620,  -0.728898386525,  1.6184834861353,  0.0            
       621,  -1.726158770328,  0.6061483960474,  0.0            
       622,  -0.830772825161,  1.5012353242806,  0.0            
       623,  -1.822282360498,  0.4975159610075,  0.0            
       624,  -0.932177055409,  1.3862049180221,  0.0            
       625,  -1.918058228445,  0.3916213398019,  0.0            
       626,  -1.033047467581,  1.2735904164056,  0.0            
       627,  -2.013576880593,  0.2887570648016,  0.0            
       628,  -2.10888257782 ,  0.1891014410303,  0.0            
       629,  -2.204217595942,  0.0928525226306,  0.0            
       630,  -1.133355854936,  1.1619661733222,  0.0            
       631,  -1.233091720087,  1.0512667034418,  0.0            
       632,  -1.332183300263,  0.9412912993826,  0.0            
       633,  -0.420053748366,  1.8713974531041,  0.0            
       634,  -1.430620220648,  0.8318606213473,  0.0            
       635,  -0.522459030173,  1.7479632517903,  0.0            
       636,  -1.528287502306,  0.7228613579368,  0.0            
       637,  -0.624739818165,  1.6257895812421,  0.0            
       638,  -1.625303354341,  0.6139132012662,  0.0            
       639,  -0.72686528151 ,  1.5082111889963,  0.0            
       640,  -1.72165869061 ,  0.5051023208431,  0.0            
       641,  -0.828540514701,  1.3927006175596,  0.0            
       642,  -1.81763439739 ,  0.3980278989615,  0.0            
       643,  -0.929694560754,  1.2795868493736,  0.0            
       644,  -1.913281218784,  0.2937234866694,  0.0            
       645,  -2.008706192893,  0.1924931496667,  0.0            
       646,  -2.104079550861,  0.0945600846629,  0.0            
       647,  -1.030283604306,  1.1674725647658,  0.0            
       648,  -1.130306641664,  1.0563479815894,  0.0            
       649,  -0.315329235015,  1.8768333465069,  0.0            
       650,  -1.229750898837,  0.9461456915835,  0.0            
       651,  -1.328554195224,  0.8366910748809,  0.0            
       652,  -0.41808616017 ,  1.7546928556647,  0.0            
       653,  -1.426723870368,  0.7278320550107,  0.0            
       654,  -0.520596564218,  1.6329620604075,  0.0            
       655,  -1.524164906387,  0.6195819754092,  0.0            
       656,  -0.622964007508,  1.5151415387839,  0.0            
       657,  -1.620972730703,  0.5115863495228,  0.0            
       658,  -0.724911705392,  1.3991950346765,  0.0            
       659,  -1.717162253717,  0.4041053736762,  0.0            
       660,  -1.812987397654,  0.2985434263618,  0.0            
       661,  -0.826342055806,  1.2855821975864,  0.0            
       662,  -1.908529491377,  0.1958275694721,  0.0            
       663,  -2.004005419722,  0.0962600118751,  0.0            
       664,  -0.927213841384,  1.1729688374868,  0.0            
       665,  -1.027518680407,  1.0613545648382,  0.0            
       666,  -0.21053856698 ,  1.8815638084633,  0.0            
       667,  -1.127252644483,  0.9507296888811,  0.0            
       668,  -1.226405805519,  0.8410317037491,  0.0            
       669,  -0.313723810474,  1.7610466714615,  0.0            
       670,  -1.324931061622,  0.7321014304345,  0.0            
       671,  -0.416469640175,  1.6399987700149,  0.0            
       672,  -1.422842272297,  0.6238614950885,  0.0            
       673,  -0.519077976142,  1.5220249218571,  0.0            
       674,  -1.520050428979,  0.5163239711864,  0.0            
       675,  -1.616646343059,  0.4092970646635,  0.0            
       676,  -0.621288596404,  1.4056883152464,  0.0            
       677,  -1.712666254108,  0.3031063241129,  0.0            
       678,  -0.722996142478,  1.29157634206  ,  0.0            
       679,  -1.808360166862,  0.199052049537 ,  0.0            
       680,  -0.824144685757,  1.1784640759974,  0.0            
       681,  -1.903934364771,  0.0979299006426,  0.0            
       682,  -0.924731977929,  1.0663508139924,  0.0            
       683,  -0.105531954924,  1.885572414032 ,  0.0            
       684,  -1.024748991158,  0.9552365137371,  0.0            
       685,  -0.209338721849,  1.7670294576884,  0.0            
       686,  -1.124193458616,  0.8451122000608,  0.0            
       687,  -1.223062290751,  0.735919321042 ,  0.0            
       688,  -0.312362812241,  1.6468996324009,  0.0            
       689,  -1.321316926335,  0.6275340117285,  0.0            
       690,  -0.415203939647,  1.5288600568781,  0.0            
       691,  -1.418967071708,  0.5199024282696,  0.0            
       692,  -0.517678858162,  1.4121802111172,  0.0            
       693,  -1.515939845352,  0.4130914825719,  0.0            
       694,  -1.612320237635,  0.3070043218468,  0.0            
       695,  -0.619654523283,  1.2975694660534,  0.0            
       696,  -1.708184827609,  0.2020978725392,  0.0            
       697,  -0.721080147385,  1.1839582881   ,  0.0            
       698,  -1.803872934899,  0.0995426088375,  0.0            
       699,  -0.821945649217,  1.0713462126692,  0.0            
       700,  -0.922244596906,  0.9597329193865,  0.0            
       701,  -0.104820880712,  1.772641992711 ,  0.0            
       702,  -1.021972297884,  0.8491187927282,  0.0            
       703,  -1.121132542449,  0.7394950064792,  0.0            
       704,  -0.208275138822,  1.6536705652616,  0.0            
       705,  -1.219722510027,  0.6308124466067,  0.0            
       706,  -0.311349245984,  1.5356457418734,  0.0            
       707,  -1.317706838061,  0.5229708402961,  0.0            
       708,  -0.414076680784,  1.4186710424891,  0.0            
       709,  -1.415094786308,  0.415957504059 ,  0.0            
       710,  -1.51182952796 ,  0.3098549483182,  0.0            
       711,  -0.516323404756,  1.303561695159 ,  0.0            
       712,  -1.608005165398,  0.2047002924812,  0.0            
       713,  -0.618018438923,  1.1894516185814,  0.0            
       714,  -1.703822259102,  0.1010646030708,  0.0            
       715,  -0.719161867052,  1.0763408413504,  0.0            
       716,  -0.819739887696,  0.9642286871255,  0.0            
       717,  -0.919748381207,  0.8531155428675,  0.0            
       718,  -0.104177261008,  1.6603042805303,  0.0            
       719,  -1.019191611097,  0.7430015687732,  0.0            
       720,  -1.118072151587,  0.6338789108756,  0.0            
       721,  -0.207521820821,  1.5423813800198,  0.0            
       722,  -1.216384574328,  0.525706692256 ,  0.0            
       723,  -0.310490378255,  1.4251602640857,  0.0            
       724,  -1.314098456617,  0.4184134705213,  0.0            
       725,  -1.411222717543,  0.3120082176108,  0.0            
       726,  -0.412997025609,  1.3095537134962,  0.0            
       727,  -1.507727758481,  0.2066058690773,  0.0            
       728,  -0.514963863744,  1.1949444409561,  0.0            
       729,  -1.603786271713,  0.1023664425635,  0.0            
       730,  -0.616379556437,  1.0813347937884,  0.0            
       731,  -0.717236154986,  0.9687239831528,  0.0            
       732,  -0.817523398645,  0.8571118099854,  0.0            
       733,  -0.91724666444 ,  0.7464987911915,  0.0            
       734,  -1.016409966195,  0.6368848419927,  0.0            
       735,  -0.103741041824,  1.5490510600268,  0.0            
       736,  -1.115012251066,  0.528263177568 ,  0.0            
       737,  -0.206926894693,  1.4316452113412,  0.0            
       738,  -1.21304732302 ,  0.420602567751 ,  0.0            
       739,  -0.30968384877 ,  1.31554495681  ,  0.0            
       740,  -1.310490251168,  0.3138517159283,  0.0            
       741,  -1.407357491184,  0.2080459959353,  0.0            
       742,  -0.411912192535,  1.2004375505935,  0.0            
       743,  -1.5037010689  ,  0.1033238605003,  0.0            
       744,  -0.513601101547,  1.0863284992734,  0.0            
       745,  -0.614732892346,  0.9732188454492,  0.0            
       746,  -0.715298648049,  0.8611078582861,  0.0            
       747,  -0.815300230225,  0.7499955689448,  0.0            
       748,  -0.914743351108,  0.6398825025973,  0.0            
       749,  -1.013628260465,  0.5307683287525,  0.0            
       750,  -0.103416233315,  1.4381027027409,  0.0            
       751,  -1.111952516128,  0.4226477792052,  0.0            
       752,  -0.206390545044,  1.3215322710618,  0.0            
       753,  -1.209710213496,  0.3154940772821,  0.0            
       754,  -1.306887849868,  0.2092772654306,  0.0            
       755,  -0.308871433801,  1.2059304469532,  0.0            
       756,  -1.403550955847,  0.1040494283116,  0.0            
       757,  -0.410824136259,  1.0913226203801,  0.0            
       758,  -0.5122310403  ,  0.9777136155074,  0.0            
       759,  -0.613073959984,  0.86510369136  ,  0.0            
       760,  -0.713353823554,  0.7534922756694,  0.0            
       761,  -0.813075129591,  0.6428797609473,  0.0            
       762,  -0.912239818293,  0.5332663997979,  0.0            
       763,  -1.010846566821,  0.4246519072077,  0.0            
       764,  -0.103148736649,  1.3274916820244,  0.0            
       765,  -1.108892920928,  0.3170280825582,  0.0            
       766,  -0.205849496948,  1.2114195672388,  0.0            
       767,  -1.206378208306,  0.2103730811008,  0.0            
       768,  -1.303334924893,  0.1046679685921,  0.0            
       769,  -0.308055996011,  1.0963167195462,  0.0            
       770,  -0.409729667294,  0.9822087288013,  0.0            
       771,  -0.510849566538,  0.8690994980874,  0.0            
       772,  -0.611407407459,  0.7569889081083,  0.0            
       773,  -0.71140690384 ,  0.6458770035715,  0.0            
       774,  -0.810849768918,  0.535764120407 ,  0.0            
       775,  -0.909736272857,  0.4266503659934,  0.0            
       776,  -1.008065012511,  0.3185312222273,  0.0            
       777,  -0.10287842244 ,  1.216880416053 ,  0.0            
       778,  -1.10583818574 ,  0.2113960434225,  0.0            
       779,  -1.203090709552,  0.1052174155835,  0.0            
       780,  -0.205306201959,  1.1013070850788,  0.0            
       781,  -0.307235552487,  0.9867037793288,  0.0            
       782,  -0.408625240628,  0.8730954912629,  0.0            
       783,  -0.509461010529,  0.7604855350141,  0.0            
       784,  -0.609738669094,  0.6488742275493,  0.0            
       785,  -0.709459712217,  0.5382618411964,  0.0            
       786,  -0.808624395328,  0.4286485432058,  0.0            
       787,  -0.907232869687,  0.320030075853 ,  0.0            
       788,  -1.005288195165,  0.2123983081949,  0.0            
       789,  -0.102606801773,  1.1062690149466,  0.0            
       790,  -1.102825631179,  0.1057295383122,  0.0            
       791,  -0.204759470947,  0.9911950784823,  0.0            
       792,  -0.306407429761,  0.8770912779017,  0.0            
       793,  -0.407514606134,  0.7639822290524,  0.0            
       794,  -0.508070425542,  0.6518714507127,  0.0            
       795,  -0.608069648292,  0.5407595621635,  0.0            
       796,  -0.707512510432,  0.4306467205636,  0.0            
       797,  -0.806399174651,  0.3215287090537,  0.0            
       798,  -0.904734143226,  0.2133975890892,  0.0            
       799,  -1.002552507816,  0.1062310347481,  0.0            
       800,  -0.102333429571,  0.9956578557334,  0.0            
       801,  -0.204207514113,  0.8810832868399,  0.0            
       802,  -0.305574514155,  0.7674786215898,  0.0            
       803,  -0.40640217368 ,  0.6548686913504,  0.0            
       804,  -0.506679577242,  0.543257283306 ,  0.0            
       805,  -0.606400618269,  0.4326448980647,  0.0            
       806,  -0.70556547211 ,  0.3230273423662,  0.0            
       807,  -0.804178640781,  0.2143966776294,  0.0            
       808,  -0.902276147844,  0.1067307822935,  0.0            
       809,  -0.102057466366,  0.8850467510957,  0.0            
       810,  -0.203652286778,  0.7709712414172,  0.0            
       811,  -0.304740203364,  0.6578656094535,  0.0            
       812,  -0.405289499161,  0.5457550046214,  0.0            
       813,  -0.505288718939,  0.4346430757073,  0.0            
       814,  -0.604731762167,  0.3245259757886,  0.0            
       815,  -0.703623130602,  0.2153957662491,  0.0            
       816,  -0.80199873742 ,  0.1072303261434,  0.0            
       817,  -0.101779880246,  0.7744353470431,  0.0            
       818,  -0.203096094338,  0.6608588018338,  0.0            
       819,  -0.303905699656,  0.5482524180314,  0.0            
       820,  -0.40417681254 ,  0.4366412534894,  0.0            
       821,  -0.503898044923,  0.3260246093197,  0.0            
       822,  -0.603067612796,  0.2163948549474,  0.0            
       823,  -0.701721319968,  0.1077298700378,  0.0            
       824,  -0.101501800267,  0.6638235898111,  0.0            
       825,  -0.202539761366,  0.5507461740442,  0.0            
       826,  -0.303071184786,  0.4386391535469,  0.0            
       827,  -0.403064320477,  0.3275232429579,  0.0            
       828,  -0.502512087468,  0.2173939437232,  0.0            
       829,  -0.601443895586,  0.1082294139764,  0.0            
       830,  -0.10122363872 ,  0.5532116761912,  0.0            
       831,  -0.201983418358,  0.4406334744061,  0.0            
       832,  -0.302236852746,  0.3290216120167,  0.0            
       833,  -0.401956554721,  0.2183930325753,  0.0            
       834,  -0.501166464368,  0.1087289579583,  0.0            
       835,  -0.100945467539,  0.4425997097568,  0.0            
       836,  -0.201427331726,  0.33051658296  ,  0.0            
       837,  -0.30140696263 ,  0.2193917200401,  0.0            
       838,  -0.400889026407,  0.1092285019831,  0.0            
       839,  -0.10066771269 ,  0.3319845331803,  0.0            
       840,  -0.200875188817,  0.2203869424306,  0.0            
       841,  -0.300615890001,  0.1097273715098,  0.0            
       842,  -0.100392987332,  0.2213584470731,  0.0            
       843,  -0.200356836129,  0.1102229452086,  0.0            
       844,  -0.100138683779,  0.1107021615316,  0.0            
       845,  0.1001386837793,  0.1107021615316,  0.0            
       846,  0.200356836129 ,  0.1102229452086,  0.0            
       847,  0.1003929873322,  0.2213584470731,  0.0            
       848,  0.3006158900008,  0.1097273715098,  0.0            
       849,  0.2008751888172,  0.2203869424306,  0.0            
       850,  0.1006677126903,  0.3319845331803,  0.0            
       851,  0.4008890264074,  0.1092285019831,  0.0            
       852,  0.30140696263  ,  0.2193917200401,  0.0            
       853,  0.201427331726 ,  0.33051658296  ,  0.0            
       854,  0.1009454675394,  0.4425997097568,  0.0            
       855,  0.5011664643675,  0.1087289579583,  0.0            
       856,  0.4019565547209,  0.2183930325753,  0.0            
       857,  0.3022368527465,  0.3290216120167,  0.0            
       858,  0.2019834183584,  0.4406334744061,  0.0            
       859,  0.1012236387201,  0.5532116761912,  0.0            
       860,  0.6014438955856,  0.1082294139764,  0.0            
       861,  0.5025120874684,  0.2173939437232,  0.0            
       862,  0.4030643204773,  0.3275232429579,  0.0            
       863,  0.3030711847858,  0.4386391535469,  0.0            
       864,  0.2025397613664,  0.5507461740442,  0.0            
       865,  0.1015018002675,  0.6638235898111,  0.0            
       866,  0.7017213199682,  0.1077298700378,  0.0            
       867,  0.6030676127963,  0.2163948549474,  0.0            
       868,  0.5038980449229,  0.3260246093197,  0.0            
       869,  0.4041768125399,  0.4366412534894,  0.0            
       870,  0.3039056996556,  0.5482524180314,  0.0            
       871,  0.203096094338 ,  0.6608588018338,  0.0            
       872,  0.1017798802464,  0.7744353470431,  0.0            
       873,  0.80199873742  ,  0.1072303261434,  0.0            
       874,  0.703623130602 ,  0.2153957662491,  0.0            
       875,  0.6047317621669,  0.3245259757886,  0.0            
       876,  0.5052887189394,  0.4346430757073,  0.0            
       877,  0.4052894991609,  0.5457550046214,  0.0            
       878,  0.3047402033637,  0.6578656094535,  0.0            
       879,  0.2036522867778,  0.7709712414172,  0.0            
       880,  0.1020574663659,  0.8850467510957,  0.0            
       881,  0.902276147844 ,  0.1067307822935,  0.0            
       882,  0.8041786407806,  0.2143966776294,  0.0            
       883,  0.7055654721101,  0.3230273423662,  0.0            
       884,  0.6064006182691,  0.4326448980647,  0.0            
       885,  0.5066795772416,  0.543257283306 ,  0.0            
       886,  0.4064021736801,  0.6548686913504,  0.0            
       887,  0.3055745141553,  0.7674786215898,  0.0            
       888,  0.2042075141133,  0.8810832868399,  0.0            
       889,  0.102333429571 ,  0.9956578557334,  0.0            
       890,  1.0025525078162,  0.1062310347481,  0.0            
       891,  0.9047341432258,  0.2133975890892,  0.0            
       892,  0.806399174651 ,  0.3215287090537,  0.0            
       893,  0.7075125104317,  0.4306467205636,  0.0            
       894,  0.6080696482926,  0.5407595621635,  0.0            
       895,  0.5080704255422,  0.6518714507127,  0.0            
       896,  0.4075146061345,  0.7639822290524,  0.0            
       897,  0.3064074297615,  0.8770912779017,  0.0            
       898,  0.2047594709466,  0.9911950784823,  0.0            
       899,  1.102825631179 ,  0.1057295383122,  0.0            
       900,  0.1026068017728,  1.1062690149466,  0.0            
       901,  1.0052881951649,  0.2123983081949,  0.0            
       902,  0.9072328696866,  0.320030075853 ,  0.0            
       903,  0.808624395328 ,  0.4286485432058,  0.0            
       904,  0.7094597122174,  0.5382618411964,  0.0            
       905,  0.6097386690938,  0.6488742275493,  0.0            
       906,  0.5094610105291,  0.7604855350141,  0.0            
       907,  0.4086252406281,  0.8730954912629,  0.0            
       908,  0.3072355524872,  0.9867037793288,  0.0            
       909,  0.2053062019588,  1.1013070850788,  0.0            
       910,  1.203090709552 ,  0.1052174155835,  0.0            
       911,  1.1058381857403,  0.2113960434225,  0.0            
       912,  0.1028784224397,  1.216880416053 ,  0.0            
       913,  1.0080650125111,  0.3185312222273,  0.0            
       914,  0.9097362728571,  0.4266503659934,  0.0            
       915,  0.8108497689178,  0.535764120407 ,  0.0            
       916,  0.71140690384  ,  0.6458770035715,  0.0            
       917,  0.6114074074588,  0.7569889081083,  0.0            
       918,  0.5108495665384,  0.8690994980874,  0.0            
       919,  0.4097296672936,  0.9822087288013,  0.0            
       920,  0.3080559960114,  1.0963167195462,  0.0            
       921,  1.3033349248929,  0.1046679685921,  0.0            
       922,  1.206378208306 ,  0.2103730811008,  0.0            
       923,  0.2058494969476,  1.2114195672388,  0.0            
       924,  1.1088929209278,  0.3170280825582,  0.0            
       925,  0.1031487366492,  1.3274916820244,  0.0            
       926,  1.0108465668214,  0.4246519072077,  0.0            
       927,  0.9122398182935,  0.5332663997979,  0.0            
       928,  0.8130751295907,  0.6428797609473,  0.0            
       929,  0.7133538235538,  0.7534922756694,  0.0            
       930,  0.6130739599839,  0.86510369136  ,  0.0            
       931,  0.5122310402995,  0.9777136155074,  0.0            
       932,  0.4108241362595,  1.0913226203801,  0.0            
       933,  1.4035509558472,  0.1040494283116,  0.0            
       934,  0.308871433801 ,  1.2059304469532,  0.0            
       935,  1.306887849868 ,  0.2092772654306,  0.0            
       936,  1.2097102134966,  0.3154940772821,  0.0            
       937,  0.2063905450443,  1.3215322710618,  0.0            
       938,  1.1119525161281,  0.4226477792052,  0.0            
       939,  0.1034162333149,  1.4381027027409,  0.0            
       940,  1.0136282604648,  0.5307683287525,  0.0            
       941,  0.9147433511083,  0.6398825025973,  0.0            
       942,  0.815300230225 ,  0.7499955689448,  0.0            
       943,  0.7152986480492,  0.8611078582861,  0.0            
       944,  0.6147328923461,  0.9732188454492,  0.0            
       945,  0.5136011015474,  1.0863284992734,  0.0            
       946,  1.5037010688996,  0.1033238605003,  0.0            
       947,  0.411912192535 ,  1.2004375505935,  0.0            
       948,  1.4073574911845,  0.2080459959353,  0.0            
       949,  1.3104902511682,  0.3138517159283,  0.0            
       950,  0.30968384877  ,  1.31554495681  ,  0.0            
       951,  1.2130473230202,  0.420602567751 ,  0.0            
       952,  0.2069268946935,  1.4316452113412,  0.0            
       953,  1.115012251066 ,  0.528263177568 ,  0.0            
       954,  0.1037410418242,  1.5490510600268,  0.0            
       955,  1.0164099661948,  0.6368848419927,  0.0            
       956,  0.9172466644399,  0.7464987911915,  0.0            
       957,  0.8175233986449,  0.8571118099854,  0.0            
       958,  0.717236154986 ,  0.9687239831528,  0.0            
       959,  0.616379556437 ,  1.0813347937884,  0.0            
       960,  1.6037862717128,  0.1023664425635,  0.0            
       961,  0.5149638637444,  1.1949444409561,  0.0            
       962,  1.5077277584807,  0.2066058690773,  0.0            
       963,  0.4129970256094,  1.3095537134962,  0.0            
       964,  1.4112227175434,  0.3120082176108,  0.0            
       965,  1.3140984566168,  0.4184134705213,  0.0            
       966,  0.3104903782548,  1.4251602640857,  0.0            
       967,  1.2163845743281,  0.525706692256 ,  0.0            
       968,  0.2075218208212,  1.5423813800198,  0.0            
       969,  1.1180721515869,  0.6338789108756,  0.0            
       970,  1.019191611097 ,  0.7430015687732,  0.0            
       971,  0.1041772610082,  1.6603042805303,  0.0            
       972,  0.9197483812072,  0.8531155428675,  0.0            
       973,  0.819739887696 ,  0.9642286871255,  0.0            
       974,  0.719161867052 ,  1.0763408413504,  0.0            
       975,  1.7038222591024,  0.1010646030708,  0.0            
       976,  0.6180184389229,  1.1894516185814,  0.0            
       977,  1.6080051653978,  0.2047002924812,  0.0            
       978,  0.5163234047559,  1.303561695159 ,  0.0            
       979,  1.5118295279604,  0.3098549483182,  0.0            
       980,  1.4150947863082,  0.415957504059 ,  0.0            
       981,  0.4140766807846,  1.4186710424891,  0.0            
       982,  1.3177068380607,  0.5229708402961,  0.0            
       983,  0.3113492459838,  1.5356457418734,  0.0            
       984,  1.2197225100272,  0.6308124466067,  0.0            
       985,  0.2082751388224,  1.6536705652616,  0.0            
       986,  1.1211325424494,  0.7394950064792,  0.0            
       987,  1.0219722978838,  0.8491187927282,  0.0            
       988,  0.1048208807119,  1.772641992711 ,  0.0            
       989,  0.9222445969059,  0.9597329193865,  0.0            
       990,  0.8219456492167,  1.0713462126692,  0.0            
       991,  1.8038729348994,  0.0995426088375,  0.0            
       992,  0.721080147385 ,  1.1839582881   ,  0.0            
       993,  1.7081848276094,  0.2020978725392,  0.0            
       994,  0.6196545232831,  1.2975694660534,  0.0            
       995,  1.6123202376353,  0.3070043218468,  0.0            
       996,  1.5159398453521,  0.4130914825719,  0.0            
       997,  0.5176788581624,  1.4121802111172,  0.0            
       998,  1.4189670717083,  0.5199024282696,  0.0            
       999,  0.4152039396473,  1.5288600568781,  0.0            
      1000,  1.3213169263348,  0.6275340117285,  0.0            
      1001,  0.3123628122414,  1.6468996324009,  0.0            
      1002,  1.2230622907507,  0.735919321042 ,  0.0            
      1003,  1.1241934586164,  0.8451122000608,  0.0            
      1004,  0.2093387218495,  1.7670294576884,  0.0            
      1005,  1.0247489911582,  0.9552365137371,  0.0            
      1006,  0.105531954924 ,  1.885572414032 ,  0.0            
      1007,  0.9247319779291,  1.0663508139924,  0.0            
      1008,  1.903934364771 ,  0.0979299006426,  0.0            
      1009,  0.824144685757 ,  1.1784640759974,  0.0            
      1010,  1.8083601668622,  0.199052049537 ,  0.0            
      1011,  0.7229961424778,  1.29157634206  ,  0.0            
      1012,  1.7126662541076,  0.3031063241129,  0.0            
      1013,  0.6212885964044,  1.4056883152464,  0.0            
      1014,  1.6166463430593,  0.4092970646635,  0.0            
      1015,  1.5200504289789,  0.5163239711864,  0.0            
      1016,  0.5190779761422,  1.5220249218571,  0.0            
      1017,  1.4228422722974,  0.6238614950885,  0.0            
      1018,  0.4164696401752,  1.6399987700149,  0.0            
      1019,  1.3249310616219,  0.7321014304345,  0.0            
      1020,  0.313723810474 ,  1.7610466714615,  0.0            
      1021,  1.226405805519 ,  0.8410317037491,  0.0            
      1022,  1.1272526444827,  0.9507296888811,  0.0            
      1023,  0.2105385669801,  1.8815638084633,  0.0            
      1024,  1.0275186804074,  1.0613545648382,  0.0            
      1025,  0.9272138413838,  1.1729688374868,  0.0            
      1026,  2.0040054197217,  0.0962600118751,  0.0            
      1027,  1.9085294913772,  0.1958275694721,  0.0            
      1028,  0.8263420558061,  1.2855821975864,  0.0            
      1029,  1.812987397654 ,  0.2985434263618,  0.0            
      1030,  1.7171622537171,  0.4041053736762,  0.0            
      1031,  0.7249117053919,  1.3991950346765,  0.0            
      1032,  1.6209727307031,  0.5115863495228,  0.0            
      1033,  0.6229640075077,  1.5151415387839,  0.0            
      1034,  1.5241649063874,  0.6195819754092,  0.0            
      1035,  0.5205965642183,  1.6329620604075,  0.0            
      1036,  1.4267238703686,  0.7278320550107,  0.0            
      1037,  0.4180861601705,  1.7546928556647,  0.0            
      1038,  1.3285541952244,  0.8366910748809,  0.0            
      1039,  1.2297508988368,  0.9461456915835,  0.0            
      1040,  0.3153292350151,  1.8768333465069,  0.0            
      1041,  1.130306641664 ,  1.0563479815894,  0.0            
      1042,  1.0302836043061,  1.1674725647658,  0.0            
      1043,  2.1040795508607,  0.0945600846629,  0.0            
      1044,  2.0087061928927,  0.1924931496667,  0.0            
      1045,  1.9132812187844,  0.2937234866694,  0.0            
      1046,  0.9296945607544,  1.2795868493736,  0.0            
      1047,  1.8176343973905,  0.3980278989615,  0.0            
      1048,  0.8285405147009,  1.3927006175596,  0.0            
      1049,  1.7216586906097,  0.5051023208431,  0.0            
      1050,  0.7268652815101,  1.5082111889963,  0.0            
      1051,  1.6253033543414,  0.6139132012662,  0.0            
      1052,  0.624739818165 ,  1.6257895812421,  0.0            
      1053,  1.5282875023065,  0.7228613579368,  0.0            
      1054,  0.5224590301729,  1.7479632517903,  0.0            
      1055,  1.4306202206479,  0.8318606213473,  0.0            
      1056,  0.4200537483665,  1.8713974531041,  0.0            
      1057,  1.3321833002627,  0.9412912993826,  0.0            
      1058,  1.2330917200872,  1.0512667034418,  0.0            
      1059,  1.1333558549358,  1.1619661733222,  0.0            
      1060,  2.2042175959426,  0.0928525226306,  0.0            
      1061,  2.1088825778204,  0.1891014410303,  0.0            
      1062,  2.0135768805933,  0.2887570648016,  0.0            
      1063,  1.0330474675813,  1.2735904164056,  0.0            
      1064,  1.9180582284455,  0.3916213398019,  0.0            
      1065,  0.9321770554093,  1.3862049180221,  0.0            
      1066,  1.8222823604983,  0.4975159610075,  0.0            
      1067,  0.8307728251614,  1.5012353242806,  0.0            
      1068,  1.7261587703276,  0.6061483960474,  0.0            
      1069,  0.7288983865253,  1.6184834861353,  0.0            
      1070,  1.6296426057833,  0.7162717579515,  0.0            
      1071,  0.6268461038537,  1.740860194344 ,  0.0            
      1072,  1.5324293879921,  0.8262468394158,  0.0            
      1073,  0.5247623914505,  1.8652619932386,  0.0            
      1074,  1.4345263039476,  0.9359224756503,  0.0            
      1075,  1.3358089576558,  1.0459242536395,  0.0            
      1076,  1.2364254170072,  1.156389500495 ,  0.0            
      1077,  2.2091395852481,  0.1856845923212,  0.0            
      1078,  2.3044560758529,  0.0911640579848,  0.0            
      1079,  2.113864691128 ,  0.2837168484413,  0.0            
      1080,  1.1364030964352,  1.2675848782821,  0.0            
      1081,  2.0184774886713,  0.385043916184 ,  0.0            
      1082,  1.9228374339776,  0.4895460176259,  0.0            
      1083,  1.0358133193452,  1.3797081699354,  0.0            
      1084,  1.8269314696432,  0.5970645158734,  0.0            
      1085,  0.9346868619749,  1.4942143791385,  0.0            
      1086,  1.7306664559193,  0.707236650188 ,  0.0            
      1087,  0.833061868233 ,  1.6110460083206,  0.0            
      1088,  0.7312409218066,  1.7333890654337,  0.0            
      1089,  1.6340036354093,  0.8187874539813,  0.0            
      1090,  0.6294624614444,  1.8584342033041,  0.0            
      1091,  1.5365832761355,  0.9296962679838,  0.0            
      1092,  1.4384291456028,  1.0400733972328,  0.0            
      1093,  1.3394237437717,  1.150568914856 ,  0.0            
      1094,  2.3095081506435,  0.182294278892 ,  0.0            
      1095,  2.2142073722712,  0.27863823164  ,  0.0            
      1096,  2.4050113973474,  0.0896811413486,  0.0            
      1097,  2.1188777502226,  0.3783845743851,  0.0            
      1098,  1.2397543123468,  1.2615177684444,  0.0            
      1099,  2.0233830162269,  0.4814084001924,  0.0            
      1100,  1.139451407382 ,  1.3732035903876,  0.0            
      1101,  1.927614483819 ,  0.5875470700055,  0.0            
      1102,  1.0385978391261,  1.4871487703221,  0.0            
      1103,  1.8315847259818,  0.6966682914964,  0.0            
      1104,  0.9372276448473,  1.6034782091359,  0.0            
      1105,  1.7351965146774,  0.8085319228249,  0.0            
      1106,  0.8356305620494,  1.7255547617297,  0.0            
      1107,  0.7341433606269,  1.8509206277599,  0.0            
      1108,  1.6383764622444,  0.9213990295822,  0.0            
      1109,  1.5407341603636,  1.0333101919422,  0.0            
      1110,  1.4423167363504,  1.1442598536716,  0.0            
      1111,  2.3146272109287,  0.2735829516926,  0.0            
      1112,  2.4102573882317,  0.1792777586286,  0.0            
      1113,  2.2192758356605,  0.3716841349533,  0.0            
      1114,  2.5057870768448,  0.0888695622791,  0.0            
      1115,  2.1238991540273,  0.4731964168866,  0.0            
      1116,  1.3430295157585,  1.2552367973846,  0.0            
      1117,  2.0282847330133,  0.5778738104707,  0.0            
      1118,  1.2430823425491,  1.3666470254266,  0.0            
      1119,  1.9323908571073,  0.6856255883042,  0.0            
      1120,  1.1425064975337,  1.4800329482782,  0.0            
      1121,  1.8362583406632,  0.7965246814831,  0.0            
      1122,  1.041384825789 ,  1.5957810146266,  0.0            
      1123,  0.9400084632824,  1.7173601612405,  0.0            
      1124,  1.7397367109659,  0.9099541651456,  0.0            
      1125,  0.8387912145957,  1.8427275033153,  0.0            
      1126,  1.6427461782764,  1.0242550705118,  0.0            
      1127,  1.5448665801536,  1.1369914801408,  0.0            
      1128,  2.415326929714 ,  0.2690245180347,  0.0            
      1129,  2.3196934179401,  0.3650131211062,  0.0            
      1130,  2.5112724708763,  0.1775609442446,  0.0            
      1131,  2.2243366929347,  0.4649432297082,  0.0            
      1132,  1.4461915998846,  1.2485065349946,  0.0            
      1133,  2.6067084701583,  0.0889561086428,  0.0            
      1134,  2.1289197891708,  0.5681397259732,  0.0            
      1135,  1.3466315144379,  1.3599093284376,  0.0            
      1136,  2.0331823601262,  0.6744515544925,  0.0            
      1137,  1.2464022661926,  1.4728314699641,  0.0            
      1138,  1.9371826563824,  0.7839921023286,  0.0            
      1139,  1.1455319123323,  1.5879507403427,  0.0            
      1140,  1.8409390317591,  0.8965376878111,  0.0            
      1141,  1.0443618845695,  1.708807172828 ,  0.0            
      1142,  0.9433961914291,  1.8338595787705,  0.0            
      1143,  1.7442742387445,  1.011698770803 ,  0.0            
      1144,  2.4201714220759,  0.3589383999331,  0.0            
      1145,  2.5162504036512,  0.266274229077 ,  0.0            
      1146,  1.647096018634 ,  1.127211687905 ,  0.0            
      1147,  2.3247199666149,  0.4567132204078,  0.0            
      1148,  2.2293915563291,  0.5583756349933,  0.0            
      1149,  1.5489849105939,  1.240782324603 ,  0.0            
      1150,  2.6125476103152,  0.1775938333943,  0.0            
      1151,  2.1339376536022,  0.6632365152595,  0.0            
      1152,  2.7074271048535,  0.0892302130962,  0.0            
      1153,  1.4500599990056,  1.3527657437078,  0.0            
      1154,  2.03808957589  ,  0.7713374895378,  0.0            
      1155,  1.3502087238774,  1.4654412083567,  0.0            
      1156,  1.9419765669043,  0.8825401653102,  0.0            
      1157,  1.2496574609268,  1.579961698993 ,  0.0            
      1158,  1.1486857424521,  1.6998936307448,  0.0            
      1159,  1.8456190930488,  0.9969436428316,  0.0            
      1160,  1.0479449559819,  1.8243203593041,  0.0            
      1161,  1.7487924753303,  1.1135756574946,  0.0            
      1162,  2.5207575702458,  0.3550379221165,  0.0            
      1163,  2.4248572177812,  0.4491389381872,  0.0            
      1164,  2.3297248625753,  0.5486394841618,  0.0            
      1165,  2.6173735433529,  0.2660085924528,  0.0            
      1166,  2.2344420547267,  0.6520051901188,  0.0            
      1167,  1.6514330759433,  1.2303303587787,  0.0            
      1168,  2.713616264112 ,  0.1780008859619,  0.0            
      1169,  2.1389599006661,  0.7586533079632,  0.0            
      1170,  1.5530952692151,  1.3445962360917,  0.0            
      1171,  2.8080329401665,  0.0892886872592,  0.0            
      1172,  2.0429939180736,  0.8684201049195,  0.0            
      1173,  1.4538925219139,  1.4576608667404,  0.0            
      1174,  1.3536906139378,  1.5717398415923,  0.0            
      1175,  1.9467726703083,  0.9815342437854,  0.0            
      1176,  1.2529681453049,  1.6906025498962,  0.0            
      1177,  1.1524289941017,  1.81411083067  ,  0.0            
      1178,  1.850283995509 ,  1.0975101472903,  0.0            
      1179,  2.5249291258802,  0.4439687042645,  0.0            
      1180,  2.4294426466098,  0.5395983628073,  0.0            
      1181,  1.7533017884151,  1.2156656148127,  0.0            
      1182,  2.3347203368588,  0.6408046750113,  0.0            
      1183,  2.6213048561621,  0.3541642829691,  0.0            
      1184,  2.2394877149149,  0.7459727503807,  0.0            
      1185,  2.7182774912934,  0.2663329623758,  0.0            
      1186,  1.655762275787 ,  1.3334832258803,  0.0            
      1187,  2.8145319958968,  0.1780051005664,  0.0            
      1188,  2.1439735749805,  0.8542765473488,  0.0            
      1189,  2.9084977805945,  0.0891459658858,  0.0            
      1190,  1.5571792368725,  1.4488429735965,  0.0            
      1191,  2.0479044601153,  0.9659752342794,  0.0            
      1192,  1.457619696757 ,  1.5631134145277,  0.0            
      1193,  1.3571597883834,  1.6808886190331,  0.0            
      1194,  1.9515607562155,  1.0807107792994,  0.0            
      1195,  1.2568369994698,  1.8032245576433,  0.0            
      1196,  1.854947948091 ,  1.1983375577254,  0.0            
      1197,  2.5288686577239,  0.5330423081451,  0.0            
      1198,  2.4339838110534,  0.6303207534798,  0.0            
      1199,  2.6245845894644,  0.4422173866874,  0.0            
      1200,  2.3397009485779,  0.7333319503339,  0.0            
      1201,  1.7578052862822,  1.3178000290029,  0.0            
      1202,  2.721570235739 ,  0.354052279845 ,  0.0            
      1203,  2.2445176255986,  0.840160919137 ,  0.0            
      1204,  2.8189458801166,  0.2661381544918,  0.0            
      1205,  2.9152045017859,  0.1776302163156,  0.0            
      1206,  2.1489968972186,  0.950382555477 ,  0.0            
      1207,  3.0088274299209,  0.0888367515401,  0.0            
      1208,  1.6601027908404,  1.4369842519674,  0.0            
      1209,  1.5611981539885,  1.5534360507545,  0.0            
      1210,  2.0528160403886,  1.0637246279562,  0.0            
      1211,  1.461294390122 ,  1.6706274108372,  0.0            
      1212,  1.9563595788162,  1.1801936456569,  0.0            
      1213,  1.3611488808539,  1.7916410205079,  0.0            
      1214,  2.5327002713522,  0.622293329304 ,  0.0            
      1215,  1.859610624028 ,  1.2992189584264,  0.0            
      1216,  2.4384850065303,  0.7214043288002,  0.0            
      1217,  2.6273899326057,  0.5300957439864,  0.0            
      1218,  2.7238533862609,  0.441404576551 ,  0.0            
      1219,  2.3446586511129,  0.8261049619706,  0.0            
      1220,  2.8214344932262,  0.3533440943132,  0.0            
      1221,  1.7623666562457,  1.4203864918204,  0.0            
      1222,  2.2495744024146,  0.934841512966 ,  0.0            
      1223,  2.9192996826364,  0.2654215231416,  0.0            
      1224,  3.0156295688026,  0.1769561261307,  0.0            
      1225,  2.1540305718138,  1.0466892965071,  0.0            
      1226,  3.1089886099786,  0.0883640281356,  0.0            
      1227,  1.6644695708521,  1.5407182193715,  0.0            
      1228,  2.057750527689 ,  1.1618239654296,  0.0            
      1229,  1.5652194441538,  1.6593159164696,  0.0            
      1230,  1.4654294785814,  1.7792781350637,  0.0            
      1231,  1.961163626542 ,  1.2797442947674,  0.0            
      1232,  2.5364627700808,  0.7117762631371,  0.0            
      1233,  2.629962120238 ,  0.6179297929565,  0.0            
      1234,  2.7253671751362,  0.528207371405 ,  0.0            
      1235,  2.4429408954466,  0.8127692771236,  0.0            
      1236,  1.8643603742128,  1.4007773190722,  0.0            
      1237,  2.8224867276195,  0.439976970724 ,  0.0            
      1238,  2.3496683406925,  0.9193818910886,  0.0            
      1239,  2.9209259236628,  0.3520202152353,  0.0            
      1240,  2.2546981145993,  1.0297302916043,  0.0            
      1241,  3.0193166895299,  0.2642730255822,  0.0            
      1242,  1.7670593435553,  1.523292637775 ,  0.0            
      1243,  3.1157638266677,  0.1759911951976,  0.0            
      1244,  3.2089660776302,  0.0877243235637,  0.0            
      1245,  2.1590962555309,  1.1433871603115,  0.0            
      1246,  1.6689877842258,  1.6453612143302,  0.0            
      1247,  2.062696174281 ,  1.260013822944 ,  0.0            
      1248,  1.5696685076288,  1.7658330711715,  0.0            
      1249,  2.6324099202941,  0.7056986003843,  0.0            
      1250,  2.7264816724973,  0.6147492281709,  0.0            
      1251,  2.5401423473746,  0.801505316166 ,  0.0            
      1252,  1.966067551443 ,  1.3802263106914,  0.0            
      1253,  2.8224151289776,  0.5257250930701,  0.0            
      1254,  2.4475093336685,  0.9046541595404,  0.0            
      1255,  2.9206978209083,  0.4378483974529,  0.0            
      1256,  2.3548443348707,  1.0128903752652,  0.0            
      1257,  1.869303332117 ,  1.5028541464196,  0.0            
      1258,  3.0200112481309,  0.3501963172334,  0.0            
      1259,  2.2599286016047,  1.125031866302 ,  0.0            
      1260,  3.1189643108915,  0.2626878858302,  0.0            
      1261,  3.2155725173197,  0.1747290171135,  0.0            
      1262,  1.7721170453359,  1.6274327610081,  0.0            
      1263,  3.3087686629436,  0.0869241193777,  0.0            
      1264,  2.1641761313808,  1.2402045748525,  0.0            
      1265,  2.0677469986142,  1.3593784690805,  0.0            
      1266,  1.6739191894104,  1.7503643437873,  0.0            
      1267,  2.7274207689548,  0.700878772734 ,  0.0            
      1268,  2.6347000233021,  0.7935561751175,  0.0            
      1269,  2.8217090003654,  0.6110493618427,  0.0            
      1270,  2.5439850985854,  0.8917350319115,  0.0            
      1271,  2.9189937215019,  0.5225185955004,  0.0            
      1272,  1.9711835555994,  1.4814379848871,  0.0            
      1273,  2.4525443835543,  0.9968238689278,  0.0            
      1274,  3.0184445780405,  0.4351164466539,  0.0            
      1275,  2.3602726958388,  1.1068069701297,  0.0            
      1276,  3.1186942374334,  0.3478724613075,  0.0            
      1277,  1.8747782746193,  1.6068995109823,  0.0            
      1278,  2.2652207471983,  1.2204700647178,  0.0            
      1279,  3.2181920821975,  0.2606565067734,  0.0            
      1280,  3.3150709318548,  0.1731726936795,  0.0            
      1281,  3.4083945809575,  0.0859716404455,  0.0            
      1282,  1.7776955233119,  1.7321284627123,  0.0            
      1283,  2.1693641536514,  1.3384051760872,  0.0            
      1284,  2.7281393548763,  0.7869070077635,  0.0            
      1285,  2.8207700067348,  0.6956827232372,  0.0            
      1286,  2.6372015791936,  0.8817892205859,  0.0            
      1287,  2.9163673921693,  0.6065753064459,  0.0            
      1288,  2.0730057304201,  1.4596679928247,  0.0            
      1289,  2.5486999240039,  0.9823395530954,  0.0            
      1290,  3.015061359649 ,  0.5186936840388,  0.0            
      1291,  2.4583049443942,  1.089349336416 ,  0.0            
      1292,  1.9769461242266,  1.5853790634338,  0.0            
      1293,  3.1157921014922,  0.4317770038682,  0.0            
      1294,  2.3658531295918,  1.2008681655143,  0.0            
      1295,  3.2169264862783,  0.3450367790825,  0.0            
      1296,  1.8809312226597,  1.7119381070513,  0.0            
      1297,  3.317017789185 ,  0.2581913232813,  0.0            
      1298,  2.270639379883 ,  1.3174341159214,  0.0            
      1299,  3.4142490897451,  0.1713243450151,  0.0            
      1300,  3.5078414973743,  0.0848712306193,  0.0            
      1301,  2.7290935359604,  0.8730514314399,  0.0            
      1302,  2.8195778849495,  0.7800455626318,  0.0            
      1303,  2.9134368288431,  0.6897794992428,  0.0            
      1304,  2.1747523117346,  1.4376967458608,  0.0            
      1305,  2.6412247090326,  0.9704368354237,  0.0            
      1306,  3.0104259156718,  0.601396060931 ,  0.0            
      1307,  3.1107614603992,  0.5142358724993,  0.0            
      1308,  2.0789768796197,  1.5633346913242,  0.0            
      1309,  2.5548475055383,  1.0732884764762,  0.0            
      1310,  3.2126967706312,  0.427832884826 ,  0.0            
      1311,  2.4645253660121,  1.1819961210623,  0.0            
      1312,  1.9836177413118,  1.6907194109454,  0.0            
      1313,  3.3147181322547,  0.3416889348886,  0.0            
      1314,  2.3715879050255,  1.2965166188754,  0.0            
      1315,  3.4154194839568,  0.2553037750664,  0.0            
      1316,  2.8186843877468,  0.8642320081546,  0.0            
      1317,  2.276245983548 ,  1.4156193528189,  0.0            
      1318,  2.9102920397268,  0.772491152414 ,  0.0            
      1319,  2.7322473050832,  0.9595196268052,  0.0            
      1320,  3.5131102034242,  0.1691841400646,  0.0            
      1321,  3.0053561599293,  0.6832186646971,  0.0            
      1322,  3.6070996117497,  0.0836239301268,  0.0            
      1323,  3.1041260390773,  0.5955127937972,  0.0            
      1324,  2.6478800868161,  1.0594274835106,  0.0            
      1325,  2.18089763708  ,  1.5408666760245,  0.0            
      1326,  3.2060571317129,  0.5091233721099,  0.0            
      1327,  2.5619149519758,  1.164376402932 ,  0.0            
      1328,  2.0860731593324,  1.6687309574378,  0.0            
      1329,  3.3091561209365,  0.4233042316147,  0.0            
      1330,  2.470999744945 ,  1.2761910915304,  0.0            
      1331,  3.4120339683677,  0.3378143557236,  0.0            
      1332,  2.8207650037659,  0.9484817461143,  0.0            
      1333,  2.9075868286664,  0.8548189656479,  0.0            
      1334,  2.3774907230478,  1.3934809408955,  0.0            
      1335,  3.0001695140466,  0.7642539459786,  0.0            
      1336,  3.5134098162676,  0.2519961212247,  0.0            
      1337,  3.0968388528578,  0.6759498094396,  0.0            
      1338,  2.7393893657586,  1.0462192560025,  0.0            
      1339,  3.6116395179864,  0.1667543552752,  0.0            
      1340,  2.2826227408203,  1.5180310665785,  0.0            
      1341,  3.1974588527045,  0.5889350037314,  0.0            
      1342,  3.7061414809838,  0.0822251160916,  0.0            
      1343,  2.6562496755242,  1.1485996813711,  0.0            
      1344,  3.3009451713182,  0.5033601701796,  0.0            
      1345,  2.1883569120916,  1.646018895127 ,  0.0            
      1346,  2.5693855956572,  1.2569472367671,  0.0            
      1347,  3.4051143727335,  0.418191810373 ,  0.0            
      1348,  2.9086117100166,  0.936778922269 ,  0.0            
      1349,  2.9956669219281,  0.8448226753068,  0.0            
      1350,  2.4776055450403,  1.3717357785372,  0.0            
      1351,  3.0895629049505,  0.7553134641304,  0.0            
      1352,  3.5088868227146,  0.3333854356482,  0.0            
      1353,  2.8284230217253,  1.0326723856443,  0.0            
      1354,  3.1879069421684,  0.6679041732003,  0.0            
      1355,  2.3841365717818,  1.4948606076911,  0.0            
      1356,  3.6109748939682,  0.2482713809886,  0.0            
      1357,  3.2904338985206,  0.5816789697138,  0.0            
      1358,  2.7491509432148,  1.1331134513965,  0.0            
      1359,  3.7097912207294,  0.1640303174881,  0.0            
      1360,  3.8049468531719,  0.0806633232993,  0.0            
      1361,  2.2904442374981,  1.6226162640223,  0.0            
      1362,  3.3953502281891,  0.4969428119388,  0.0            
      1363,  2.6653177923901,  1.2392382990636,  0.0            
      1364,  2.9956883722067,  0.9244600528078,  0.0            
      1365,  3.5005728547269,  0.4124627207635,  0.0            
      1366,  3.0833298043517,  0.8341574484444,  0.0            
      1367,  2.5769607064214,  1.3508176747257,  0.0            
      1368,  3.1784714542904,  0.7456498075817,  0.0            
      1369,  2.9167646399863,  1.0183039209674,  0.0            
      1370,  3.2785885204513,  0.6590594341904,  0.0            
      1371,  3.6052595038692,  0.3283967722176,  0.0            
      1372,  2.484858342043 ,  1.4716968211691,  0.0            
      1373,  2.8397781835274,  1.1169556419742,  0.0            
      1374,  3.7080679279876,  0.2441323775783,  0.0            
      1375,  3.3830013854098,  0.5737457260028,  0.0            
      1376,  2.3923023496112,  1.5985366340119,  0.0            
      1377,  2.7599635579873,  1.2215162383906,  0.0            
      1378,  3.8075279498272,  0.1609791653387,  0.0            
      1379,  3.0824904935175,  0.9115162908511,  0.0            
      1380,  3.9034975902988,  0.0789273893496,  0.0            
      1381,  3.4892584786696,  0.4898199304225,  0.0            
      1382,  3.1705455093825,  0.8227221852999,  0.0            
      1383,  3.0043637269942,  1.0032327087303,  0.0            
      1384,  2.6745170064102,  1.3310482349686,  0.0            
      1385,  3.2668533255591,  0.7352293999616,  0.0            
      1386,  3.5954924435581,  0.406098411593 ,  0.0            
      1387,  3.3688985519451,  0.6494523813929,  0.0            
      1388,  2.5850464465166,  1.4488828896354,  0.0            
      1389,  2.9296583458497,  1.0996769957256,  0.0            
      1390,  3.7011092174059,  0.3228732010964,  0.0            
      1391,  2.49361890572  ,  1.5739660347276,  0.0            
      1392,  3.4751568716866,  0.5650746617811,  0.0            
      1393,  2.8525824563602,  1.2027319492899,  0.0            
      1394,  3.804651755464 ,  0.239547903948 ,  0.0            
      1395,  3.1689917281166,  0.8979354978838,  0.0            
      1396,  3.2571741560933,  0.8104743464881,  0.0            
      1397,  3.5825908314648,  0.4819659264712,  0.0            
      1398,  3.9048109318973,  0.1575540257729,  0.0            
      1399,  3.0917544521134,  0.9874729322712,  0.0            
      1400,  2.7710311962704,  1.3110123063167,  0.0            
      1401,  3.354753268762 ,  0.7240085747318,  0.0            
      1402,  4.0018560180656,  0.0770318772109,  0.0            
      1403,  3.6898513659882,  0.3991237576763,  0.0            
      1404,  3.0187848208943,  1.0814373586564,  0.0            
      1405,  3.4588498717588,  0.6390553318157,  0.0            
      1406,  2.68408817262  ,  1.4266425642912,  0.0            
      1407,  2.5945296751208,  1.5490618252276,  0.0            
      1408,  2.9443514799596,  1.1824315377742,  0.0            
      1409,  3.7963954954612,  0.3167835458017,  0.0            
      1410,  3.5668218310935,  0.5556322622825,  0.0            
      1411,  3.2550217896467,  0.8836743877582,  0.0            
      1412,  3.3432240871838,  0.7974457626888,  0.0            
      1413,  3.900680756263 ,  0.2344663629736,  0.0            
      1414,  3.1789353054575,  0.9710290875264,  0.0            
      1415,  2.8658640157994,  1.2896957182456,  0.0            
      1416,  3.442189210315 ,  0.7118929471041,  0.0            
      1417,  3.6753204785092,  0.4734268915224,  0.0            
      1418,  3.1076705296871,  1.0623468529328,  0.0            
      1419,  4.0017166756614,  0.1537607987826,  0.0            
      1420,  4.1001694110122,  0.0750591328654,  0.0            
      1421,  3.5484359095811,  0.6278207476255,  0.0            
      1422,  2.7824432927105,  1.4038403582497,  0.0            
      1423,  3.7836156855518,  0.3915004286956,  0.0            
      1424,  3.0353346434018,  1.1608545765479,  0.0            
      1425,  2.6948095178185,  1.5239042131405,  0.0            
      1426,  3.3405352034013,  0.8686358374315,  0.0            
      1427,  3.428596576979 ,  0.7835752155237,  0.0            
      1428,  3.8910725009   ,  0.3100414114168,  0.0            
      1429,  3.6579304581786,  0.5454634882201,  0.0            
      1430,  3.2658185423214,  0.953916772065 ,  0.0            
      1431,  2.9597687228972,  1.2666157922699,  0.0            
      1432,  3.5292465224785,  0.6988338342992,  0.0            
      1433,  3.9962195924034,  0.2288984315668,  0.0            
      1434,  3.1963608320514,  1.0425517631365,  0.0            
      1435,  3.7673946881534,  0.4641875871068,  0.0            
      1436,  2.8795927327632,  1.3795503142136,  0.0            
      1437,  4.0984177167517,  0.1497619765754,  0.0            
      1438,  3.1260082497483,  1.1382392057459,  0.0            
      1439,  3.6376243337429,  0.6157753234408,  0.0            
      1440,  3.8767735968329,  0.3831192785193,  0.0            
      1441,  3.4253166527439,  0.8526795793388,  0.0            
      1442,  4.1987225128697,  0.0733998147415,  0.0            
      1443,  2.7947280097208,  1.49785377784  ,  0.0            
      1444,  3.5133826120075,  0.7686919003453,  0.0            
      1445,  3.3523640271784,  0.9361438602167,  0.0            
      1446,  3.0528053638733,  1.2418862485508,  0.0            
      1447,  3.7483786133218,  0.5345500323064,  0.0            
      1448,  3.9851890743421,  0.3026408016537,  0.0            
      1449,  3.6159580924182,  0.6848556080034,  0.0            
      1450,  3.2848622435511,  1.022130574707 ,  0.0            
      1451,  3.8588235379619,  0.4541377887421,  0.0            
      1452,  4.0914169535609,  0.2230626066008,  0.0            
      1453,  2.9758557915833,  1.3533419152296,  0.0            
      1454,  3.2164610056394,  1.1148184199223,  0.0            
      1455,  3.5093497592191,  0.8356700667867,  0.0            
      1456,  3.7263234796127,  0.6029465835547,  0.0            
      1457,  3.5976534200665,  0.7526732668055,  0.0            
      1458,  4.1951864433096,  0.1463633844174,  0.0            
      1459,  3.9693720679077,  0.3739784485131,  0.0            
      1460,  2.8939844226964,  1.4703851486696,  0.0            
      1461,  3.1453747826739,  1.2157687085105,  0.0            
      1462,  3.4383771597452,  0.9175934169599,  0.0            
      1463,  4.2975420266814,  0.0731418737882,  0.0            
      1464,  3.8381433262934,  0.5227743858432,  0.0            
      1465,  3.3731613309607,  1.0010620735186,  0.0            
      1466,  3.7023420028631,  0.6699839592482,  0.0            
      1467,  4.0788625088581,  0.2948540047875,  0.0            
      1468,  3.0712292440343,  1.325380962316 ,  0.0            
      1469,  3.306732969894 ,  1.0907341683954,  0.0            
      1470,  3.5925563248178,  0.8174332907546,  0.0            
      1471,  3.9496435770172,  0.443258023681 ,  0.0            
      1472,  4.1863897100488,  0.2181063498432,  0.0            
      1473,  3.8144816018355,  0.5892845656417,  0.0            
      1474,  3.6815264847815,  0.7355606027634,  0.0            
      1475,  3.237640735227 ,  1.18863174613  ,  0.0            
      1476,  3.5236977090565,  0.8979777154828,  0.0            
      1477,  2.9926163252859,  1.4412210822466,  0.0            
      1478,  4.061469439649 ,  0.3644037259387,  0.0            
      1479,  4.291914746106 ,  0.1457907105793,  0.0            
      1480,  3.4611487880178,  0.979234629912 ,  0.0            
      1481,  3.9271616742257,  0.5101229734281,  0.0            
      1482,  3.7884401424093,  0.6542044763758,  0.0            
      1483,  3.1659827942832,  1.2959931454031,  0.0            
      1484,  3.6750348544252,  0.7978586999646,  0.0            
      1485,  3.3968525274279,  1.0660439891404,  0.0            
      1486,  4.1720152003594,  0.2881830488262,  0.0            
      1487,  4.3961553114475,  0.0752237299053,  0.0            
      1488,  4.0398952145474,  0.4318619602849,  0.0            
      1489,  3.765130559517 ,  0.7174318108291,  0.0            
      1490,  3.3296817133065,  1.1607294261877,  0.0            
      1491,  3.6080303751688,  0.8769585435328,  0.0            
      1492,  3.9018715551336,  0.5747978308092,  0.0            
      1493,  3.090502620565 ,  1.4103704336597,  0.0            
      1494,  4.2807361895678,  0.2172485670649,  0.0            
      1495,  3.548648567655 ,  0.9564571655261,  0.0            
      1496,  3.2603097003177,  1.2654953938664,  0.0            
      1497,  3.756941159707 ,  0.7769917864407,  0.0            
      1498,  4.1527842127942,  0.356184705342 ,  0.0            
      1499,  3.8739477683267,  0.637584820164 ,  0.0            
      1500,  4.0154826541007,  0.4969395605807,  0.0            
      1501,  3.4868152356574,  1.0406939456285,  0.0            
      1502,  3.6913044668263,  0.8543627879768,  0.0            
      1503,  4.3879305227976,  0.1499264547028,  0.0            
      1504,  3.8481171809327,  0.6984569590931,  0.0            
      1505,  3.4215368601567,  1.1321590700859,  0.0            
      1506,  4.2637923624776,  0.2868590071894,  0.0            
      1507,  3.1876804847252,  1.3780076480678,  0.0            
      1508,  4.1291544776723,  0.4219499571287,  0.0            
      1509,  3.9885635015397,  0.5597367351058,  0.0            
      1510,  4.4942103850704,  0.0787777682234,  0.0            
      1511,  3.6352983156417,  0.9323757653039,  0.0            
      1512,  3.8379108269152,  0.7551551164123,  0.0            
      1513,  3.3543005461453,  1.234070393539 ,  0.0            
      1514,  3.9588923642964,  0.62030870301  ,  0.0            
      1515,  3.5765142619666,  1.0144794403132,  0.0            
      1516,  4.1024275672856,  0.4854407755006,  0.0            
      1517,  4.2418131334498,  0.3544056621618,  0.0            
      1518,  3.7735451119653,  0.8301584391095,  0.0            
      1519,  4.3734378223724,  0.223228359335 ,  0.0            
      1520,  3.5132273078619,  1.1029204427977,  0.0            
      1521,  3.930145960009 ,  0.6788446757735,  0.0            
      1522,  3.284262412233 ,  1.3443499715884,  0.0            
      1523,  4.0734775184815,  0.5464361958934,  0.0            
      1524,  3.720743483748 ,  0.9065963526896,  0.0            
      1525,  4.2152111286905,  0.4194892468704,  0.0            
      1526,  3.9169674513092,  0.7328857868326,  0.0            
      1527,  3.4480009514803,  1.2017827663713,  0.0            
      1528,  4.4830459647511,  0.1569921107456,  0.0            
      1529,  4.3526667120414,  0.294494828497 ,  0.0            
      1530,  3.8547181007304,  0.8045857830461,  0.0            
      1531,  3.6656126207105,  0.987034796406 ,  0.0            
      1532,  4.0420299637459,  0.6046387675175,  0.0            
      1533,  4.1852896505299,  0.4822928727902,  0.0            
      1534,  3.3803329711068,  1.3095244883206,  0.0            
      1535,  3.6047449642166,  1.0729124479494,  0.0            
      1536,  4.0098212427774,  0.659915078514 ,  0.0            
      1537,  4.5920073389183,  0.082844105188 ,  0.0            
      1538,  3.8047242803115,  0.8788546568516,  0.0            
      1539,  3.9905043316605,  0.7115201223522,  0.0            
      1540,  4.1533432001542,  0.5423602613841,  0.0            
      1541,  4.3264665970326,  0.3634318202167,  0.0            
      1542,  3.5414148603127,  1.168641624463 ,  0.0            
      1543,  4.4646910303067,  0.2334493252992,  0.0            
      1544,  3.9347331195961,  0.7780549423098,  0.0            
      1545,  3.7536042608041,  0.9579172531417,  0.0            
      1546,  4.1193379962387,  0.5989325019164,  0.0            
      1547,  4.2953106743165,  0.4296760182182,  0.0            
      1548,  3.4759456875548,  1.2735570222331,  0.0            
      1549,  3.6959195310519,  1.0418540114397,  0.0            
      1550,  3.8873359901675,  0.849154565308 ,  0.0            
      1551,  4.0849033666978,  0.6499258151644,  0.0            
      1552,  4.0540701324886,  0.6928284648263,  0.0            
      1553,  4.4393058355137,  0.3076561723151,  0.0            
      1554,  4.5778402909862,  0.1650200756817,  0.0            
      1555,  4.2606174025225,  0.49337840486  ,  0.0            
      1556,  3.6345432902726,  1.1345784297613,  0.0            
      1557,  4.0129024020142,  0.7505044909824,  0.0            
      1558,  3.8399345167012,  0.9266340044302,  0.0            
      1559,  4.6899777093429,  0.0871330798158,  0.0            
      1560,  4.2235978171002,  0.554349689364 ,  0.0            
      1561,  3.5710839523295,  1.2364347770794,  0.0            
      1562,  3.9690121255032,  0.817692861517 ,  0.0            
      1563,  4.407891559913 ,  0.3790833327443,  0.0            
      1564,  3.786304089529 ,  1.0092459979435,  0.0            
      1565,  4.1838197151792,  0.6122249989968,  0.0            
      1566,  4.555497925486 ,  0.2450382565999,  0.0            
      1567,  4.1407078136504,  0.6665341008727,  0.0            
      1568,  4.0869620002905,  0.7160575587102,  0.0            
      1569,  3.7273228927833,  1.0993961802676,  0.0            
      1570,  3.9244328964855,  0.8928609398681,  0.0            
      1571,  4.371113719573 ,  0.4475776192321,  0.0            
      1572,  4.0496508206413,  0.7836093610845,  0.0            
      1573,  3.6657178037577,  1.1981001582515,  0.0            
      1574,  4.3306744925236,  0.5131452354816,  0.0            
      1575,  4.5252919428791,  0.3225534837157,  0.0            
      1576,  4.672895927661 ,  0.173412677909 ,  0.0            
      1577,  3.8751671867066,  0.9744070737709,  0.0            
      1578,  4.0075168010761,  0.8566233988843,  0.0            
      1579,  4.2873371240338,  0.5758842717148,  0.0            
      1580,  3.8195156840919,  1.0626720965058,  0.0            
      1581,  4.2402046166508,  0.6355742699382,  0.0            
      1582,  4.7887872888587,  0.0917569744549,  0.0            
      1583,  4.1876020090356,  0.6920583859661,  0.0            
      1584,  4.1251450475026,  0.7429125408409,  0.0            
      1585,  4.4884199783673,  0.3967836122022,  0.0            
      1586,  3.7598230884156,  1.1584087257836,  0.0            
      1587,  3.9619639905652,  0.9366958023094,  0.0            
      1588,  4.0893496752894,  0.8173263374907,  0.0            
      1589,  4.6465981711482,  0.2571178387787,  0.0            
      1590,  4.4458116570237,  0.4678015692201,  0.0            
      1591,  3.9105910214965,  1.0236978387614,  0.0            
      1592,  4.3993641737213,  0.53552578892  ,  0.0            
      1593,  4.0468516080636,  0.8959547470237,  0.0            
      1594,  4.1668318626556,  0.7722963575618,  0.0            
      1595,  3.8533306957149,  1.1170531554304,  0.0            
      1596,  4.6115401698764,  0.3380367225803,  0.0            
      1597,  4.3494086115518,  0.6001475473228,  0.0            
      1598,  4.234903458491 ,  0.7194392143277,  0.0            
      1599,  4.2949469704816,  0.6614609144825,  0.0            
      1600,  4.7690383546041,  0.1823240040182,  0.0            
      1601,  4.1302135366587,  0.8519134340443,  0.0            
      1602,  4.8888646969565,  0.0972433887145,  0.0            
      1603,  3.9998363198501,  0.9817211031518,  0.0            
      1604,  4.5691560413274,  0.4151477328626,  0.0            
      1605,  3.9460573869395,  1.0734693003054,  0.0            
      1606,  4.5206786113092,  0.4887070998662,  0.0            
      1607,  4.7387976265044,  0.2699077010163,  0.0            
      1608,  4.2101206229117,  0.8029056513347,  0.0            
      1609,  4.0870645988064,  0.936463661324 ,  0.0            
      1610,  4.4680728238554,  0.5586335870821,  0.0            
      1611,  4.2830931612287,  0.7476691930375,  0.0            
      1612,  4.3497944505435,  0.6880620721904,  0.0            
      1613,  4.4113767016126,  0.6251155059467,  0.0            
      1614,  4.1725872169574,  0.8879623822903,  0.0            
      1615,  4.6988345458157,  0.3543561746484,  0.0            
      1616,  4.0374764463753,  1.0270734543656,  0.0            
      1617,  4.8664510114247,  0.1926052458538,  0.0            
      1618,  4.6509225306852,  0.4344907393774,  0.0            
      1619,  4.2553438959434,  0.8352916410588,  0.0            
      1620,  4.3330172111442,  0.7776638071466,  0.0            
      1621,  4.1271709666801,  0.9776314800981,  0.0            
      1622,  4.5965277629127,  0.5106804030586,  0.0            
      1623,  4.8318507182837,  0.2845614149045,  0.0            
      1624,  4.4058101195792,  0.7162575934493,  0.0            
      1625,  4.5375641382726,  0.5829272122774,  0.0            
      1626,  4.4741202340116,  0.6514447462146,  0.0            
      1627,  4.2150889484469,  0.9251965347379,  0.0            
      1628,  4.3006921641621,  0.8693307315355,  0.0            
      1629,  4.7865712340404,  0.372701878682 ,  0.0            
      1630,  4.3827810578593,  0.809611533138 ,  0.0            
      1631,  4.7327681865515,  0.4560123134944,  0.0            
      1632,  4.461235092341 ,  0.7465123135546,  0.0            
      1633,  4.6721647793304,  0.5348417846089,  0.0            
      1634,  4.5360179624949,  0.6798782995912,  0.0            
      1635,  4.6064253956212,  0.6093627008527,  0.0            
      1636,  1.360718666E-17,  0.1111111111111,  0.0            
      1637,  2.721437331E-17,  0.2222222222222,  0.0            
      1638,  4.082155997E-17,  0.3333333333333,  0.0            
      1639,  5.442874663E-17,  0.4444444444444,  0.0            
      1640,  6.803593329E-17,  0.5555555555556,  0.0            
      1641,  8.164311994E-17,  0.6666666666667,  0.0            
      1642,  9.525030660E-17,  0.7777777777778,  0.0            
      1643,  1.088574933E-16,  0.8888888888889,  0.0            
      1644,  1.224646799E-16,  1.0            ,  0.0            
      1645,  1.360718666E-16,  1.1111111111111,  0.0            
      1646,  1.496790532E-16,  1.2222222222222,  0.0            
      1647,  1.632862399E-16,  1.3333333333333,  0.0            
      1648,  1.768934265E-16,  1.4444444444444,  0.0            
      1649,  1.905006132E-16,  1.5555555555556,  0.0            
      1650,  2.041077999E-16,  1.6666666666667,  0.0            
      1651,  2.177149865E-16,  1.7777777777778,  0.0            
      1652,  2.313221732E-16,  1.8888888888889,  0.0            
      1653,  2.449293598E-16,  2.0            ,  0.0            
      1654,  0.1055168051497,  1.9994089044323,  0.0            
      1655,  0.2110043972377,  1.9976464796728,  0.0            
      1656,  0.3164541493947,  1.9947279283424,  0.0            
      1657,  0.4218574909836,  1.990667028663 ,  0.0            
      1658,  0.5272057220651,  1.9854761735779,  0.0            
      1659,  0.6324900166262,  1.9791664003428,  0.0            
      1660,  0.7377013931956,  1.9717474132439,  0.0            
      1661,  0.8428306841552,  1.96322759919  ,  0.0            
      1662,  0.9478685034454,  1.9536140361813,  0.0            
      1663,  1.0528052123324,  1.9429124945748,  0.0            
      1664,  1.1576308828719,  1.9311274309617,  0.0            
      1665,  1.2623352586598,  1.9182619743746,  0.0            
      1666,  1.3669077124053,  1.9043179044275,  0.0            
      1667,  1.4713371998011,  1.8892956208656,  0.0            
      1668,  1.5756122090848,  1.8731941038611,  0.0            
      1669,  1.6797207055936,  1.8560108642276,  0.0            
      1670,  1.7836500705005,  1.8377418825343,  0.0            
      1671,  1.88738703278  ,  1.8183815358803,  0.0            
      1672,  1.9909175932882,  1.7979225108195,  0.0            
      1673,  2.094226939631 ,  1.7763557006107,  0.0            
      1674,  2.1972993502469,  1.753670084577 ,  0.0            
      1675,  2.3001180858177,  1.7298525868892,  0.0            
      1676,  2.4026652657355,  1.7048879115024,  0.0            
      1677,  2.5049217268737,  1.678758349256 ,  0.0            
      1678,  2.6068668613058,  1.6514435522441,  0.0            
      1679,  2.7084784288534,  1.622920269424 ,  0.0            
      1680,  2.8097323393709,  1.5931620359884,  0.0            
      1681,  2.9106023984271,  1.5621388071725,  0.0            
      1682,  3.0110600084243,  1.5298165247733,  0.0            
      1683,  3.1110738150781,  1.496156601534 ,  0.0            
      1684,  3.2106092863799,  1.4611153044251,  0.0            
      1685,  3.3096282074183,  1.4246430123657,  0.0            
      1686,  3.40808806936  ,  1.3866833165319,  0.0            
      1687,  3.5059509570877,  1.3471679398506,  0.0            
      1688,  3.6031805511647,  1.3060153139423,  0.0            
      1689,  3.6996949174865,  1.2631488936982,  0.0            
      1690,  3.7953994030145,  1.218482790408 ,  0.0            
      1691,  3.8901866445743,  1.1719190442597,  0.0            
      1692,  3.9839339559112,  1.1233452205971,  0.0            
      1693,  4.076499921688 ,  1.0726313785626,  0.0            
      1694,  4.1677201027638,  1.0196260871307,  0.0            
      1695,  4.2574012560444,  0.9641512508156,  0.0            
      1696,  4.345313625578 ,  0.9059951633987,  0.0            
      1697,  4.4311804129465,  0.8449029960873,  0.0            
      1698,  4.514662887906 ,  0.7805635705912,  0.0            
      1699,  4.5953364406876,  0.712592548323 ,  0.0            
      1700,  4.6725641419881,  0.6405985615814,  0.0            
      1701,  4.745430767897 ,  0.5642238069235,  0.0            
      1702,  4.812787589904 ,  0.4830695077702,  0.0            
      1703,  4.8731883105864,  0.3966881579479,  0.0            
      1704,  4.9247851423248,  0.3046071309436,  0.0            
      1705,  4.9650122832647,  0.2069745066619,  0.0            
      1706,  4.990935788724 ,  0.1048635528159,  0.0            
      1707,  5.0            ,  5.182521079E-12,  0.0            
      1708,  4.990935788724 ,  -0.104863552816,  0.0            
      1709,  4.9650122832647,  -0.206974506662,  0.0            
      1710,  4.9247851423248,  -0.304607130944,  0.0            
      1711,  4.8731883105864,  -0.396688157948,  0.0            
      1712,  4.812787589904 ,  -0.48306950777 ,  0.0            
      1713,  4.745430767897 ,  -0.564223806923,  0.0            
      1714,  4.6725641419881,  -0.640598561581,  0.0            
      1715,  4.5953364406876,  -0.712592548323,  0.0            
      1716,  4.514662887906 ,  -0.780563570591,  0.0            
      1717,  4.4311804129465,  -0.844902996087,  0.0            
      1718,  4.345313625578 ,  -0.905995163399,  0.0            
      1719,  4.2574012560444,  -0.964151250816,  0.0            
      1720,  4.1677201027638,  -1.019626087131,  0.0            
      1721,  4.076499921688 ,  -1.072631378563,  0.0            
      1722,  3.9839339559112,  -1.123345220597,  0.0            
      1723,  3.8901866445743,  -1.17191904426 ,  0.0            
      1724,  3.7953994030145,  -1.218482790408,  0.0            
      1725,  3.6996949174865,  -1.263148893698,  0.0            
      1726,  3.6031805511647,  -1.306015313942,  0.0            
      1727,  3.5059509570877,  -1.347167939851,  0.0            
      1728,  3.40808806936  ,  -1.386683316532,  0.0            
      1729,  3.3096282074183,  -1.424643012366,  0.0            
      1730,  3.2106092863799,  -1.461115304425,  0.0            
      1731,  3.1110738150781,  -1.496156601534,  0.0            
      1732,  3.0110600084243,  -1.529816524773,  0.0            
      1733,  2.9106023984271,  -1.562138807172,  0.0            
      1734,  2.8097323393709,  -1.593162035988,  0.0            
      1735,  2.7084784288534,  -1.622920269424,  0.0            
      1736,  2.6068668613058,  -1.651443552244,  0.0            
      1737,  2.5049217268737,  -1.678758349256,  0.0            
      1738,  2.4026652657355,  -1.704887911502,  0.0            
      1739,  2.3001180858177,  -1.729852586889,  0.0            
      1740,  2.1972993502469,  -1.753670084577,  0.0            
      1741,  2.094226939631 ,  -1.776355700611,  0.0            
      1742,  1.9909175932882,  -1.79792251082 ,  0.0            
      1743,  1.88738703278  ,  -1.81838153588 ,  0.0            
      1744,  1.7836500705005,  -1.837741882534,  0.0            
      1745,  1.6797207055936,  -1.856010864228,  0.0            
      1746,  1.5756122090848,  -1.873194103861,  0.0            
      1747,  1.4713371998011,  -1.889295620866,  0.0            
      1748,  1.3669077124053,  -1.904317904428,  0.0            
      1749,  1.2623352586598,  -1.918261974375,  0.0            
      1750,  1.1576308828719,  -1.931127430962,  0.0            
      1751,  1.0528052123324,  -1.942912494575,  0.0            
      1752,  0.9478685034454,  -1.953614036181,  0.0            
      1753,  0.8428306841552,  -1.96322759919 ,  0.0            
      1754,  0.7377013931956,  -1.971747413244,  0.0            
      1755,  0.6324900166262,  -1.979166400343,  0.0            
      1756,  0.5272057220651,  -1.985476173578,  0.0            
      1757,  0.4218574909836,  -1.990667028663,  0.0            
      1758,  0.3164541493947,  -1.994727928342,  0.0            
      1759,  0.2110043972377,  -1.997646479673,  0.0            
      1760,  0.1055168051497,  -1.999408904432,  0.0            
      1761,  0.1            ,  0.0            ,  0.0            
      1762,  0.2            ,  0.0            ,  0.0            
      1763,  0.3            ,  0.0            ,  0.0            
      1764,  0.4            ,  0.0            ,  0.0            
      1765,  0.5            ,  0.0            ,  0.0            
      1766,  0.6            ,  0.0            ,  0.0            
      1767,  0.7            ,  0.0            ,  0.0            
      1768,  0.8            ,  0.0            ,  0.0            
      1769,  0.9            ,  0.0            ,  0.0            
      1770,  1.0            ,  0.0            ,  0.0            
      1771,  1.1            ,  0.0            ,  0.0            
      1772,  1.2            ,  0.0            ,  0.0            
      1773,  1.3            ,  0.0            ,  0.0            
      1774,  1.4            ,  0.0            ,  0.0            
      1775,  1.5            ,  0.0            ,  0.0            
      1776,  1.6            ,  0.0            ,  0.0            
      1777,  1.7            ,  0.0            ,  0.0            
      1778,  1.8            ,  0.0            ,  0.0            
      1779,  1.9            ,  0.0            ,  0.0            
      1780,  2.0            ,  0.0            ,  0.0            
      1781,  2.1            ,  0.0            ,  0.0            
      1782,  2.2            ,  0.0            ,  0.0            
      1783,  2.3            ,  0.0            ,  0.0            
      1784,  2.4            ,  0.0            ,  0.0            
      1785,  2.5            ,  0.0            ,  0.0            
      1786,  2.6            ,  0.0            ,  0.0            
      1787,  2.7            ,  0.0            ,  0.0            
      1788,  2.8            ,  0.0            ,  0.0            
      1789,  2.9            ,  0.0            ,  0.0            
      1790,  3.0            ,  0.0            ,  0.0            
      1791,  3.1            ,  0.0            ,  0.0            
      1792,  3.2            ,  0.0            ,  0.0            
      1793,  3.3            ,  0.0            ,  0.0            
      1794,  3.4            ,  0.0            ,  0.0            
      1795,  3.5            ,  0.0            ,  0.0            
      1796,  3.6            ,  0.0            ,  0.0            
      1797,  3.7            ,  0.0            ,  0.0            
      1798,  3.8            ,  0.0            ,  0.0            
      1799,  3.9            ,  0.0            ,  0.0            
      1800,  4.0            ,  0.0            ,  0.0            
      1801,  4.1            ,  0.0            ,  0.0            
      1802,  4.2            ,  0.0            ,  0.0            
      1803,  4.3            ,  0.0            ,  0.0            
      1804,  4.4            ,  0.0            ,  0.0            
      1805,  4.5            ,  0.0            ,  0.0            
      1806,  4.6            ,  0.0            ,  0.0            
      1807,  4.7            ,  0.0            ,  0.0            
      1808,  4.8            ,  0.0            ,  0.0            
      1809,  4.9            ,  0.0            ,  0.0            
      1810,  4.6064253956212,  -0.609362700853,  0.0            
      1811,  4.5360179624949,  -0.679878299591,  0.0            
      1812,  4.6721647793304,  -0.534841784609,  0.0            
      1813,  4.461235092341 ,  -0.746512313555,  0.0            
      1814,  4.7327681865515,  -0.456012313494,  0.0            
      1815,  4.3827810578593,  -0.809611533138,  0.0            
      1816,  4.7865712340404,  -0.372701878682,  0.0            
      1817,  4.3006921641621,  -0.869330731535,  0.0            
      1818,  4.2150889484469,  -0.925196534738,  0.0            
      1819,  4.4741202340116,  -0.651444746215,  0.0            
      1820,  4.5375641382726,  -0.582927212277,  0.0            
      1821,  4.4058101195792,  -0.716257593449,  0.0            
      1822,  4.8318507182837,  -0.284561414904,  0.0            
      1823,  4.5965277629127,  -0.510680403059,  0.0            
      1824,  4.1271709666801,  -0.977631480098,  0.0            
      1825,  4.3330172111442,  -0.777663807147,  0.0            
      1826,  4.2553438959434,  -0.835291641059,  0.0            
      1827,  4.6509225306852,  -0.434490739377,  0.0            
      1828,  4.8664510114247,  -0.192605245854,  0.0            
      1829,  4.0374764463753,  -1.027073454366,  0.0            
      1830,  4.6988345458157,  -0.354356174648,  0.0            
      1831,  4.1725872169574,  -0.88796238229 ,  0.0            
      1832,  4.4113767016126,  -0.625115505947,  0.0            
      1833,  4.3497944505435,  -0.68806207219 ,  0.0            
      1834,  4.2830931612287,  -0.747669193038,  0.0            
      1835,  4.4680728238554,  -0.558633587082,  0.0            
      1836,  4.0870645988064,  -0.936463661324,  0.0            
      1837,  4.2101206229117,  -0.802905651335,  0.0            
      1838,  4.7387976265044,  -0.269907701016,  0.0            
      1839,  4.5206786113092,  -0.488707099866,  0.0            
      1840,  3.9460573869395,  -1.073469300305,  0.0            
      1841,  4.5691560413274,  -0.415147732862,  0.0            
      1842,  3.9998363198501,  -0.981721103152,  0.0            
      1843,  4.8888646969565,  -0.097243388714,  0.0            
      1844,  4.1302135366587,  -0.851913434044,  0.0            
      1845,  4.7690383546041,  -0.182324004018,  0.0            
      1846,  4.2949469704816,  -0.661460914482,  0.0            
      1847,  4.234903458491 ,  -0.719439214328,  0.0            
      1848,  4.3494086115518,  -0.600147547323,  0.0            
      1849,  4.6115401698764,  -0.33803672258 ,  0.0            
      1850,  3.8533306957149,  -1.11705315543 ,  0.0            
      1851,  4.1668318626556,  -0.772296357562,  0.0            
      1852,  4.0468516080636,  -0.895954747024,  0.0            
      1853,  4.3993641737213,  -0.53552578892 ,  0.0            
      1854,  3.9105910214965,  -1.023697838761,  0.0            
      1855,  4.4458116570237,  -0.46780156922 ,  0.0            
      1856,  4.6465981711482,  -0.257117838779,  0.0            
      1857,  4.0893496752894,  -0.817326337491,  0.0            
      1858,  3.9619639905652,  -0.936695802309,  0.0            
      1859,  3.7598230884156,  -1.158408725784,  0.0            
      1860,  4.4884199783673,  -0.396783612202,  0.0            
      1861,  4.1251450475026,  -0.742912540841,  0.0            
      1862,  4.1876020090356,  -0.692058385966,  0.0            
      1863,  4.7887872888587,  -0.091756974455,  0.0            
      1864,  4.2402046166508,  -0.635574269938,  0.0            
      1865,  3.8195156840919,  -1.062672096506,  0.0            
      1866,  4.2873371240338,  -0.575884271715,  0.0            
      1867,  4.0075168010761,  -0.856623398884,  0.0            
      1868,  3.8751671867066,  -0.974407073771,  0.0            
      1869,  4.672895927661 ,  -0.173412677909,  0.0            
      1870,  4.5252919428791,  -0.322553483716,  0.0            
      1871,  4.3306744925236,  -0.513145235482,  0.0            
      1872,  3.6657178037577,  -1.198100158251,  0.0            
      1873,  4.0496508206413,  -0.783609361084,  0.0            
      1874,  4.371113719573 ,  -0.447577619232,  0.0            
      1875,  3.9244328964855,  -0.892860939868,  0.0            
      1876,  3.7273228927833,  -1.099396180268,  0.0            
      1877,  4.0869620002905,  -0.71605755871 ,  0.0            
      1878,  4.1407078136504,  -0.666534100873,  0.0            
      1879,  4.555497925486 ,  -0.2450382566  ,  0.0            
      1880,  4.1838197151792,  -0.612224998997,  0.0            
      1881,  3.786304089529 ,  -1.009245997943,  0.0            
      1882,  4.407891559913 ,  -0.379083332744,  0.0            
      1883,  3.9690121255032,  -0.817692861517,  0.0            
      1884,  3.5710839523295,  -1.236434777079,  0.0            
      1885,  4.2235978171002,  -0.554349689364,  0.0            
      1886,  4.6899777093429,  -0.087133079816,  0.0            
      1887,  3.8399345167012,  -0.92663400443 ,  0.0            
      1888,  4.0129024020142,  -0.750504490982,  0.0            
      1889,  3.6345432902726,  -1.134578429761,  0.0            
      1890,  4.2606174025225,  -0.49337840486 ,  0.0            
      1891,  4.5778402909862,  -0.165020075682,  0.0            
      1892,  4.4393058355137,  -0.307656172315,  0.0            
      1893,  4.0540701324886,  -0.692828464826,  0.0            
      1894,  4.0849033666978,  -0.649925815164,  0.0            
      1895,  3.8873359901675,  -0.849154565308,  0.0            
      1896,  3.6959195310519,  -1.04185401144 ,  0.0            
      1897,  3.4759456875548,  -1.273557022233,  0.0            
      1898,  4.2953106743165,  -0.429676018218,  0.0            
      1899,  4.1193379962387,  -0.598932501916,  0.0            
      1900,  3.7536042608041,  -0.957917253142,  0.0            
      1901,  3.9347331195961,  -0.77805494231 ,  0.0            
      1902,  4.4646910303067,  -0.233449325299,  0.0            
      1903,  3.5414148603127,  -1.168641624463,  0.0            
      1904,  4.3264665970326,  -0.363431820217,  0.0            
      1905,  4.1533432001542,  -0.542360261384,  0.0            
      1906,  3.9905043316605,  -0.711520122352,  0.0            
      1907,  3.8047242803115,  -0.878854656852,  0.0            
      1908,  4.5920073389183,  -0.082844105188,  0.0            
      1909,  4.0098212427774,  -0.659915078514,  0.0            
      1910,  3.6047449642166,  -1.072912447949,  0.0            
      1911,  3.3803329711068,  -1.30952448832 ,  0.0            
      1912,  4.1852896505299,  -0.48229287279 ,  0.0            
      1913,  4.0420299637459,  -0.604638767517,  0.0            
      1914,  3.6656126207105,  -0.987034796406,  0.0            
      1915,  3.8547181007304,  -0.804585783046,  0.0            
      1916,  4.3526667120414,  -0.294494828497,  0.0            
      1917,  4.4830459647511,  -0.156992110746,  0.0            
      1918,  3.4480009514803,  -1.201782766371,  0.0            
      1919,  3.9169674513092,  -0.732885786833,  0.0            
      1920,  4.2152111286905,  -0.41948924687 ,  0.0            
      1921,  3.720743483748 ,  -0.90659635269 ,  0.0            
      1922,  4.0734775184815,  -0.546436195893,  0.0            
      1923,  3.284262412233 ,  -1.344349971588,  0.0            
      1924,  3.930145960009 ,  -0.678844675773,  0.0            
      1925,  3.5132273078619,  -1.102920442798,  0.0            
      1926,  4.3734378223724,  -0.223228359335,  0.0            
      1927,  3.7735451119653,  -0.830158439109,  0.0            
      1928,  4.2418131334498,  -0.354405662162,  0.0            
      1929,  4.1024275672856,  -0.4854407755  ,  0.0            
      1930,  3.5765142619666,  -1.014479440313,  0.0            
      1931,  3.9588923642964,  -0.62030870301 ,  0.0            
      1932,  3.3543005461453,  -1.234070393539,  0.0            
      1933,  3.8379108269152,  -0.755155116412,  0.0            
      1934,  3.6352983156417,  -0.932375765304,  0.0            
      1935,  4.4942103850704,  -0.078777768223,  0.0            
      1936,  3.9885635015397,  -0.559736735106,  0.0            
      1937,  4.1291544776723,  -0.421949957129,  0.0            
      1938,  3.1876804847252,  -1.378007648068,  0.0            
      1939,  4.2637923624776,  -0.286859007189,  0.0            
      1940,  3.4215368601567,  -1.132159070086,  0.0            
      1941,  3.8481171809327,  -0.698456959093,  0.0            
      1942,  4.3879305227976,  -0.149926454703,  0.0            
      1943,  3.6913044668263,  -0.854362787977,  0.0            
      1944,  3.4868152356574,  -1.040693945628,  0.0            
      1945,  4.0154826541007,  -0.496939560581,  0.0            
      1946,  3.8739477683267,  -0.637584820164,  0.0            
      1947,  4.1527842127942,  -0.356184705342,  0.0            
      1948,  3.756941159707 ,  -0.776991786441,  0.0            
      1949,  3.2603097003177,  -1.265495393866,  0.0            
      1950,  3.548648567655 ,  -0.956457165526,  0.0            
      1951,  4.2807361895678,  -0.217248567065,  0.0            
      1952,  3.090502620565 ,  -1.41037043366 ,  0.0            
      1953,  3.9018715551336,  -0.574797830809,  0.0            
      1954,  3.6080303751688,  -0.876958543533,  0.0            
      1955,  3.3296817133065,  -1.160729426188,  0.0            
      1956,  3.765130559517 ,  -0.717431810829,  0.0            
      1957,  4.0398952145474,  -0.431861960285,  0.0            
      1958,  4.3961553114475,  -0.075223729905,  0.0            
      1959,  4.1720152003594,  -0.288183048826,  0.0            
      1960,  3.3968525274279,  -1.06604398914 ,  0.0            
      1961,  3.6750348544252,  -0.797858699965,  0.0            
      1962,  3.1659827942832,  -1.295993145403,  0.0            
      1963,  3.7884401424093,  -0.654204476376,  0.0            
      1964,  3.9271616742257,  -0.510122973428,  0.0            
      1965,  3.4611487880178,  -0.979234629912,  0.0            
      1966,  4.291914746106 ,  -0.145790710579,  0.0            
      1967,  4.061469439649 ,  -0.364403725939,  0.0            
      1968,  2.9926163252859,  -1.441221082247,  0.0            
      1969,  3.5236977090565,  -0.897977715483,  0.0            
      1970,  3.237640735227 ,  -1.18863174613 ,  0.0            
      1971,  3.6815264847815,  -0.735560602763,  0.0            
      1972,  3.8144816018355,  -0.589284565642,  0.0            
      1973,  4.1863897100488,  -0.218106349843,  0.0            
      1974,  3.9496435770172,  -0.443258023681,  0.0            
      1975,  3.5925563248178,  -0.817433290755,  0.0            
      1976,  3.306732969894 ,  -1.090734168395,  0.0            
      1977,  3.0712292440343,  -1.325380962316,  0.0            
      1978,  4.0788625088581,  -0.294854004788,  0.0            
      1979,  3.7023420028631,  -0.669983959248,  0.0            
      1980,  3.3731613309607,  -1.001062073519,  0.0            
      1981,  3.8381433262934,  -0.522774385843,  0.0            
      1982,  4.2975420266814,  -0.073141873788,  0.0            
      1983,  3.4383771597452,  -0.91759341696 ,  0.0            
      1984,  3.1453747826739,  -1.21576870851 ,  0.0            
      1985,  2.8939844226964,  -1.47038514867 ,  0.0            
      1986,  3.9693720679077,  -0.373978448513,  0.0            
      1987,  4.1951864433096,  -0.146363384417,  0.0            
      1988,  3.5976534200665,  -0.752673266805,  0.0            
      1989,  3.7263234796127,  -0.602946583555,  0.0            
      1990,  3.5093497592191,  -0.835670066787,  0.0            
      1991,  3.2164610056394,  -1.114818419922,  0.0            
      1992,  2.9758557915833,  -1.35334191523 ,  0.0            
      1993,  4.0914169535609,  -0.223062606601,  0.0            
      1994,  3.8588235379619,  -0.454137788742,  0.0            
      1995,  3.2848622435511,  -1.022130574707,  0.0            
      1996,  3.6159580924182,  -0.684855608003,  0.0            
      1997,  3.9851890743421,  -0.302640801654,  0.0            
      1998,  3.7483786133218,  -0.534550032306,  0.0            
      1999,  3.0528053638733,  -1.241886248551,  0.0            
      2000,  3.3523640271784,  -0.936143860217,  0.0            
      2001,  3.5133826120075,  -0.768691900345,  0.0            
      2002,  2.7947280097208,  -1.49785377784 ,  0.0            
      2003,  4.1987225128697,  -0.073399814741,  0.0            
      2004,  3.4253166527439,  -0.852679579339,  0.0            
      2005,  3.8767735968329,  -0.383119278519,  0.0            
      2006,  3.6376243337429,  -0.615775323441,  0.0            
      2007,  3.1260082497483,  -1.138239205746,  0.0            
      2008,  4.0984177167517,  -0.149761976575,  0.0            
      2009,  2.8795927327632,  -1.379550314214,  0.0            
      2010,  3.7673946881534,  -0.464187587107,  0.0            
      2011,  3.1963608320514,  -1.042551763136,  0.0            
      2012,  3.9962195924034,  -0.228898431567,  0.0            
      2013,  3.5292465224785,  -0.698833834299,  0.0            
      2014,  2.9597687228972,  -1.26661579227 ,  0.0            
      2015,  3.2658185423214,  -0.953916772065,  0.0            
      2016,  3.6579304581786,  -0.54546348822 ,  0.0            
      2017,  3.8910725009   ,  -0.310041411417,  0.0            
      2018,  3.428596576979 ,  -0.783575215524,  0.0            
      2019,  3.3405352034013,  -0.868635837432,  0.0            
      2020,  2.6948095178185,  -1.52390421314 ,  0.0            
      2021,  3.0353346434018,  -1.160854576548,  0.0            
      2022,  3.7836156855518,  -0.391500428696,  0.0            
      2023,  2.7824432927105,  -1.40384035825 ,  0.0            
      2024,  3.5484359095811,  -0.627820747626,  0.0            
      2025,  4.1001694110122,  -0.075059132865,  0.0            
      2026,  4.0017166756614,  -0.153760798782,  0.0            
      2027,  3.1076705296871,  -1.062346852933,  0.0            
      2028,  3.6753204785092,  -0.473426891522,  0.0            
      2029,  3.442189210315 ,  -0.711892947104,  0.0            
      2030,  2.8658640157994,  -1.289695718246,  0.0            
      2031,  3.1789353054575,  -0.971029087526,  0.0            
      2032,  3.900680756263 ,  -0.234466362974,  0.0            
      2033,  3.3432240871838,  -0.797445762689,  0.0            
      2034,  3.2550217896467,  -0.883674387758,  0.0            
      2035,  3.5668218310935,  -0.555632262282,  0.0            
      2036,  3.7963954954612,  -0.316783545802,  0.0            
      2037,  2.9443514799596,  -1.182431537774,  0.0            
      2038,  2.5945296751208,  -1.549061825228,  0.0            
      2039,  2.68408817262  ,  -1.426642564291,  0.0            
      2040,  3.4588498717588,  -0.639055331816,  0.0            
      2041,  3.0187848208943,  -1.081437358656,  0.0            
      2042,  3.6898513659882,  -0.399123757676,  0.0            
      2043,  4.0018560180656,  -0.077031877211,  0.0            
      2044,  3.354753268762 ,  -0.724008574732,  0.0            
      2045,  2.7710311962704,  -1.311012306317,  0.0            
      2046,  3.0917544521134,  -0.987472932271,  0.0            
      2047,  3.9048109318973,  -0.157554025773,  0.0            
      2048,  3.5825908314648,  -0.481965926471,  0.0            
      2049,  3.2571741560933,  -0.810474346488,  0.0            
      2050,  3.1689917281166,  -0.897935497884,  0.0            
      2051,  3.804651755464 ,  -0.239547903948,  0.0            
      2052,  2.8525824563602,  -1.20273194929 ,  0.0            
      2053,  3.4751568716866,  -0.565074661781,  0.0            
      2054,  2.49361890572  ,  -1.573966034728,  0.0            
      2055,  3.7011092174059,  -0.322873201096,  0.0            
      2056,  2.9296583458497,  -1.099676995726,  0.0            
      2057,  2.5850464465166,  -1.448882889635,  0.0            
      2058,  3.3688985519451,  -0.649452381393,  0.0            
      2059,  3.5954924435581,  -0.406098411593,  0.0            
      2060,  3.2668533255591,  -0.735229399962,  0.0            
      2061,  2.6745170064102,  -1.331048234968,  0.0            
      2062,  3.0043637269942,  -1.00323270873 ,  0.0            
      2063,  3.1705455093825,  -0.8227221853  ,  0.0            
      2064,  3.4892584786696,  -0.489819930422,  0.0            
      2065,  3.9034975902988,  -0.07892738935 ,  0.0            
      2066,  3.0824904935175,  -0.911516290851,  0.0            
      2067,  3.8075279498272,  -0.160979165339,  0.0            
      2068,  2.7599635579873,  -1.22151623839 ,  0.0            
      2069,  2.3923023496112,  -1.598536634012,  0.0            
      2070,  3.3830013854098,  -0.573745726003,  0.0            
      2071,  3.7080679279876,  -0.244132377578,  0.0            
      2072,  2.8397781835274,  -1.116955641974,  0.0            
      2073,  2.484858342043 ,  -1.471696821169,  0.0            
      2074,  3.6052595038692,  -0.328396772218,  0.0            
      2075,  3.2785885204513,  -0.65905943419 ,  0.0            
      2076,  2.9167646399863,  -1.018303920967,  0.0            
      2077,  3.1784714542904,  -0.745649807582,  0.0            
      2078,  2.5769607064214,  -1.350817674726,  0.0            
      2079,  3.0833298043517,  -0.834157448444,  0.0            
      2080,  3.5005728547269,  -0.412462720764,  0.0            
      2081,  2.9956883722067,  -0.924460052808,  0.0            
      2082,  2.6653177923901,  -1.239238299064,  0.0            
      2083,  3.3953502281891,  -0.496942811939,  0.0            
      2084,  2.2904442374981,  -1.622616264022,  0.0            
      2085,  3.8049468531719,  -0.080663323299,  0.0            
      2086,  3.7097912207294,  -0.164030317488,  0.0            
      2087,  2.7491509432148,  -1.133113451396,  0.0            
      2088,  3.2904338985206,  -0.581678969714,  0.0            
      2089,  3.6109748939682,  -0.248271380989,  0.0            
      2090,  2.3841365717818,  -1.494860607691,  0.0            
      2091,  3.1879069421684,  -0.6679041732  ,  0.0            
      2092,  2.8284230217253,  -1.032672385644,  0.0            
      2093,  3.5088868227146,  -0.333385435648,  0.0            
      2094,  3.0895629049505,  -0.75531346413 ,  0.0            
      2095,  2.4776055450403,  -1.371735778537,  0.0            
      2096,  2.9956669219281,  -0.844822675307,  0.0            
      2097,  2.9086117100166,  -0.936778922269,  0.0            
      2098,  3.4051143727335,  -0.418191810373,  0.0            
      2099,  2.5693855956572,  -1.256947236767,  0.0            
      2100,  2.1883569120916,  -1.646018895127,  0.0            
      2101,  3.3009451713182,  -0.50336017018 ,  0.0            
      2102,  2.6562496755242,  -1.148599681371,  0.0            
      2103,  3.7061414809838,  -0.082225116092,  0.0            
      2104,  3.1974588527045,  -0.588935003731,  0.0            
      2105,  2.2826227408203,  -1.518031066578,  0.0            
      2106,  3.6116395179864,  -0.166754355275,  0.0            
      2107,  2.7393893657586,  -1.046219256002,  0.0            
      2108,  3.0968388528578,  -0.67594980944 ,  0.0            
      2109,  3.5134098162676,  -0.251996121225,  0.0            
      2110,  3.0001695140466,  -0.764253945979,  0.0            
      2111,  2.3774907230478,  -1.393480940896,  0.0            
      2112,  2.9075868286664,  -0.854818965648,  0.0            
      2113,  2.8207650037659,  -0.948481746114,  0.0            
      2114,  3.4120339683677,  -0.337814355724,  0.0            
      2115,  2.470999744945 ,  -1.27619109153 ,  0.0            
      2116,  3.3091561209365,  -0.423304231615,  0.0            
      2117,  2.0860731593324,  -1.668730957438,  0.0            
      2118,  2.5619149519758,  -1.164376402932,  0.0            
      2119,  3.2060571317129,  -0.50912337211 ,  0.0            
      2120,  2.18089763708  ,  -1.540866676024,  0.0            
      2121,  2.6478800868161,  -1.059427483511,  0.0            
      2122,  3.1041260390773,  -0.595512793797,  0.0            
      2123,  3.6070996117497,  -0.083623930127,  0.0            
      2124,  3.0053561599293,  -0.683218664697,  0.0            
      2125,  3.5131102034242,  -0.169184140064,  0.0            
      2126,  2.7322473050832,  -0.959519626805,  0.0            
      2127,  2.9102920397268,  -0.772491152414,  0.0            
      2128,  2.276245983548 ,  -1.415619352819,  0.0            
      2129,  2.8186843877468,  -0.864232008155,  0.0            
      2130,  3.4154194839568,  -0.255303775066,  0.0            
      2131,  2.3715879050255,  -1.296516618875,  0.0            
      2132,  3.3147181322547,  -0.341688934889,  0.0            
      2133,  1.9836177413118,  -1.690719410945,  0.0            
      2134,  2.4645253660121,  -1.181996121062,  0.0            
      2135,  3.2126967706312,  -0.427832884826,  0.0            
      2136,  2.5548475055383,  -1.073288476476,  0.0            
      2137,  2.0789768796197,  -1.563334691324,  0.0            
      2138,  3.1107614603992,  -0.514235872499,  0.0            
      2139,  3.0104259156718,  -0.601396060931,  0.0            
      2140,  2.6412247090326,  -0.970436835424,  0.0            
      2141,  2.1747523117346,  -1.437696745861,  0.0            
      2142,  2.9134368288431,  -0.689779499243,  0.0            
      2143,  2.8195778849495,  -0.780045562632,  0.0            
      2144,  2.7290935359604,  -0.87305143144 ,  0.0            
      2145,  3.5078414973743,  -0.084871230619,  0.0            
      2146,  3.4142490897451,  -0.171324345015,  0.0            
      2147,  2.270639379883 ,  -1.317434115921,  0.0            
      2148,  3.317017789185 ,  -0.258191323281,  0.0            
      2149,  1.8809312226597,  -1.711938107051,  0.0            
      2150,  3.2169264862783,  -0.345036779082,  0.0            
      2151,  2.3658531295918,  -1.200868165514,  0.0            
      2152,  3.1157921014922,  -0.431777003868,  0.0            
      2153,  1.9769461242266,  -1.585379063434,  0.0            
      2154,  2.4583049443942,  -1.089349336416,  0.0            
      2155,  3.015061359649 ,  -0.518693684039,  0.0            
      2156,  2.5486999240039,  -0.982339553095,  0.0            
      2157,  2.0730057304201,  -1.459667992825,  0.0            
      2158,  2.9163673921693,  -0.606575306446,  0.0            
      2159,  2.6372015791936,  -0.881789220586,  0.0            
      2160,  2.8207700067348,  -0.695682723237,  0.0            
      2161,  2.7281393548763,  -0.786907007763,  0.0            
      2162,  2.1693641536514,  -1.338405176087,  0.0            
      2163,  1.7776955233119,  -1.732128462712,  0.0            
      2164,  3.4083945809575,  -0.085971640445,  0.0            
      2165,  3.3150709318548,  -0.17317269368 ,  0.0            
      2166,  3.2181920821975,  -0.260656506773,  0.0            
      2167,  2.2652207471983,  -1.220470064718,  0.0            
      2168,  1.8747782746193,  -1.606899510982,  0.0            
      2169,  3.1186942374334,  -0.347872461307,  0.0            
      2170,  2.3602726958388,  -1.10680697013 ,  0.0            
      2171,  3.0184445780405,  -0.435116446654,  0.0            
      2172,  2.4525443835543,  -0.996823868928,  0.0            
      2173,  1.9711835555994,  -1.481437984887,  0.0            
      2174,  2.9189937215019,  -0.5225185955  ,  0.0            
      2175,  2.5439850985854,  -0.891735031912,  0.0            
      2176,  2.8217090003654,  -0.611049361843,  0.0            
      2177,  2.6347000233021,  -0.793556175117,  0.0            
      2178,  2.7274207689548,  -0.700878772734,  0.0            
      2179,  1.6739191894104,  -1.750364343787,  0.0            
      2180,  2.0677469986142,  -1.35937846908 ,  0.0            
      2181,  2.1641761313808,  -1.240204574852,  0.0            
      2182,  3.3087686629436,  -0.086924119378,  0.0            
      2183,  1.7721170453359,  -1.627432761008,  0.0            
      2184,  3.2155725173197,  -0.174729017113,  0.0            
      2185,  3.1189643108915,  -0.26268788583 ,  0.0            
      2186,  2.2599286016047,  -1.125031866302,  0.0            
      2187,  3.0200112481309,  -0.350196317233,  0.0            
      2188,  1.869303332117 ,  -1.50285414642 ,  0.0            
      2189,  2.3548443348707,  -1.012890375265,  0.0            
      2190,  2.9206978209083,  -0.437848397453,  0.0            
      2191,  2.4475093336685,  -0.90465415954 ,  0.0            
      2192,  2.8224151289776,  -0.52572509307 ,  0.0            
      2193,  1.966067551443 ,  -1.380226310691,  0.0            
      2194,  2.5401423473746,  -0.801505316166,  0.0            
      2195,  2.7264816724973,  -0.614749228171,  0.0            
      2196,  2.6324099202941,  -0.705698600384,  0.0            
      2197,  1.5696685076288,  -1.765833071172,  0.0            
      2198,  2.062696174281 ,  -1.260013822944,  0.0            
      2199,  1.6689877842258,  -1.64536121433 ,  0.0            
      2200,  2.1590962555309,  -1.143387160311,  0.0            
      2201,  3.2089660776302,  -0.087724323564,  0.0            
      2202,  3.1157638266677,  -0.175991195198,  0.0            
      2203,  1.7670593435553,  -1.523292637775,  0.0            
      2204,  3.0193166895299,  -0.264273025582,  0.0            
      2205,  2.2546981145993,  -1.029730291604,  0.0            
      2206,  2.9209259236628,  -0.352020215235,  0.0            
      2207,  2.3496683406925,  -0.919381891089,  0.0            
      2208,  2.8224867276195,  -0.439976970724,  0.0            
      2209,  1.8643603742128,  -1.400777319072,  0.0            
      2210,  2.4429408954466,  -0.812769277124,  0.0            
      2211,  2.7253671751362,  -0.528207371405,  0.0            
      2212,  2.629962120238 ,  -0.617929792956,  0.0            
      2213,  2.5364627700808,  -0.711776263137,  0.0            
      2214,  1.961163626542 ,  -1.279744294767,  0.0            
      2215,  1.4654294785814,  -1.779278135064,  0.0            
      2216,  1.5652194441538,  -1.65931591647 ,  0.0            
      2217,  2.057750527689 ,  -1.16182396543 ,  0.0            
      2218,  1.6644695708521,  -1.540718219372,  0.0            
      2219,  3.1089886099786,  -0.088364028136,  0.0            
      2220,  2.1540305718138,  -1.046689296507,  0.0            
      2221,  3.0156295688026,  -0.176956126131,  0.0            
      2222,  2.9192996826364,  -0.265421523142,  0.0            
      2223,  2.2495744024146,  -0.934841512966,  0.0            
      2224,  1.7623666562457,  -1.42038649182 ,  0.0            
      2225,  2.8214344932262,  -0.353344094313,  0.0            
      2226,  2.3446586511129,  -0.826104961971,  0.0            
      2227,  2.7238533862609,  -0.441404576551,  0.0            
      2228,  2.6273899326057,  -0.530095743986,  0.0            
      2229,  2.4384850065303,  -0.7214043288  ,  0.0            
      2230,  1.859610624028 ,  -1.299218958426,  0.0            
      2231,  2.5327002713522,  -0.622293329304,  0.0            
      2232,  1.3611488808539,  -1.791641020508,  0.0            
      2233,  1.9563595788162,  -1.180193645657,  0.0            
      2234,  1.461294390122 ,  -1.670627410837,  0.0            
      2235,  2.0528160403886,  -1.063724627956,  0.0            
      2236,  1.5611981539885,  -1.553436050754,  0.0            
      2237,  1.6601027908404,  -1.436984251967,  0.0            
      2238,  3.0088274299209,  -0.08883675154 ,  0.0            
      2239,  2.1489968972186,  -0.950382555477,  0.0            
      2240,  2.9152045017859,  -0.177630216316,  0.0            
      2241,  2.8189458801166,  -0.266138154492,  0.0            
      2242,  2.2445176255986,  -0.840160919137,  0.0            
      2243,  2.721570235739 ,  -0.354052279845,  0.0            
      2244,  1.7578052862822,  -1.317800029003,  0.0            
      2245,  2.3397009485779,  -0.733331950334,  0.0            
      2246,  2.6245845894644,  -0.442217386687,  0.0            
      2247,  2.4339838110534,  -0.63032075348 ,  0.0            
      2248,  2.5288686577239,  -0.533042308145,  0.0            
      2249,  1.854947948091 ,  -1.198337557725,  0.0            
      2250,  1.2568369994698,  -1.803224557643,  0.0            
      2251,  1.9515607562155,  -1.080710779299,  0.0            
      2252,  1.3571597883834,  -1.680888619033,  0.0            
      2253,  1.457619696757 ,  -1.563113414528,  0.0            
      2254,  2.0479044601153,  -0.965975234279,  0.0            
      2255,  1.5571792368725,  -1.448842973596,  0.0            
      2256,  2.9084977805945,  -0.089145965886,  0.0            
      2257,  2.1439735749805,  -0.854276547349,  0.0            
      2258,  2.8145319958968,  -0.178005100566,  0.0            
      2259,  1.655762275787 ,  -1.33348322588 ,  0.0            
      2260,  2.7182774912934,  -0.266332962376,  0.0            
      2261,  2.2394877149149,  -0.745972750381,  0.0            
      2262,  2.6213048561621,  -0.354164282969,  0.0            
      2263,  2.3347203368588,  -0.640804675011,  0.0            
      2264,  1.7533017884151,  -1.215665614813,  0.0            
      2265,  2.4294426466098,  -0.539598362807,  0.0            
      2266,  2.5249291258802,  -0.443968704264,  0.0            
      2267,  1.850283995509 ,  -1.09751014729 ,  0.0            
      2268,  1.1524289941017,  -1.81411083067 ,  0.0            
      2269,  1.2529681453049,  -1.690602549896,  0.0            
      2270,  1.9467726703083,  -0.981534243785,  0.0            
      2271,  1.3536906139378,  -1.571739841592,  0.0            
      2272,  1.4538925219139,  -1.45766086674 ,  0.0            
      2273,  2.0429939180736,  -0.86842010492 ,  0.0            
      2274,  2.8080329401665,  -0.089288687259,  0.0            
      2275,  1.5530952692151,  -1.344596236092,  0.0            
      2276,  2.1389599006661,  -0.758653307963,  0.0            
      2277,  2.713616264112 ,  -0.178000885962,  0.0            
      2278,  1.6514330759433,  -1.230330358779,  0.0            
      2279,  2.2344420547267,  -0.652005190119,  0.0            
      2280,  2.6173735433529,  -0.266008592453,  0.0            
      2281,  2.3297248625753,  -0.548639484162,  0.0            
      2282,  2.4248572177812,  -0.449138938187,  0.0            
      2283,  2.5207575702458,  -0.355037922116,  0.0            
      2284,  1.7487924753303,  -1.113575657494,  0.0            
      2285,  1.0479449559819,  -1.824320359304,  0.0            
      2286,  1.8456190930488,  -0.996943642832,  0.0            
      2287,  1.1486857424521,  -1.699893630745,  0.0            
      2288,  1.2496574609268,  -1.579961698993,  0.0            
      2289,  1.9419765669043,  -0.88254016531 ,  0.0            
      2290,  1.3502087238774,  -1.465441208357,  0.0            
      2291,  2.03808957589  ,  -0.771337489538,  0.0            
      2292,  1.4500599990056,  -1.352765743708,  0.0            
      2293,  2.7074271048535,  -0.089230213096,  0.0            
      2294,  2.1339376536022,  -0.663236515259,  0.0            
      2295,  2.6125476103152,  -0.177593833394,  0.0            
      2296,  1.5489849105939,  -1.240782324603,  0.0            
      2297,  2.2293915563291,  -0.558375634993,  0.0            
      2298,  2.3247199666149,  -0.456713220408,  0.0            
      2299,  1.647096018634 ,  -1.127211687905,  0.0            
      2300,  2.5162504036512,  -0.266274229077,  0.0            
      2301,  2.4201714220759,  -0.358938399933,  0.0            
      2302,  1.7442742387445,  -1.011698770803,  0.0            
      2303,  0.9433961914291,  -1.83385957877 ,  0.0            
      2304,  1.0443618845695,  -1.708807172828,  0.0            
      2305,  1.8409390317591,  -0.896537687811,  0.0            
      2306,  1.1455319123323,  -1.587950740343,  0.0            
      2307,  1.9371826563824,  -0.783992102328,  0.0            
      2308,  1.2464022661926,  -1.472831469964,  0.0            
      2309,  2.0331823601262,  -0.674451554492,  0.0            
      2310,  1.3466315144379,  -1.359909328438,  0.0            
      2311,  2.1289197891708,  -0.568139725973,  0.0            
      2312,  2.6067084701583,  -0.088956108643,  0.0            
      2313,  1.4461915998846,  -1.248506534994,  0.0            
      2314,  2.2243366929347,  -0.464943229708,  0.0            
      2315,  2.5112724708763,  -0.177560944245,  0.0            
      2316,  2.3196934179401,  -0.365013121106,  0.0            
      2317,  2.415326929714 ,  -0.269024518035,  0.0            
      2318,  1.5448665801536,  -1.136991480141,  0.0            
      2319,  1.6427461782764,  -1.024255070512,  0.0            
      2320,  0.8387912145957,  -1.842727503315,  0.0            
      2321,  1.7397367109659,  -0.909954165146,  0.0            
      2322,  0.9400084632824,  -1.71736016124 ,  0.0            
      2323,  1.041384825789 ,  -1.595781014626,  0.0            
      2324,  1.8362583406632,  -0.796524681483,  0.0            
      2325,  1.1425064975337,  -1.480032948278,  0.0            
      2326,  1.9323908571073,  -0.685625588304,  0.0            
      2327,  1.2430823425491,  -1.366647025427,  0.0            
      2328,  2.0282847330133,  -0.577873810471,  0.0            
      2329,  1.3430295157585,  -1.255236797384,  0.0            
      2330,  2.1238991540273,  -0.473196416886,  0.0            
      2331,  2.5057870768448,  -0.088869562279,  0.0            
      2332,  2.2192758356605,  -0.371684134953,  0.0            
      2333,  2.4102573882317,  -0.179277758629,  0.0            
      2334,  2.3146272109287,  -0.273582951693,  0.0            
      2335,  1.4423167363504,  -1.144259853672,  0.0            
      2336,  1.5407341603636,  -1.033310191942,  0.0            
      2337,  1.6383764622444,  -0.921399029582,  0.0            
      2338,  0.7341433606269,  -1.85092062776 ,  0.0            
      2339,  0.8356305620494,  -1.72555476173 ,  0.0            
      2340,  1.7351965146774,  -0.808531922825,  0.0            
      2341,  0.9372276448473,  -1.603478209136,  0.0            
      2342,  1.8315847259818,  -0.696668291496,  0.0            
      2343,  1.0385978391261,  -1.487148770322,  0.0            
      2344,  1.927614483819 ,  -0.587547070006,  0.0            
      2345,  1.139451407382 ,  -1.373203590388,  0.0            
      2346,  2.0233830162269,  -0.481408400192,  0.0            
      2347,  1.2397543123468,  -1.261517768444,  0.0            
      2348,  2.1188777502226,  -0.378384574385,  0.0            
      2349,  2.4050113973474,  -0.089681141348,  0.0            
      2350,  2.2142073722712,  -0.27863823164 ,  0.0            
      2351,  2.3095081506435,  -0.182294278892,  0.0            
      2352,  1.3394237437717,  -1.150568914856,  0.0            
      2353,  1.4384291456028,  -1.040073397233,  0.0            
      2354,  1.5365832761355,  -0.929696267984,  0.0            
      2355,  0.6294624614444,  -1.858434203304,  0.0            
      2356,  1.6340036354093,  -0.818787453981,  0.0            
      2357,  0.7312409218066,  -1.733389065434,  0.0            
      2358,  0.833061868233 ,  -1.611046008321,  0.0            
      2359,  1.7306664559193,  -0.707236650188,  0.0            
      2360,  0.9346868619749,  -1.494214379138,  0.0            
      2361,  1.8269314696432,  -0.597064515873,  0.0            
      2362,  1.0358133193452,  -1.379708169935,  0.0            
      2363,  1.9228374339776,  -0.489546017626,  0.0            
      2364,  2.0184774886713,  -0.385043916184,  0.0            
      2365,  1.1364030964352,  -1.267584878282,  0.0            
      2366,  2.113864691128 ,  -0.283716848441,  0.0            
      2367,  2.3044560758529,  -0.091164057985,  0.0            
      2368,  2.2091395852481,  -0.185684592321,  0.0            
      2369,  1.2364254170072,  -1.156389500495,  0.0            
      2370,  1.3358089576558,  -1.045924253639,  0.0            
      2371,  1.4345263039476,  -0.93592247565 ,  0.0            
      2372,  0.5247623914505,  -1.865261993239,  0.0            
      2373,  1.5324293879921,  -0.826246839416,  0.0            
      2374,  0.6268461038537,  -1.740860194344,  0.0            
      2375,  1.6296426057833,  -0.716271757951,  0.0            
      2376,  0.7288983865253,  -1.618483486135,  0.0            
      2377,  1.7261587703276,  -0.606148396047,  0.0            
      2378,  0.8307728251614,  -1.50123532428 ,  0.0            
      2379,  1.8222823604983,  -0.497515961008,  0.0            
      2380,  0.9321770554093,  -1.386204918022,  0.0            
      2381,  1.9180582284455,  -0.391621339802,  0.0            
      2382,  1.0330474675813,  -1.273590416406,  0.0            
      2383,  2.0135768805933,  -0.288757064802,  0.0            
      2384,  2.1088825778204,  -0.18910144103 ,  0.0            
      2385,  2.2042175959426,  -0.092852522631,  0.0            
      2386,  1.1333558549358,  -1.161966173322,  0.0            
      2387,  1.2330917200872,  -1.051266703442,  0.0            
      2388,  1.3321833002627,  -0.941291299383,  0.0            
      2389,  0.4200537483665,  -1.871397453104,  0.0            
      2390,  1.4306202206479,  -0.831860621347,  0.0            
      2391,  0.5224590301729,  -1.74796325179 ,  0.0            
      2392,  1.5282875023065,  -0.722861357937,  0.0            
      2393,  0.624739818165 ,  -1.625789581242,  0.0            
      2394,  1.6253033543414,  -0.613913201266,  0.0            
      2395,  0.7268652815101,  -1.508211188996,  0.0            
      2396,  1.7216586906097,  -0.505102320843,  0.0            
      2397,  0.8285405147009,  -1.39270061756 ,  0.0            
      2398,  1.8176343973905,  -0.398027898961,  0.0            
      2399,  0.9296945607544,  -1.279586849374,  0.0            
      2400,  1.9132812187844,  -0.293723486669,  0.0            
      2401,  2.0087061928927,  -0.192493149667,  0.0            
      2402,  2.1040795508607,  -0.094560084663,  0.0            
      2403,  1.0302836043061,  -1.167472564766,  0.0            
      2404,  1.130306641664 ,  -1.056347981589,  0.0            
      2405,  0.3153292350151,  -1.876833346507,  0.0            
      2406,  1.2297508988368,  -0.946145691584,  0.0            
      2407,  1.3285541952244,  -0.836691074881,  0.0            
      2408,  0.4180861601705,  -1.754692855665,  0.0            
      2409,  1.4267238703686,  -0.727832055011,  0.0            
      2410,  0.5205965642183,  -1.632962060408,  0.0            
      2411,  1.5241649063874,  -0.619581975409,  0.0            
      2412,  0.6229640075077,  -1.515141538784,  0.0            
      2413,  1.6209727307031,  -0.511586349523,  0.0            
      2414,  0.7249117053919,  -1.399195034676,  0.0            
      2415,  1.7171622537171,  -0.404105373676,  0.0            
      2416,  1.812987397654 ,  -0.298543426362,  0.0            
      2417,  0.8263420558061,  -1.285582197586,  0.0            
      2418,  1.9085294913772,  -0.195827569472,  0.0            
      2419,  2.0040054197217,  -0.096260011875,  0.0            
      2420,  0.9272138413838,  -1.172968837487,  0.0            
      2421,  1.0275186804074,  -1.061354564838,  0.0            
      2422,  0.2105385669801,  -1.881563808463,  0.0            
      2423,  1.1272526444827,  -0.950729688881,  0.0            
      2424,  1.226405805519 ,  -0.841031703749,  0.0            
      2425,  0.313723810474 ,  -1.761046671462,  0.0            
      2426,  1.3249310616219,  -0.732101430434,  0.0            
      2427,  0.4164696401752,  -1.639998770015,  0.0            
      2428,  1.4228422722974,  -0.623861495088,  0.0            
      2429,  0.5190779761422,  -1.522024921857,  0.0            
      2430,  1.5200504289789,  -0.516323971186,  0.0            
      2431,  1.6166463430593,  -0.409297064663,  0.0            
      2432,  0.6212885964044,  -1.405688315246,  0.0            
      2433,  1.7126662541076,  -0.303106324113,  0.0            
      2434,  0.7229961424778,  -1.29157634206 ,  0.0            
      2435,  1.8083601668622,  -0.199052049537,  0.0            
      2436,  0.824144685757 ,  -1.178464075997,  0.0            
      2437,  1.903934364771 ,  -0.097929900643,  0.0            
      2438,  0.9247319779291,  -1.066350813992,  0.0            
      2439,  0.105531954924 ,  -1.885572414032,  0.0            
      2440,  1.0247489911582,  -0.955236513737,  0.0            
      2441,  0.2093387218495,  -1.767029457688,  0.0            
      2442,  1.1241934586164,  -0.845112200061,  0.0            
      2443,  1.2230622907507,  -0.735919321042,  0.0            
      2444,  0.3123628122414,  -1.646899632401,  0.0            
      2445,  1.3213169263348,  -0.627534011728,  0.0            
      2446,  0.4152039396473,  -1.528860056878,  0.0            
      2447,  1.4189670717083,  -0.51990242827 ,  0.0            
      2448,  0.5176788581624,  -1.412180211117,  0.0            
      2449,  1.5159398453521,  -0.413091482572,  0.0            
      2450,  1.6123202376353,  -0.307004321847,  0.0            
      2451,  0.6196545232831,  -1.297569466053,  0.0            
      2452,  1.7081848276094,  -0.202097872539,  0.0            
      2453,  0.721080147385 ,  -1.1839582881  ,  0.0            
      2454,  1.8038729348994,  -0.099542608838,  0.0            
      2455,  0.8219456492167,  -1.071346212669,  0.0            
      2456,  0.9222445969059,  -0.959732919386,  0.0            
      2457,  0.1048208807119,  -1.772641992711,  0.0            
      2458,  1.0219722978838,  -0.849118792728,  0.0            
      2459,  1.1211325424494,  -0.739495006479,  0.0            
      2460,  0.2082751388224,  -1.653670565262,  0.0            
      2461,  1.2197225100272,  -0.630812446607,  0.0            
      2462,  0.3113492459838,  -1.535645741873,  0.0            
      2463,  1.3177068380607,  -0.522970840296,  0.0            
      2464,  0.4140766807846,  -1.418671042489,  0.0            
      2465,  1.4150947863082,  -0.415957504059,  0.0            
      2466,  1.5118295279604,  -0.309854948318,  0.0            
      2467,  0.5163234047559,  -1.303561695159,  0.0            
      2468,  1.6080051653978,  -0.204700292481,  0.0            
      2469,  0.6180184389229,  -1.189451618581,  0.0            
      2470,  1.7038222591024,  -0.101064603071,  0.0            
      2471,  0.719161867052 ,  -1.07634084135 ,  0.0            
      2472,  0.819739887696 ,  -0.964228687126,  0.0            
      2473,  0.9197483812072,  -0.853115542868,  0.0            
      2474,  0.1041772610082,  -1.66030428053 ,  0.0            
      2475,  1.019191611097 ,  -0.743001568773,  0.0            
      2476,  1.1180721515869,  -0.633878910876,  0.0            
      2477,  0.2075218208212,  -1.54238138002 ,  0.0            
      2478,  1.2163845743281,  -0.525706692256,  0.0            
      2479,  0.3104903782548,  -1.425160264086,  0.0            
      2480,  1.3140984566168,  -0.418413470521,  0.0            
      2481,  1.4112227175434,  -0.312008217611,  0.0            
      2482,  0.4129970256094,  -1.309553713496,  0.0            
      2483,  1.5077277584807,  -0.206605869077,  0.0            
      2484,  0.5149638637444,  -1.194944440956,  0.0            
      2485,  1.6037862717128,  -0.102366442564,  0.0            
      2486,  0.616379556437 ,  -1.081334793788,  0.0            
      2487,  0.717236154986 ,  -0.968723983153,  0.0            
      2488,  0.8175233986449,  -0.857111809985,  0.0            
      2489,  0.9172466644399,  -0.746498791191,  0.0            
      2490,  1.0164099661948,  -0.636884841993,  0.0            
      2491,  0.1037410418242,  -1.549051060027,  0.0            
      2492,  1.115012251066 ,  -0.528263177568,  0.0            
      2493,  0.2069268946935,  -1.431645211341,  0.0            
      2494,  1.2130473230202,  -0.420602567751,  0.0            
      2495,  0.30968384877  ,  -1.31554495681 ,  0.0            
      2496,  1.3104902511682,  -0.313851715928,  0.0            
      2497,  1.4073574911845,  -0.208045995935,  0.0            
      2498,  0.411912192535 ,  -1.200437550593,  0.0            
      2499,  1.5037010688996,  -0.1033238605  ,  0.0            
      2500,  0.5136011015474,  -1.086328499273,  0.0            
      2501,  0.6147328923461,  -0.973218845449,  0.0            
      2502,  0.7152986480492,  -0.861107858286,  0.0            
      2503,  0.815300230225 ,  -0.749995568945,  0.0            
      2504,  0.9147433511083,  -0.639882502597,  0.0            
      2505,  1.0136282604648,  -0.530768328752,  0.0            
      2506,  0.1034162333149,  -1.438102702741,  0.0            
      2507,  1.1119525161281,  -0.422647779205,  0.0            
      2508,  0.2063905450443,  -1.321532271062,  0.0            
      2509,  1.2097102134966,  -0.315494077282,  0.0            
      2510,  1.306887849868 ,  -0.209277265431,  0.0            
      2511,  0.308871433801 ,  -1.205930446953,  0.0            
      2512,  1.4035509558472,  -0.104049428312,  0.0            
      2513,  0.4108241362595,  -1.09132262038 ,  0.0            
      2514,  0.5122310402995,  -0.977713615507,  0.0            
      2515,  0.6130739599839,  -0.86510369136 ,  0.0            
      2516,  0.7133538235538,  -0.753492275669,  0.0            
      2517,  0.8130751295907,  -0.642879760947,  0.0            
      2518,  0.9122398182935,  -0.533266399798,  0.0            
      2519,  1.0108465668214,  -0.424651907208,  0.0            
      2520,  0.1031487366492,  -1.327491682024,  0.0            
      2521,  1.1088929209278,  -0.317028082558,  0.0            
      2522,  0.2058494969476,  -1.211419567239,  0.0            
      2523,  1.206378208306 ,  -0.210373081101,  0.0            
      2524,  1.3033349248929,  -0.104667968592,  0.0            
      2525,  0.3080559960114,  -1.096316719546,  0.0            
      2526,  0.4097296672936,  -0.982208728801,  0.0            
      2527,  0.5108495665384,  -0.869099498087,  0.0            
      2528,  0.6114074074588,  -0.756988908108,  0.0            
      2529,  0.71140690384  ,  -0.645877003571,  0.0            
      2530,  0.8108497689178,  -0.535764120407,  0.0            
      2531,  0.9097362728571,  -0.426650365993,  0.0            
      2532,  1.0080650125111,  -0.318531222227,  0.0            
      2533,  0.1028784224397,  -1.216880416053,  0.0            
      2534,  1.1058381857403,  -0.211396043422,  0.0            
      2535,  1.203090709552 ,  -0.105217415583,  0.0            
      2536,  0.2053062019588,  -1.101307085079,  0.0            
      2537,  0.3072355524872,  -0.986703779329,  0.0            
      2538,  0.4086252406281,  -0.873095491263,  0.0            
      2539,  0.5094610105291,  -0.760485535014,  0.0            
      2540,  0.6097386690938,  -0.648874227549,  0.0            
      2541,  0.7094597122174,  -0.538261841196,  0.0            
      2542,  0.808624395328 ,  -0.428648543206,  0.0            
      2543,  0.9072328696866,  -0.320030075853,  0.0            
      2544,  1.0052881951649,  -0.212398308195,  0.0            
      2545,  0.1026068017728,  -1.106269014946,  0.0            
      2546,  1.102825631179 ,  -0.105729538312,  0.0            
      2547,  0.2047594709466,  -0.991195078482,  0.0            
      2548,  0.3064074297615,  -0.877091277902,  0.0            
      2549,  0.4075146061345,  -0.763982229052,  0.0            
      2550,  0.5080704255422,  -0.651871450713,  0.0            
      2551,  0.6080696482926,  -0.540759562164,  0.0            
      2552,  0.7075125104317,  -0.430646720564,  0.0            
      2553,  0.806399174651 ,  -0.321528709054,  0.0            
      2554,  0.9047341432258,  -0.213397589089,  0.0            
      2555,  1.0025525078162,  -0.106231034748,  0.0            
      2556,  0.102333429571 ,  -0.995657855733,  0.0            
      2557,  0.2042075141133,  -0.88108328684 ,  0.0            
      2558,  0.3055745141553,  -0.76747862159 ,  0.0            
      2559,  0.4064021736801,  -0.65486869135 ,  0.0            
      2560,  0.5066795772416,  -0.543257283306,  0.0            
      2561,  0.6064006182691,  -0.432644898065,  0.0            
      2562,  0.7055654721101,  -0.323027342366,  0.0            
      2563,  0.8041786407806,  -0.214396677629,  0.0            
      2564,  0.902276147844 ,  -0.106730782294,  0.0            
      2565,  0.1020574663659,  -0.885046751096,  0.0            
      2566,  0.2036522867778,  -0.770971241417,  0.0            
      2567,  0.3047402033637,  -0.657865609454,  0.0            
      2568,  0.4052894991609,  -0.545755004621,  0.0            
      2569,  0.5052887189394,  -0.434643075707,  0.0            
      2570,  0.6047317621669,  -0.324525975789,  0.0            
      2571,  0.703623130602 ,  -0.215395766249,  0.0            
      2572,  0.80199873742  ,  -0.107230326143,  0.0            
      2573,  0.1017798802464,  -0.774435347043,  0.0            
      2574,  0.203096094338 ,  -0.660858801834,  0.0            
      2575,  0.3039056996556,  -0.548252418031,  0.0            
      2576,  0.4041768125399,  -0.436641253489,  0.0            
      2577,  0.5038980449229,  -0.32602460932 ,  0.0            
      2578,  0.6030676127963,  -0.216394854947,  0.0            
      2579,  0.7017213199682,  -0.107729870038,  0.0            
      2580,  0.1015018002675,  -0.663823589811,  0.0            
      2581,  0.2025397613664,  -0.550746174044,  0.0            
      2582,  0.3030711847858,  -0.438639153547,  0.0            
      2583,  0.4030643204773,  -0.327523242958,  0.0            
      2584,  0.5025120874684,  -0.217393943723,  0.0            
      2585,  0.6014438955856,  -0.108229413976,  0.0            
      2586,  0.1012236387201,  -0.553211676191,  0.0            
      2587,  0.2019834183584,  -0.440633474406,  0.0            
      2588,  0.3022368527465,  -0.329021612017,  0.0            
      2589,  0.4019565547209,  -0.218393032575,  0.0            
      2590,  0.5011664643675,  -0.108728957958,  0.0            
      2591,  0.1009454675394,  -0.442599709757,  0.0            
      2592,  0.201427331726 ,  -0.33051658296 ,  0.0            
      2593,  0.30140696263  ,  -0.21939172004 ,  0.0            
      2594,  0.4008890264074,  -0.109228501983,  0.0            
      2595,  0.1006677126903,  -0.33198453318 ,  0.0            
      2596,  0.2008751888172,  -0.220386942431,  0.0            
      2597,  0.3006158900008,  -0.10972737151 ,  0.0            
      2598,  0.1003929873322,  -0.221358447073,  0.0            
      2599,  0.200356836129 ,  -0.110222945208,  0.0            
      2600,  0.1001386837793,  -0.110702161532,  0.0            
      2601,  -0.100138683779,  -0.110702161532,  0.0            
      2602,  -0.200356836129,  -0.110222945208,  0.0            
      2603,  -0.100392987332,  -0.221358447073,  0.0            
      2604,  -0.300615890001,  -0.10972737151 ,  0.0            
      2605,  -0.200875188817,  -0.220386942431,  0.0            
      2606,  -0.10066771269 ,  -0.33198453318 ,  0.0            
      2607,  -0.400889026407,  -0.109228501983,  0.0            
      2608,  -0.30140696263 ,  -0.21939172004 ,  0.0            
      2609,  -0.201427331726,  -0.33051658296 ,  0.0            
      2610,  -0.100945467539,  -0.442599709757,  0.0            
      2611,  -0.501166464368,  -0.108728957958,  0.0            
      2612,  -0.401956554721,  -0.218393032575,  0.0            
      2613,  -0.302236852746,  -0.329021612017,  0.0            
      2614,  -0.201983418358,  -0.440633474406,  0.0            
      2615,  -0.10122363872 ,  -0.553211676191,  0.0            
      2616,  -0.601443895586,  -0.108229413976,  0.0            
      2617,  -0.502512087468,  -0.217393943723,  0.0            
      2618,  -0.403064320477,  -0.327523242958,  0.0            
      2619,  -0.303071184786,  -0.438639153547,  0.0            
      2620,  -0.202539761366,  -0.550746174044,  0.0            
      2621,  -0.101501800267,  -0.663823589811,  0.0            
      2622,  -0.701721319968,  -0.107729870038,  0.0            
      2623,  -0.603067612796,  -0.216394854947,  0.0            
      2624,  -0.503898044923,  -0.32602460932 ,  0.0            
      2625,  -0.40417681254 ,  -0.436641253489,  0.0            
      2626,  -0.303905699656,  -0.548252418031,  0.0            
      2627,  -0.203096094338,  -0.660858801834,  0.0            
      2628,  -0.101779880246,  -0.774435347043,  0.0            
      2629,  -0.80199873742 ,  -0.107230326143,  0.0            
      2630,  -0.703623130602,  -0.215395766249,  0.0            
      2631,  -0.604731762167,  -0.324525975789,  0.0            
      2632,  -0.505288718939,  -0.434643075707,  0.0            
      2633,  -0.405289499161,  -0.545755004621,  0.0            
      2634,  -0.304740203364,  -0.657865609454,  0.0            
      2635,  -0.203652286778,  -0.770971241417,  0.0            
      2636,  -0.102057466366,  -0.885046751096,  0.0            
      2637,  -0.902276147844,  -0.106730782294,  0.0            
      2638,  -0.804178640781,  -0.214396677629,  0.0            
      2639,  -0.70556547211 ,  -0.323027342366,  0.0            
      2640,  -0.606400618269,  -0.432644898065,  0.0            
      2641,  -0.506679577242,  -0.543257283306,  0.0            
      2642,  -0.40640217368 ,  -0.65486869135 ,  0.0            
      2643,  -0.305574514155,  -0.76747862159 ,  0.0            
      2644,  -0.204207514113,  -0.88108328684 ,  0.0            
      2645,  -0.102333429571,  -0.995657855733,  0.0            
      2646,  -1.002552507816,  -0.106231034748,  0.0            
      2647,  -0.904734143226,  -0.213397589089,  0.0            
      2648,  -0.806399174651,  -0.321528709054,  0.0            
      2649,  -0.707512510432,  -0.430646720564,  0.0            
      2650,  -0.608069648292,  -0.540759562164,  0.0            
      2651,  -0.508070425542,  -0.651871450713,  0.0            
      2652,  -0.407514606134,  -0.763982229052,  0.0            
      2653,  -0.306407429761,  -0.877091277902,  0.0            
      2654,  -0.204759470947,  -0.991195078482,  0.0            
      2655,  -1.102825631179,  -0.105729538312,  0.0            
      2656,  -0.102606801773,  -1.106269014946,  0.0            
      2657,  -1.005288195165,  -0.212398308195,  0.0            
      2658,  -0.907232869687,  -0.320030075853,  0.0            
      2659,  -0.808624395328,  -0.428648543206,  0.0            
      2660,  -0.709459712217,  -0.538261841196,  0.0            
      2661,  -0.609738669094,  -0.648874227549,  0.0            
      2662,  -0.509461010529,  -0.760485535014,  0.0            
      2663,  -0.408625240628,  -0.873095491263,  0.0            
      2664,  -0.307235552487,  -0.986703779329,  0.0            
      2665,  -0.205306201959,  -1.101307085079,  0.0            
      2666,  -1.203090709552,  -0.105217415583,  0.0            
      2667,  -1.10583818574 ,  -0.211396043422,  0.0            
      2668,  -0.10287842244 ,  -1.216880416053,  0.0            
      2669,  -1.008065012511,  -0.318531222227,  0.0            
      2670,  -0.909736272857,  -0.426650365993,  0.0            
      2671,  -0.810849768918,  -0.535764120407,  0.0            
      2672,  -0.71140690384 ,  -0.645877003571,  0.0            
      2673,  -0.611407407459,  -0.756988908108,  0.0            
      2674,  -0.510849566538,  -0.869099498087,  0.0            
      2675,  -0.409729667294,  -0.982208728801,  0.0            
      2676,  -0.308055996011,  -1.096316719546,  0.0            
      2677,  -1.303334924893,  -0.104667968592,  0.0            
      2678,  -1.206378208306,  -0.210373081101,  0.0            
      2679,  -0.205849496948,  -1.211419567239,  0.0            
      2680,  -1.108892920928,  -0.317028082558,  0.0            
      2681,  -0.103148736649,  -1.327491682024,  0.0            
      2682,  -1.010846566821,  -0.424651907208,  0.0            
      2683,  -0.912239818293,  -0.533266399798,  0.0            
      2684,  -0.813075129591,  -0.642879760947,  0.0            
      2685,  -0.713353823554,  -0.753492275669,  0.0            
      2686,  -0.613073959984,  -0.86510369136 ,  0.0            
      2687,  -0.5122310403  ,  -0.977713615507,  0.0            
      2688,  -0.410824136259,  -1.09132262038 ,  0.0            
      2689,  -1.403550955847,  -0.104049428312,  0.0            
      2690,  -0.308871433801,  -1.205930446953,  0.0            
      2691,  -1.306887849868,  -0.209277265431,  0.0            
      2692,  -1.209710213496,  -0.315494077282,  0.0            
      2693,  -0.206390545044,  -1.321532271062,  0.0            
      2694,  -1.111952516128,  -0.422647779205,  0.0            
      2695,  -0.103416233315,  -1.438102702741,  0.0            
      2696,  -1.013628260465,  -0.530768328752,  0.0            
      2697,  -0.914743351108,  -0.639882502597,  0.0            
      2698,  -0.815300230225,  -0.749995568945,  0.0            
      2699,  -0.715298648049,  -0.861107858286,  0.0            
      2700,  -0.614732892346,  -0.973218845449,  0.0            
      2701,  -0.513601101547,  -1.086328499273,  0.0            
      2702,  -1.5037010689  ,  -0.1033238605  ,  0.0            
      2703,  -0.411912192535,  -1.200437550593,  0.0            
      2704,  -1.407357491184,  -0.208045995935,  0.0            
      2705,  -1.310490251168,  -0.313851715928,  0.0            
      2706,  -0.30968384877 ,  -1.31554495681 ,  0.0            
      2707,  -1.21304732302 ,  -0.420602567751,  0.0            
      2708,  -0.206926894693,  -1.431645211341,  0.0            
      2709,  -1.115012251066,  -0.528263177568,  0.0            
      2710,  -0.103741041824,  -1.549051060027,  0.0            
      2711,  -1.016409966195,  -0.636884841993,  0.0            
      2712,  -0.91724666444 ,  -0.746498791191,  0.0            
      2713,  -0.817523398645,  -0.857111809985,  0.0            
      2714,  -0.717236154986,  -0.968723983153,  0.0            
      2715,  -0.616379556437,  -1.081334793788,  0.0            
      2716,  -1.603786271713,  -0.102366442564,  0.0            
      2717,  -0.514963863744,  -1.194944440956,  0.0            
      2718,  -1.507727758481,  -0.206605869077,  0.0            
      2719,  -0.412997025609,  -1.309553713496,  0.0            
      2720,  -1.411222717543,  -0.312008217611,  0.0            
      2721,  -1.314098456617,  -0.418413470521,  0.0            
      2722,  -0.310490378255,  -1.425160264086,  0.0            
      2723,  -1.216384574328,  -0.525706692256,  0.0            
      2724,  -0.207521820821,  -1.54238138002 ,  0.0            
      2725,  -1.118072151587,  -0.633878910876,  0.0            
      2726,  -1.019191611097,  -0.743001568773,  0.0            
      2727,  -0.104177261008,  -1.66030428053 ,  0.0            
      2728,  -0.919748381207,  -0.853115542868,  0.0            
      2729,  -0.819739887696,  -0.964228687126,  0.0            
      2730,  -0.719161867052,  -1.07634084135 ,  0.0            
      2731,  -1.703822259102,  -0.101064603071,  0.0            
      2732,  -0.618018438923,  -1.189451618581,  0.0            
      2733,  -1.608005165398,  -0.204700292481,  0.0            
      2734,  -0.516323404756,  -1.303561695159,  0.0            
      2735,  -1.51182952796 ,  -0.309854948318,  0.0            
      2736,  -1.415094786308,  -0.415957504059,  0.0            
      2737,  -0.414076680784,  -1.418671042489,  0.0            
      2738,  -1.317706838061,  -0.522970840296,  0.0            
      2739,  -0.311349245984,  -1.535645741873,  0.0            
      2740,  -1.219722510027,  -0.630812446607,  0.0            
      2741,  -0.208275138822,  -1.653670565262,  0.0            
      2742,  -1.121132542449,  -0.739495006479,  0.0            
      2743,  -1.021972297884,  -0.849118792728,  0.0            
      2744,  -0.104820880712,  -1.772641992711,  0.0            
      2745,  -0.922244596906,  -0.959732919386,  0.0            
      2746,  -0.821945649217,  -1.071346212669,  0.0            
      2747,  -1.803872934899,  -0.099542608838,  0.0            
      2748,  -0.721080147385,  -1.1839582881  ,  0.0            
      2749,  -1.708184827609,  -0.202097872539,  0.0            
      2750,  -0.619654523283,  -1.297569466053,  0.0            
      2751,  -1.612320237635,  -0.307004321847,  0.0            
      2752,  -1.515939845352,  -0.413091482572,  0.0            
      2753,  -0.517678858162,  -1.412180211117,  0.0            
      2754,  -1.418967071708,  -0.51990242827 ,  0.0            
      2755,  -0.415203939647,  -1.528860056878,  0.0            
      2756,  -1.321316926335,  -0.627534011728,  0.0            
      2757,  -0.312362812241,  -1.646899632401,  0.0            
      2758,  -1.223062290751,  -0.735919321042,  0.0            
      2759,  -1.124193458616,  -0.845112200061,  0.0            
      2760,  -0.209338721849,  -1.767029457688,  0.0            
      2761,  -1.024748991158,  -0.955236513737,  0.0            
      2762,  -0.105531954924,  -1.885572414032,  0.0            
      2763,  -0.924731977929,  -1.066350813992,  0.0            
      2764,  -1.903934364771,  -0.097929900643,  0.0            
      2765,  -0.824144685757,  -1.178464075997,  0.0            
      2766,  -1.808360166862,  -0.199052049537,  0.0            
      2767,  -0.722996142478,  -1.29157634206 ,  0.0            
      2768,  -1.712666254108,  -0.303106324113,  0.0            
      2769,  -0.621288596404,  -1.405688315246,  0.0            
      2770,  -1.616646343059,  -0.409297064663,  0.0            
      2771,  -1.520050428979,  -0.516323971186,  0.0            
      2772,  -0.519077976142,  -1.522024921857,  0.0            
      2773,  -1.422842272297,  -0.623861495088,  0.0            
      2774,  -0.416469640175,  -1.639998770015,  0.0            
      2775,  -1.324931061622,  -0.732101430434,  0.0            
      2776,  -0.313723810474,  -1.761046671462,  0.0            
      2777,  -1.226405805519,  -0.841031703749,  0.0            
      2778,  -1.127252644483,  -0.950729688881,  0.0            
      2779,  -0.21053856698 ,  -1.881563808463,  0.0            
      2780,  -1.027518680407,  -1.061354564838,  0.0            
      2781,  -0.927213841384,  -1.172968837487,  0.0            
      2782,  -2.004005419722,  -0.096260011875,  0.0            
      2783,  -1.908529491377,  -0.195827569472,  0.0            
      2784,  -0.826342055806,  -1.285582197586,  0.0            
      2785,  -1.812987397654,  -0.298543426362,  0.0            
      2786,  -1.717162253717,  -0.404105373676,  0.0            
      2787,  -0.724911705392,  -1.399195034676,  0.0            
      2788,  -1.620972730703,  -0.511586349523,  0.0            
      2789,  -0.622964007508,  -1.515141538784,  0.0            
      2790,  -1.524164906387,  -0.619581975409,  0.0            
      2791,  -0.520596564218,  -1.632962060408,  0.0            
      2792,  -1.426723870368,  -0.727832055011,  0.0            
      2793,  -0.41808616017 ,  -1.754692855665,  0.0            
      2794,  -1.328554195224,  -0.836691074881,  0.0            
      2795,  -1.229750898837,  -0.946145691584,  0.0            
      2796,  -0.315329235015,  -1.876833346507,  0.0            
      2797,  -1.130306641664,  -1.056347981589,  0.0            
      2798,  -1.030283604306,  -1.167472564766,  0.0            
      2799,  -2.104079550861,  -0.094560084663,  0.0            
      2800,  -2.008706192893,  -0.192493149667,  0.0            
      2801,  -1.913281218784,  -0.293723486669,  0.0            
      2802,  -0.929694560754,  -1.279586849374,  0.0            
      2803,  -1.81763439739 ,  -0.398027898961,  0.0            
      2804,  -0.828540514701,  -1.39270061756 ,  0.0            
      2805,  -1.72165869061 ,  -0.505102320843,  0.0            
      2806,  -0.72686528151 ,  -1.508211188996,  0.0            
      2807,  -1.625303354341,  -0.613913201266,  0.0            
      2808,  -0.624739818165,  -1.625789581242,  0.0            
      2809,  -1.528287502306,  -0.722861357937,  0.0            
      2810,  -0.522459030173,  -1.74796325179 ,  0.0            
      2811,  -1.430620220648,  -0.831860621347,  0.0            
      2812,  -0.420053748366,  -1.871397453104,  0.0            
      2813,  -1.332183300263,  -0.941291299383,  0.0            
      2814,  -1.233091720087,  -1.051266703442,  0.0            
      2815,  -1.133355854936,  -1.161966173322,  0.0            
      2816,  -2.204217595942,  -0.092852522631,  0.0            
      2817,  -2.10888257782 ,  -0.18910144103 ,  0.0            
      2818,  -2.013576880593,  -0.288757064802,  0.0            
      2819,  -1.033047467581,  -1.273590416406,  0.0            
      2820,  -1.918058228445,  -0.391621339802,  0.0            
      2821,  -0.932177055409,  -1.386204918022,  0.0            
      2822,  -1.822282360498,  -0.497515961008,  0.0            
      2823,  -0.830772825161,  -1.50123532428 ,  0.0            
      2824,  -1.726158770328,  -0.606148396047,  0.0            
      2825,  -0.728898386525,  -1.618483486135,  0.0            
      2826,  -1.629642605783,  -0.716271757951,  0.0            
      2827,  -0.626846103854,  -1.740860194344,  0.0            
      2828,  -1.532429387992,  -0.826246839416,  0.0            
      2829,  -0.52476239145 ,  -1.865261993239,  0.0            
      2830,  -1.434526303948,  -0.93592247565 ,  0.0            
      2831,  -1.335808957656,  -1.045924253639,  0.0            
      2832,  -1.236425417007,  -1.156389500495,  0.0            
      2833,  -2.209139585248,  -0.185684592321,  0.0            
      2834,  -2.304456075853,  -0.091164057985,  0.0            
      2835,  -2.113864691128,  -0.283716848441,  0.0            
      2836,  -1.136403096435,  -1.267584878282,  0.0            
      2837,  -2.018477488671,  -0.385043916184,  0.0            
      2838,  -1.922837433978,  -0.489546017626,  0.0            
      2839,  -1.035813319345,  -1.379708169935,  0.0            
      2840,  -1.826931469643,  -0.597064515873,  0.0            
      2841,  -0.934686861975,  -1.494214379138,  0.0            
      2842,  -1.730666455919,  -0.707236650188,  0.0            
      2843,  -0.833061868233,  -1.611046008321,  0.0            
      2844,  -0.731240921807,  -1.733389065434,  0.0            
      2845,  -1.634003635409,  -0.818787453981,  0.0            
      2846,  -0.629462461444,  -1.858434203304,  0.0            
      2847,  -1.536583276135,  -0.929696267984,  0.0            
      2848,  -1.438429145603,  -1.040073397233,  0.0            
      2849,  -1.339423743772,  -1.150568914856,  0.0            
      2850,  -2.309508150643,  -0.182294278892,  0.0            
      2851,  -2.214207372271,  -0.27863823164 ,  0.0            
      2852,  -2.405011397347,  -0.089681141348,  0.0            
      2853,  -2.118877750222,  -0.378384574385,  0.0            
      2854,  -1.239754312347,  -1.261517768444,  0.0            
      2855,  -2.023383016227,  -0.481408400192,  0.0            
      2856,  -1.139451407382,  -1.373203590388,  0.0            
      2857,  -1.927614483819,  -0.587547070006,  0.0            
      2858,  -1.038597839126,  -1.487148770322,  0.0            
      2859,  -1.831584725982,  -0.696668291496,  0.0            
      2860,  -0.937227644847,  -1.603478209136,  0.0            
      2861,  -1.735196514677,  -0.808531922825,  0.0            
      2862,  -0.835630562049,  -1.72555476173 ,  0.0            
      2863,  -0.734143360627,  -1.85092062776 ,  0.0            
      2864,  -1.638376462244,  -0.921399029582,  0.0            
      2865,  -1.540734160364,  -1.033310191942,  0.0            
      2866,  -1.44231673635 ,  -1.144259853672,  0.0            
      2867,  -2.314627210929,  -0.273582951693,  0.0            
      2868,  -2.410257388232,  -0.179277758629,  0.0            
      2869,  -2.21927583566 ,  -0.371684134953,  0.0            
      2870,  -2.505787076845,  -0.088869562279,  0.0            
      2871,  -2.123899154027,  -0.473196416886,  0.0            
      2872,  -1.343029515758,  -1.255236797384,  0.0            
      2873,  -2.028284733013,  -0.577873810471,  0.0            
      2874,  -1.243082342549,  -1.366647025427,  0.0            
      2875,  -1.932390857107,  -0.685625588304,  0.0            
      2876,  -1.142506497534,  -1.480032948278,  0.0            
      2877,  -1.836258340663,  -0.796524681483,  0.0            
      2878,  -1.041384825789,  -1.595781014626,  0.0            
      2879,  -0.940008463282,  -1.71736016124 ,  0.0            
      2880,  -1.739736710966,  -0.909954165146,  0.0            
      2881,  -0.838791214596,  -1.842727503315,  0.0            
      2882,  -1.642746178276,  -1.024255070512,  0.0            
      2883,  -1.544866580154,  -1.136991480141,  0.0            
      2884,  -2.415326929714,  -0.269024518035,  0.0            
      2885,  -2.31969341794 ,  -0.365013121106,  0.0            
      2886,  -2.511272470876,  -0.177560944245,  0.0            
      2887,  -2.224336692935,  -0.464943229708,  0.0            
      2888,  -1.446191599885,  -1.248506534994,  0.0            
      2889,  -2.606708470158,  -0.088956108643,  0.0            
      2890,  -2.128919789171,  -0.568139725973,  0.0            
      2891,  -1.346631514438,  -1.359909328438,  0.0            
      2892,  -2.033182360126,  -0.674451554492,  0.0            
      2893,  -1.246402266193,  -1.472831469964,  0.0            
      2894,  -1.937182656382,  -0.783992102328,  0.0            
      2895,  -1.145531912332,  -1.587950740343,  0.0            
      2896,  -1.840939031759,  -0.896537687811,  0.0            
      2897,  -1.04436188457 ,  -1.708807172828,  0.0            
      2898,  -0.943396191429,  -1.83385957877 ,  0.0            
      2899,  -1.744274238744,  -1.011698770803,  0.0            
      2900,  -2.420171422076,  -0.358938399933,  0.0            
      2901,  -2.516250403651,  -0.266274229077,  0.0            
      2902,  -1.647096018634,  -1.127211687905,  0.0            
      2903,  -2.324719966615,  -0.456713220408,  0.0            
      2904,  -2.229391556329,  -0.558375634993,  0.0            
      2905,  -1.548984910594,  -1.240782324603,  0.0            
      2906,  -2.612547610315,  -0.177593833394,  0.0            
      2907,  -2.133937653602,  -0.663236515259,  0.0            
      2908,  -2.707427104854,  -0.089230213096,  0.0            
      2909,  -1.450059999006,  -1.352765743708,  0.0            
      2910,  -2.03808957589 ,  -0.771337489538,  0.0            
      2911,  -1.350208723877,  -1.465441208357,  0.0            
      2912,  -1.941976566904,  -0.88254016531 ,  0.0            
      2913,  -1.249657460927,  -1.579961698993,  0.0            
      2914,  -1.148685742452,  -1.699893630745,  0.0            
      2915,  -1.845619093049,  -0.996943642832,  0.0            
      2916,  -1.047944955982,  -1.824320359304,  0.0            
      2917,  -1.74879247533 ,  -1.113575657494,  0.0            
      2918,  -2.520757570246,  -0.355037922116,  0.0            
      2919,  -2.424857217781,  -0.449138938187,  0.0            
      2920,  -2.329724862575,  -0.548639484162,  0.0            
      2921,  -2.617373543353,  -0.266008592453,  0.0            
      2922,  -2.234442054727,  -0.652005190119,  0.0            
      2923,  -1.651433075943,  -1.230330358779,  0.0            
      2924,  -2.713616264112,  -0.178000885962,  0.0            
      2925,  -2.138959900666,  -0.758653307963,  0.0            
      2926,  -1.553095269215,  -1.344596236092,  0.0            
      2927,  -2.808032940166,  -0.089288687259,  0.0            
      2928,  -2.042993918074,  -0.86842010492 ,  0.0            
      2929,  -1.453892521914,  -1.45766086674 ,  0.0            
      2930,  -1.353690613938,  -1.571739841592,  0.0            
      2931,  -1.946772670308,  -0.981534243785,  0.0            
      2932,  -1.252968145305,  -1.690602549896,  0.0            
      2933,  -1.152428994102,  -1.81411083067 ,  0.0            
      2934,  -1.850283995509,  -1.09751014729 ,  0.0            
      2935,  -2.52492912588 ,  -0.443968704264,  0.0            
      2936,  -2.42944264661 ,  -0.539598362807,  0.0            
      2937,  -1.753301788415,  -1.215665614813,  0.0            
      2938,  -2.334720336859,  -0.640804675011,  0.0            
      2939,  -2.621304856162,  -0.354164282969,  0.0            
      2940,  -2.239487714915,  -0.745972750381,  0.0            
      2941,  -2.718277491293,  -0.266332962376,  0.0            
      2942,  -1.655762275787,  -1.33348322588 ,  0.0            
      2943,  -2.814531995897,  -0.178005100566,  0.0            
      2944,  -2.14397357498 ,  -0.854276547349,  0.0            
      2945,  -2.908497780594,  -0.089145965886,  0.0            
      2946,  -1.557179236872,  -1.448842973596,  0.0            
      2947,  -2.047904460115,  -0.965975234279,  0.0            
      2948,  -1.457619696757,  -1.563113414528,  0.0            
      2949,  -1.357159788383,  -1.680888619033,  0.0            
      2950,  -1.951560756216,  -1.080710779299,  0.0            
      2951,  -1.25683699947 ,  -1.803224557643,  0.0            
      2952,  -1.854947948091,  -1.198337557725,  0.0            
      2953,  -2.528868657724,  -0.533042308145,  0.0            
      2954,  -2.433983811053,  -0.63032075348 ,  0.0            
      2955,  -2.624584589464,  -0.442217386687,  0.0            
      2956,  -2.339700948578,  -0.733331950334,  0.0            
      2957,  -1.757805286282,  -1.317800029003,  0.0            
      2958,  -2.721570235739,  -0.354052279845,  0.0            
      2959,  -2.244517625599,  -0.840160919137,  0.0            
      2960,  -2.818945880116,  -0.266138154492,  0.0            
      2961,  -2.915204501786,  -0.177630216316,  0.0            
      2962,  -2.148996897219,  -0.950382555477,  0.0            
      2963,  -3.008827429921,  -0.08883675154 ,  0.0            
      2964,  -1.66010279084 ,  -1.436984251967,  0.0            
      2965,  -1.561198153988,  -1.553436050754,  0.0            
      2966,  -2.052816040389,  -1.063724627956,  0.0            
      2967,  -1.461294390122,  -1.670627410837,  0.0            
      2968,  -1.956359578816,  -1.180193645657,  0.0            
      2969,  -1.361148880854,  -1.791641020508,  0.0            
      2970,  -2.532700271352,  -0.622293329304,  0.0            
      2971,  -1.859610624028,  -1.299218958426,  0.0            
      2972,  -2.43848500653 ,  -0.7214043288  ,  0.0            
      2973,  -2.627389932606,  -0.530095743986,  0.0            
      2974,  -2.723853386261,  -0.441404576551,  0.0            
      2975,  -2.344658651113,  -0.826104961971,  0.0            
      2976,  -2.821434493226,  -0.353344094313,  0.0            
      2977,  -1.762366656246,  -1.42038649182 ,  0.0            
      2978,  -2.249574402415,  -0.934841512966,  0.0            
      2979,  -2.919299682636,  -0.265421523142,  0.0            
      2980,  -3.015629568803,  -0.176956126131,  0.0            
      2981,  -2.154030571814,  -1.046689296507,  0.0            
      2982,  -3.108988609978,  -0.088364028136,  0.0            
      2983,  -1.664469570852,  -1.540718219372,  0.0            
      2984,  -2.057750527689,  -1.16182396543 ,  0.0            
      2985,  -1.565219444154,  -1.65931591647 ,  0.0            
      2986,  -1.465429478581,  -1.779278135064,  0.0            
      2987,  -1.961163626542,  -1.279744294767,  0.0            
      2988,  -2.536462770081,  -0.711776263137,  0.0            
      2989,  -2.629962120238,  -0.617929792956,  0.0            
      2990,  -2.725367175136,  -0.528207371405,  0.0            
      2991,  -2.442940895447,  -0.812769277124,  0.0            
      2992,  -1.864360374213,  -1.400777319072,  0.0            
      2993,  -2.82248672762 ,  -0.439976970724,  0.0            
      2994,  -2.349668340692,  -0.919381891089,  0.0            
      2995,  -2.920925923663,  -0.352020215235,  0.0            
      2996,  -2.254698114599,  -1.029730291604,  0.0            
      2997,  -3.01931668953 ,  -0.264273025582,  0.0            
      2998,  -1.767059343555,  -1.523292637775,  0.0            
      2999,  -3.115763826668,  -0.175991195198,  0.0            
      3000,  -3.20896607763 ,  -0.087724323564,  0.0            
      3001,  -2.159096255531,  -1.143387160311,  0.0            
      3002,  -1.668987784226,  -1.64536121433 ,  0.0            
      3003,  -2.062696174281,  -1.260013822944,  0.0            
      3004,  -1.569668507629,  -1.765833071172,  0.0            
      3005,  -2.632409920294,  -0.705698600384,  0.0            
      3006,  -2.726481672497,  -0.614749228171,  0.0            
      3007,  -2.540142347375,  -0.801505316166,  0.0            
      3008,  -1.966067551443,  -1.380226310691,  0.0            
      3009,  -2.822415128978,  -0.52572509307 ,  0.0            
      3010,  -2.447509333668,  -0.90465415954 ,  0.0            
      3011,  -2.920697820908,  -0.437848397453,  0.0            
      3012,  -2.354844334871,  -1.012890375265,  0.0            
      3013,  -1.869303332117,  -1.50285414642 ,  0.0            
      3014,  -3.020011248131,  -0.350196317233,  0.0            
      3015,  -2.259928601605,  -1.125031866302,  0.0            
      3016,  -3.118964310891,  -0.26268788583 ,  0.0            
      3017,  -3.21557251732 ,  -0.174729017113,  0.0            
      3018,  -1.772117045336,  -1.627432761008,  0.0            
      3019,  -3.308768662944,  -0.086924119378,  0.0            
      3020,  -2.164176131381,  -1.240204574852,  0.0            
      3021,  -2.067746998614,  -1.35937846908 ,  0.0            
      3022,  -1.67391918941 ,  -1.750364343787,  0.0            
      3023,  -2.727420768955,  -0.700878772734,  0.0            
      3024,  -2.634700023302,  -0.793556175117,  0.0            
      3025,  -2.821709000365,  -0.611049361843,  0.0            
      3026,  -2.543985098585,  -0.891735031912,  0.0            
      3027,  -2.918993721502,  -0.5225185955  ,  0.0            
      3028,  -1.971183555599,  -1.481437984887,  0.0            
      3029,  -2.452544383554,  -0.996823868928,  0.0            
      3030,  -3.01844457804 ,  -0.435116446654,  0.0            
      3031,  -2.360272695839,  -1.10680697013 ,  0.0            
      3032,  -3.118694237433,  -0.347872461307,  0.0            
      3033,  -1.874778274619,  -1.606899510982,  0.0            
      3034,  -2.265220747198,  -1.220470064718,  0.0            
      3035,  -3.218192082198,  -0.260656506773,  0.0            
      3036,  -3.315070931855,  -0.17317269368 ,  0.0            
      3037,  -3.408394580958,  -0.085971640445,  0.0            
      3038,  -1.777695523312,  -1.732128462712,  0.0            
      3039,  -2.169364153651,  -1.338405176087,  0.0            
      3040,  -2.728139354876,  -0.786907007763,  0.0            
      3041,  -2.820770006735,  -0.695682723237,  0.0            
      3042,  -2.637201579194,  -0.881789220586,  0.0            
      3043,  -2.916367392169,  -0.606575306446,  0.0            
      3044,  -2.07300573042 ,  -1.459667992825,  0.0            
      3045,  -2.548699924004,  -0.982339553095,  0.0            
      3046,  -3.015061359649,  -0.518693684039,  0.0            
      3047,  -2.458304944394,  -1.089349336416,  0.0            
      3048,  -1.976946124227,  -1.585379063434,  0.0            
      3049,  -3.115792101492,  -0.431777003868,  0.0            
      3050,  -2.365853129592,  -1.200868165514,  0.0            
      3051,  -3.216926486278,  -0.345036779082,  0.0            
      3052,  -1.88093122266 ,  -1.711938107051,  0.0            
      3053,  -3.317017789185,  -0.258191323281,  0.0            
      3054,  -2.270639379883,  -1.317434115921,  0.0            
      3055,  -3.414249089745,  -0.171324345015,  0.0            
      3056,  -3.507841497374,  -0.084871230619,  0.0            
      3057,  -2.72909353596 ,  -0.87305143144 ,  0.0            
      3058,  -2.819577884949,  -0.780045562632,  0.0            
      3059,  -2.913436828843,  -0.689779499243,  0.0            
      3060,  -2.174752311735,  -1.437696745861,  0.0            
      3061,  -2.641224709033,  -0.970436835424,  0.0            
      3062,  -3.010425915672,  -0.601396060931,  0.0            
      3063,  -3.110761460399,  -0.514235872499,  0.0            
      3064,  -2.07897687962 ,  -1.563334691324,  0.0            
      3065,  -2.554847505538,  -1.073288476476,  0.0            
      3066,  -3.212696770631,  -0.427832884826,  0.0            
      3067,  -2.464525366012,  -1.181996121062,  0.0            
      3068,  -1.983617741312,  -1.690719410945,  0.0            
      3069,  -3.314718132255,  -0.341688934889,  0.0            
      3070,  -2.371587905025,  -1.296516618875,  0.0            
      3071,  -3.415419483957,  -0.255303775066,  0.0            
      3072,  -2.818684387747,  -0.864232008155,  0.0            
      3073,  -2.276245983548,  -1.415619352819,  0.0            
      3074,  -2.910292039727,  -0.772491152414,  0.0            
      3075,  -2.732247305083,  -0.959519626805,  0.0            
      3076,  -3.513110203424,  -0.169184140064,  0.0            
      3077,  -3.005356159929,  -0.683218664697,  0.0            
      3078,  -3.60709961175 ,  -0.083623930127,  0.0            
      3079,  -3.104126039077,  -0.595512793797,  0.0            
      3080,  -2.647880086816,  -1.059427483511,  0.0            
      3081,  -2.18089763708 ,  -1.540866676024,  0.0            
      3082,  -3.206057131713,  -0.50912337211 ,  0.0            
      3083,  -2.561914951976,  -1.164376402932,  0.0            
      3084,  -2.086073159332,  -1.668730957438,  0.0            
      3085,  -3.309156120936,  -0.423304231615,  0.0            
      3086,  -2.470999744945,  -1.27619109153 ,  0.0            
      3087,  -3.412033968368,  -0.337814355724,  0.0            
      3088,  -2.820765003766,  -0.948481746114,  0.0            
      3089,  -2.907586828666,  -0.854818965648,  0.0            
      3090,  -2.377490723048,  -1.393480940896,  0.0            
      3091,  -3.000169514046,  -0.764253945979,  0.0            
      3092,  -3.513409816268,  -0.251996121225,  0.0            
      3093,  -3.096838852858,  -0.67594980944 ,  0.0            
      3094,  -2.739389365759,  -1.046219256002,  0.0            
      3095,  -3.611639517986,  -0.166754355275,  0.0            
      3096,  -2.28262274082 ,  -1.518031066578,  0.0            
      3097,  -3.197458852704,  -0.588935003731,  0.0            
      3098,  -3.706141480984,  -0.082225116092,  0.0            
      3099,  -2.656249675524,  -1.148599681371,  0.0            
      3100,  -3.300945171318,  -0.50336017018 ,  0.0            
      3101,  -2.188356912092,  -1.646018895127,  0.0            
      3102,  -2.569385595657,  -1.256947236767,  0.0            
      3103,  -3.405114372734,  -0.418191810373,  0.0            
      3104,  -2.908611710017,  -0.936778922269,  0.0            
      3105,  -2.995666921928,  -0.844822675307,  0.0            
      3106,  -2.47760554504 ,  -1.371735778537,  0.0            
      3107,  -3.08956290495 ,  -0.75531346413 ,  0.0            
      3108,  -3.508886822714,  -0.333385435648,  0.0            
      3109,  -2.828423021725,  -1.032672385644,  0.0            
      3110,  -3.187906942168,  -0.6679041732  ,  0.0            
      3111,  -2.384136571782,  -1.494860607691,  0.0            
      3112,  -3.610974893968,  -0.248271380989,  0.0            
      3113,  -3.290433898521,  -0.581678969714,  0.0            
      3114,  -2.749150943215,  -1.133113451396,  0.0            
      3115,  -3.709791220729,  -0.164030317488,  0.0            
      3116,  -3.804946853172,  -0.080663323299,  0.0            
      3117,  -2.290444237498,  -1.622616264022,  0.0            
      3118,  -3.395350228189,  -0.496942811939,  0.0            
      3119,  -2.66531779239 ,  -1.239238299064,  0.0            
      3120,  -2.995688372207,  -0.924460052808,  0.0            
      3121,  -3.500572854727,  -0.412462720764,  0.0            
      3122,  -3.083329804352,  -0.834157448444,  0.0            
      3123,  -2.576960706421,  -1.350817674726,  0.0            
      3124,  -3.17847145429 ,  -0.745649807582,  0.0            
      3125,  -2.916764639986,  -1.018303920967,  0.0            
      3126,  -3.278588520451,  -0.65905943419 ,  0.0            
      3127,  -3.605259503869,  -0.328396772218,  0.0            
      3128,  -2.484858342043,  -1.471696821169,  0.0            
      3129,  -2.839778183527,  -1.116955641974,  0.0            
      3130,  -3.708067927988,  -0.244132377578,  0.0            
      3131,  -3.38300138541 ,  -0.573745726003,  0.0            
      3132,  -2.392302349611,  -1.598536634012,  0.0            
      3133,  -2.759963557987,  -1.22151623839 ,  0.0            
      3134,  -3.807527949827,  -0.160979165339,  0.0            
      3135,  -3.082490493518,  -0.911516290851,  0.0            
      3136,  -3.903497590299,  -0.07892738935 ,  0.0            
      3137,  -3.48925847867 ,  -0.489819930422,  0.0            
      3138,  -3.170545509382,  -0.8227221853  ,  0.0            
      3139,  -3.004363726994,  -1.00323270873 ,  0.0            
      3140,  -2.67451700641 ,  -1.331048234968,  0.0            
      3141,  -3.266853325559,  -0.735229399962,  0.0            
      3142,  -3.595492443558,  -0.406098411593,  0.0            
      3143,  -3.368898551945,  -0.649452381393,  0.0            
      3144,  -2.585046446517,  -1.448882889635,  0.0            
      3145,  -2.92965834585 ,  -1.099676995726,  0.0            
      3146,  -3.701109217406,  -0.322873201096,  0.0            
      3147,  -2.49361890572 ,  -1.573966034728,  0.0            
      3148,  -3.475156871687,  -0.565074661781,  0.0            
      3149,  -2.85258245636 ,  -1.20273194929 ,  0.0            
      3150,  -3.804651755464,  -0.239547903948,  0.0            
      3151,  -3.168991728117,  -0.897935497884,  0.0            
      3152,  -3.257174156093,  -0.810474346488,  0.0            
      3153,  -3.582590831465,  -0.481965926471,  0.0            
      3154,  -3.904810931897,  -0.157554025773,  0.0            
      3155,  -3.091754452113,  -0.987472932271,  0.0            
      3156,  -2.77103119627 ,  -1.311012306317,  0.0            
      3157,  -3.354753268762,  -0.724008574732,  0.0            
      3158,  -4.001856018066,  -0.077031877211,  0.0            
      3159,  -3.689851365988,  -0.399123757676,  0.0            
      3160,  -3.018784820894,  -1.081437358656,  0.0            
      3161,  -3.458849871759,  -0.639055331816,  0.0            
      3162,  -2.68408817262 ,  -1.426642564291,  0.0            
      3163,  -2.594529675121,  -1.549061825228,  0.0            
      3164,  -2.94435147996 ,  -1.182431537774,  0.0            
      3165,  -3.796395495461,  -0.316783545802,  0.0            
      3166,  -3.566821831093,  -0.555632262282,  0.0            
      3167,  -3.255021789647,  -0.883674387758,  0.0            
      3168,  -3.343224087184,  -0.797445762689,  0.0            
      3169,  -3.900680756263,  -0.234466362974,  0.0            
      3170,  -3.178935305458,  -0.971029087526,  0.0            
      3171,  -2.865864015799,  -1.289695718246,  0.0            
      3172,  -3.442189210315,  -0.711892947104,  0.0            
      3173,  -3.675320478509,  -0.473426891522,  0.0            
      3174,  -3.107670529687,  -1.062346852933,  0.0            
      3175,  -4.001716675661,  -0.153760798782,  0.0            
      3176,  -4.100169411012,  -0.075059132865,  0.0            
      3177,  -3.548435909581,  -0.627820747626,  0.0            
      3178,  -2.78244329271 ,  -1.40384035825 ,  0.0            
      3179,  -3.783615685552,  -0.391500428696,  0.0            
      3180,  -3.035334643402,  -1.160854576548,  0.0            
      3181,  -2.694809517818,  -1.52390421314 ,  0.0            
      3182,  -3.340535203401,  -0.868635837432,  0.0            
      3183,  -3.428596576979,  -0.783575215524,  0.0            
      3184,  -3.8910725009  ,  -0.310041411417,  0.0            
      3185,  -3.657930458178,  -0.54546348822 ,  0.0            
      3186,  -3.265818542321,  -0.953916772065,  0.0            
      3187,  -2.959768722897,  -1.26661579227 ,  0.0            
      3188,  -3.529246522478,  -0.698833834299,  0.0            
      3189,  -3.996219592403,  -0.228898431567,  0.0            
      3190,  -3.196360832051,  -1.042551763136,  0.0            
      3191,  -3.767394688153,  -0.464187587107,  0.0            
      3192,  -2.879592732763,  -1.379550314214,  0.0            
      3193,  -4.098417716752,  -0.149761976575,  0.0            
      3194,  -3.126008249748,  -1.138239205746,  0.0            
      3195,  -3.637624333743,  -0.615775323441,  0.0            
      3196,  -3.876773596833,  -0.383119278519,  0.0            
      3197,  -3.425316652744,  -0.852679579339,  0.0            
      3198,  -4.19872251287 ,  -0.073399814741,  0.0            
      3199,  -2.794728009721,  -1.49785377784 ,  0.0            
      3200,  -3.513382612008,  -0.768691900345,  0.0            
      3201,  -3.352364027178,  -0.936143860217,  0.0            
      3202,  -3.052805363873,  -1.241886248551,  0.0            
      3203,  -3.748378613322,  -0.534550032306,  0.0            
      3204,  -3.985189074342,  -0.302640801654,  0.0            
      3205,  -3.615958092418,  -0.684855608003,  0.0            
      3206,  -3.284862243551,  -1.022130574707,  0.0            
      3207,  -3.858823537962,  -0.454137788742,  0.0            
      3208,  -4.091416953561,  -0.223062606601,  0.0            
      3209,  -2.975855791583,  -1.35334191523 ,  0.0            
      3210,  -3.216461005639,  -1.114818419922,  0.0            
      3211,  -3.509349759219,  -0.835670066787,  0.0            
      3212,  -3.726323479613,  -0.602946583555,  0.0            
      3213,  -3.597653420066,  -0.752673266805,  0.0            
      3214,  -4.19518644331 ,  -0.146363384417,  0.0            
      3215,  -3.969372067908,  -0.373978448513,  0.0            
      3216,  -2.893984422696,  -1.47038514867 ,  0.0            
      3217,  -3.145374782674,  -1.21576870851 ,  0.0            
      3218,  -3.438377159745,  -0.91759341696 ,  0.0            
      3219,  -4.297542026681,  -0.073141873788,  0.0            
      3220,  -3.838143326293,  -0.522774385843,  0.0            
      3221,  -3.373161330961,  -1.001062073519,  0.0            
      3222,  -3.702342002863,  -0.669983959248,  0.0            
      3223,  -4.078862508858,  -0.294854004788,  0.0            
      3224,  -3.071229244034,  -1.325380962316,  0.0            
      3225,  -3.306732969894,  -1.090734168395,  0.0            
      3226,  -3.592556324818,  -0.817433290755,  0.0            
      3227,  -3.949643577017,  -0.443258023681,  0.0            
      3228,  -4.186389710049,  -0.218106349843,  0.0            
      3229,  -3.814481601836,  -0.589284565642,  0.0            
      3230,  -3.681526484782,  -0.735560602763,  0.0            
      3231,  -3.237640735227,  -1.18863174613 ,  0.0            
      3232,  -3.523697709056,  -0.897977715483,  0.0            
      3233,  -2.992616325286,  -1.441221082247,  0.0            
      3234,  -4.061469439649,  -0.364403725939,  0.0            
      3235,  -4.291914746106,  -0.145790710579,  0.0            
      3236,  -3.461148788018,  -0.979234629912,  0.0            
      3237,  -3.927161674226,  -0.510122973428,  0.0            
      3238,  -3.788440142409,  -0.654204476376,  0.0            
      3239,  -3.165982794283,  -1.295993145403,  0.0            
      3240,  -3.675034854425,  -0.797858699965,  0.0            
      3241,  -3.396852527428,  -1.06604398914 ,  0.0            
      3242,  -4.172015200359,  -0.288183048826,  0.0            
      3243,  -4.396155311447,  -0.075223729905,  0.0            
      3244,  -4.039895214547,  -0.431861960285,  0.0            
      3245,  -3.765130559517,  -0.717431810829,  0.0            
      3246,  -3.329681713306,  -1.160729426188,  0.0            
      3247,  -3.608030375169,  -0.876958543533,  0.0            
      3248,  -3.901871555134,  -0.574797830809,  0.0            
      3249,  -3.090502620565,  -1.41037043366 ,  0.0            
      3250,  -4.280736189568,  -0.217248567065,  0.0            
      3251,  -3.548648567655,  -0.956457165526,  0.0            
      3252,  -3.260309700318,  -1.265495393866,  0.0            
      3253,  -3.756941159707,  -0.776991786441,  0.0            
      3254,  -4.152784212794,  -0.356184705342,  0.0            
      3255,  -3.873947768327,  -0.637584820164,  0.0            
      3256,  -4.015482654101,  -0.496939560581,  0.0            
      3257,  -3.486815235657,  -1.040693945628,  0.0            
      3258,  -3.691304466826,  -0.854362787977,  0.0            
      3259,  -4.387930522798,  -0.149926454703,  0.0            
      3260,  -3.848117180933,  -0.698456959093,  0.0            
      3261,  -3.421536860157,  -1.132159070086,  0.0            
      3262,  -4.263792362478,  -0.286859007189,  0.0            
      3263,  -3.187680484725,  -1.378007648068,  0.0            
      3264,  -4.129154477672,  -0.421949957129,  0.0            
      3265,  -3.98856350154 ,  -0.559736735106,  0.0            
      3266,  -4.49421038507 ,  -0.078777768223,  0.0            
      3267,  -3.635298315642,  -0.932375765304,  0.0            
      3268,  -3.837910826915,  -0.755155116412,  0.0            
      3269,  -3.354300546145,  -1.234070393539,  0.0            
      3270,  -3.958892364296,  -0.62030870301 ,  0.0            
      3271,  -3.576514261967,  -1.014479440313,  0.0            
      3272,  -4.102427567286,  -0.4854407755  ,  0.0            
      3273,  -4.24181313345 ,  -0.354405662162,  0.0            
      3274,  -3.773545111965,  -0.830158439109,  0.0            
      3275,  -4.373437822372,  -0.223228359335,  0.0            
      3276,  -3.513227307862,  -1.102920442798,  0.0            
      3277,  -3.930145960009,  -0.678844675773,  0.0            
      3278,  -3.284262412233,  -1.344349971588,  0.0            
      3279,  -4.073477518481,  -0.546436195893,  0.0            
      3280,  -3.720743483748,  -0.90659635269 ,  0.0            
      3281,  -4.21521112869 ,  -0.41948924687 ,  0.0            
      3282,  -3.916967451309,  -0.732885786833,  0.0            
      3283,  -3.44800095148 ,  -1.201782766371,  0.0            
      3284,  -4.483045964751,  -0.156992110746,  0.0            
      3285,  -4.352666712041,  -0.294494828497,  0.0            
      3286,  -3.85471810073 ,  -0.804585783046,  0.0            
      3287,  -3.66561262071 ,  -0.987034796406,  0.0            
      3288,  -4.042029963746,  -0.604638767517,  0.0            
      3289,  -4.18528965053 ,  -0.48229287279 ,  0.0            
      3290,  -3.380332971107,  -1.30952448832 ,  0.0            
      3291,  -3.604744964216,  -1.072912447949,  0.0            
      3292,  -4.009821242777,  -0.659915078514,  0.0            
      3293,  -4.592007338918,  -0.082844105188,  0.0            
      3294,  -3.804724280312,  -0.878854656852,  0.0            
      3295,  -3.99050433166 ,  -0.711520122352,  0.0            
      3296,  -4.153343200154,  -0.542360261384,  0.0            
      3297,  -4.326466597033,  -0.363431820217,  0.0            
      3298,  -3.541414860313,  -1.168641624463,  0.0            
      3299,  -4.464691030307,  -0.233449325299,  0.0            
      3300,  -3.934733119596,  -0.77805494231 ,  0.0            
      3301,  -3.753604260804,  -0.957917253142,  0.0            
      3302,  -4.119337996239,  -0.598932501916,  0.0            
      3303,  -4.295310674316,  -0.429676018218,  0.0            
      3304,  -3.475945687555,  -1.273557022233,  0.0            
      3305,  -3.695919531052,  -1.04185401144 ,  0.0            
      3306,  -3.887335990167,  -0.849154565308,  0.0            
      3307,  -4.084903366698,  -0.649925815164,  0.0            
      3308,  -4.054070132489,  -0.692828464826,  0.0            
      3309,  -4.439305835514,  -0.307656172315,  0.0            
      3310,  -4.577840290986,  -0.165020075682,  0.0            
      3311,  -4.260617402522,  -0.49337840486 ,  0.0            
      3312,  -3.634543290272,  -1.134578429761,  0.0            
      3313,  -4.012902402014,  -0.750504490982,  0.0            
      3314,  -3.839934516701,  -0.92663400443 ,  0.0            
      3315,  -4.689977709343,  -0.087133079816,  0.0            
      3316,  -4.2235978171  ,  -0.554349689364,  0.0            
      3317,  -3.571083952329,  -1.236434777079,  0.0            
      3318,  -3.969012125503,  -0.817692861517,  0.0            
      3319,  -4.407891559913,  -0.379083332744,  0.0            
      3320,  -3.786304089529,  -1.009245997943,  0.0            
      3321,  -4.183819715179,  -0.612224998997,  0.0            
      3322,  -4.555497925486,  -0.2450382566  ,  0.0            
      3323,  -4.14070781365 ,  -0.666534100873,  0.0            
      3324,  -4.08696200029 ,  -0.71605755871 ,  0.0            
      3325,  -3.727322892783,  -1.099396180268,  0.0            
      3326,  -3.924432896485,  -0.892860939868,  0.0            
      3327,  -4.371113719573,  -0.447577619232,  0.0            
      3328,  -4.049650820641,  -0.783609361084,  0.0            
      3329,  -3.665717803758,  -1.198100158251,  0.0            
      3330,  -4.330674492524,  -0.513145235482,  0.0            
      3331,  -4.525291942879,  -0.322553483716,  0.0            
      3332,  -4.672895927661,  -0.173412677909,  0.0            
      3333,  -3.875167186706,  -0.974407073771,  0.0            
      3334,  -4.007516801076,  -0.856623398884,  0.0            
      3335,  -4.287337124034,  -0.575884271715,  0.0            
      3336,  -3.819515684092,  -1.062672096506,  0.0            
      3337,  -4.240204616651,  -0.635574269938,  0.0            
      3338,  -4.788787288859,  -0.091756974455,  0.0            
      3339,  -4.187602009036,  -0.692058385966,  0.0            
      3340,  -4.125145047502,  -0.742912540841,  0.0            
      3341,  -4.488419978367,  -0.396783612202,  0.0            
      3342,  -3.759823088416,  -1.158408725784,  0.0            
      3343,  -3.961963990565,  -0.936695802309,  0.0            
      3344,  -4.089349675289,  -0.817326337491,  0.0            
      3345,  -4.646598171148,  -0.257117838779,  0.0            
      3346,  -4.445811657024,  -0.46780156922 ,  0.0            
      3347,  -3.910591021496,  -1.023697838761,  0.0            
      3348,  -4.399364173721,  -0.53552578892 ,  0.0            
      3349,  -4.046851608064,  -0.895954747024,  0.0            
      3350,  -4.166831862656,  -0.772296357562,  0.0            
      3351,  -3.853330695715,  -1.11705315543 ,  0.0            
      3352,  -4.611540169876,  -0.33803672258 ,  0.0            
      3353,  -4.349408611552,  -0.600147547323,  0.0            
      3354,  -4.234903458491,  -0.719439214328,  0.0            
      3355,  -4.294946970482,  -0.661460914482,  0.0            
      3356,  -4.769038354604,  -0.182324004018,  0.0            
      3357,  -4.130213536659,  -0.851913434044,  0.0            
      3358,  -4.888864696956,  -0.097243388714,  0.0            
      3359,  -3.99983631985 ,  -0.981721103152,  0.0            
      3360,  -4.569156041327,  -0.415147732862,  0.0            
      3361,  -3.94605738694 ,  -1.073469300305,  0.0            
      3362,  -4.520678611309,  -0.488707099866,  0.0            
      3363,  -4.738797626504,  -0.269907701016,  0.0            
      3364,  -4.210120622912,  -0.802905651335,  0.0            
      3365,  -4.087064598806,  -0.936463661324,  0.0            
      3366,  -4.468072823855,  -0.558633587082,  0.0            
      3367,  -4.283093161229,  -0.747669193038,  0.0            
      3368,  -4.349794450544,  -0.68806207219 ,  0.0            
      3369,  -4.411376701612,  -0.625115505947,  0.0            
      3370,  -4.172587216957,  -0.88796238229 ,  0.0            
      3371,  -4.698834545816,  -0.354356174648,  0.0            
      3372,  -4.037476446375,  -1.027073454366,  0.0            
      3373,  -4.866451011425,  -0.192605245854,  0.0            
      3374,  -4.650922530685,  -0.434490739377,  0.0            
      3375,  -4.255343895943,  -0.835291641059,  0.0            
      3376,  -4.333017211144,  -0.777663807147,  0.0            
      3377,  -4.12717096668 ,  -0.977631480098,  0.0            
      3378,  -4.596527762913,  -0.510680403059,  0.0            
      3379,  -4.831850718284,  -0.284561414904,  0.0            
      3380,  -4.405810119579,  -0.716257593449,  0.0            
      3381,  -4.537564138273,  -0.582927212277,  0.0            
      3382,  -4.474120234012,  -0.651444746215,  0.0            
      3383,  -4.215088948447,  -0.925196534738,  0.0            
      3384,  -4.300692164162,  -0.869330731535,  0.0            
      3385,  -4.78657123404 ,  -0.372701878682,  0.0            
      3386,  -4.382781057859,  -0.809611533138,  0.0            
      3387,  -4.732768186551,  -0.456012313494,  0.0            
      3388,  -4.461235092341,  -0.746512313555,  0.0            
      3389,  -4.67216477933 ,  -0.534841784609,  0.0            
      3390,  -4.536017962495,  -0.679878299591,  0.0            
      3391,  -4.606425395621,  -0.609362700853,  0.0            
      3392,  -4.9           ,  0.0            ,  0.0            
      3393,  -4.8           ,  0.0            ,  0.0            
      3394,  -4.7           ,  0.0            ,  0.0            
      3395,  -4.6           ,  0.0            ,  0.0            
      3396,  -4.5           ,  0.0            ,  0.0            
      3397,  -4.4           ,  0.0            ,  0.0            
      3398,  -4.3           ,  0.0            ,  0.0            
      3399,  -4.2           ,  0.0            ,  0.0            
      3400,  -4.1           ,  0.0            ,  0.0            
      3401,  -4.0           ,  0.0            ,  0.0            
      3402,  -3.9           ,  0.0            ,  0.0            
      3403,  -3.8           ,  0.0            ,  0.0            
      3404,  -3.7           ,  0.0            ,  0.0            
      3405,  -3.6           ,  0.0            ,  0.0            
      3406,  -3.5           ,  0.0            ,  0.0            
      3407,  -3.4           ,  0.0            ,  0.0            
      3408,  -3.3           ,  0.0            ,  0.0            
      3409,  -3.2           ,  0.0            ,  0.0            
      3410,  -3.1           ,  0.0            ,  0.0            
      3411,  -3.0           ,  0.0            ,  0.0            
      3412,  -2.9           ,  0.0            ,  0.0            
      3413,  -2.8           ,  0.0            ,  0.0            
      3414,  -2.7           ,  0.0            ,  0.0            
      3415,  -2.6           ,  0.0            ,  0.0            
      3416,  -2.5           ,  0.0            ,  0.0            
      3417,  -2.4           ,  0.0            ,  0.0            
      3418,  -2.3           ,  0.0            ,  0.0            
      3419,  -2.2           ,  0.0            ,  0.0            
      3420,  -2.1           ,  0.0            ,  0.0            
      3421,  -2.0           ,  0.0            ,  0.0            
      3422,  -1.9           ,  0.0            ,  0.0            
      3423,  -1.8           ,  0.0            ,  0.0            
      3424,  -1.7           ,  0.0            ,  0.0            
      3425,  -1.6           ,  0.0            ,  0.0            
      3426,  -1.5           ,  0.0            ,  0.0            
      3427,  -1.4           ,  0.0            ,  0.0            
      3428,  -1.3           ,  0.0            ,  0.0            
      3429,  -1.2           ,  0.0            ,  0.0            
      3430,  -1.1           ,  0.0            ,  0.0            
      3431,  -1.0           ,  0.0            ,  0.0            
      3432,  -0.9           ,  0.0            ,  0.0            
      3433,  -0.8           ,  0.0            ,  0.0            
      3434,  -0.7           ,  0.0            ,  0.0            
      3435,  -0.6           ,  0.0            ,  0.0            
      3436,  -0.5           ,  0.0            ,  0.0            
      3437,  -0.4           ,  0.0            ,  0.0            
      3438,  -0.3           ,  0.0            ,  0.0            
      3439,  -0.2           ,  0.0            ,  0.0            
      3440,  -0.1           ,  0.0            ,  0.0            
      3441,  0.0            ,  0.0            ,  0.0            
      3442,  0.0            ,  -0.111111111111,  0.0            
      3443,  0.0            ,  -0.222222222222,  0.0            
      3444,  0.0            ,  -0.333333333333,  0.0            
      3445,  0.0            ,  -0.444444444444,  0.0            
      3446,  0.0            ,  -0.555555555556,  0.0            
      3447,  0.0            ,  -0.666666666667,  0.0            
      3448,  0.0            ,  -0.777777777778,  0.0            
      3449,  0.0            ,  -0.888888888889,  0.0            
      3450,  0.0            ,  -1.0           ,  0.0            
      3451,  0.0            ,  -1.111111111111,  0.0            
      3452,  0.0            ,  -1.222222222222,  0.0            
      3453,  0.0            ,  -1.333333333333,  0.0            
      3454,  0.0            ,  -1.444444444444,  0.0            
      3455,  0.0            ,  -1.555555555556,  0.0            
      3456,  0.0            ,  -1.666666666667,  0.0            
      3457,  0.0            ,  -1.777777777778,  0.0            
      3458,  0.0            ,  -1.888888888889,  0.0            
      3459,  0.0            ,  -2.0           ,  0.0            
      3460,  -0.10551680515 ,  -1.999408904432,  0.0            
      3461,  -0.211004397238,  -1.997646479673,  0.0            
      3462,  -0.316454149395,  -1.994727928342,  0.0            
      3463,  -0.421857490984,  -1.990667028663,  0.0            
      3464,  -0.527205722065,  -1.985476173578,  0.0            
      3465,  -0.632490016626,  -1.979166400343,  0.0            
      3466,  -0.737701393196,  -1.971747413244,  0.0            
      3467,  -0.842830684155,  -1.96322759919 ,  0.0            
      3468,  -0.947868503445,  -1.953614036181,  0.0            
      3469,  -1.052805212332,  -1.942912494575,  0.0            
      3470,  -1.157630882872,  -1.931127430962,  0.0            
      3471,  -1.26233525866 ,  -1.918261974375,  0.0            
      3472,  -1.366907712405,  -1.904317904428,  0.0            
      3473,  -1.471337199801,  -1.889295620866,  0.0            
      3474,  -1.575612209085,  -1.873194103861,  0.0            
      3475,  -1.679720705594,  -1.856010864228,  0.0            
      3476,  -1.7836500705  ,  -1.837741882534,  0.0            
      3477,  -1.88738703278 ,  -1.81838153588 ,  0.0            
      3478,  -1.990917593288,  -1.79792251082 ,  0.0            
      3479,  -2.094226939631,  -1.776355700611,  0.0            
      3480,  -2.197299350247,  -1.753670084577,  0.0            
      3481,  -2.300118085818,  -1.729852586889,  0.0            
      3482,  -2.402665265736,  -1.704887911502,  0.0            
      3483,  -2.504921726874,  -1.678758349256,  0.0            
      3484,  -2.606866861306,  -1.651443552244,  0.0            
      3485,  -2.708478428853,  -1.622920269424,  0.0            
      3486,  -2.809732339371,  -1.593162035988,  0.0            
      3487,  -2.910602398427,  -1.562138807172,  0.0            
      3488,  -3.011060008424,  -1.529816524773,  0.0            
      3489,  -3.111073815078,  -1.496156601534,  0.0            
      3490,  -3.21060928638 ,  -1.461115304425,  0.0            
      3491,  -3.309628207418,  -1.424643012366,  0.0            
      3492,  -3.40808806936 ,  -1.386683316532,  0.0            
      3493,  -3.505950957088,  -1.347167939851,  0.0            
      3494,  -3.603180551165,  -1.306015313942,  0.0            
      3495,  -3.699694917486,  -1.263148893698,  0.0            
      3496,  -3.795399403014,  -1.218482790408,  0.0            
      3497,  -3.890186644574,  -1.17191904426 ,  0.0            
      3498,  -3.983933955911,  -1.123345220597,  0.0            
      3499,  -4.076499921688,  -1.072631378563,  0.0            
      3500,  -4.167720102764,  -1.019626087131,  0.0            
      3501,  -4.257401256044,  -0.964151250816,  0.0            
      3502,  -4.345313625578,  -0.905995163399,  0.0            
      3503,  -4.431180412946,  -0.844902996087,  0.0            
      3504,  -4.514662887906,  -0.780563570591,  0.0            
      3505,  -4.595336440688,  -0.712592548323,  0.0            
      3506,  -4.672564141988,  -0.640598561581,  0.0            
      3507,  -4.745430767897,  -0.564223806923,  0.0            
      3508,  -4.812787589904,  -0.48306950777 ,  0.0            
      3509,  -4.873188310586,  -0.396688157948,  0.0            
      3510,  -4.924785142325,  -0.304607130944,  0.0            
      3511,  -4.965012283265,  -0.206974506662,  0.0            
      3512,  -4.990935788724,  -0.104863552816,  0.0            
      3513,  -5.0           ,  5.182521079E-12,  0.0            
*ELEMENT,TYPE=S4
         1,      3390,      3391,      3506,      3505
         2,      3391,      3389,      3507,      3506
         3,      3388,      3390,      3505,      3504
         4,      3389,      3387,      3508,      3507
         5,      3386,      3388,      3504,      3503
         6,      3387,      3385,      3509,      3508
         7,      3384,      3386,      3503,      3502
         8,      3385,      3379,      3510,      3509
         9,      3384,      3502,      3501,      3383
        10,      3382,      3381,      3391,      3390
        11,      3380,      3382,      3390,      3388
        12,      3383,      3501,      3500,      3377
        13,      3381,      3378,      3389,      3391
        14,      3376,      3380,      3388,      3386
        15,      3379,      3373,      3511,      3510
        16,      3378,      3374,      3387,      3389
        17,      3375,      3376,      3386,      3384
        18,      3377,      3500,      3499,      3372
        19,      3374,      3371,      3385,      3387
        20,      3375,      3384,      3383,      3370
        21,      3371,      3363,      3379,      3385
        22,      3372,      3499,      3498,      3361
        23,      3373,      3358,      3512,      3511
        24,      3368,      3369,      3382,      3380
        25,      3369,      3366,      3381,      3382
        26,      3370,      3383,      3377,      3365
        27,      3367,      3368,      3380,      3376
        28,      3366,      3362,      3378,      3381
        29,      3364,      3367,      3376,      3375
        30,      3362,      3360,      3374,      3378
        31,      3365,      3377,      3372,      3359
        32,      3363,      3356,      3373,      3379
        33,      3364,      3375,      3370,      3357
        34,      3361,      3498,      3497,      3351
        35,      3360,      3352,      3371,      3374
        36,      3357,      3370,      3365,      3349
        37,      3355,      3353,      3369,      3368
        38,      3359,      3372,      3361,      3347
        39,      3358,      3392,      3513,      3512
        40,      3354,      3355,      3368,      3367
        41,      3353,      3348,      3366,      3369
        42,      3350,      3354,      3367,      3364
        43,      3352,      3345,      3363,      3371
        44,      3351,      3497,      3496,      3342
        45,      3356,      3338,      3358,      3373
        46,      3348,      3346,      3362,      3366
        47,      3350,      3364,      3357,      3344
        48,      3349,      3365,      3359,      3343
        49,      3346,      3341,      3360,      3362
        50,      3347,      3361,      3351,      3336
        51,      3345,      3332,      3356,      3363
        52,      3342,      3496,      3495,      3329
        53,      3344,      3357,      3349,      3334
        54,      3341,      3331,      3352,      3360
        55,      3343,      3359,      3347,      3333
        56,      3339,      3337,      3355,      3354
        57,      3340,      3339,      3354,      3350
        58,      3337,      3335,      3353,      3355
        59,      3335,      3330,      3348,      3353
        60,      3340,      3350,      3344,      3328
        61,      3338,      3393,      3392,      3358
        62,      3336,      3351,      3342,      3325
        63,      3334,      3349,      3343,      3326
        64,      3331,      3322,      3345,      3352
        65,      3330,      3327,      3346,      3348
        66,      3329,      3495,      3494,      3317
        67,      3332,      3315,      3338,      3356
        68,      3333,      3347,      3336,      3320
        69,      3327,      3319,      3341,      3346
        70,      3328,      3344,      3334,      3318
        71,      3324,      3323,      3339,      3340
        72,      3323,      3321,      3337,      3339
        73,      3326,      3343,      3333,      3314
        74,      3321,      3316,      3335,      3337
        75,      3322,      3310,      3332,      3345
        76,      3325,      3342,      3329,      3312
        77,      3324,      3340,      3328,      3313
        78,      3319,      3309,      3331,      3341
        79,      3317,      3494,      3493,      3304
        80,      3316,      3311,      3330,      3335
        81,      3320,      3336,      3325,      3305
        82,      3318,      3334,      3326,      3306
        83,      3315,      3394,      3393,      3338
        84,      3311,      3303,      3327,      3330
        85,      3314,      3333,      3320,      3301
        86,      3309,      3299,      3322,      3331
        87,      3308,      3307,      3323,      3324
        88,      3313,      3328,      3318,      3300
        89,      3312,      3329,      3317,      3298
        90,      3307,      3302,      3321,      3323
        91,      3310,      3293,      3315,      3332
        92,      3304,      3493,      3492,      3290
        93,      3303,      3297,      3319,      3327
        94,      3308,      3324,      3313,      3295
        95,      3306,      3326,      3314,      3294
        96,      3302,      3296,      3316,      3321
        97,      3305,      3325,      3312,      3291
        98,      3299,      3284,      3310,      3322
        99,      3301,      3320,      3305,      3287
       100,      3296,      3289,      3311,      3316
       101,      3297,      3285,      3309,      3319
       102,      3300,      3318,      3306,      3286
       103,      3308,      3295,      3292,      3307
       104,      3298,      3317,      3304,      3283
       105,      3290,      3492,      3491,      3278
       106,      3294,      3314,      3301,      3280
       107,      3295,      3313,      3300,      3282
       108,      3307,      3292,      3288,      3302
       109,      3289,      3281,      3303,      3311
       110,      3293,      3395,      3394,      3315
       111,      3291,      3312,      3298,      3276
       112,      3285,      3275,      3299,      3309
       113,      3302,      3288,      3279,      3296
       114,      3286,      3306,      3294,      3274
       115,      3281,      3273,      3297,      3303
       116,      3287,      3305,      3291,      3271
       117,      3284,      3266,      3293,      3310
       118,      3283,      3304,      3290,      3269
       119,      3295,      3282,      3277,      3292
       120,      3280,      3301,      3287,      3267
       121,      3296,      3279,      3272,      3289
       122,      3278,      3491,      3490,      3263
       123,      3282,      3300,      3286,      3268
       124,      3292,      3277,      3270,      3288
       125,      3275,      3259,      3284,      3299
       126,      3273,      3262,      3285,      3297
       127,      3276,      3298,      3283,      3261
       128,      3274,      3294,      3280,      3258
       129,      3289,      3272,      3264,      3281
       130,      3288,      3270,      3265,      3279
       131,      3271,      3291,      3276,      3257
       132,      3269,      3290,      3278,      3252
       133,      3282,      3268,      3260,      3277
       134,      3266,      3396,      3395,      3293
       135,      3268,      3286,      3274,      3253
       136,      3263,      3490,      3489,      3249
       137,      3267,      3287,      3271,      3251
       138,      3281,      3264,      3254,      3273
       139,      3279,      3265,      3256,      3272
       140,      3262,      3250,      3275,      3285
       141,      3277,      3260,      3255,      3270
       142,      3261,      3283,      3269,      3246
       143,      3258,      3280,      3267,      3247
       144,      3259,      3243,      3266,      3284
       145,      3270,      3255,      3248,      3265
       146,      3272,      3256,      3244,      3264
       147,      3257,      3276,      3261,      3241
       148,      3252,      3278,      3263,      3239
       149,      3273,      3254,      3242,      3262
       150,      3268,      3253,      3245,      3260
       151,      3253,      3274,      3258,      3240
       152,      3250,      3235,      3259,      3275
       153,      3249,      3489,      3488,      3233
       154,      3251,      3271,      3257,      3236
       155,      3265,      3248,      3237,      3256
       156,      3247,      3267,      3251,      3232
       157,      3260,      3245,      3238,      3255
       158,      3246,      3269,      3252,      3231
       159,      3264,      3244,      3234,      3254
       160,      3243,      3397,      3396,      3266
       161,      3262,      3242,      3228,      3250
       162,      3239,      3263,      3249,      3224
       163,      3241,      3261,      3246,      3225
       164,      3240,      3258,      3247,      3226
       165,      3253,      3240,      3230,      3245
       166,      3255,      3238,      3229,      3248
       167,      3256,      3237,      3227,      3244
       168,      3235,      3219,      3243,      3259
       169,      3254,      3234,      3223,      3242
       170,      3236,      3257,      3241,      3221
       171,      3233,      3488,      3487,      3216
       172,      3231,      3252,      3239,      3217
       173,      3232,      3251,      3236,      3218
       174,      3245,      3230,      3222,      3238
       175,      3248,      3229,      3220,      3237
       176,      3250,      3228,      3214,      3235
       177,      3244,      3227,      3215,      3234
       178,      3224,      3249,      3233,      3209
       179,      3226,      3247,      3232,      3211
       180,      3225,      3246,      3231,      3210
       181,      3240,      3226,      3213,      3230
       182,      3242,      3223,      3208,      3228
       183,      3238,      3222,      3212,      3229
       184,      3219,      3398,      3397,      3243
       185,      3237,      3220,      3207,      3227
       186,      3221,      3241,      3225,      3206
       187,      3216,      3487,      3486,      3199
       188,      3217,      3239,      3224,      3202
       189,      3234,      3215,      3204,      3223
       190,      3218,      3236,      3221,      3201
       191,      3230,      3213,      3205,      3222
       192,      3235,      3214,      3198,      3219
       193,      3229,      3212,      3203,      3220
       194,      3211,      3232,      3218,      3197
       195,      3209,      3233,      3216,      3192
       196,      3210,      3231,      3217,      3194
       197,      3226,      3211,      3200,      3213
       198,      3228,      3208,      3193,      3214
       199,      3227,      3207,      3196,      3215
       200,      3222,      3205,      3195,      3212
       201,      3206,      3225,      3210,      3190
       202,      3223,      3204,      3189,      3208
       203,      3220,      3203,      3191,      3207
       204,      3202,      3224,      3209,      3187
       205,      3199,      3486,      3485,      3181
       206,      3201,      3221,      3206,      3186
       207,      3213,      3200,      3188,      3205
       208,      3219,      3198,      3399,      3398
       209,      3215,      3196,      3184,      3204
       210,      3197,      3218,      3201,      3182
       211,      3212,      3195,      3185,      3203
       212,      3211,      3197,      3183,      3200
       213,      3194,      3217,      3202,      3180
       214,      3192,      3216,      3199,      3178
       215,      3214,      3193,      3176,      3198
       216,      3207,      3191,      3179,      3196
       217,      3190,      3210,      3194,      3174
       218,      3208,      3189,      3175,      3193
       219,      3205,      3188,      3177,      3195
       220,      3187,      3209,      3192,      3171
       221,      3181,      3485,      3484,      3163
       222,      3186,      3206,      3190,      3170
       223,      3203,      3185,      3173,      3191
       224,      3204,      3184,      3169,      3189
       225,      3200,      3183,      3172,      3188
       226,      3182,      3201,      3186,      3167
       227,      3197,      3182,      3168,      3183
       228,      3180,      3202,      3187,      3164
       229,      3196,      3179,      3165,      3184
       230,      3195,      3177,      3166,      3185
       231,      3178,      3199,      3181,      3162
       232,      3198,      3176,      3400,      3399
       233,      3174,      3194,      3180,      3160
       234,      3193,      3175,      3158,      3176
       235,      3191,      3173,      3159,      3179
       236,      3171,      3192,      3178,      3156
       237,      3188,      3172,      3161,      3177
       238,      3170,      3190,      3174,      3155
       239,      3189,      3169,      3154,      3175
       240,      3147,      3163,      3484,      3483
       241,      3183,      3168,      3157,      3172
       242,      3185,      3166,      3153,      3173
       243,      3167,      3186,      3170,      3151
       244,      3182,      3167,      3152,      3168
       245,      3164,      3187,      3171,      3149
       246,      3184,      3165,      3150,      3169
       247,      3177,      3161,      3148,      3166
       248,      3162,      3181,      3163,      3144
       249,      3179,      3159,      3146,      3165
       250,      3160,      3180,      3164,      3145
       251,      3156,      3178,      3162,      3140
       252,      3172,      3157,      3143,      3161
       253,      3176,      3158,      3401,      3400
       254,      3155,      3174,      3160,      3139
       255,      3173,      3153,      3142,      3159
       256,      3175,      3154,      3136,      3158
       257,      3168,      3152,      3141,      3157
       258,      3132,      3147,      3483,      3482
       259,      3151,      3170,      3155,      3135
       260,      3149,      3171,      3156,      3133
       261,      3167,      3151,      3138,      3152
       262,      3169,      3150,      3134,      3154
       263,      3166,      3148,      3137,      3153
       264,      3165,      3146,      3130,      3150
       265,      3145,      3164,      3149,      3129
       266,      3161,      3143,      3131,      3148
       267,      3128,      3144,      3163,      3147
       268,      3159,      3142,      3127,      3146
       269,      3139,      3160,      3145,      3125
       270,      3140,      3162,      3144,      3123
       271,      3157,      3141,      3126,      3143
       272,      3152,      3138,      3124,      3141
       273,      3117,      3132,      3482,      3481
       274,      3153,      3137,      3121,      3142
       275,      3135,      3155,      3139,      3120
       276,      3133,      3156,      3140,      3119
       277,      3158,      3136,      3402,      3401
       278,      3151,      3135,      3122,      3138
       279,      3154,      3134,      3116,      3136
       280,      3148,      3131,      3118,      3137
       281,      3150,      3130,      3115,      3134
       282,      3129,      3149,      3133,      3114
       283,      3111,      3128,      3147,      3132
       284,      3146,      3127,      3112,      3130
       285,      3143,      3126,      3113,      3131
       286,      3125,      3145,      3129,      3109
       287,      3144,      3128,      3106,      3123
       288,      3141,      3124,      3110,      3126
       289,      3142,      3121,      3108,      3127
       290,      3138,      3122,      3107,      3124
       291,      3120,      3139,      3125,      3104
       292,      3101,      3117,      3481,      3480
       293,      3135,      3120,      3105,      3122
       294,      3119,      3140,      3123,      3102
       295,      3137,      3118,      3103,      3121
       296,      3136,      3116,      3403,      3402
       297,      3114,      3133,      3119,      3099
       298,      3131,      3113,      3100,      3118
       299,      3134,      3115,      3098,      3116
       300,      3096,      3111,      3132,      3117
       301,      3130,      3112,      3095,      3115
       302,      3109,      3129,      3114,      3094
       303,      3126,      3110,      3097,      3113
       304,      3127,      3108,      3092,      3112
       305,      3128,      3111,      3090,      3106
       306,      3124,      3107,      3093,      3110
       307,      3104,      3125,      3109,      3088
       308,      3122,      3105,      3091,      3107
       309,      3084,      3101,      3480,      3479
       310,      3120,      3104,      3089,      3105
       311,      3121,      3103,      3087,      3108
       312,      3123,      3106,      3086,      3102
       313,      3118,      3100,      3085,      3103
       314,      3099,      3119,      3102,      3083
       315,      3081,      3096,      3117,      3101
       316,      3113,      3097,      3082,      3100
       317,      3116,      3098,      3404,      3403
       318,      3094,      3114,      3099,      3080
       319,      3115,      3095,      3078,      3098
       320,      3110,      3093,      3079,      3097
       321,      3112,      3092,      3076,      3095
       322,      3073,      3090,      3111,      3096
       323,      3088,      3109,      3094,      3075
       324,      3107,      3091,      3077,      3093
       325,      3105,      3089,      3074,      3091
       326,      3108,      3087,      3071,      3092
       327,      3104,      3088,      3072,      3089
       328,      3068,      3084,      3479,      3478
       329,      3106,      3090,      3070,      3086
       330,      3103,      3085,      3069,      3087
       331,      3102,      3086,      3067,      3083
       332,      3100,      3082,      3066,      3085
       333,      3064,      3081,      3101,      3084
       334,      3080,      3099,      3083,      3065
       335,      3097,      3079,      3063,      3082
       336,      3096,      3081,      3060,      3073
       337,      3075,      3094,      3080,      3061
       338,      3098,      3078,      3405,      3404
       339,      3093,      3077,      3062,      3079
       340,      3095,      3076,      3056,      3078
       341,      3091,      3074,      3059,      3077
       342,      3089,      3072,      3058,      3074
       343,      3088,      3075,      3057,      3072
       344,      3092,      3071,      3055,      3076
       345,      3052,      3068,      3478,      3477
       346,      3054,      3070,      3090,      3073
       347,      3087,      3069,      3053,      3071
       348,      3086,      3070,      3050,      3067
       349,      3085,      3066,      3051,      3069
       350,      3048,      3064,      3084,      3068
       351,      3047,      3065,      3083,      3067
       352,      3082,      3063,      3049,      3066
       353,      3061,      3080,      3065,      3045
       354,      3079,      3062,      3046,      3063
       355,      3081,      3064,      3044,      3060
       356,      3077,      3059,      3043,      3062
       357,      3075,      3061,      3042,      3057
       358,      3074,      3058,      3041,      3059
       359,      3072,      3057,      3040,      3058
       360,      3038,      3052,      3477,      3476
       361,      3078,      3056,      3406,      3405
       362,      3073,      3060,      3039,      3054
       363,      3076,      3055,      3037,      3056
       364,      3071,      3053,      3036,      3055
       365,      3034,      3050,      3070,      3054
       366,      3069,      3051,      3035,      3053
       367,      3033,      3048,      3068,      3052
       368,      3066,      3049,      3032,      3051
       369,      3031,      3047,      3067,      3050
       370,      3063,      3046,      3030,      3049
       371,      3029,      3045,      3065,      3047
       372,      3028,      3044,      3064,      3048
       373,      3062,      3043,      3027,      3046
       374,      3061,      3045,      3026,      3042
       375,      3059,      3041,      3025,      3043
       376,      3022,      3038,      3476,      3475
       377,      3057,      3042,      3024,      3040
       378,      3058,      3040,      3023,      3041
       379,      3060,      3044,      3021,      3039
       380,      3056,      3037,      3407,      3406
       381,      3055,      3036,      3019,      3037
       382,      3054,      3039,      3020,      3034
       383,      3053,      3035,      3017,      3036
       384,      3018,      3033,      3052,      3038
       385,      3051,      3032,      3016,      3035
       386,      3015,      3031,      3050,      3034
       387,      3049,      3030,      3014,      3032
       388,      3048,      3033,      3013,      3028
       389,      3012,      3029,      3047,      3031
       390,      3046,      3027,      3011,      3030
       391,      3010,      3026,      3045,      3029
       392,      3043,      3025,      3009,      3027
       393,      3008,      3021,      3044,      3028
       394,      3042,      3026,      3007,      3024
       395,      3004,      3022,      3475,      3474
       396,      3041,      3023,      3006,      3025
       397,      3040,      3024,      3005,      3023
       398,      3039,      3021,      3003,      3020
       399,      3002,      3018,      3038,      3022
       400,      3037,      3019,      3408,      3407
       401,      3036,      3017,      3000,      3019
       402,      3001,      3015,      3034,      3020
       403,      3035,      3016,      2999,      3017
       404,      3033,      3018,      2998,      3013
       405,      3032,      3014,      2997,      3016
       406,      2996,      3012,      3031,      3015
       407,      3030,      3011,      2995,      3014
       408,      2994,      3010,      3029,      3012
       409,      3028,      3013,      2992,      3008
       410,      3027,      3009,      2993,      3011
       411,      2991,      3007,      3026,      3010
       412,      3025,      3006,      2990,      3009
       413,      2986,      3004,      3474,      3473
       414,      3023,      3005,      2989,      3006
       415,      3024,      3007,      2988,      3005
       416,      2987,      3003,      3021,      3008
       417,      2985,      3002,      3022,      3004
       418,      2984,      3001,      3020,      3003
       419,      2983,      2998,      3018,      3002
       420,      3019,      3000,      3409,      3408
       421,      3017,      2999,      2982,      3000
       422,      3016,      2997,      2980,      2999
       423,      2981,      2996,      3015,      3001
       424,      3014,      2995,      2979,      2997
       425,      3013,      2998,      2977,      2992
       426,      2978,      2994,      3012,      2996
       427,      3011,      2993,      2976,      2995
       428,      2975,      2991,      3010,      2994
       429,      3009,      2990,      2974,      2993
       430,      3006,      2989,      2973,      2990
       431,      2972,      2988,      3007,      2991
       432,      3008,      2992,      2971,      2987
       433,      2969,      2986,      3473,      3472
       434,      3005,      2988,      2970,      2989
       435,      2968,      2984,      3003,      2987
       436,      2967,      2985,      3004,      2986
       437,      3002,      2985,      2965,      2983
       438,      2966,      2981,      3001,      2984
       439,      3000,      2982,      3410,      3409
       440,      2999,      2980,      2963,      2982
       441,      2964,      2977,      2998,      2983
       442,      2997,      2979,      2961,      2980
       443,      2962,      2978,      2996,      2981
       444,      2995,      2976,      2960,      2979
       445,      2959,      2975,      2994,      2978
       446,      2993,      2974,      2958,      2976
       447,      2992,      2977,      2957,      2971
       448,      2956,      2972,      2991,      2975
       449,      2990,      2973,      2955,      2974
       450,      2951,      2969,      3472,      3471
       451,      2954,      2970,      2988,      2972
       452,      2989,      2970,      2953,      2973
       453,      2952,      2968,      2987,      2971
       454,      2949,      2967,      2986,      2969
       455,      2950,      2966,      2984,      2968
       456,      2985,      2967,      2948,      2965
       457,      2983,      2965,      2946,      2964
       458,      2947,      2962,      2981,      2966
       459,      2982,      2963,      3411,      3410
       460,      2980,      2961,      2945,      2963
       461,      2979,      2960,      2943,      2961
       462,      2944,      2959,      2978,      2962
       463,      2942,      2957,      2977,      2964
       464,      2976,      2958,      2941,      2960
       465,      2940,      2956,      2975,      2959
       466,      2974,      2955,      2939,      2958
       467,      2938,      2954,      2972,      2956
       468,      2937,      2952,      2971,      2957
       469,      2933,      2951,      3471,      3470
       470,      2973,      2953,      2935,      2955
       471,      2970,      2954,      2936,      2953
       472,      2934,      2950,      2968,      2952
       473,      2932,      2949,      2969,      2951
       474,      2930,      2948,      2967,      2949
       475,      2931,      2947,      2966,      2950
       476,      2965,      2948,      2929,      2946
       477,      2928,      2944,      2962,      2947
       478,      2964,      2946,      2926,      2942
       479,      2963,      2945,      3412,      3411
       480,      2961,      2943,      2927,      2945
       481,      2960,      2941,      2924,      2943
       482,      2925,      2940,      2959,      2944
       483,      2958,      2939,      2921,      2941
       484,      2923,      2937,      2957,      2942
       485,      2922,      2938,      2956,      2940
       486,      2954,      2938,      2920,      2936
       487,      2955,      2935,      2918,      2939
       488,      2916,      2933,      3470,      3469
       489,      2953,      2936,      2919,      2935
       490,      2917,      2934,      2952,      2937
       491,      2914,      2932,      2951,      2933
       492,      2915,      2931,      2950,      2934
       493,      2913,      2930,      2949,      2932
       494,      2912,      2928,      2947,      2931
       495,      2911,      2929,      2948,      2930
       496,      2946,      2929,      2909,      2926
       497,      2910,      2925,      2944,      2928
       498,      2945,      2927,      3413,      3412
       499,      2943,      2924,      2908,      2927
       500,      2942,      2926,      2905,      2923
       501,      2907,      2922,      2940,      2925
       502,      2941,      2921,      2906,      2924
       503,      2904,      2920,      2938,      2922
       504,      2939,      2918,      2901,      2921
       505,      2936,      2920,      2903,      2919
       506,      3469,      3468,      2898,      2916
       507,      2902,      2917,      2937,      2923
       508,      2935,      2919,      2900,      2918
       509,      2899,      2915,      2934,      2917
       510,      2897,      2914,      2933,      2916
       511,      2896,      2912,      2931,      2915
       512,      2895,      2913,      2932,      2914
       513,      2930,      2913,      2893,      2911
       514,      2894,      2910,      2928,      2912
       515,      2891,      2909,      2929,      2911
       516,      2892,      2907,      2925,      2910
       517,      2927,      2908,      3414,      3413
       518,      2926,      2909,      2888,      2905
       519,      2924,      2906,      2889,      2908
       520,      2922,      2907,      2890,      2904
       521,      2923,      2905,      2883,      2902
       522,      2921,      2901,      2886,      2906
       523,      2887,      2903,      2920,      2904
       524,      3468,      3467,      2881,      2898
       525,      2919,      2903,      2885,      2900
       526,      2884,      2901,      2918,      2900
       527,      2882,      2899,      2917,      2902
       528,      2916,      2898,      2879,      2897
       529,      2880,      2896,      2915,      2899
       530,      2878,      2895,      2914,      2897
       531,      2877,      2894,      2912,      2896
       532,      2913,      2895,      2876,      2893
       533,      2875,      2892,      2910,      2894
       534,      2911,      2893,      2874,      2891
       535,      2907,      2892,      2873,      2890
       536,      2872,      2888,      2909,      2891
       537,      2908,      2889,      3415,      3414
       538,      2904,      2890,      2871,      2887
       539,      2906,      2886,      2870,      2889
       540,      2905,      2888,      2866,      2883
       541,      2869,      2885,      2903,      2887
       542,      3467,      3466,      2863,      2881
       543,      2868,      2886,      2901,      2884
       544,      2867,      2884,      2900,      2885
       545,      2902,      2883,      2865,      2882
       546,      2864,      2880,      2899,      2882
       547,      2898,      2881,      2862,      2879
       548,      2861,      2877,      2896,      2880
       549,      2897,      2879,      2860,      2878
       550,      2858,      2876,      2895,      2878
       551,      2859,      2875,      2894,      2877
       552,      2893,      2876,      2856,      2874
       553,      2857,      2873,      2892,      2875
       554,      2891,      2874,      2854,      2872
       555,      2890,      2873,      2855,      2871
       556,      2889,      2870,      3416,      3415
       557,      2887,      2871,      2853,      2869
       558,      2849,      2866,      2888,      2872
       559,      2852,      2870,      2886,      2868
       560,      2851,      2867,      2885,      2869
       561,      2850,      2868,      2884,      2867
       562,      3466,      3465,      2846,      2863
       563,      2883,      2866,      2848,      2865
       564,      2882,      2865,      2847,      2864
       565,      2881,      2863,      2844,      2862
       566,      2845,      2861,      2880,      2864
       567,      2879,      2862,      2843,      2860
       568,      2842,      2859,      2877,      2861
       569,      2878,      2860,      2841,      2858
       570,      2875,      2859,      2840,      2857
       571,      2839,      2856,      2876,      2858
       572,      2838,      2855,      2873,      2857
       573,      2874,      2856,      2836,      2854
       574,      2871,      2855,      2837,      2853
       575,      3417,      3416,      2870,      2852
       576,      2872,      2854,      2832,      2849
       577,      2835,      2851,      2869,      2853
       578,      2834,      2852,      2868,      2850
       579,      2833,      2850,      2867,      2851
       580,      3465,      3464,      2829,      2846
       581,      2831,      2848,      2866,      2849
       582,      2865,      2848,      2830,      2847
       583,      2864,      2847,      2828,      2845
       584,      2863,      2846,      2827,      2844
       585,      2826,      2842,      2861,      2845
       586,      2862,      2844,      2825,      2843
       587,      2860,      2843,      2823,      2841
       588,      2859,      2842,      2824,      2840
       589,      2858,      2841,      2821,      2839
       590,      2857,      2840,      2822,      2838
       591,      2819,      2836,      2856,      2839
       592,      2820,      2837,      2855,      2838
       593,      2818,      2835,      2853,      2837
       594,      2854,      2836,      2815,      2832
       595,      3418,      3417,      2852,      2834
       596,      2817,      2833,      2851,      2835
       597,      2816,      2834,      2850,      2833
       598,      3464,      3463,      2812,      2829
       599,      2849,      2832,      2814,      2831
       600,      2813,      2830,      2848,      2831
       601,      2847,      2830,      2811,      2828
       602,      2846,      2829,      2810,      2827
       603,      2845,      2828,      2809,      2826
       604,      2844,      2827,      2808,      2825
       605,      2807,      2824,      2842,      2826
       606,      2843,      2825,      2806,      2823
       607,      2840,      2824,      2805,      2822
       608,      2841,      2823,      2804,      2821
       609,      2838,      2822,      2803,      2820
       610,      2839,      2821,      2802,      2819
       611,      2801,      2818,      2837,      2820
       612,      2798,      2815,      2836,      2819
       613,      2800,      2817,      2835,      2818
       614,      3419,      3418,      2834,      2816
       615,      2799,      2816,      2833,      2817
       616,      2796,      2812,      3463,      3462
       617,      2832,      2815,      2797,      2814
       618,      2831,      2814,      2795,      2813
       619,      2794,      2811,      2830,      2813
       620,      2829,      2812,      2793,      2810
       621,      2828,      2811,      2792,      2809
       622,      2791,      2808,      2827,      2810
       623,      2790,      2807,      2826,      2809
       624,      2825,      2808,      2789,      2806
       625,      2788,      2805,      2824,      2807
       626,      2823,      2806,      2787,      2804
       627,      2822,      2805,      2786,      2803
       628,      2821,      2804,      2784,      2802
       629,      2785,      2801,      2820,      2803
       630,      2783,      2800,      2818,      2801
       631,      2819,      2802,      2781,      2798
       632,      2782,      2799,      2817,      2800
       633,      3420,      3419,      2816,      2799
       634,      3462,      3461,      2779,      2796
       635,      2780,      2797,      2815,      2798
       636,      2814,      2797,      2778,      2795
       637,      2813,      2795,      2777,      2794
       638,      2776,      2793,      2812,      2796
       639,      2775,      2792,      2811,      2794
       640,      2774,      2791,      2810,      2793
       641,      2773,      2790,      2809,      2792
       642,      2808,      2791,      2772,      2789
       643,      2807,      2790,      2771,      2788
       644,      2806,      2789,      2769,      2787
       645,      2770,      2786,      2805,      2788
       646,      2804,      2787,      2767,      2784
       647,      2768,      2785,      2803,      2786
       648,      2766,      2783,      2801,      2785
       649,      2802,      2784,      2765,      2781
       650,      2764,      2782,      2800,      2783
       651,      3421,      3420,      2799,      2782
       652,      3461,      3460,      2762,      2779
       653,      2798,      2781,      2763,      2780
       654,      2761,      2778,      2797,      2780
       655,      2796,      2779,      2760,      2776
       656,      2795,      2778,      2759,      2777
       657,      2794,      2777,      2758,      2775
       658,      2757,      2774,      2793,      2776
       659,      2756,      2773,      2792,      2775
       660,      2791,      2774,      2755,      2772
       661,      2790,      2773,      2754,      2771
       662,      2789,      2772,      2753,      2769
       663,      2788,      2771,      2752,      2770
       664,      2751,      2768,      2786,      2770
       665,      2787,      2769,      2750,      2767
       666,      2749,      2766,      2785,      2768
       667,      2784,      2767,      2748,      2765
       668,      2747,      2764,      2783,      2766
       669,      3422,      3421,      2782,      2764
       670,      2781,      2765,      2746,      2763
       671,      3458,      2762,      3460,      3459
       672,      2780,      2763,      2745,      2761
       673,      2779,      2762,      2744,      2760
       674,      2743,      2759,      2778,      2761
       675,      2777,      2759,      2742,      2758
       676,      2741,      2757,      2776,      2760
       677,      2740,      2756,      2775,      2758
       678,      2739,      2755,      2774,      2757
       679,      2738,      2754,      2773,      2756
       680,      2772,      2755,      2737,      2753
       681,      2771,      2754,      2736,      2752
       682,      2770,      2752,      2735,      2751
       683,      2769,      2753,      2734,      2750
       684,      2733,      2749,      2768,      2751
       685,      2767,      2750,      2732,      2748
       686,      2731,      2747,      2766,      2749
       687,      3423,      3422,      2764,      2747
       688,      2765,      2748,      2730,      2746
       689,      2763,      2746,      2729,      2745
       690,      3457,      2744,      2762,      3458
       691,      2761,      2745,      2728,      2743
       692,      2727,      2741,      2760,      2744
       693,      2726,      2742,      2759,      2743
       694,      2725,      2740,      2758,      2742
       695,      2757,      2741,      2724,      2739
       696,      2756,      2740,      2723,      2738
       697,      2722,      2737,      2755,      2739
       698,      2721,      2736,      2754,      2738
       699,      2752,      2736,      2720,      2735
       700,      2753,      2737,      2719,      2734
       701,      2751,      2735,      2718,      2733
       702,      2750,      2734,      2717,      2732
       703,      2716,      2731,      2749,      2733
       704,      3424,      3423,      2747,      2731
       705,      2748,      2732,      2715,      2730
       706,      2746,      2730,      2714,      2729
       707,      2745,      2729,      2713,      2728
       708,      3456,      2727,      2744,      3457
       709,      2743,      2728,      2712,      2726
       710,      2711,      2725,      2742,      2726
       711,      2741,      2727,      2710,      2724
       712,      2740,      2725,      2709,      2723
       713,      2739,      2724,      2708,      2722
       714,      2738,      2723,      2707,      2721
       715,      2706,      2719,      2737,      2722
       716,      2705,      2720,      2736,      2721
       717,      2735,      2720,      2704,      2718
       718,      2734,      2719,      2703,      2717
       719,      2733,      2718,      2702,      2716
       720,      2732,      2717,      2701,      2715
       721,      3425,      3424,      2731,      2716
       722,      2730,      2715,      2700,      2714
       723,      2729,      2714,      2699,      2713
       724,      2728,      2713,      2698,      2712
       725,      3455,      2710,      2727,      3456
       726,      2726,      2712,      2697,      2711
       727,      2696,      2709,      2725,      2711
       728,      2724,      2710,      2695,      2708
       729,      2723,      2709,      2694,      2707
       730,      2722,      2708,      2693,      2706
       731,      2721,      2707,      2692,      2705
       732,      2691,      2704,      2720,      2705
       733,      2690,      2703,      2719,      2706
       734,      2718,      2704,      2689,      2702
       735,      2717,      2703,      2688,      2701
       736,      2716,      2702,      3426,      3425
       737,      2715,      2701,      2687,      2700
       738,      2714,      2700,      2686,      2699
       739,      2713,      2699,      2685,      2698
       740,      2712,      2698,      2684,      2697
       741,      2711,      2697,      2683,      2696
       742,      3454,      2695,      2710,      3455
       743,      2682,      2694,      2709,      2696
       744,      2708,      2695,      2681,      2693
       745,      2707,      2694,      2680,      2692
       746,      2706,      2693,      2679,      2690
       747,      2705,      2692,      2678,      2691
       748,      2677,      2689,      2704,      2691
       749,      2676,      2688,      2703,      2690
       750,      2702,      2689,      3427,      3426
       751,      2701,      2688,      2675,      2687
       752,      2700,      2687,      2674,      2686
       753,      2699,      2686,      2673,      2685
       754,      2698,      2685,      2672,      2684
       755,      2697,      2684,      2671,      2683
       756,      2696,      2683,      2670,      2682
       757,      3453,      2681,      2695,      3454
       758,      2669,      2680,      2694,      2682
       759,      2693,      2681,      2668,      2679
       760,      2692,      2680,      2667,      2678
       761,      2691,      2678,      2666,      2677
       762,      2690,      2679,      2665,      2676
       763,      3428,      3427,      2689,      2677
       764,      2664,      2675,      2688,      2676
       765,      2687,      2675,      2663,      2674
       766,      2686,      2674,      2662,      2673
       767,      2685,      2673,      2661,      2672
       768,      2684,      2672,      2660,      2671
       769,      2683,      2671,      2659,      2670
       770,      2682,      2670,      2658,      2669
       771,      3452,      2668,      2681,      3453
       772,      2657,      2667,      2680,      2669
       773,      2679,      2668,      2656,      2665
       774,      2678,      2667,      2655,      2666
       775,      2677,      2666,      3429,      3428
       776,      2676,      2665,      2654,      2664
       777,      2653,      2663,      2675,      2664
       778,      2674,      2663,      2652,      2662
       779,      2651,      2661,      2673,      2662
       780,      2672,      2661,      2650,      2660
       781,      2671,      2660,      2649,      2659
       782,      2670,      2659,      2648,      2658
       783,      2669,      2658,      2647,      2657
       784,      3451,      2656,      2668,      3452
       785,      2646,      2655,      2667,      2657
       786,      2666,      2655,      3430,      3429
       787,      2665,      2656,      2645,      2654
       788,      2664,      2654,      2644,      2653
       789,      2643,      2652,      2663,      2653
       790,      2642,      2651,      2662,      2652
       791,      2661,      2651,      2641,      2650
       792,      2660,      2650,      2640,      2649
       793,      2659,      2649,      2639,      2648
       794,      2658,      2648,      2638,      2647
       795,      2657,      2647,      2637,      2646
       796,      3450,      2645,      2656,      3451
       797,      3431,      3430,      2655,      2646
       798,      2654,      2645,      2636,      2644
       799,      2653,      2644,      2635,      2643
       800,      2634,      2642,      2652,      2643
       801,      2651,      2642,      2633,      2641
       802,      2650,      2641,      2632,      2640
       803,      2649,      2640,      2631,      2639
       804,      2648,      2639,      2630,      2638
       805,      2647,      2638,      2629,      2637
       806,      2646,      2637,      3432,      3431
       807,      3449,      2636,      2645,      3450
       808,      2644,      2636,      2628,      2635
       809,      2627,      2634,      2643,      2635
       810,      2626,      2633,      2642,      2634
       811,      2641,      2633,      2625,      2632
       812,      2640,      2632,      2624,      2631
       813,      2639,      2631,      2623,      2630
       814,      2638,      2630,      2622,      2629
       815,      2637,      2629,      3433,      3432
       816,      3448,      2628,      2636,      3449
       817,      2621,      2627,      2635,      2628
       818,      2634,      2627,      2620,      2626
       819,      2619,      2625,      2633,      2626
       820,      2632,      2625,      2618,      2624
       821,      2631,      2624,      2617,      2623
       822,      2630,      2623,      2616,      2622
       823,      2629,      2622,      3434,      3433
       824,      3447,      2621,      2628,      3448
       825,      2627,      2621,      2615,      2620
       826,      2626,      2620,      2614,      2619
       827,      2613,      2618,      2625,      2619
       828,      2624,      2618,      2612,      2617
       829,      2623,      2617,      2611,      2616
       830,      2622,      2616,      3435,      3434
       831,      3446,      2615,      2621,      3447
       832,      2620,      2615,      2610,      2614
       833,      2619,      2614,      2609,      2613
       834,      2608,      2612,      2618,      2613
       835,      2617,      2612,      2607,      2611
       836,      2616,      2611,      3436,      3435
       837,      3445,      2610,      2615,      3446
       838,      2614,      2610,      2606,      2609
       839,      2613,      2609,      2605,      2608
       840,      2604,      2607,      2612,      2608
       841,      2611,      2607,      3437,      3436
       842,      3444,      2606,      2610,      3445
       843,      2609,      2606,      2603,      2605
       844,      2608,      2605,      2602,      2604
       845,      3438,      3437,      2607,      2604
       846,      3443,      2603,      2606,      3444
       847,      2605,      2603,      2601,      2602
       848,      2604,      2602,      3439,      3438
       849,      3442,      2601,      2603,      3443
       850,      2602,      2601,      3440,      3439
       851,      3441,      3440,      2601,      3442
       852,      1811,      1715,      1714,      1810
       853,      1810,      1714,      1713,      1812
       854,      1813,      1716,      1715,      1811
       855,      1812,      1713,      1712,      1814
       856,      1815,      1717,      1716,      1813
       857,      1814,      1712,      1711,      1816
       858,      1817,      1718,      1717,      1815
       859,      1816,      1711,      1710,      1822
       860,      1817,      1818,      1719,      1718
       861,      1819,      1811,      1810,      1820
       862,      1821,      1813,      1811,      1819
       863,      1818,      1824,      1720,      1719
       864,      1820,      1810,      1812,      1823
       865,      1825,      1815,      1813,      1821
       866,      1822,      1710,      1709,      1828
       867,      1823,      1812,      1814,      1827
       868,      1826,      1817,      1815,      1825
       869,      1824,      1829,      1721,      1720
       870,      1827,      1814,      1816,      1830
       871,      1826,      1831,      1818,      1817
       872,      1830,      1816,      1822,      1838
       873,      1829,      1840,      1722,      1721
       874,      1828,      1709,      1708,      1843
       875,      1833,      1821,      1819,      1832
       876,      1832,      1819,      1820,      1835
       877,      1831,      1836,      1824,      1818
       878,      1834,      1825,      1821,      1833
       879,      1835,      1820,      1823,      1839
       880,      1837,      1826,      1825,      1834
       881,      1839,      1823,      1827,      1841
       882,      1836,      1842,      1829,      1824
       883,      1838,      1822,      1828,      1845
       884,      1837,      1844,      1831,      1826
       885,      1840,      1850,      1723,      1722
       886,      1841,      1827,      1830,      1849
       887,      1844,      1852,      1836,      1831
       888,      1846,      1833,      1832,      1848
       889,      1842,      1854,      1840,      1829
       890,      1843,      1708,      1707,      1809
       891,      1847,      1834,      1833,      1846
       892,      1848,      1832,      1835,      1853
       893,      1851,      1837,      1834,      1847
       894,      1849,      1830,      1838,      1856
       895,      1850,      1859,      1724,      1723
       896,      1845,      1828,      1843,      1863
       897,      1853,      1835,      1839,      1855
       898,      1851,      1857,      1844,      1837
       899,      1852,      1858,      1842,      1836
       900,      1855,      1839,      1841,      1860
       901,      1854,      1865,      1850,      1840
       902,      1856,      1838,      1845,      1869
       903,      1859,      1872,      1725,      1724
       904,      1857,      1867,      1852,      1844
       905,      1860,      1841,      1849,      1870
       906,      1858,      1868,      1854,      1842
       907,      1862,      1847,      1846,      1864
       908,      1861,      1851,      1847,      1862
       909,      1864,      1846,      1848,      1866
       910,      1866,      1848,      1853,      1871
       911,      1861,      1873,      1857,      1851
       912,      1863,      1843,      1809,      1808
       913,      1865,      1876,      1859,      1850
       914,      1867,      1875,      1858,      1852
       915,      1870,      1849,      1856,      1879
       916,      1871,      1853,      1855,      1874
       917,      1872,      1884,      1726,      1725
       918,      1869,      1845,      1863,      1886
       919,      1868,      1881,      1865,      1854
       920,      1874,      1855,      1860,      1882
       921,      1873,      1883,      1867,      1857
       922,      1877,      1861,      1862,      1878
       923,      1878,      1862,      1864,      1880
       924,      1875,      1887,      1868,      1858
       925,      1880,      1864,      1866,      1885
       926,      1879,      1856,      1869,      1891
       927,      1876,      1889,      1872,      1859
       928,      1877,      1888,      1873,      1861
       929,      1882,      1860,      1870,      1892
       930,      1884,      1897,      1727,      1726
       931,      1885,      1866,      1871,      1890
       932,      1881,      1896,      1876,      1865
       933,      1883,      1895,      1875,      1867
       934,      1886,      1863,      1808,      1807
       935,      1890,      1871,      1874,      1898
       936,      1887,      1900,      1881,      1868
       937,      1892,      1870,      1879,      1902
       938,      1893,      1877,      1878,      1894
       939,      1888,      1901,      1883,      1873
       940,      1889,      1903,      1884,      1872
       941,      1894,      1878,      1880,      1899
       942,      1891,      1869,      1886,      1908
       943,      1897,      1911,      1728,      1727
       944,      1898,      1874,      1882,      1904
       945,      1893,      1906,      1888,      1877
       946,      1895,      1907,      1887,      1875
       947,      1899,      1880,      1885,      1905
       948,      1896,      1910,      1889,      1876
       949,      1902,      1879,      1891,      1917
       950,      1900,      1914,      1896,      1881
       951,      1905,      1885,      1890,      1912
       952,      1904,      1882,      1892,      1916
       953,      1901,      1915,      1895,      1883
       954,      1893,      1894,      1909,      1906
       955,      1903,      1918,      1897,      1884
       956,      1911,      1923,      1729,      1728
       957,      1907,      1921,      1900,      1887
       958,      1906,      1919,      1901,      1888
       959,      1894,      1899,      1913,      1909
       960,      1912,      1890,      1898,      1920
       961,      1908,      1886,      1807,      1806
       962,      1910,      1925,      1903,      1889
       963,      1916,      1892,      1902,      1926
       964,      1899,      1905,      1922,      1913
       965,      1915,      1927,      1907,      1895
       966,      1920,      1898,      1904,      1928
       967,      1914,      1930,      1910,      1896
       968,      1917,      1891,      1908,      1935
       969,      1918,      1932,      1911,      1897
       970,      1906,      1909,      1924,      1919
       971,      1921,      1934,      1914,      1900
       972,      1905,      1912,      1929,      1922
       973,      1923,      1938,      1730,      1729
       974,      1919,      1933,      1915,      1901
       975,      1909,      1913,      1931,      1924
       976,      1926,      1902,      1917,      1942
       977,      1928,      1904,      1916,      1939
       978,      1925,      1940,      1918,      1903
       979,      1927,      1943,      1921,      1907
       980,      1912,      1920,      1937,      1929
       981,      1913,      1922,      1936,      1931
       982,      1930,      1944,      1925,      1910
       983,      1932,      1949,      1923,      1911
       984,      1919,      1924,      1941,      1933
       985,      1935,      1908,      1806,      1805
       986,      1933,      1948,      1927,      1915
       987,      1938,      1952,      1731,      1730
       988,      1934,      1950,      1930,      1914
       989,      1920,      1928,      1947,      1937
       990,      1922,      1929,      1945,      1936
       991,      1939,      1916,      1926,      1951
       992,      1924,      1931,      1946,      1941
       993,      1940,      1955,      1932,      1918
       994,      1943,      1954,      1934,      1921
       995,      1942,      1917,      1935,      1958
       996,      1931,      1936,      1953,      1946
       997,      1929,      1937,      1957,      1945
       998,      1944,      1960,      1940,      1925
       999,      1949,      1962,      1938,      1923
      1000,      1928,      1939,      1959,      1947
      1001,      1933,      1941,      1956,      1948
      1002,      1948,      1961,      1943,      1927
      1003,      1951,      1926,      1942,      1966
      1004,      1952,      1968,      1732,      1731
      1005,      1950,      1965,      1944,      1930
      1006,      1936,      1945,      1964,      1953
      1007,      1954,      1969,      1950,      1934
      1008,      1941,      1946,      1963,      1956
      1009,      1955,      1970,      1949,      1932
      1010,      1937,      1947,      1967,      1957
      1011,      1958,      1935,      1805,      1804
      1012,      1939,      1951,      1973,      1959
      1013,      1962,      1977,      1952,      1938
      1014,      1960,      1976,      1955,      1940
      1015,      1961,      1975,      1954,      1943
      1016,      1948,      1956,      1971,      1961
      1017,      1946,      1953,      1972,      1963
      1018,      1945,      1957,      1974,      1964
      1019,      1966,      1942,      1958,      1982
      1020,      1947,      1959,      1978,      1967
      1021,      1965,      1980,      1960,      1944
      1022,      1968,      1985,      1733,      1732
      1023,      1970,      1984,      1962,      1949
      1024,      1969,      1983,      1965,      1950
      1025,      1956,      1963,      1979,      1971
      1026,      1953,      1964,      1981,      1972
      1027,      1951,      1966,      1987,      1973
      1028,      1957,      1967,      1986,      1974
      1029,      1977,      1992,      1968,      1952
      1030,      1975,      1990,      1969,      1954
      1031,      1976,      1991,      1970,      1955
      1032,      1961,      1971,      1988,      1975
      1033,      1959,      1973,      1993,      1978
      1034,      1963,      1972,      1989,      1979
      1035,      1982,      1958,      1804,      1803
      1036,      1964,      1974,      1994,      1981
      1037,      1980,      1995,      1976,      1960
      1038,      1985,      2002,      1734,      1733
      1039,      1984,      1999,      1977,      1962
      1040,      1967,      1978,      1997,      1986
      1041,      1983,      2000,      1980,      1965
      1042,      1971,      1979,      1996,      1988
      1043,      1966,      1982,      2003,      1987
      1044,      1972,      1981,      1998,      1989
      1045,      1990,      2004,      1983,      1969
      1046,      1992,      2009,      1985,      1968
      1047,      1991,      2007,      1984,      1970
      1048,      1975,      1988,      2001,      1990
      1049,      1973,      1987,      2008,      1993
      1050,      1974,      1986,      2005,      1994
      1051,      1979,      1989,      2006,      1996
      1052,      1995,      2011,      1991,      1976
      1053,      1978,      1993,      2012,      1997
      1054,      1981,      1994,      2010,      1998
      1055,      1999,      2014,      1992,      1977
      1056,      2002,      2020,      1735,      1734
      1057,      2000,      2015,      1995,      1980
      1058,      1988,      1996,      2013,      2001
      1059,      1982,      1803,      1802,      2003
      1060,      1986,      1997,      2017,      2005
      1061,      2004,      2019,      2000,      1983
      1062,      1989,      1998,      2016,      2006
      1063,      1990,      2001,      2018,      2004
      1064,      2007,      2021,      1999,      1984
      1065,      2009,      2023,      2002,      1985
      1066,      1987,      2003,      2025,      2008
      1067,      1994,      2005,      2022,      2010
      1068,      2011,      2027,      2007,      1991
      1069,      1993,      2008,      2026,      2012
      1070,      1996,      2006,      2024,      2013
      1071,      2014,      2030,      2009,      1992
      1072,      2020,      2038,      1736,      1735
      1073,      2015,      2031,      2011,      1995
      1074,      1998,      2010,      2028,      2016
      1075,      1997,      2012,      2032,      2017
      1076,      2001,      2013,      2029,      2018
      1077,      2019,      2034,      2015,      2000
      1078,      2004,      2018,      2033,      2019
      1079,      2021,      2037,      2014,      1999
      1080,      2005,      2017,      2036,      2022
      1081,      2006,      2016,      2035,      2024
      1082,      2023,      2039,      2020,      2002
      1083,      2003,      1802,      1801,      2025
      1084,      2027,      2041,      2021,      2007
      1085,      2008,      2025,      2043,      2026
      1086,      2010,      2022,      2042,      2028
      1087,      2030,      2045,      2023,      2009
      1088,      2013,      2024,      2040,      2029
      1089,      2031,      2046,      2027,      2011
      1090,      2012,      2026,      2047,      2032
      1091,      2054,      1737,      1736,      2038
      1092,      2018,      2029,      2044,      2033
      1093,      2016,      2028,      2048,      2035
      1094,      2034,      2050,      2031,      2015
      1095,      2019,      2033,      2049,      2034
      1096,      2037,      2052,      2030,      2014
      1097,      2017,      2032,      2051,      2036
      1098,      2024,      2035,      2053,      2040
      1099,      2039,      2057,      2038,      2020
      1100,      2022,      2036,      2055,      2042
      1101,      2041,      2056,      2037,      2021
      1102,      2045,      2061,      2039,      2023
      1103,      2029,      2040,      2058,      2044
      1104,      2025,      1801,      1800,      2043
      1105,      2046,      2062,      2041,      2027
      1106,      2028,      2042,      2059,      2048
      1107,      2026,      2043,      2065,      2047
      1108,      2033,      2044,      2060,      2049
      1109,      2069,      1738,      1737,      2054
      1110,      2050,      2066,      2046,      2031
      1111,      2052,      2068,      2045,      2030
      1112,      2034,      2049,      2063,      2050
      1113,      2032,      2047,      2067,      2051
      1114,      2035,      2048,      2064,      2053
      1115,      2036,      2051,      2071,      2055
      1116,      2056,      2072,      2052,      2037
      1117,      2040,      2053,      2070,      2058
      1118,      2073,      2054,      2038,      2057
      1119,      2042,      2055,      2074,      2059
      1120,      2062,      2076,      2056,      2041
      1121,      2061,      2078,      2057,      2039
      1122,      2044,      2058,      2075,      2060
      1123,      2049,      2060,      2077,      2063
      1124,      2084,      1739,      1738,      2069
      1125,      2048,      2059,      2080,      2064
      1126,      2066,      2081,      2062,      2046
      1127,      2068,      2082,      2061,      2045
      1128,      2043,      1800,      1799,      2065
      1129,      2050,      2063,      2079,      2066
      1130,      2047,      2065,      2085,      2067
      1131,      2053,      2064,      2083,      2070
      1132,      2051,      2067,      2086,      2071
      1133,      2072,      2087,      2068,      2052
      1134,      2090,      2069,      2054,      2073
      1135,      2055,      2071,      2089,      2074
      1136,      2058,      2070,      2088,      2075
      1137,      2076,      2092,      2072,      2056
      1138,      2057,      2078,      2095,      2073
      1139,      2060,      2075,      2091,      2077
      1140,      2059,      2074,      2093,      2080
      1141,      2063,      2077,      2094,      2079
      1142,      2081,      2097,      2076,      2062
      1143,      2100,      1740,      1739,      2084
      1144,      2066,      2079,      2096,      2081
      1145,      2082,      2099,      2078,      2061
      1146,      2064,      2080,      2098,      2083
      1147,      2065,      1799,      1798,      2085
      1148,      2087,      2102,      2082,      2068
      1149,      2070,      2083,      2101,      2088
      1150,      2067,      2085,      2103,      2086
      1151,      2105,      2084,      2069,      2090
      1152,      2071,      2086,      2106,      2089
      1153,      2092,      2107,      2087,      2072
      1154,      2075,      2088,      2104,      2091
      1155,      2074,      2089,      2109,      2093
      1156,      2073,      2095,      2111,      2090
      1157,      2077,      2091,      2108,      2094
      1158,      2097,      2113,      2092,      2076
      1159,      2079,      2094,      2110,      2096
      1160,      2117,      1741,      1740,      2100
      1161,      2081,      2096,      2112,      2097
      1162,      2080,      2093,      2114,      2098
      1163,      2078,      2099,      2115,      2095
      1164,      2083,      2098,      2116,      2101
      1165,      2102,      2118,      2099,      2082
      1166,      2120,      2100,      2084,      2105
      1167,      2088,      2101,      2119,      2104
      1168,      2085,      1798,      1797,      2103
      1169,      2107,      2121,      2102,      2087
      1170,      2086,      2103,      2123,      2106
      1171,      2091,      2104,      2122,      2108
      1172,      2089,      2106,      2125,      2109
      1173,      2128,      2105,      2090,      2111
      1174,      2113,      2126,      2107,      2092
      1175,      2094,      2108,      2124,      2110
      1176,      2096,      2110,      2127,      2112
      1177,      2093,      2109,      2130,      2114
      1178,      2097,      2112,      2129,      2113
      1179,      2133,      1742,      1741,      2117
      1180,      2095,      2115,      2131,      2111
      1181,      2098,      2114,      2132,      2116
      1182,      2099,      2118,      2134,      2115
      1183,      2101,      2116,      2135,      2119
      1184,      2137,      2117,      2100,      2120
      1185,      2121,      2136,      2118,      2102
      1186,      2104,      2119,      2138,      2122
      1187,      2105,      2128,      2141,      2120
      1188,      2126,      2140,      2121,      2107
      1189,      2103,      1797,      1796,      2123
      1190,      2108,      2122,      2139,      2124
      1191,      2106,      2123,      2145,      2125
      1192,      2110,      2124,      2142,      2127
      1193,      2112,      2127,      2143,      2129
      1194,      2113,      2129,      2144,      2126
      1195,      2109,      2125,      2146,      2130
      1196,      2149,      1743,      1742,      2133
      1197,      2147,      2128,      2111,      2131
      1198,      2114,      2130,      2148,      2132
      1199,      2115,      2134,      2151,      2131
      1200,      2116,      2132,      2150,      2135
      1201,      2153,      2133,      2117,      2137
      1202,      2154,      2134,      2118,      2136
      1203,      2119,      2135,      2152,      2138
      1204,      2140,      2156,      2136,      2121
      1205,      2122,      2138,      2155,      2139
      1206,      2120,      2141,      2157,      2137
      1207,      2124,      2139,      2158,      2142
      1208,      2126,      2144,      2159,      2140
      1209,      2127,      2142,      2160,      2143
      1210,      2129,      2143,      2161,      2144
      1211,      2163,      1744,      1743,      2149
      1212,      2123,      1796,      1795,      2145
      1213,      2128,      2147,      2162,      2141
      1214,      2125,      2145,      2164,      2146
      1215,      2130,      2146,      2165,      2148
      1216,      2167,      2147,      2131,      2151
      1217,      2132,      2148,      2166,      2150
      1218,      2168,      2149,      2133,      2153
      1219,      2135,      2150,      2169,      2152
      1220,      2170,      2151,      2134,      2154
      1221,      2138,      2152,      2171,      2155
      1222,      2172,      2154,      2136,      2156
      1223,      2173,      2153,      2137,      2157
      1224,      2139,      2155,      2174,      2158
      1225,      2140,      2159,      2175,      2156
      1226,      2142,      2158,      2176,      2160
      1227,      2179,      1745,      1744,      2163
      1228,      2144,      2161,      2177,      2159
      1229,      2143,      2160,      2178,      2161
      1230,      2141,      2162,      2180,      2157
      1231,      2145,      1795,      1794,      2164
      1232,      2146,      2164,      2182,      2165
      1233,      2147,      2167,      2181,      2162
      1234,      2148,      2165,      2184,      2166
      1235,      2183,      2163,      2149,      2168
      1236,      2150,      2166,      2185,      2169
      1237,      2186,      2167,      2151,      2170
      1238,      2152,      2169,      2187,      2171
      1239,      2153,      2173,      2188,      2168
      1240,      2189,      2170,      2154,      2172
      1241,      2155,      2171,      2190,      2174
      1242,      2191,      2172,      2156,      2175
      1243,      2158,      2174,      2192,      2176
      1244,      2193,      2173,      2157,      2180
      1245,      2159,      2177,      2194,      2175
      1246,      2197,      1746,      1745,      2179
      1247,      2160,      2176,      2195,      2178
      1248,      2161,      2178,      2196,      2177
      1249,      2162,      2181,      2198,      2180
      1250,      2199,      2179,      2163,      2183
      1251,      2164,      1794,      1793,      2182
      1252,      2165,      2182,      2201,      2184
      1253,      2200,      2181,      2167,      2186
      1254,      2166,      2184,      2202,      2185
      1255,      2168,      2188,      2203,      2183
      1256,      2169,      2185,      2204,      2187
      1257,      2205,      2186,      2170,      2189
      1258,      2171,      2187,      2206,      2190
      1259,      2207,      2189,      2172,      2191
      1260,      2173,      2193,      2209,      2188
      1261,      2174,      2190,      2208,      2192
      1262,      2210,      2191,      2175,      2194
      1263,      2176,      2192,      2211,      2195
      1264,      2215,      1747,      1746,      2197
      1265,      2178,      2195,      2212,      2196
      1266,      2177,      2196,      2213,      2194
      1267,      2214,      2193,      2180,      2198
      1268,      2216,      2197,      2179,      2199
      1269,      2217,      2198,      2181,      2200
      1270,      2218,      2199,      2183,      2203
      1271,      2182,      1793,      1792,      2201
      1272,      2184,      2201,      2219,      2202
      1273,      2185,      2202,      2221,      2204
      1274,      2220,      2200,      2186,      2205
      1275,      2187,      2204,      2222,      2206
      1276,      2188,      2209,      2224,      2203
      1277,      2223,      2205,      2189,      2207
      1278,      2190,      2206,      2225,      2208
      1279,      2226,      2207,      2191,      2210
      1280,      2192,      2208,      2227,      2211
      1281,      2195,      2211,      2228,      2212
      1282,      2229,      2210,      2194,      2213
      1283,      2193,      2214,      2230,      2209
      1284,      2232,      1748,      1747,      2215
      1285,      2196,      2212,      2231,      2213
      1286,      2233,      2214,      2198,      2217
      1287,      2234,      2215,      2197,      2216
      1288,      2199,      2218,      2236,      2216
      1289,      2235,      2217,      2200,      2220
      1290,      2201,      1792,      1791,      2219
      1291,      2202,      2219,      2238,      2221
      1292,      2237,      2218,      2203,      2224
      1293,      2204,      2221,      2240,      2222
      1294,      2239,      2220,      2205,      2223
      1295,      2206,      2222,      2241,      2225
      1296,      2242,      2223,      2207,      2226
      1297,      2208,      2225,      2243,      2227
      1298,      2209,      2230,      2244,      2224
      1299,      2245,      2226,      2210,      2229
      1300,      2211,      2227,      2246,      2228
      1301,      2250,      1749,      1748,      2232
      1302,      2247,      2229,      2213,      2231
      1303,      2212,      2228,      2248,      2231
      1304,      2249,      2230,      2214,      2233
      1305,      2252,      2232,      2215,      2234
      1306,      2251,      2233,      2217,      2235
      1307,      2216,      2236,      2253,      2234
      1308,      2218,      2237,      2255,      2236
      1309,      2254,      2235,      2220,      2239
      1310,      2219,      1791,      1790,      2238
      1311,      2221,      2238,      2256,      2240
      1312,      2222,      2240,      2258,      2241
      1313,      2257,      2239,      2223,      2242
      1314,      2259,      2237,      2224,      2244
      1315,      2225,      2241,      2260,      2243
      1316,      2261,      2242,      2226,      2245
      1317,      2227,      2243,      2262,      2246
      1318,      2263,      2245,      2229,      2247
      1319,      2264,      2244,      2230,      2249
      1320,      2268,      1750,      1749,      2250
      1321,      2228,      2246,      2266,      2248
      1322,      2231,      2248,      2265,      2247
      1323,      2267,      2249,      2233,      2251
      1324,      2269,      2250,      2232,      2252
      1325,      2271,      2252,      2234,      2253
      1326,      2270,      2251,      2235,      2254
      1327,      2236,      2255,      2272,      2253
      1328,      2273,      2254,      2239,      2257
      1329,      2237,      2259,      2275,      2255
      1330,      2238,      1790,      1789,      2256
      1331,      2240,      2256,      2274,      2258
      1332,      2241,      2258,      2277,      2260
      1333,      2276,      2257,      2242,      2261
      1334,      2243,      2260,      2280,      2262
      1335,      2278,      2259,      2244,      2264
      1336,      2279,      2261,      2245,      2263
      1337,      2247,      2265,      2281,      2263
      1338,      2246,      2262,      2283,      2266
      1339,      2285,      1751,      1750,      2268
      1340,      2248,      2266,      2282,      2265
      1341,      2284,      2264,      2249,      2267
      1342,      2287,      2268,      2250,      2269
      1343,      2286,      2267,      2251,      2270
      1344,      2288,      2269,      2252,      2271
      1345,      2289,      2270,      2254,      2273
      1346,      2290,      2271,      2253,      2272
      1347,      2255,      2275,      2292,      2272
      1348,      2291,      2273,      2257,      2276
      1349,      2256,      1789,      1788,      2274
      1350,      2258,      2274,      2293,      2277
      1351,      2259,      2278,      2296,      2275
      1352,      2294,      2276,      2261,      2279
      1353,      2260,      2277,      2295,      2280
      1354,      2297,      2279,      2263,      2281
      1355,      2262,      2280,      2300,      2283
      1356,      2265,      2282,      2298,      2281
      1357,      1751,      2285,      2303,      1752
      1358,      2299,      2278,      2264,      2284
      1359,      2266,      2283,      2301,      2282
      1360,      2302,      2284,      2267,      2286
      1361,      2304,      2285,      2268,      2287
      1362,      2305,      2286,      2270,      2289
      1363,      2306,      2287,      2269,      2288
      1364,      2271,      2290,      2308,      2288
      1365,      2307,      2289,      2273,      2291
      1366,      2310,      2290,      2272,      2292
      1367,      2309,      2291,      2276,      2294
      1368,      2274,      1788,      1787,      2293
      1369,      2275,      2296,      2313,      2292
      1370,      2277,      2293,      2312,      2295
      1371,      2279,      2297,      2311,      2294
      1372,      2278,      2299,      2318,      2296
      1373,      2280,      2295,      2315,      2300
      1374,      2314,      2297,      2281,      2298
      1375,      1752,      2303,      2320,      1753
      1376,      2282,      2301,      2316,      2298
      1377,      2317,      2301,      2283,      2300
      1378,      2319,      2299,      2284,      2302
      1379,      2285,      2304,      2322,      2303
      1380,      2321,      2302,      2286,      2305
      1381,      2323,      2304,      2287,      2306
      1382,      2324,      2305,      2289,      2307
      1383,      2288,      2308,      2325,      2306
      1384,      2326,      2307,      2291,      2309
      1385,      2290,      2310,      2327,      2308
      1386,      2294,      2311,      2328,      2309
      1387,      2329,      2310,      2292,      2313
      1388,      2293,      1787,      1786,      2312
      1389,      2297,      2314,      2330,      2311
      1390,      2295,      2312,      2331,      2315
      1391,      2296,      2318,      2335,      2313
      1392,      2332,      2314,      2298,      2316
      1393,      1753,      2320,      2338,      1754
      1394,      2333,      2317,      2300,      2315
      1395,      2334,      2316,      2301,      2317
      1396,      2299,      2319,      2336,      2318
      1397,      2337,      2319,      2302,      2321
      1398,      2303,      2322,      2339,      2320
      1399,      2340,      2321,      2305,      2324
      1400,      2304,      2323,      2341,      2322
      1401,      2343,      2323,      2306,      2325
      1402,      2342,      2324,      2307,      2326
      1403,      2308,      2327,      2345,      2325
      1404,      2344,      2326,      2309,      2328
      1405,      2310,      2329,      2347,      2327
      1406,      2311,      2330,      2346,      2328
      1407,      2312,      1786,      1785,      2331
      1408,      2314,      2332,      2348,      2330
      1409,      2352,      2329,      2313,      2335
      1410,      2349,      2333,      2315,      2331
      1411,      2350,      2332,      2316,      2334
      1412,      2351,      2334,      2317,      2333
      1413,      1754,      2338,      2355,      1755
      1414,      2318,      2336,      2353,      2335
      1415,      2319,      2337,      2354,      2336
      1416,      2320,      2339,      2357,      2338
      1417,      2356,      2337,      2321,      2340
      1418,      2322,      2341,      2358,      2339
      1419,      2359,      2340,      2324,      2342
      1420,      2323,      2343,      2360,      2341
      1421,      2326,      2344,      2361,      2342
      1422,      2362,      2343,      2325,      2345
      1423,      2363,      2344,      2328,      2346
      1424,      2327,      2347,      2365,      2345
      1425,      2330,      2348,      2364,      2346
      1426,      1784,      2349,      2331,      1785
      1427,      2329,      2352,      2369,      2347
      1428,      2366,      2348,      2332,      2350
      1429,      2367,      2351,      2333,      2349
      1430,      2368,      2350,      2334,      2351
      1431,      1755,      2355,      2372,      1756
      1432,      2370,      2352,      2335,      2353
      1433,      2336,      2354,      2371,      2353
      1434,      2337,      2356,      2373,      2354
      1435,      2338,      2357,      2374,      2355
      1436,      2375,      2356,      2340,      2359
      1437,      2339,      2358,      2376,      2357
      1438,      2341,      2360,      2378,      2358
      1439,      2342,      2361,      2377,      2359
      1440,      2343,      2362,      2380,      2360
      1441,      2344,      2363,      2379,      2361
      1442,      2382,      2362,      2345,      2365
      1443,      2381,      2363,      2346,      2364
      1444,      2383,      2364,      2348,      2366
      1445,      2347,      2369,      2386,      2365
      1446,      1783,      2367,      2349,      1784
      1447,      2384,      2366,      2350,      2368
      1448,      2385,      2368,      2351,      2367
      1449,      1756,      2372,      2389,      1757
      1450,      2352,      2370,      2387,      2369
      1451,      2388,      2370,      2353,      2371
      1452,      2354,      2373,      2390,      2371
      1453,      2355,      2374,      2391,      2372
      1454,      2356,      2375,      2392,      2373
      1455,      2357,      2376,      2393,      2374
      1456,      2394,      2375,      2359,      2377
      1457,      2358,      2378,      2395,      2376
      1458,      2361,      2379,      2396,      2377
      1459,      2360,      2380,      2397,      2378
      1460,      2363,      2381,      2398,      2379
      1461,      2362,      2382,      2399,      2380
      1462,      2400,      2381,      2364,      2383
      1463,      2403,      2382,      2365,      2386
      1464,      2401,      2383,      2366,      2384
      1465,      1782,      2385,      2367,      1783
      1466,      2402,      2384,      2368,      2385
      1467,      2405,      1758,      1757,      2389
      1468,      2369,      2387,      2404,      2386
      1469,      2370,      2388,      2406,      2387
      1470,      2407,      2388,      2371,      2390
      1471,      2372,      2391,      2408,      2389
      1472,      2373,      2392,      2409,      2390
      1473,      2410,      2391,      2374,      2393
      1474,      2411,      2392,      2375,      2394
      1475,      2376,      2395,      2412,      2393
      1476,      2413,      2394,      2377,      2396
      1477,      2378,      2397,      2414,      2395
      1478,      2379,      2398,      2415,      2396
      1479,      2380,      2399,      2417,      2397
      1480,      2416,      2398,      2381,      2400
      1481,      2418,      2400,      2383,      2401
      1482,      2382,      2403,      2420,      2399
      1483,      2419,      2401,      2384,      2402
      1484,      1781,      2402,      2385,      1782
      1485,      1758,      2405,      2422,      1759
      1486,      2421,      2403,      2386,      2404
      1487,      2387,      2406,      2423,      2404
      1488,      2388,      2407,      2424,      2406
      1489,      2425,      2405,      2389,      2408
      1490,      2426,      2407,      2390,      2409
      1491,      2427,      2408,      2391,      2410
      1492,      2428,      2409,      2392,      2411
      1493,      2393,      2412,      2429,      2410
      1494,      2394,      2413,      2430,      2411
      1495,      2395,      2414,      2432,      2412
      1496,      2431,      2413,      2396,      2415
      1497,      2397,      2417,      2434,      2414
      1498,      2433,      2415,      2398,      2416
      1499,      2435,      2416,      2400,      2418
      1500,      2399,      2420,      2436,      2417
      1501,      2437,      2418,      2401,      2419
      1502,      1780,      2419,      2402,      1781
      1503,      1759,      2422,      2439,      1760
      1504,      2403,      2421,      2438,      2420
      1505,      2440,      2421,      2404,      2423
      1506,      2405,      2425,      2441,      2422
      1507,      2406,      2424,      2442,      2423
      1508,      2407,      2426,      2443,      2424
      1509,      2444,      2425,      2408,      2427
      1510,      2445,      2426,      2409,      2428
      1511,      2410,      2429,      2446,      2427
      1512,      2411,      2430,      2447,      2428
      1513,      2412,      2432,      2448,      2429
      1514,      2413,      2431,      2449,      2430
      1515,      2450,      2431,      2415,      2433
      1516,      2414,      2434,      2451,      2432
      1517,      2452,      2433,      2416,      2435
      1518,      2417,      2436,      2453,      2434
      1519,      2454,      2435,      2418,      2437
      1520,      1779,      2437,      2419,      1780
      1521,      2420,      2438,      2455,      2436
      1522,      3458,      3459,      1760,      2439
      1523,      2421,      2440,      2456,      2438
      1524,      2422,      2441,      2457,      2439
      1525,      2458,      2440,      2423,      2442
      1526,      2424,      2443,      2459,      2442
      1527,      2460,      2441,      2425,      2444
      1528,      2461,      2443,      2426,      2445
      1529,      2462,      2444,      2427,      2446
      1530,      2463,      2445,      2428,      2447
      1531,      2429,      2448,      2464,      2446
      1532,      2430,      2449,      2465,      2447
      1533,      2431,      2450,      2466,      2449
      1534,      2432,      2451,      2467,      2448
      1535,      2468,      2450,      2433,      2452
      1536,      2434,      2453,      2469,      2451
      1537,      2470,      2452,      2435,      2454
      1538,      1778,      2454,      2437,      1779
      1539,      2436,      2455,      2471,      2453
      1540,      2438,      2456,      2472,      2455
      1541,      3457,      3458,      2439,      2457
      1542,      2440,      2458,      2473,      2456
      1543,      2474,      2457,      2441,      2460
      1544,      2475,      2458,      2442,      2459
      1545,      2476,      2459,      2443,      2461
      1546,      2444,      2462,      2477,      2460
      1547,      2445,      2463,      2478,      2461
      1548,      2479,      2462,      2446,      2464
      1549,      2480,      2463,      2447,      2465
      1550,      2449,      2466,      2481,      2465
      1551,      2448,      2467,      2482,      2464
      1552,      2450,      2468,      2483,      2466
      1553,      2451,      2469,      2484,      2467
      1554,      2485,      2468,      2452,      2470
      1555,      1777,      2470,      2454,      1778
      1556,      2453,      2471,      2486,      2469
      1557,      2455,      2472,      2487,      2471
      1558,      2456,      2473,      2488,      2472
      1559,      3456,      3457,      2457,      2474
      1560,      2458,      2475,      2489,      2473
      1561,      2490,      2475,      2459,      2476
      1562,      2460,      2477,      2491,      2474
      1563,      2461,      2478,      2492,      2476
      1564,      2462,      2479,      2493,      2477
      1565,      2463,      2480,      2494,      2478
      1566,      2495,      2479,      2464,      2482
      1567,      2496,      2480,      2465,      2481
      1568,      2466,      2483,      2497,      2481
      1569,      2467,      2484,      2498,      2482
      1570,      2468,      2485,      2499,      2483
      1571,      2469,      2486,      2500,      2484
      1572,      1776,      2485,      2470,      1777
      1573,      2471,      2487,      2501,      2486
      1574,      2472,      2488,      2502,      2487
      1575,      2473,      2489,      2503,      2488
      1576,      3455,      3456,      2474,      2491
      1577,      2475,      2490,      2504,      2489
      1578,      2505,      2490,      2476,      2492
      1579,      2477,      2493,      2506,      2491
      1580,      2478,      2494,      2507,      2492
      1581,      2479,      2495,      2508,      2493
      1582,      2480,      2496,      2509,      2494
      1583,      2510,      2496,      2481,      2497
      1584,      2511,      2495,      2482,      2498
      1585,      2483,      2499,      2512,      2497
      1586,      2484,      2500,      2513,      2498
      1587,      2485,      1776,      1775,      2499
      1588,      2486,      2501,      2514,      2500
      1589,      2487,      2502,      2515,      2501
      1590,      2488,      2503,      2516,      2502
      1591,      2489,      2504,      2517,      2503
      1592,      2490,      2505,      2518,      2504
      1593,      3454,      3455,      2491,      2506
      1594,      2519,      2505,      2492,      2507
      1595,      2493,      2508,      2520,      2506
      1596,      2494,      2509,      2521,      2507
      1597,      2495,      2511,      2522,      2508
      1598,      2496,      2510,      2523,      2509
      1599,      2524,      2510,      2497,      2512
      1600,      2525,      2511,      2498,      2513
      1601,      2499,      1775,      1774,      2512
      1602,      2500,      2514,      2526,      2513
      1603,      2501,      2515,      2527,      2514
      1604,      2502,      2516,      2528,      2515
      1605,      2503,      2517,      2529,      2516
      1606,      2504,      2518,      2530,      2517
      1607,      2505,      2519,      2531,      2518
      1608,      3453,      3454,      2506,      2520
      1609,      2532,      2519,      2507,      2521
      1610,      2508,      2522,      2533,      2520
      1611,      2509,      2523,      2534,      2521
      1612,      2510,      2524,      2535,      2523
      1613,      2511,      2525,      2536,      2522
      1614,      1773,      2524,      2512,      1774
      1615,      2537,      2525,      2513,      2526
      1616,      2514,      2527,      2538,      2526
      1617,      2515,      2528,      2539,      2527
      1618,      2516,      2529,      2540,      2528
      1619,      2517,      2530,      2541,      2529
      1620,      2518,      2531,      2542,      2530
      1621,      2519,      2532,      2543,      2531
      1622,      3452,      3453,      2520,      2533
      1623,      2544,      2532,      2521,      2534
      1624,      2522,      2536,      2545,      2533
      1625,      2523,      2535,      2546,      2534
      1626,      2524,      1773,      1772,      2535
      1627,      2525,      2537,      2547,      2536
      1628,      2548,      2537,      2526,      2538
      1629,      2527,      2539,      2549,      2538
      1630,      2550,      2539,      2528,      2540
      1631,      2529,      2541,      2551,      2540
      1632,      2530,      2542,      2552,      2541
      1633,      2531,      2543,      2553,      2542
      1634,      2532,      2544,      2554,      2543
      1635,      3451,      3452,      2533,      2545
      1636,      2555,      2544,      2534,      2546
      1637,      2535,      1772,      1771,      2546
      1638,      2536,      2547,      2556,      2545
      1639,      2537,      2548,      2557,      2547
      1640,      2558,      2548,      2538,      2549
      1641,      2559,      2549,      2539,      2550
      1642,      2540,      2551,      2560,      2550
      1643,      2541,      2552,      2561,      2551
      1644,      2542,      2553,      2562,      2552
      1645,      2543,      2554,      2563,      2553
      1646,      2544,      2555,      2564,      2554
      1647,      3450,      3451,      2545,      2556
      1648,      1770,      2555,      2546,      1771
      1649,      2547,      2557,      2565,      2556
      1650,      2548,      2558,      2566,      2557
      1651,      2567,      2558,      2549,      2559
      1652,      2550,      2560,      2568,      2559
      1653,      2551,      2561,      2569,      2560
      1654,      2552,      2562,      2570,      2561
      1655,      2553,      2563,      2571,      2562
      1656,      2554,      2564,      2572,      2563
      1657,      2555,      1770,      1769,      2564
      1658,      3449,      3450,      2556,      2565
      1659,      2557,      2566,      2573,      2565
      1660,      2574,      2566,      2558,      2567
      1661,      2575,      2567,      2559,      2568
      1662,      2560,      2569,      2576,      2568
      1663,      2561,      2570,      2577,      2569
      1664,      2562,      2571,      2578,      2570
      1665,      2563,      2572,      2579,      2571
      1666,      2564,      1769,      1768,      2572
      1667,      3448,      3449,      2565,      2573
      1668,      2580,      2573,      2566,      2574
      1669,      2567,      2575,      2581,      2574
      1670,      2582,      2575,      2568,      2576
      1671,      2569,      2577,      2583,      2576
      1672,      2570,      2578,      2584,      2577
      1673,      2571,      2579,      2585,      2578
      1674,      2572,      1768,      1767,      2579
      1675,      3447,      3448,      2573,      2580
      1676,      2574,      2581,      2586,      2580
      1677,      2575,      2582,      2587,      2581
      1678,      2588,      2582,      2576,      2583
      1679,      2577,      2584,      2589,      2583
      1680,      2578,      2585,      2590,      2584
      1681,      2579,      1767,      1766,      2585
      1682,      3446,      3447,      2580,      2586
      1683,      2581,      2587,      2591,      2586
      1684,      2582,      2588,      2592,      2587
      1685,      2593,      2588,      2583,      2589
      1686,      2584,      2590,      2594,      2589
      1687,      2585,      1766,      1765,      2590
      1688,      3445,      3446,      2586,      2591
      1689,      2587,      2592,      2595,      2591
      1690,      2588,      2593,      2596,      2592
      1691,      2597,      2593,      2589,      2594
      1692,      2590,      1765,      1764,      2594
      1693,      3444,      3445,      2591,      2595
      1694,      2592,      2596,      2598,      2595
      1695,      2593,      2597,      2599,      2596
      1696,      1763,      2597,      2594,      1764
      1697,      3443,      3444,      2595,      2598
      1698,      2596,      2599,      2600,      2598
      1699,      2597,      1763,      1762,      2599
      1700,      3442,      3443,      2598,      2600
      1701,      2599,      1762,      1761,      2600
      1702,      3441,      3442,      2600,      1761
      1703,        55,         8,         7,        54
      1704,        54,         7,         6,        56
      1705,        57,         9,         8,        55
      1706,        56,         6,         5,        58
      1707,        59,        10,         9,        57
      1708,        58,         5,         4,        60
      1709,        61,        11,        10,        59
      1710,        60,         4,         3,        66
      1711,        61,        62,        12,        11
      1712,        63,        55,        54,        64
      1713,        65,        57,        55,        63
      1714,        62,        68,        13,        12
      1715,        64,        54,        56,        67
      1716,        69,        59,        57,        65
      1717,        66,         3,         2,        72
      1718,        67,        56,        58,        71
      1719,        70,        61,        59,        69
      1720,        68,        73,        14,        13
      1721,        71,        58,        60,        74
      1722,        70,        75,        62,        61
      1723,        74,        60,        66,        82
      1724,        73,        84,        15,        14
      1725,        72,         2,         1,        87
      1726,        77,        65,        63,        76
      1727,        76,        63,        64,        79
      1728,        75,        80,        68,        62
      1729,        78,        69,        65,        77
      1730,        79,        64,        67,        83
      1731,        81,        70,        69,        78
      1732,        83,        67,        71,        85
      1733,        80,        86,        73,        68
      1734,        82,        66,        72,        89
      1735,        81,        88,        75,        70
      1736,        84,        94,        16,        15
      1737,        85,        71,        74,        93
      1738,        88,        96,        80,        75
      1739,        90,        77,        76,        92
      1740,        86,        98,        84,        73
      1741,        87,         1,      3513,      3392
      1742,        91,        78,        77,        90
      1743,        92,        76,        79,        97
      1744,        95,        81,        78,        91
      1745,        93,        74,        82,       100
      1746,        94,       103,        17,        16
      1747,        89,        72,        87,       107
      1748,        97,        79,        83,        99
      1749,        95,       101,        88,        81
      1750,        96,       102,        86,        80
      1751,        99,        83,        85,       104
      1752,        98,       109,        94,        84
      1753,       100,        82,        89,       113
      1754,       103,       116,        18,        17
      1755,       101,       111,        96,        88
      1756,       104,        85,        93,       114
      1757,       102,       112,        98,        86
      1758,       106,        91,        90,       108
      1759,       105,        95,        91,       106
      1760,       108,        90,        92,       110
      1761,       110,        92,        97,       115
      1762,       105,       117,       101,        95
      1763,       107,        87,      3392,      3393
      1764,       109,       120,       103,        94
      1765,       111,       119,       102,        96
      1766,       114,        93,       100,       123
      1767,       115,        97,        99,       118
      1768,       116,       128,        19,        18
      1769,       113,        89,       107,       130
      1770,       112,       125,       109,        98
      1771,       118,        99,       104,       126
      1772,       117,       127,       111,       101
      1773,       121,       105,       106,       122
      1774,       122,       106,       108,       124
      1775,       119,       131,       112,       102
      1776,       124,       108,       110,       129
      1777,       123,       100,       113,       135
      1778,       120,       133,       116,       103
      1779,       121,       132,       117,       105
      1780,       126,       104,       114,       136
      1781,       128,       141,        20,        19
      1782,       129,       110,       115,       134
      1783,       125,       140,       120,       109
      1784,       127,       139,       119,       111
      1785,       130,       107,      3393,      3394
      1786,       134,       115,       118,       142
      1787,       131,       144,       125,       112
      1788,       136,       114,       123,       146
      1789,       137,       121,       122,       138
      1790,       132,       145,       127,       117
      1791,       133,       147,       128,       116
      1792,       138,       122,       124,       143
      1793,       135,       113,       130,       152
      1794,       141,       155,        21,        20
      1795,       142,       118,       126,       148
      1796,       137,       150,       132,       121
      1797,       139,       151,       131,       119
      1798,       143,       124,       129,       149
      1799,       140,       154,       133,       120
      1800,       146,       123,       135,       161
      1801,       144,       158,       140,       125
      1802,       149,       129,       134,       156
      1803,       148,       126,       136,       160
      1804,       145,       159,       139,       127
      1805,       137,       138,       153,       150
      1806,       147,       162,       141,       128
      1807,       155,       167,        22,        21
      1808,       151,       165,       144,       131
      1809,       150,       163,       145,       132
      1810,       138,       143,       157,       153
      1811,       156,       134,       142,       164
      1812,       152,       130,      3394,      3395
      1813,       154,       169,       147,       133
      1814,       160,       136,       146,       170
      1815,       143,       149,       166,       157
      1816,       159,       171,       151,       139
      1817,       164,       142,       148,       172
      1818,       158,       174,       154,       140
      1819,       161,       135,       152,       179
      1820,       162,       176,       155,       141
      1821,       150,       153,       168,       163
      1822,       165,       178,       158,       144
      1823,       149,       156,       173,       166
      1824,       167,       182,        23,        22
      1825,       163,       177,       159,       145
      1826,       153,       157,       175,       168
      1827,       170,       146,       161,       186
      1828,       172,       148,       160,       183
      1829,       169,       184,       162,       147
      1830,       171,       187,       165,       151
      1831,       156,       164,       181,       173
      1832,       157,       166,       180,       175
      1833,       174,       188,       169,       154
      1834,       176,       193,       167,       155
      1835,       163,       168,       185,       177
      1836,       179,       152,      3395,      3396
      1837,       177,       192,       171,       159
      1838,       182,       196,        24,        23
      1839,       178,       194,       174,       158
      1840,       164,       172,       191,       181
      1841,       166,       173,       189,       180
      1842,       183,       160,       170,       195
      1843,       168,       175,       190,       185
      1844,       184,       199,       176,       162
      1845,       187,       198,       178,       165
      1846,       186,       161,       179,       202
      1847,       175,       180,       197,       190
      1848,       173,       181,       201,       189
      1849,       188,       204,       184,       169
      1850,       193,       206,       182,       167
      1851,       172,       183,       203,       191
      1852,       177,       185,       200,       192
      1853,       192,       205,       187,       171
      1854,       195,       170,       186,       210
      1855,       196,       212,        25,        24
      1856,       194,       209,       188,       174
      1857,       180,       189,       208,       197
      1858,       198,       213,       194,       178
      1859,       185,       190,       207,       200
      1860,       199,       214,       193,       176
      1861,       181,       191,       211,       201
      1862,       202,       179,      3396,      3397
      1863,       183,       195,       217,       203
      1864,       206,       221,       196,       182
      1865,       204,       220,       199,       184
      1866,       205,       219,       198,       187
      1867,       192,       200,       215,       205
      1868,       190,       197,       216,       207
      1869,       189,       201,       218,       208
      1870,       210,       186,       202,       226
      1871,       191,       203,       222,       211
      1872,       209,       224,       204,       188
      1873,       212,       229,        26,        25
      1874,       214,       228,       206,       193
      1875,       213,       227,       209,       194
      1876,       200,       207,       223,       215
      1877,       197,       208,       225,       216
      1878,       195,       210,       231,       217
      1879,       201,       211,       230,       218
      1880,       221,       236,       212,       196
      1881,       219,       234,       213,       198
      1882,       220,       235,       214,       199
      1883,       205,       215,       232,       219
      1884,       203,       217,       237,       222
      1885,       207,       216,       233,       223
      1886,       226,       202,      3397,      3398
      1887,       208,       218,       238,       225
      1888,       224,       239,       220,       204
      1889,       229,       246,        27,        26
      1890,       228,       243,       221,       206
      1891,       211,       222,       241,       230
      1892,       227,       244,       224,       209
      1893,       215,       223,       240,       232
      1894,       210,       226,       247,       231
      1895,       216,       225,       242,       233
      1896,       234,       248,       227,       213
      1897,       236,       253,       229,       212
      1898,       235,       251,       228,       214
      1899,       219,       232,       245,       234
      1900,       217,       231,       252,       237
      1901,       218,       230,       249,       238
      1902,       223,       233,       250,       240
      1903,       239,       255,       235,       220
      1904,       222,       237,       256,       241
      1905,       225,       238,       254,       242
      1906,       243,       258,       236,       221
      1907,       246,       264,        28,        27
      1908,       244,       259,       239,       224
      1909,       232,       240,       257,       245
      1910,       226,      3398,      3399,       247
      1911,       230,       241,       261,       249
      1912,       248,       263,       244,       227
      1913,       233,       242,       260,       250
      1914,       234,       245,       262,       248
      1915,       251,       265,       243,       228
      1916,       253,       267,       246,       229
      1917,       231,       247,       269,       252
      1918,       238,       249,       266,       254
      1919,       255,       271,       251,       235
      1920,       237,       252,       270,       256
      1921,       240,       250,       268,       257
      1922,       258,       274,       253,       236
      1923,       264,       282,        29,        28
      1924,       259,       275,       255,       239
      1925,       242,       254,       272,       260
      1926,       241,       256,       276,       261
      1927,       245,       257,       273,       262
      1928,       263,       278,       259,       244
      1929,       248,       262,       277,       263
      1930,       265,       281,       258,       243
      1931,       249,       261,       280,       266
      1932,       250,       260,       279,       268
      1933,       267,       283,       264,       246
      1934,       247,      3399,      3400,       269
      1935,       271,       285,       265,       251
      1936,       252,       269,       287,       270
      1937,       254,       266,       286,       272
      1938,       274,       289,       267,       253
      1939,       257,       268,       284,       273
      1940,       275,       290,       271,       255
      1941,       256,       270,       291,       276
      1942,       298,        30,        29,       282
      1943,       262,       273,       288,       277
      1944,       260,       272,       292,       279
      1945,       278,       294,       275,       259
      1946,       263,       277,       293,       278
      1947,       281,       296,       274,       258
      1948,       261,       276,       295,       280
      1949,       268,       279,       297,       284
      1950,       283,       301,       282,       264
      1951,       266,       280,       299,       286
      1952,       285,       300,       281,       265
      1953,       289,       305,       283,       267
      1954,       273,       284,       302,       288
      1955,       269,      3400,      3401,       287
      1956,       290,       306,       285,       271
      1957,       272,       286,       303,       292
      1958,       270,       287,       309,       291
      1959,       277,       288,       304,       293
      1960,       313,        31,        30,       298
      1961,       294,       310,       290,       275
      1962,       296,       312,       289,       274
      1963,       278,       293,       307,       294
      1964,       276,       291,       311,       295
      1965,       279,       292,       308,       297
      1966,       280,       295,       315,       299
      1967,       300,       316,       296,       281
      1968,       284,       297,       314,       302
      1969,       317,       298,       282,       301
      1970,       286,       299,       318,       303
      1971,       306,       320,       300,       285
      1972,       305,       322,       301,       283
      1973,       288,       302,       319,       304
      1974,       293,       304,       321,       307
      1975,       328,        32,        31,       313
      1976,       292,       303,       324,       308
      1977,       310,       325,       306,       290
      1978,       312,       326,       305,       289
      1979,       287,      3401,      3402,       309
      1980,       294,       307,       323,       310
      1981,       291,       309,       329,       311
      1982,       297,       308,       327,       314
      1983,       295,       311,       330,       315
      1984,       316,       331,       312,       296
      1985,       334,       313,       298,       317
      1986,       299,       315,       333,       318
      1987,       302,       314,       332,       319
      1988,       320,       336,       316,       300
      1989,       301,       322,       339,       317
      1990,       304,       319,       335,       321
      1991,       303,       318,       337,       324
      1992,       307,       321,       338,       323
      1993,       325,       341,       320,       306
      1994,       344,        33,        32,       328
      1995,       310,       323,       340,       325
      1996,       326,       343,       322,       305
      1997,       308,       324,       342,       327
      1998,       309,      3402,      3403,       329
      1999,       331,       346,       326,       312
      2000,       314,       327,       345,       332
      2001,       311,       329,       347,       330
      2002,       349,       328,       313,       334
      2003,       315,       330,       350,       333
      2004,       336,       351,       331,       316
      2005,       319,       332,       348,       335
      2006,       318,       333,       353,       337
      2007,       317,       339,       355,       334
      2008,       321,       335,       352,       338
      2009,       341,       357,       336,       320
      2010,       323,       338,       354,       340
      2011,       361,        34,        33,       344
      2012,       325,       340,       356,       341
      2013,       324,       337,       358,       342
      2014,       322,       343,       359,       339
      2015,       327,       342,       360,       345
      2016,       346,       362,       343,       326
      2017,       364,       344,       328,       349
      2018,       332,       345,       363,       348
      2019,       329,      3403,      3404,       347
      2020,       351,       365,       346,       331
      2021,       330,       347,       367,       350
      2022,       335,       348,       366,       352
      2023,       333,       350,       369,       353
      2024,       372,       349,       334,       355
      2025,       357,       370,       351,       336
      2026,       338,       352,       368,       354
      2027,       340,       354,       371,       356
      2028,       337,       353,       374,       358
      2029,       341,       356,       373,       357
      2030,       377,        35,        34,       361
      2031,       339,       359,       375,       355
      2032,       342,       358,       376,       360
      2033,       343,       362,       378,       359
      2034,       345,       360,       379,       363
      2035,       381,       361,       344,       364
      2036,       365,       380,       362,       346
      2037,       348,       363,       382,       366
      2038,       349,       372,       385,       364
      2039,       370,       384,       365,       351
      2040,       347,      3404,      3405,       367
      2041,       352,       366,       383,       368
      2042,       350,       367,       389,       369
      2043,       354,       368,       386,       371
      2044,       356,       371,       387,       373
      2045,       357,       373,       388,       370
      2046,       353,       369,       390,       374
      2047,       393,        36,        35,       377
      2048,       391,       372,       355,       375
      2049,       358,       374,       392,       376
      2050,       359,       378,       395,       375
      2051,       360,       376,       394,       379
      2052,       397,       377,       361,       381
      2053,       398,       378,       362,       380
      2054,       363,       379,       396,       382
      2055,       384,       400,       380,       365
      2056,       366,       382,       399,       383
      2057,       364,       385,       401,       381
      2058,       368,       383,       402,       386
      2059,       370,       388,       403,       384
      2060,       371,       386,       404,       387
      2061,       373,       387,       405,       388
      2062,       407,        37,        36,       393
      2063,       367,      3405,      3406,       389
      2064,       372,       391,       406,       385
      2065,       369,       389,       408,       390
      2066,       374,       390,       409,       392
      2067,       411,       391,       375,       395
      2068,       376,       392,       410,       394
      2069,       412,       393,       377,       397
      2070,       379,       394,       413,       396
      2071,       414,       395,       378,       398
      2072,       382,       396,       415,       399
      2073,       416,       398,       380,       400
      2074,       417,       397,       381,       401
      2075,       383,       399,       418,       402
      2076,       384,       403,       419,       400
      2077,       386,       402,       420,       404
      2078,       423,        38,        37,       407
      2079,       388,       405,       421,       403
      2080,       387,       404,       422,       405
      2081,       385,       406,       424,       401
      2082,       389,      3406,      3407,       408
      2083,       390,       408,       426,       409
      2084,       391,       411,       425,       406
      2085,       392,       409,       428,       410
      2086,       427,       407,       393,       412
      2087,       394,       410,       429,       413
      2088,       430,       411,       395,       414
      2089,       396,       413,       431,       415
      2090,       397,       417,       432,       412
      2091,       433,       414,       398,       416
      2092,       399,       415,       434,       418
      2093,       435,       416,       400,       419
      2094,       402,       418,       436,       420
      2095,       437,       417,       401,       424
      2096,       403,       421,       438,       419
      2097,       441,        39,        38,       423
      2098,       404,       420,       439,       422
      2099,       405,       422,       440,       421
      2100,       406,       425,       442,       424
      2101,       443,       423,       407,       427
      2102,       408,      3407,      3408,       426
      2103,       409,       426,       445,       428
      2104,       444,       425,       411,       430
      2105,       410,       428,       446,       429
      2106,       412,       432,       447,       427
      2107,       413,       429,       448,       431
      2108,       449,       430,       414,       433
      2109,       415,       431,       450,       434
      2110,       451,       433,       416,       435
      2111,       417,       437,       453,       432
      2112,       418,       434,       452,       436
      2113,       454,       435,       419,       438
      2114,       420,       436,       455,       439
      2115,       459,        40,        39,       441
      2116,       422,       439,       456,       440
      2117,       421,       440,       457,       438
      2118,       458,       437,       424,       442
      2119,       460,       441,       423,       443
      2120,       461,       442,       425,       444
      2121,       462,       443,       427,       447
      2122,       426,      3408,      3409,       445
      2123,       428,       445,       463,       446
      2124,       429,       446,       465,       448
      2125,       464,       444,       430,       449
      2126,       431,       448,       466,       450
      2127,       432,       453,       468,       447
      2128,       467,       449,       433,       451
      2129,       434,       450,       469,       452
      2130,       470,       451,       435,       454
      2131,       436,       452,       471,       455
      2132,       439,       455,       472,       456
      2133,       473,       454,       438,       457
      2134,       437,       458,       474,       453
      2135,       476,        41,        40,       459
      2136,       440,       456,       475,       457
      2137,       477,       458,       442,       461
      2138,       478,       459,       441,       460
      2139,       443,       462,       480,       460
      2140,       479,       461,       444,       464
      2141,       445,      3409,      3410,       463
      2142,       446,       463,       482,       465
      2143,       481,       462,       447,       468
      2144,       448,       465,       484,       466
      2145,       483,       464,       449,       467
      2146,       450,       466,       485,       469
      2147,       486,       467,       451,       470
      2148,       452,       469,       487,       471
      2149,       453,       474,       488,       468
      2150,       489,       470,       454,       473
      2151,       455,       471,       490,       472
      2152,       494,        42,        41,       476
      2153,       491,       473,       457,       475
      2154,       456,       472,       492,       475
      2155,       493,       474,       458,       477
      2156,       496,       476,       459,       478
      2157,       495,       477,       461,       479
      2158,       460,       480,       497,       478
      2159,       462,       481,       499,       480
      2160,       498,       479,       464,       483
      2161,       463,      3410,      3411,       482
      2162,       465,       482,       500,       484
      2163,       466,       484,       502,       485
      2164,       501,       483,       467,       486
      2165,       503,       481,       468,       488
      2166,       469,       485,       504,       487
      2167,       505,       486,       470,       489
      2168,       471,       487,       506,       490
      2169,       507,       489,       473,       491
      2170,       508,       488,       474,       493
      2171,       512,        43,        42,       494
      2172,       472,       490,       510,       492
      2173,       475,       492,       509,       491
      2174,       511,       493,       477,       495
      2175,       513,       494,       476,       496
      2176,       515,       496,       478,       497
      2177,       514,       495,       479,       498
      2178,       480,       499,       516,       497
      2179,       517,       498,       483,       501
      2180,       481,       503,       519,       499
      2181,       482,      3411,      3412,       500
      2182,       484,       500,       518,       502
      2183,       485,       502,       521,       504
      2184,       520,       501,       486,       505
      2185,       487,       504,       524,       506
      2186,       522,       503,       488,       508
      2187,       523,       505,       489,       507
      2188,       491,       509,       525,       507
      2189,       490,       506,       527,       510
      2190,       529,        44,        43,       512
      2191,       492,       510,       526,       509
      2192,       528,       508,       493,       511
      2193,       531,       512,       494,       513
      2194,       530,       511,       495,       514
      2195,       532,       513,       496,       515
      2196,       533,       514,       498,       517
      2197,       534,       515,       497,       516
      2198,       499,       519,       536,       516
      2199,       535,       517,       501,       520
      2200,       500,      3412,      3413,       518
      2201,       502,       518,       537,       521
      2202,       503,       522,       540,       519
      2203,       538,       520,       505,       523
      2204,       504,       521,       539,       524
      2205,       541,       523,       507,       525
      2206,       506,       524,       544,       527
      2207,       509,       526,       542,       525
      2208,        44,       529,       547,        45
      2209,       543,       522,       508,       528
      2210,       510,       527,       545,       526
      2211,       546,       528,       511,       530
      2212,       548,       529,       512,       531
      2213,       549,       530,       514,       533
      2214,       550,       531,       513,       532
      2215,       515,       534,       552,       532
      2216,       551,       533,       517,       535
      2217,       554,       534,       516,       536
      2218,       553,       535,       520,       538
      2219,       518,      3413,      3414,       537
      2220,       519,       540,       557,       536
      2221,       521,       537,       556,       539
      2222,       523,       541,       555,       538
      2223,       522,       543,       562,       540
      2224,       524,       539,       559,       544
      2225,       558,       541,       525,       542
      2226,        45,       547,       564,        46
      2227,       526,       545,       560,       542
      2228,       561,       545,       527,       544
      2229,       563,       543,       528,       546
      2230,       529,       548,       566,       547
      2231,       565,       546,       530,       549
      2232,       567,       548,       531,       550
      2233,       568,       549,       533,       551
      2234,       532,       552,       569,       550
      2235,       570,       551,       535,       553
      2236,       534,       554,       571,       552
      2237,       538,       555,       572,       553
      2238,       573,       554,       536,       557
      2239,       537,      3414,      3415,       556
      2240,       541,       558,       574,       555
      2241,       539,       556,       575,       559
      2242,       540,       562,       579,       557
      2243,       576,       558,       542,       560
      2244,        46,       564,       582,        47
      2245,       577,       561,       544,       559
      2246,       578,       560,       545,       561
      2247,       543,       563,       580,       562
      2248,       581,       563,       546,       565
      2249,       547,       566,       583,       564
      2250,       584,       565,       549,       568
      2251,       548,       567,       585,       566
      2252,       587,       567,       550,       569
      2253,       586,       568,       551,       570
      2254,       552,       571,       589,       569
      2255,       588,       570,       553,       572
      2256,       554,       573,       591,       571
      2257,       555,       574,       590,       572
      2258,       556,      3415,      3416,       575
      2259,       558,       576,       592,       574
      2260,       596,       573,       557,       579
      2261,       593,       577,       559,       575
      2262,       594,       576,       560,       578
      2263,       595,       578,       561,       577
      2264,        47,       582,       599,        48
      2265,       562,       580,       597,       579
      2266,       563,       581,       598,       580
      2267,       564,       583,       601,       582
      2268,       600,       581,       565,       584
      2269,       566,       585,       602,       583
      2270,       603,       584,       568,       586
      2271,       567,       587,       604,       585
      2272,       570,       588,       605,       586
      2273,       606,       587,       569,       589
      2274,       607,       588,       572,       590
      2275,       571,       591,       609,       589
      2276,       574,       592,       608,       590
      2277,      3417,       593,       575,      3416
      2278,       573,       596,       613,       591
      2279,       610,       592,       576,       594
      2280,       611,       595,       577,       593
      2281,       612,       594,       578,       595
      2282,        48,       599,       616,        49
      2283,       614,       596,       579,       597
      2284,       580,       598,       615,       597
      2285,       581,       600,       617,       598
      2286,       582,       601,       618,       599
      2287,       619,       600,       584,       603
      2288,       583,       602,       620,       601
      2289,       585,       604,       622,       602
      2290,       586,       605,       621,       603
      2291,       587,       606,       624,       604
      2292,       588,       607,       623,       605
      2293,       626,       606,       589,       609
      2294,       625,       607,       590,       608
      2295,       627,       608,       592,       610
      2296,       591,       613,       630,       609
      2297,      3418,       611,       593,      3417
      2298,       628,       610,       594,       612
      2299,       629,       612,       595,       611
      2300,        49,       616,       633,        50
      2301,       596,       614,       631,       613
      2302,       632,       614,       597,       615
      2303,       598,       617,       634,       615
      2304,       599,       618,       635,       616
      2305,       600,       619,       636,       617
      2306,       601,       620,       637,       618
      2307,       638,       619,       603,       621
      2308,       602,       622,       639,       620
      2309,       605,       623,       640,       621
      2310,       604,       624,       641,       622
      2311,       607,       625,       642,       623
      2312,       606,       626,       643,       624
      2313,       644,       625,       608,       627
      2314,       647,       626,       609,       630
      2315,       645,       627,       610,       628
      2316,      3419,       629,       611,      3418
      2317,       646,       628,       612,       629
      2318,       649,        51,        50,       633
      2319,       613,       631,       648,       630
      2320,       614,       632,       650,       631
      2321,       651,       632,       615,       634
      2322,       616,       635,       652,       633
      2323,       617,       636,       653,       634
      2324,       654,       635,       618,       637
      2325,       655,       636,       619,       638
      2326,       620,       639,       656,       637
      2327,       657,       638,       621,       640
      2328,       622,       641,       658,       639
      2329,       623,       642,       659,       640
      2330,       624,       643,       661,       641
      2331,       660,       642,       625,       644
      2332,       662,       644,       627,       645
      2333,       626,       647,       664,       643
      2334,       663,       645,       628,       646
      2335,      3420,       646,       629,      3419
      2336,        51,       649,       666,        52
      2337,       665,       647,       630,       648
      2338,       631,       650,       667,       648
      2339,       632,       651,       668,       650
      2340,       669,       649,       633,       652
      2341,       670,       651,       634,       653
      2342,       671,       652,       635,       654
      2343,       672,       653,       636,       655
      2344,       637,       656,       673,       654
      2345,       638,       657,       674,       655
      2346,       639,       658,       676,       656
      2347,       675,       657,       640,       659
      2348,       641,       661,       678,       658
      2349,       677,       659,       642,       660
      2350,       679,       660,       644,       662
      2351,       643,       664,       680,       661
      2352,       681,       662,       645,       663
      2353,      3421,       663,       646,      3420
      2354,        52,       666,       683,        53
      2355,       647,       665,       682,       664
      2356,       684,       665,       648,       667
      2357,       649,       669,       685,       666
      2358,       650,       668,       686,       667
      2359,       651,       670,       687,       668
      2360,       688,       669,       652,       671
      2361,       689,       670,       653,       672
      2362,       654,       673,       690,       671
      2363,       655,       674,       691,       672
      2364,       656,       676,       692,       673
      2365,       657,       675,       693,       674
      2366,       694,       675,       659,       677
      2367,       658,       678,       695,       676
      2368,       696,       677,       660,       679
      2369,       661,       680,       697,       678
      2370,       698,       679,       662,       681
      2371,      3422,       681,       663,      3421
      2372,       664,       682,       699,       680
      2373,      1652,      1653,        53,       683
      2374,       665,       684,       700,       682
      2375,       666,       685,       701,       683
      2376,       702,       684,       667,       686
      2377,       668,       687,       703,       686
      2378,       704,       685,       669,       688
      2379,       705,       687,       670,       689
      2380,       706,       688,       671,       690
      2381,       707,       689,       672,       691
      2382,       673,       692,       708,       690
      2383,       674,       693,       709,       691
      2384,       675,       694,       710,       693
      2385,       676,       695,       711,       692
      2386,       712,       694,       677,       696
      2387,       678,       697,       713,       695
      2388,       714,       696,       679,       698
      2389,      3423,       698,       681,      3422
      2390,       680,       699,       715,       697
      2391,       682,       700,       716,       699
      2392,      1651,      1652,       683,       701
      2393,       684,       702,       717,       700
      2394,       718,       701,       685,       704
      2395,       719,       702,       686,       703
      2396,       720,       703,       687,       705
      2397,       688,       706,       721,       704
      2398,       689,       707,       722,       705
      2399,       723,       706,       690,       708
      2400,       724,       707,       691,       709
      2401,       693,       710,       725,       709
      2402,       692,       711,       726,       708
      2403,       694,       712,       727,       710
      2404,       695,       713,       728,       711
      2405,       729,       712,       696,       714
      2406,      3424,       714,       698,      3423
      2407,       697,       715,       730,       713
      2408,       699,       716,       731,       715
      2409,       700,       717,       732,       716
      2410,      1650,      1651,       701,       718
      2411,       702,       719,       733,       717
      2412,       734,       719,       703,       720
      2413,       704,       721,       735,       718
      2414,       705,       722,       736,       720
      2415,       706,       723,       737,       721
      2416,       707,       724,       738,       722
      2417,       739,       723,       708,       726
      2418,       740,       724,       709,       725
      2419,       710,       727,       741,       725
      2420,       711,       728,       742,       726
      2421,       712,       729,       743,       727
      2422,       713,       730,       744,       728
      2423,      3425,       729,       714,      3424
      2424,       715,       731,       745,       730
      2425,       716,       732,       746,       731
      2426,       717,       733,       747,       732
      2427,      1649,      1650,       718,       735
      2428,       719,       734,       748,       733
      2429,       749,       734,       720,       736
      2430,       721,       737,       750,       735
      2431,       722,       738,       751,       736
      2432,       723,       739,       752,       737
      2433,       724,       740,       753,       738
      2434,       754,       740,       725,       741
      2435,       755,       739,       726,       742
      2436,       727,       743,       756,       741
      2437,       728,       744,       757,       742
      2438,       729,      3425,      3426,       743
      2439,       730,       745,       758,       744
      2440,       731,       746,       759,       745
      2441,       732,       747,       760,       746
      2442,       733,       748,       761,       747
      2443,       734,       749,       762,       748
      2444,      1648,      1649,       735,       750
      2445,       763,       749,       736,       751
      2446,       737,       752,       764,       750
      2447,       738,       753,       765,       751
      2448,       739,       755,       766,       752
      2449,       740,       754,       767,       753
      2450,       768,       754,       741,       756
      2451,       769,       755,       742,       757
      2452,       743,      3426,      3427,       756
      2453,       744,       758,       770,       757
      2454,       745,       759,       771,       758
      2455,       746,       760,       772,       759
      2456,       747,       761,       773,       760
      2457,       748,       762,       774,       761
      2458,       749,       763,       775,       762
      2459,      1647,      1648,       750,       764
      2460,       776,       763,       751,       765
      2461,       752,       766,       777,       764
      2462,       753,       767,       778,       765
      2463,       754,       768,       779,       767
      2464,       755,       769,       780,       766
      2465,      3428,       768,       756,      3427
      2466,       781,       769,       757,       770
      2467,       758,       771,       782,       770
      2468,       759,       772,       783,       771
      2469,       760,       773,       784,       772
      2470,       761,       774,       785,       773
      2471,       762,       775,       786,       774
      2472,       763,       776,       787,       775
      2473,      1646,      1647,       764,       777
      2474,       788,       776,       765,       778
      2475,       766,       780,       789,       777
      2476,       767,       779,       790,       778
      2477,       768,      3428,      3429,       779
      2478,       769,       781,       791,       780
      2479,       792,       781,       770,       782
      2480,       771,       783,       793,       782
      2481,       794,       783,       772,       784
      2482,       773,       785,       795,       784
      2483,       774,       786,       796,       785
      2484,       775,       787,       797,       786
      2485,       776,       788,       798,       787
      2486,      1645,      1646,       777,       789
      2487,       799,       788,       778,       790
      2488,       779,      3429,      3430,       790
      2489,       780,       791,       800,       789
      2490,       781,       792,       801,       791
      2491,       802,       792,       782,       793
      2492,       803,       793,       783,       794
      2493,       784,       795,       804,       794
      2494,       785,       796,       805,       795
      2495,       786,       797,       806,       796
      2496,       787,       798,       807,       797
      2497,       788,       799,       808,       798
      2498,      1644,      1645,       789,       800
      2499,      3431,       799,       790,      3430
      2500,       791,       801,       809,       800
      2501,       792,       802,       810,       801
      2502,       811,       802,       793,       803
      2503,       794,       804,       812,       803
      2504,       795,       805,       813,       804
      2505,       796,       806,       814,       805
      2506,       797,       807,       815,       806
      2507,       798,       808,       816,       807
      2508,       799,      3431,      3432,       808
      2509,      1643,      1644,       800,       809
      2510,       801,       810,       817,       809
      2511,       818,       810,       802,       811
      2512,       819,       811,       803,       812
      2513,       804,       813,       820,       812
      2514,       805,       814,       821,       813
      2515,       806,       815,       822,       814
      2516,       807,       816,       823,       815
      2517,       808,      3432,      3433,       816
      2518,      1642,      1643,       809,       817
      2519,       824,       817,       810,       818
      2520,       811,       819,       825,       818
      2521,       826,       819,       812,       820
      2522,       813,       821,       827,       820
      2523,       814,       822,       828,       821
      2524,       815,       823,       829,       822
      2525,       816,      3433,      3434,       823
      2526,      1641,      1642,       817,       824
      2527,       818,       825,       830,       824
      2528,       819,       826,       831,       825
      2529,       832,       826,       820,       827
      2530,       821,       828,       833,       827
      2531,       822,       829,       834,       828
      2532,       823,      3434,      3435,       829
      2533,      1640,      1641,       824,       830
      2534,       825,       831,       835,       830
      2535,       826,       832,       836,       831
      2536,       837,       832,       827,       833
      2537,       828,       834,       838,       833
      2538,       829,      3435,      3436,       834
      2539,      1639,      1640,       830,       835
      2540,       831,       836,       839,       835
      2541,       832,       837,       840,       836
      2542,       841,       837,       833,       838
      2543,       834,      3436,      3437,       838
      2544,      1638,      1639,       835,       839
      2545,       836,       840,       842,       839
      2546,       837,       841,       843,       840
      2547,      3438,       841,       838,      3437
      2548,      1637,      1638,       839,       842
      2549,       840,       843,       844,       842
      2550,       841,      3438,      3439,       843
      2551,      1636,      1637,       842,       844
      2552,       843,      3439,      3440,       844
      2553,      3441,      1636,       844,      3440
      2554,      1634,      1635,      1700,      1699
      2555,      1635,      1633,      1701,      1700
      2556,      1632,      1634,      1699,      1698
      2557,      1633,      1631,      1702,      1701
      2558,      1630,      1632,      1698,      1697
      2559,      1631,      1629,      1703,      1702
      2560,      1628,      1630,      1697,      1696
      2561,      1629,      1623,      1704,      1703
      2562,      1628,      1696,      1695,      1627
      2563,      1626,      1625,      1635,      1634
      2564,      1624,      1626,      1634,      1632
      2565,      1627,      1695,      1694,      1621
      2566,      1625,      1622,      1633,      1635
      2567,      1620,      1624,      1632,      1630
      2568,      1623,      1617,      1705,      1704
      2569,      1622,      1618,      1631,      1633
      2570,      1619,      1620,      1630,      1628
      2571,      1621,      1694,      1693,      1616
      2572,      1618,      1615,      1629,      1631
      2573,      1619,      1628,      1627,      1614
      2574,      1615,      1607,      1623,      1629
      2575,      1616,      1693,      1692,      1605
      2576,      1617,      1602,      1706,      1705
      2577,      1612,      1613,      1626,      1624
      2578,      1613,      1610,      1625,      1626
      2579,      1614,      1627,      1621,      1609
      2580,      1611,      1612,      1624,      1620
      2581,      1610,      1606,      1622,      1625
      2582,      1608,      1611,      1620,      1619
      2583,      1606,      1604,      1618,      1622
      2584,      1609,      1621,      1616,      1603
      2585,      1607,      1600,      1617,      1623
      2586,      1608,      1619,      1614,      1601
      2587,      1605,      1692,      1691,      1595
      2588,      1604,      1596,      1615,      1618
      2589,      1601,      1614,      1609,      1593
      2590,      1599,      1597,      1613,      1612
      2591,      1603,      1616,      1605,      1591
      2592,      1602,      1809,      1707,      1706
      2593,      1598,      1599,      1612,      1611
      2594,      1597,      1592,      1610,      1613
      2595,      1594,      1598,      1611,      1608
      2596,      1596,      1589,      1607,      1615
      2597,      1595,      1691,      1690,      1586
      2598,      1600,      1582,      1602,      1617
      2599,      1592,      1590,      1606,      1610
      2600,      1594,      1608,      1601,      1588
      2601,      1593,      1609,      1603,      1587
      2602,      1590,      1585,      1604,      1606
      2603,      1591,      1605,      1595,      1580
      2604,      1589,      1576,      1600,      1607
      2605,      1586,      1690,      1689,      1573
      2606,      1588,      1601,      1593,      1578
      2607,      1585,      1575,      1596,      1604
      2608,      1587,      1603,      1591,      1577
      2609,      1583,      1581,      1599,      1598
      2610,      1584,      1583,      1598,      1594
      2611,      1581,      1579,      1597,      1599
      2612,      1579,      1574,      1592,      1597
      2613,      1584,      1594,      1588,      1572
      2614,      1582,      1808,      1809,      1602
      2615,      1580,      1595,      1586,      1569
      2616,      1578,      1593,      1587,      1570
      2617,      1575,      1566,      1589,      1596
      2618,      1574,      1571,      1590,      1592
      2619,      1573,      1689,      1688,      1561
      2620,      1576,      1559,      1582,      1600
      2621,      1577,      1591,      1580,      1564
      2622,      1571,      1563,      1585,      1590
      2623,      1572,      1588,      1578,      1562
      2624,      1568,      1567,      1583,      1584
      2625,      1567,      1565,      1581,      1583
      2626,      1570,      1587,      1577,      1558
      2627,      1565,      1560,      1579,      1581
      2628,      1566,      1554,      1576,      1589
      2629,      1569,      1586,      1573,      1556
      2630,      1568,      1584,      1572,      1557
      2631,      1563,      1553,      1575,      1585
      2632,      1561,      1688,      1687,      1548
      2633,      1560,      1555,      1574,      1579
      2634,      1564,      1580,      1569,      1549
      2635,      1562,      1578,      1570,      1550
      2636,      1559,      1807,      1808,      1582
      2637,      1555,      1547,      1571,      1574
      2638,      1558,      1577,      1564,      1545
      2639,      1553,      1543,      1566,      1575
      2640,      1552,      1551,      1567,      1568
      2641,      1557,      1572,      1562,      1544
      2642,      1556,      1573,      1561,      1542
      2643,      1551,      1546,      1565,      1567
      2644,      1554,      1537,      1559,      1576
      2645,      1548,      1687,      1686,      1534
      2646,      1547,      1541,      1563,      1571
      2647,      1552,      1568,      1557,      1539
      2648,      1550,      1570,      1558,      1538
      2649,      1546,      1540,      1560,      1565
      2650,      1549,      1569,      1556,      1535
      2651,      1543,      1528,      1554,      1566
      2652,      1545,      1564,      1549,      1531
      2653,      1540,      1533,      1555,      1560
      2654,      1541,      1529,      1553,      1563
      2655,      1544,      1562,      1550,      1530
      2656,      1552,      1539,      1536,      1551
      2657,      1542,      1561,      1548,      1527
      2658,      1534,      1686,      1685,      1522
      2659,      1538,      1558,      1545,      1524
      2660,      1539,      1557,      1544,      1526
      2661,      1551,      1536,      1532,      1546
      2662,      1533,      1525,      1547,      1555
      2663,      1537,      1806,      1807,      1559
      2664,      1535,      1556,      1542,      1520
      2665,      1529,      1519,      1543,      1553
      2666,      1546,      1532,      1523,      1540
      2667,      1530,      1550,      1538,      1518
      2668,      1525,      1517,      1541,      1547
      2669,      1531,      1549,      1535,      1515
      2670,      1528,      1510,      1537,      1554
      2671,      1527,      1548,      1534,      1513
      2672,      1539,      1526,      1521,      1536
      2673,      1524,      1545,      1531,      1511
      2674,      1540,      1523,      1516,      1533
      2675,      1522,      1685,      1684,      1507
      2676,      1526,      1544,      1530,      1512
      2677,      1536,      1521,      1514,      1532
      2678,      1519,      1503,      1528,      1543
      2679,      1517,      1506,      1529,      1541
      2680,      1520,      1542,      1527,      1505
      2681,      1518,      1538,      1524,      1502
      2682,      1533,      1516,      1508,      1525
      2683,      1532,      1514,      1509,      1523
      2684,      1515,      1535,      1520,      1501
      2685,      1513,      1534,      1522,      1496
      2686,      1526,      1512,      1504,      1521
      2687,      1510,      1805,      1806,      1537
      2688,      1512,      1530,      1518,      1497
      2689,      1507,      1684,      1683,      1493
      2690,      1511,      1531,      1515,      1495
      2691,      1525,      1508,      1498,      1517
      2692,      1523,      1509,      1500,      1516
      2693,      1506,      1494,      1519,      1529
      2694,      1521,      1504,      1499,      1514
      2695,      1505,      1527,      1513,      1490
      2696,      1502,      1524,      1511,      1491
      2697,      1503,      1487,      1510,      1528
      2698,      1514,      1499,      1492,      1509
      2699,      1516,      1500,      1488,      1508
      2700,      1501,      1520,      1505,      1485
      2701,      1496,      1522,      1507,      1483
      2702,      1517,      1498,      1486,      1506
      2703,      1512,      1497,      1489,      1504
      2704,      1497,      1518,      1502,      1484
      2705,      1494,      1479,      1503,      1519
      2706,      1493,      1683,      1682,      1477
      2707,      1495,      1515,      1501,      1480
      2708,      1509,      1492,      1481,      1500
      2709,      1491,      1511,      1495,      1476
      2710,      1504,      1489,      1482,      1499
      2711,      1490,      1513,      1496,      1475
      2712,      1508,      1488,      1478,      1498
      2713,      1487,      1804,      1805,      1510
      2714,      1506,      1486,      1472,      1494
      2715,      1483,      1507,      1493,      1468
      2716,      1485,      1505,      1490,      1469
      2717,      1484,      1502,      1491,      1470
      2718,      1497,      1484,      1474,      1489
      2719,      1499,      1482,      1473,      1492
      2720,      1500,      1481,      1471,      1488
      2721,      1479,      1463,      1487,      1503
      2722,      1498,      1478,      1467,      1486
      2723,      1480,      1501,      1485,      1465
      2724,      1477,      1682,      1681,      1460
      2725,      1475,      1496,      1483,      1461
      2726,      1476,      1495,      1480,      1462
      2727,      1489,      1474,      1466,      1482
      2728,      1492,      1473,      1464,      1481
      2729,      1494,      1472,      1458,      1479
      2730,      1488,      1471,      1459,      1478
      2731,      1468,      1493,      1477,      1453
      2732,      1470,      1491,      1476,      1455
      2733,      1469,      1490,      1475,      1454
      2734,      1484,      1470,      1457,      1474
      2735,      1486,      1467,      1452,      1472
      2736,      1482,      1466,      1456,      1473
      2737,      1463,      1803,      1804,      1487
      2738,      1481,      1464,      1451,      1471
      2739,      1465,      1485,      1469,      1450
      2740,      1460,      1681,      1680,      1443
      2741,      1461,      1483,      1468,      1446
      2742,      1478,      1459,      1448,      1467
      2743,      1462,      1480,      1465,      1445
      2744,      1474,      1457,      1449,      1466
      2745,      1479,      1458,      1442,      1463
      2746,      1473,      1456,      1447,      1464
      2747,      1455,      1476,      1462,      1441
      2748,      1453,      1477,      1460,      1436
      2749,      1454,      1475,      1461,      1438
      2750,      1470,      1455,      1444,      1457
      2751,      1472,      1452,      1437,      1458
      2752,      1471,      1451,      1440,      1459
      2753,      1466,      1449,      1439,      1456
      2754,      1450,      1469,      1454,      1434
      2755,      1467,      1448,      1433,      1452
      2756,      1464,      1447,      1435,      1451
      2757,      1446,      1468,      1453,      1431
      2758,      1443,      1680,      1679,      1425
      2759,      1445,      1465,      1450,      1430
      2760,      1457,      1444,      1432,      1449
      2761,      1463,      1442,      1802,      1803
      2762,      1459,      1440,      1428,      1448
      2763,      1441,      1462,      1445,      1426
      2764,      1456,      1439,      1429,      1447
      2765,      1455,      1441,      1427,      1444
      2766,      1438,      1461,      1446,      1424
      2767,      1436,      1460,      1443,      1422
      2768,      1458,      1437,      1420,      1442
      2769,      1451,      1435,      1423,      1440
      2770,      1434,      1454,      1438,      1418
      2771,      1452,      1433,      1419,      1437
      2772,      1449,      1432,      1421,      1439
      2773,      1431,      1453,      1436,      1415
      2774,      1425,      1679,      1678,      1407
      2775,      1430,      1450,      1434,      1414
      2776,      1447,      1429,      1417,      1435
      2777,      1448,      1428,      1413,      1433
      2778,      1444,      1427,      1416,      1432
      2779,      1426,      1445,      1430,      1411
      2780,      1441,      1426,      1412,      1427
      2781,      1424,      1446,      1431,      1408
      2782,      1440,      1423,      1409,      1428
      2783,      1439,      1421,      1410,      1429
      2784,      1422,      1443,      1425,      1406
      2785,      1442,      1420,      1801,      1802
      2786,      1418,      1438,      1424,      1404
      2787,      1437,      1419,      1402,      1420
      2788,      1435,      1417,      1403,      1423
      2789,      1415,      1436,      1422,      1400
      2790,      1432,      1416,      1405,      1421
      2791,      1414,      1434,      1418,      1399
      2792,      1433,      1413,      1398,      1419
      2793,      1391,      1407,      1678,      1677
      2794,      1427,      1412,      1401,      1416
      2795,      1429,      1410,      1397,      1417
      2796,      1411,      1430,      1414,      1395
      2797,      1426,      1411,      1396,      1412
      2798,      1408,      1431,      1415,      1393
      2799,      1428,      1409,      1394,      1413
      2800,      1421,      1405,      1392,      1410
      2801,      1406,      1425,      1407,      1388
      2802,      1423,      1403,      1390,      1409
      2803,      1404,      1424,      1408,      1389
      2804,      1400,      1422,      1406,      1384
      2805,      1416,      1401,      1387,      1405
      2806,      1420,      1402,      1800,      1801
      2807,      1399,      1418,      1404,      1383
      2808,      1417,      1397,      1386,      1403
      2809,      1419,      1398,      1380,      1402
      2810,      1412,      1396,      1385,      1401
      2811,      1376,      1391,      1677,      1676
      2812,      1395,      1414,      1399,      1379
      2813,      1393,      1415,      1400,      1377
      2814,      1411,      1395,      1382,      1396
      2815,      1413,      1394,      1378,      1398
      2816,      1410,      1392,      1381,      1397
      2817,      1409,      1390,      1374,      1394
      2818,      1389,      1408,      1393,      1373
      2819,      1405,      1387,      1375,      1392
      2820,      1372,      1388,      1407,      1391
      2821,      1403,      1386,      1371,      1390
      2822,      1383,      1404,      1389,      1369
      2823,      1384,      1406,      1388,      1367
      2824,      1401,      1385,      1370,      1387
      2825,      1396,      1382,      1368,      1385
      2826,      1361,      1376,      1676,      1675
      2827,      1397,      1381,      1365,      1386
      2828,      1379,      1399,      1383,      1364
      2829,      1377,      1400,      1384,      1363
      2830,      1402,      1380,      1799,      1800
      2831,      1395,      1379,      1366,      1382
      2832,      1398,      1378,      1360,      1380
      2833,      1392,      1375,      1362,      1381
      2834,      1394,      1374,      1359,      1378
      2835,      1373,      1393,      1377,      1358
      2836,      1355,      1372,      1391,      1376
      2837,      1390,      1371,      1356,      1374
      2838,      1387,      1370,      1357,      1375
      2839,      1369,      1389,      1373,      1353
      2840,      1388,      1372,      1350,      1367
      2841,      1385,      1368,      1354,      1370
      2842,      1386,      1365,      1352,      1371
      2843,      1382,      1366,      1351,      1368
      2844,      1364,      1383,      1369,      1348
      2845,      1345,      1361,      1675,      1674
      2846,      1379,      1364,      1349,      1366
      2847,      1363,      1384,      1367,      1346
      2848,      1381,      1362,      1347,      1365
      2849,      1380,      1360,      1798,      1799
      2850,      1358,      1377,      1363,      1343
      2851,      1375,      1357,      1344,      1362
      2852,      1378,      1359,      1342,      1360
      2853,      1340,      1355,      1376,      1361
      2854,      1374,      1356,      1339,      1359
      2855,      1353,      1373,      1358,      1338
      2856,      1370,      1354,      1341,      1357
      2857,      1371,      1352,      1336,      1356
      2858,      1372,      1355,      1334,      1350
      2859,      1368,      1351,      1337,      1354
      2860,      1348,      1369,      1353,      1332
      2861,      1366,      1349,      1335,      1351
      2862,      1328,      1345,      1674,      1673
      2863,      1364,      1348,      1333,      1349
      2864,      1365,      1347,      1331,      1352
      2865,      1367,      1350,      1330,      1346
      2866,      1362,      1344,      1329,      1347
      2867,      1343,      1363,      1346,      1327
      2868,      1325,      1340,      1361,      1345
      2869,      1357,      1341,      1326,      1344
      2870,      1360,      1342,      1797,      1798
      2871,      1338,      1358,      1343,      1324
      2872,      1359,      1339,      1322,      1342
      2873,      1354,      1337,      1323,      1341
      2874,      1356,      1336,      1320,      1339
      2875,      1317,      1334,      1355,      1340
      2876,      1332,      1353,      1338,      1319
      2877,      1351,      1335,      1321,      1337
      2878,      1349,      1333,      1318,      1335
      2879,      1352,      1331,      1315,      1336
      2880,      1348,      1332,      1316,      1333
      2881,      1312,      1328,      1673,      1672
      2882,      1350,      1334,      1314,      1330
      2883,      1347,      1329,      1313,      1331
      2884,      1346,      1330,      1311,      1327
      2885,      1344,      1326,      1310,      1329
      2886,      1308,      1325,      1345,      1328
      2887,      1324,      1343,      1327,      1309
      2888,      1341,      1323,      1307,      1326
      2889,      1340,      1325,      1304,      1317
      2890,      1319,      1338,      1324,      1305
      2891,      1342,      1322,      1796,      1797
      2892,      1337,      1321,      1306,      1323
      2893,      1339,      1320,      1300,      1322
      2894,      1335,      1318,      1303,      1321
      2895,      1333,      1316,      1302,      1318
      2896,      1332,      1319,      1301,      1316
      2897,      1336,      1315,      1299,      1320
      2898,      1296,      1312,      1672,      1671
      2899,      1298,      1314,      1334,      1317
      2900,      1331,      1313,      1297,      1315
      2901,      1330,      1314,      1294,      1311
      2902,      1329,      1310,      1295,      1313
      2903,      1292,      1308,      1328,      1312
      2904,      1291,      1309,      1327,      1311
      2905,      1326,      1307,      1293,      1310
      2906,      1305,      1324,      1309,      1289
      2907,      1323,      1306,      1290,      1307
      2908,      1325,      1308,      1288,      1304
      2909,      1321,      1303,      1287,      1306
      2910,      1319,      1305,      1286,      1301
      2911,      1318,      1302,      1285,      1303
      2912,      1316,      1301,      1284,      1302
      2913,      1282,      1296,      1671,      1670
      2914,      1322,      1300,      1795,      1796
      2915,      1317,      1304,      1283,      1298
      2916,      1320,      1299,      1281,      1300
      2917,      1315,      1297,      1280,      1299
      2918,      1278,      1294,      1314,      1298
      2919,      1313,      1295,      1279,      1297
      2920,      1277,      1292,      1312,      1296
      2921,      1310,      1293,      1276,      1295
      2922,      1275,      1291,      1311,      1294
      2923,      1307,      1290,      1274,      1293
      2924,      1273,      1289,      1309,      1291
      2925,      1272,      1288,      1308,      1292
      2926,      1306,      1287,      1271,      1290
      2927,      1305,      1289,      1270,      1286
      2928,      1303,      1285,      1269,      1287
      2929,      1266,      1282,      1670,      1669
      2930,      1301,      1286,      1268,      1284
      2931,      1302,      1284,      1267,      1285
      2932,      1304,      1288,      1265,      1283
      2933,      1300,      1281,      1794,      1795
      2934,      1299,      1280,      1263,      1281
      2935,      1298,      1283,      1264,      1278
      2936,      1297,      1279,      1261,      1280
      2937,      1262,      1277,      1296,      1282
      2938,      1295,      1276,      1260,      1279
      2939,      1259,      1275,      1294,      1278
      2940,      1293,      1274,      1258,      1276
      2941,      1292,      1277,      1257,      1272
      2942,      1256,      1273,      1291,      1275
      2943,      1290,      1271,      1255,      1274
      2944,      1254,      1270,      1289,      1273
      2945,      1287,      1269,      1253,      1271
      2946,      1252,      1265,      1288,      1272
      2947,      1286,      1270,      1251,      1268
      2948,      1248,      1266,      1669,      1668
      2949,      1285,      1267,      1250,      1269
      2950,      1284,      1268,      1249,      1267
      2951,      1283,      1265,      1247,      1264
      2952,      1246,      1262,      1282,      1266
      2953,      1281,      1263,      1793,      1794
      2954,      1280,      1261,      1244,      1263
      2955,      1245,      1259,      1278,      1264
      2956,      1279,      1260,      1243,      1261
      2957,      1277,      1262,      1242,      1257
      2958,      1276,      1258,      1241,      1260
      2959,      1240,      1256,      1275,      1259
      2960,      1274,      1255,      1239,      1258
      2961,      1238,      1254,      1273,      1256
      2962,      1272,      1257,      1236,      1252
      2963,      1271,      1253,      1237,      1255
      2964,      1235,      1251,      1270,      1254
      2965,      1269,      1250,      1234,      1253
      2966,      1230,      1248,      1668,      1667
      2967,      1267,      1249,      1233,      1250
      2968,      1268,      1251,      1232,      1249
      2969,      1231,      1247,      1265,      1252
      2970,      1229,      1246,      1266,      1248
      2971,      1228,      1245,      1264,      1247
      2972,      1227,      1242,      1262,      1246
      2973,      1263,      1244,      1792,      1793
      2974,      1261,      1243,      1226,      1244
      2975,      1260,      1241,      1224,      1243
      2976,      1225,      1240,      1259,      1245
      2977,      1258,      1239,      1223,      1241
      2978,      1257,      1242,      1221,      1236
      2979,      1222,      1238,      1256,      1240
      2980,      1255,      1237,      1220,      1239
      2981,      1219,      1235,      1254,      1238
      2982,      1253,      1234,      1218,      1237
      2983,      1250,      1233,      1217,      1234
      2984,      1216,      1232,      1251,      1235
      2985,      1252,      1236,      1215,      1231
      2986,      1213,      1230,      1667,      1666
      2987,      1249,      1232,      1214,      1233
      2988,      1212,      1228,      1247,      1231
      2989,      1211,      1229,      1248,      1230
      2990,      1246,      1229,      1209,      1227
      2991,      1210,      1225,      1245,      1228
      2992,      1244,      1226,      1791,      1792
      2993,      1243,      1224,      1207,      1226
      2994,      1208,      1221,      1242,      1227
      2995,      1241,      1223,      1205,      1224
      2996,      1206,      1222,      1240,      1225
      2997,      1239,      1220,      1204,      1223
      2998,      1203,      1219,      1238,      1222
      2999,      1237,      1218,      1202,      1220
      3000,      1236,      1221,      1201,      1215
      3001,      1200,      1216,      1235,      1219
      3002,      1234,      1217,      1199,      1218
      3003,      1195,      1213,      1666,      1665
      3004,      1198,      1214,      1232,      1216
      3005,      1233,      1214,      1197,      1217
      3006,      1196,      1212,      1231,      1215
      3007,      1193,      1211,      1230,      1213
      3008,      1194,      1210,      1228,      1212
      3009,      1229,      1211,      1192,      1209
      3010,      1227,      1209,      1190,      1208
      3011,      1191,      1206,      1225,      1210
      3012,      1226,      1207,      1790,      1791
      3013,      1224,      1205,      1189,      1207
      3014,      1223,      1204,      1187,      1205
      3015,      1188,      1203,      1222,      1206
      3016,      1186,      1201,      1221,      1208
      3017,      1220,      1202,      1185,      1204
      3018,      1184,      1200,      1219,      1203
      3019,      1218,      1199,      1183,      1202
      3020,      1182,      1198,      1216,      1200
      3021,      1181,      1196,      1215,      1201
      3022,      1177,      1195,      1665,      1664
      3023,      1217,      1197,      1179,      1199
      3024,      1214,      1198,      1180,      1197
      3025,      1178,      1194,      1212,      1196
      3026,      1176,      1193,      1213,      1195
      3027,      1174,      1192,      1211,      1193
      3028,      1175,      1191,      1210,      1194
      3029,      1209,      1192,      1173,      1190
      3030,      1172,      1188,      1206,      1191
      3031,      1208,      1190,      1170,      1186
      3032,      1207,      1189,      1789,      1790
      3033,      1205,      1187,      1171,      1189
      3034,      1204,      1185,      1168,      1187
      3035,      1169,      1184,      1203,      1188
      3036,      1202,      1183,      1165,      1185
      3037,      1167,      1181,      1201,      1186
      3038,      1166,      1182,      1200,      1184
      3039,      1198,      1182,      1164,      1180
      3040,      1199,      1179,      1162,      1183
      3041,      1160,      1177,      1664,      1663
      3042,      1197,      1180,      1163,      1179
      3043,      1161,      1178,      1196,      1181
      3044,      1158,      1176,      1195,      1177
      3045,      1159,      1175,      1194,      1178
      3046,      1157,      1174,      1193,      1176
      3047,      1156,      1172,      1191,      1175
      3048,      1155,      1173,      1192,      1174
      3049,      1190,      1173,      1153,      1170
      3050,      1154,      1169,      1188,      1172
      3051,      1189,      1171,      1788,      1789
      3052,      1187,      1168,      1152,      1171
      3053,      1186,      1170,      1149,      1167
      3054,      1151,      1166,      1184,      1169
      3055,      1185,      1165,      1150,      1168
      3056,      1148,      1164,      1182,      1166
      3057,      1183,      1162,      1145,      1165
      3058,      1180,      1164,      1147,      1163
      3059,      1663,      1662,      1142,      1160
      3060,      1146,      1161,      1181,      1167
      3061,      1179,      1163,      1144,      1162
      3062,      1143,      1159,      1178,      1161
      3063,      1141,      1158,      1177,      1160
      3064,      1140,      1156,      1175,      1159
      3065,      1139,      1157,      1176,      1158
      3066,      1174,      1157,      1137,      1155
      3067,      1138,      1154,      1172,      1156
      3068,      1135,      1153,      1173,      1155
      3069,      1136,      1151,      1169,      1154
      3070,      1171,      1152,      1787,      1788
      3071,      1170,      1153,      1132,      1149
      3072,      1168,      1150,      1133,      1152
      3073,      1166,      1151,      1134,      1148
      3074,      1167,      1149,      1127,      1146
      3075,      1165,      1145,      1130,      1150
      3076,      1131,      1147,      1164,      1148
      3077,      1662,      1661,      1125,      1142
      3078,      1163,      1147,      1129,      1144
      3079,      1128,      1145,      1162,      1144
      3080,      1126,      1143,      1161,      1146
      3081,      1160,      1142,      1123,      1141
      3082,      1124,      1140,      1159,      1143
      3083,      1122,      1139,      1158,      1141
      3084,      1121,      1138,      1156,      1140
      3085,      1157,      1139,      1120,      1137
      3086,      1119,      1136,      1154,      1138
      3087,      1155,      1137,      1118,      1135
      3088,      1151,      1136,      1117,      1134
      3089,      1116,      1132,      1153,      1135
      3090,      1152,      1133,      1786,      1787
      3091,      1148,      1134,      1115,      1131
      3092,      1150,      1130,      1114,      1133
      3093,      1149,      1132,      1110,      1127
      3094,      1113,      1129,      1147,      1131
      3095,      1661,      1660,      1107,      1125
      3096,      1112,      1130,      1145,      1128
      3097,      1111,      1128,      1144,      1129
      3098,      1146,      1127,      1109,      1126
      3099,      1108,      1124,      1143,      1126
      3100,      1142,      1125,      1106,      1123
      3101,      1105,      1121,      1140,      1124
      3102,      1141,      1123,      1104,      1122
      3103,      1102,      1120,      1139,      1122
      3104,      1103,      1119,      1138,      1121
      3105,      1137,      1120,      1100,      1118
      3106,      1101,      1117,      1136,      1119
      3107,      1135,      1118,      1098,      1116
      3108,      1134,      1117,      1099,      1115
      3109,      1133,      1114,      1785,      1786
      3110,      1131,      1115,      1097,      1113
      3111,      1093,      1110,      1132,      1116
      3112,      1096,      1114,      1130,      1112
      3113,      1095,      1111,      1129,      1113
      3114,      1094,      1112,      1128,      1111
      3115,      1660,      1659,      1090,      1107
      3116,      1127,      1110,      1092,      1109
      3117,      1126,      1109,      1091,      1108
      3118,      1125,      1107,      1088,      1106
      3119,      1089,      1105,      1124,      1108
      3120,      1123,      1106,      1087,      1104
      3121,      1086,      1103,      1121,      1105
      3122,      1122,      1104,      1085,      1102
      3123,      1119,      1103,      1084,      1101
      3124,      1083,      1100,      1120,      1102
      3125,      1082,      1099,      1117,      1101
      3126,      1118,      1100,      1080,      1098
      3127,      1115,      1099,      1081,      1097
      3128,      1784,      1785,      1114,      1096
      3129,      1116,      1098,      1076,      1093
      3130,      1079,      1095,      1113,      1097
      3131,      1078,      1096,      1112,      1094
      3132,      1077,      1094,      1111,      1095
      3133,      1659,      1658,      1073,      1090
      3134,      1075,      1092,      1110,      1093
      3135,      1109,      1092,      1074,      1091
      3136,      1108,      1091,      1072,      1089
      3137,      1107,      1090,      1071,      1088
      3138,      1070,      1086,      1105,      1089
      3139,      1106,      1088,      1069,      1087
      3140,      1104,      1087,      1067,      1085
      3141,      1103,      1086,      1068,      1084
      3142,      1102,      1085,      1065,      1083
      3143,      1101,      1084,      1066,      1082
      3144,      1063,      1080,      1100,      1083
      3145,      1064,      1081,      1099,      1082
      3146,      1062,      1079,      1097,      1081
      3147,      1098,      1080,      1059,      1076
      3148,      1783,      1784,      1096,      1078
      3149,      1061,      1077,      1095,      1079
      3150,      1060,      1078,      1094,      1077
      3151,      1658,      1657,      1056,      1073
      3152,      1093,      1076,      1058,      1075
      3153,      1057,      1074,      1092,      1075
      3154,      1091,      1074,      1055,      1072
      3155,      1090,      1073,      1054,      1071
      3156,      1089,      1072,      1053,      1070
      3157,      1088,      1071,      1052,      1069
      3158,      1051,      1068,      1086,      1070
      3159,      1087,      1069,      1050,      1067
      3160,      1084,      1068,      1049,      1066
      3161,      1085,      1067,      1048,      1065
      3162,      1082,      1066,      1047,      1064
      3163,      1083,      1065,      1046,      1063
      3164,      1045,      1062,      1081,      1064
      3165,      1042,      1059,      1080,      1063
      3166,      1044,      1061,      1079,      1062
      3167,      1782,      1783,      1078,      1060
      3168,      1043,      1060,      1077,      1061
      3169,      1040,      1056,      1657,      1656
      3170,      1076,      1059,      1041,      1058
      3171,      1075,      1058,      1039,      1057
      3172,      1038,      1055,      1074,      1057
      3173,      1073,      1056,      1037,      1054
      3174,      1072,      1055,      1036,      1053
      3175,      1035,      1052,      1071,      1054
      3176,      1034,      1051,      1070,      1053
      3177,      1069,      1052,      1033,      1050
      3178,      1032,      1049,      1068,      1051
      3179,      1067,      1050,      1031,      1048
      3180,      1066,      1049,      1030,      1047
      3181,      1065,      1048,      1028,      1046
      3182,      1029,      1045,      1064,      1047
      3183,      1027,      1044,      1062,      1045
      3184,      1063,      1046,      1025,      1042
      3185,      1026,      1043,      1061,      1044
      3186,      1781,      1782,      1060,      1043
      3187,      1656,      1655,      1023,      1040
      3188,      1024,      1041,      1059,      1042
      3189,      1058,      1041,      1022,      1039
      3190,      1057,      1039,      1021,      1038
      3191,      1020,      1037,      1056,      1040
      3192,      1019,      1036,      1055,      1038
      3193,      1018,      1035,      1054,      1037
      3194,      1017,      1034,      1053,      1036
      3195,      1052,      1035,      1016,      1033
      3196,      1051,      1034,      1015,      1032
      3197,      1050,      1033,      1013,      1031
      3198,      1014,      1030,      1049,      1032
      3199,      1048,      1031,      1011,      1028
      3200,      1012,      1029,      1047,      1030
      3201,      1010,      1027,      1045,      1029
      3202,      1046,      1028,      1009,      1025
      3203,      1008,      1026,      1044,      1027
      3204,      1780,      1781,      1043,      1026
      3205,      1655,      1654,      1006,      1023
      3206,      1042,      1025,      1007,      1024
      3207,      1005,      1022,      1041,      1024
      3208,      1040,      1023,      1004,      1020
      3209,      1039,      1022,      1003,      1021
      3210,      1038,      1021,      1002,      1019
      3211,      1001,      1018,      1037,      1020
      3212,      1000,      1017,      1036,      1019
      3213,      1035,      1018,       999,      1016
      3214,      1034,      1017,       998,      1015
      3215,      1033,      1016,       997,      1013
      3216,      1032,      1015,       996,      1014
      3217,       995,      1012,      1030,      1014
      3218,      1031,      1013,       994,      1011
      3219,       993,      1010,      1029,      1012
      3220,      1028,      1011,       992,      1009
      3221,       991,      1008,      1027,      1010
      3222,      1779,      1780,      1026,      1008
      3223,      1025,      1009,       990,      1007
      3224,      1652,      1006,      1654,      1653
      3225,      1024,      1007,       989,      1005
      3226,      1023,      1006,       988,      1004
      3227,       987,      1003,      1022,      1005
      3228,      1021,      1003,       986,      1002
      3229,       985,      1001,      1020,      1004
      3230,       984,      1000,      1019,      1002
      3231,       983,       999,      1018,      1001
      3232,       982,       998,      1017,      1000
      3233,      1016,       999,       981,       997
      3234,      1015,       998,       980,       996
      3235,      1014,       996,       979,       995
      3236,      1013,       997,       978,       994
      3237,       977,       993,      1012,       995
      3238,      1011,       994,       976,       992
      3239,       975,       991,      1010,       993
      3240,      1778,      1779,      1008,       991
      3241,      1009,       992,       974,       990
      3242,      1007,       990,       973,       989
      3243,      1651,       988,      1006,      1652
      3244,      1005,       989,       972,       987
      3245,       971,       985,      1004,       988
      3246,       970,       986,      1003,       987
      3247,       969,       984,      1002,       986
      3248,      1001,       985,       968,       983
      3249,      1000,       984,       967,       982
      3250,       966,       981,       999,       983
      3251,       965,       980,       998,       982
      3252,       996,       980,       964,       979
      3253,       997,       981,       963,       978
      3254,       995,       979,       962,       977
      3255,       994,       978,       961,       976
      3256,       960,       975,       993,       977
      3257,      1777,      1778,       991,       975
      3258,       992,       976,       959,       974
      3259,       990,       974,       958,       973
      3260,       989,       973,       957,       972
      3261,      1650,       971,       988,      1651
      3262,       987,       972,       956,       970
      3263,       955,       969,       986,       970
      3264,       985,       971,       954,       968
      3265,       984,       969,       953,       967
      3266,       983,       968,       952,       966
      3267,       982,       967,       951,       965
      3268,       950,       963,       981,       966
      3269,       949,       964,       980,       965
      3270,       979,       964,       948,       962
      3271,       978,       963,       947,       961
      3272,       977,       962,       946,       960
      3273,       976,       961,       945,       959
      3274,      1776,      1777,       975,       960
      3275,       974,       959,       944,       958
      3276,       973,       958,       943,       957
      3277,       972,       957,       942,       956
      3278,      1649,       954,       971,      1650
      3279,       970,       956,       941,       955
      3280,       940,       953,       969,       955
      3281,       968,       954,       939,       952
      3282,       967,       953,       938,       951
      3283,       966,       952,       937,       950
      3284,       965,       951,       936,       949
      3285,       935,       948,       964,       949
      3286,       934,       947,       963,       950
      3287,       962,       948,       933,       946
      3288,       961,       947,       932,       945
      3289,       960,       946,      1775,      1776
      3290,       959,       945,       931,       944
      3291,       958,       944,       930,       943
      3292,       957,       943,       929,       942
      3293,       956,       942,       928,       941
      3294,       955,       941,       927,       940
      3295,      1648,       939,       954,      1649
      3296,       926,       938,       953,       940
      3297,       952,       939,       925,       937
      3298,       951,       938,       924,       936
      3299,       950,       937,       923,       934
      3300,       949,       936,       922,       935
      3301,       921,       933,       948,       935
      3302,       920,       932,       947,       934
      3303,       946,       933,      1774,      1775
      3304,       945,       932,       919,       931
      3305,       944,       931,       918,       930
      3306,       943,       930,       917,       929
      3307,       942,       929,       916,       928
      3308,       941,       928,       915,       927
      3309,       940,       927,       914,       926
      3310,      1647,       925,       939,      1648
      3311,       913,       924,       938,       926
      3312,       937,       925,       912,       923
      3313,       936,       924,       911,       922
      3314,       935,       922,       910,       921
      3315,       934,       923,       909,       920
      3316,      1773,      1774,       933,       921
      3317,       908,       919,       932,       920
      3318,       931,       919,       907,       918
      3319,       930,       918,       906,       917
      3320,       929,       917,       905,       916
      3321,       928,       916,       904,       915
      3322,       927,       915,       903,       914
      3323,       926,       914,       902,       913
      3324,      1646,       912,       925,      1647
      3325,       901,       911,       924,       913
      3326,       923,       912,       900,       909
      3327,       922,       911,       899,       910
      3328,       921,       910,      1772,      1773
      3329,       920,       909,       898,       908
      3330,       897,       907,       919,       908
      3331,       918,       907,       896,       906
      3332,       895,       905,       917,       906
      3333,       916,       905,       894,       904
      3334,       915,       904,       893,       903
      3335,       914,       903,       892,       902
      3336,       913,       902,       891,       901
      3337,      1645,       900,       912,      1646
      3338,       890,       899,       911,       901
      3339,       910,       899,      1771,      1772
      3340,       909,       900,       889,       898
      3341,       908,       898,       888,       897
      3342,       887,       896,       907,       897
      3343,       886,       895,       906,       896
      3344,       905,       895,       885,       894
      3345,       904,       894,       884,       893
      3346,       903,       893,       883,       892
      3347,       902,       892,       882,       891
      3348,       901,       891,       881,       890
      3349,      1644,       889,       900,      1645
      3350,      1770,      1771,       899,       890
      3351,       898,       889,       880,       888
      3352,       897,       888,       879,       887
      3353,       878,       886,       896,       887
      3354,       895,       886,       877,       885
      3355,       894,       885,       876,       884
      3356,       893,       884,       875,       883
      3357,       892,       883,       874,       882
      3358,       891,       882,       873,       881
      3359,       890,       881,      1769,      1770
      3360,      1643,       880,       889,      1644
      3361,       888,       880,       872,       879
      3362,       871,       878,       887,       879
      3363,       870,       877,       886,       878
      3364,       885,       877,       869,       876
      3365,       884,       876,       868,       875
      3366,       883,       875,       867,       874
      3367,       882,       874,       866,       873
      3368,       881,       873,      1768,      1769
      3369,      1642,       872,       880,      1643
      3370,       865,       871,       879,       872
      3371,       878,       871,       864,       870
      3372,       863,       869,       877,       870
      3373,       876,       869,       862,       868
      3374,       875,       868,       861,       867
      3375,       874,       867,       860,       866
      3376,       873,       866,      1767,      1768
      3377,      1641,       865,       872,      1642
      3378,       871,       865,       859,       864
      3379,       870,       864,       858,       863
      3380,       857,       862,       869,       863
      3381,       868,       862,       856,       861
      3382,       867,       861,       855,       860
      3383,       866,       860,      1766,      1767
      3384,      1640,       859,       865,      1641
      3385,       864,       859,       854,       858
      3386,       863,       858,       853,       857
      3387,       852,       856,       862,       857
      3388,       861,       856,       851,       855
      3389,       860,       855,      1765,      1766
      3390,      1639,       854,       859,      1640
      3391,       858,       854,       850,       853
      3392,       857,       853,       849,       852
      3393,       848,       851,       856,       852
      3394,       855,       851,      1764,      1765
      3395,      1638,       850,       854,      1639
      3396,       853,       850,       847,       849
      3397,       852,       849,       846,       848
      3398,      1763,      1764,       851,       848
      3399,      1637,       847,       850,      1638
      3400,       849,       847,       845,       846
      3401,       848,       846,      1762,      1763
      3402,      1636,       845,       847,      1637
      3403,       846,       845,      1761,      1762
      3404,      3441,      1761,       845,      1636
*****
