**
**   Template:  2D Helmholtz solver
**
*NODE
         1,  0.148          ,  0.0854478398416,  0.0            
         2,  0.246          ,  0.0842931393032,  0.0            
         3,  0.344          ,  0.0831384387648,  0.0            
         4,  0.442          ,  0.0819837382264,  0.0            
         5,  0.54           ,  0.080829037688 ,  0.0            
         6,  0.638          ,  0.0796743371496,  0.0            
         7,  0.736          ,  0.0785196366112,  0.0            
         8,  0.834          ,  0.0773649360728,  0.0            
         9,  0.932          ,  0.0762102355344,  0.0            
        10,  1.03           ,  0.075055534996 ,  0.0            
        11,  1.128          ,  0.0739008344576,  0.0            
        12,  1.226          ,  0.0727461339192,  0.0            
        13,  1.324          ,  0.0715914333808,  0.0            
        14,  1.422          ,  0.0704367328424,  0.0            
        15,  1.52           ,  0.069282032304 ,  0.0            
        16,  1.618          ,  0.0681273317656,  0.0            
        17,  1.716          ,  0.0669726312272,  0.0            
        18,  1.814          ,  0.0658179306888,  0.0            
        19,  1.912          ,  0.0646632301504,  0.0            
        20,  2.01           ,  0.063508529612 ,  0.0            
        21,  2.108          ,  0.0623538290736,  0.0            
        22,  2.206          ,  0.0611991285352,  0.0            
        23,  2.304          ,  0.0600444279968,  0.0            
        24,  2.402          ,  0.0588897274584,  0.0            
        25,  0.196          ,  0.1708956796832,  0.0            
        26,  0.292          ,  0.1685862786064,  0.0            
        27,  0.388          ,  0.1662768775296,  0.0            
        28,  0.484          ,  0.1639674764528,  0.0            
        29,  0.58           ,  0.161658075376 ,  0.0            
        30,  0.676          ,  0.1593486742992,  0.0            
        31,  0.772          ,  0.1570392732224,  0.0            
        32,  0.868          ,  0.1547298721456,  0.0            
        33,  0.964          ,  0.1524204710688,  0.0            
        34,  1.06           ,  0.150111069992 ,  0.0            
        35,  1.156          ,  0.1478016689152,  0.0            
        36,  1.252          ,  0.1454922678384,  0.0            
        37,  1.348          ,  0.1431828667616,  0.0            
        38,  1.444          ,  0.1408734656848,  0.0            
        39,  1.54           ,  0.138564064608 ,  0.0            
        40,  1.636          ,  0.1362546635312,  0.0            
        41,  1.732          ,  0.1339452624544,  0.0            
        42,  1.828          ,  0.1316358613776,  0.0            
        43,  1.924          ,  0.1293264603008,  0.0            
        44,  2.02           ,  0.127017059224 ,  0.0            
        45,  2.116          ,  0.1247076581472,  0.0            
        46,  2.212          ,  0.1223982570704,  0.0            
        47,  2.308          ,  0.1200888559936,  0.0            
        48,  2.404          ,  0.1177794549168,  0.0            
        49,  0.244          ,  0.2563435195248,  0.0            
        50,  0.338          ,  0.2528794179096,  0.0            
        51,  0.432          ,  0.2494153162944,  0.0            
        52,  0.526          ,  0.2459512146792,  0.0            
        53,  0.62           ,  0.242487113064 ,  0.0            
        54,  0.714          ,  0.2390230114488,  0.0            
        55,  0.808          ,  0.2355589098336,  0.0            
        56,  0.902          ,  0.2320948082184,  0.0            
        57,  0.996          ,  0.2286307066032,  0.0            
        58,  1.09           ,  0.225166604988 ,  0.0            
        59,  1.184          ,  0.2217025033728,  0.0            
        60,  1.278          ,  0.2182384017576,  0.0            
        61,  1.372          ,  0.2147743001424,  0.0            
        62,  1.466          ,  0.2113101985272,  0.0            
        63,  1.56           ,  0.207846096912 ,  0.0            
        64,  1.654          ,  0.2043819952968,  0.0            
        65,  1.748          ,  0.2009178936816,  0.0            
        66,  1.842          ,  0.1974537920664,  0.0            
        67,  1.936          ,  0.1939896904512,  0.0            
        68,  2.03           ,  0.190525588836 ,  0.0            
        69,  2.124          ,  0.1870614872208,  0.0            
        70,  2.218          ,  0.1835973856056,  0.0            
        71,  2.312          ,  0.1801332839904,  0.0            
        72,  2.406          ,  0.1766691823752,  0.0            
        73,  0.292          ,  0.3417913593664,  0.0            
        74,  0.384          ,  0.3371725572128,  0.0            
        75,  0.476          ,  0.3325537550592,  0.0            
        76,  0.568          ,  0.3279349529056,  0.0            
        77,  0.66           ,  0.323316150752 ,  0.0            
        78,  0.752          ,  0.3186973485984,  0.0            
        79,  0.844          ,  0.3140785464448,  0.0            
        80,  0.936          ,  0.3094597442912,  0.0            
        81,  1.028          ,  0.3048409421376,  0.0            
        82,  1.12           ,  0.300222139984 ,  0.0            
        83,  1.212          ,  0.2956033378304,  0.0            
        84,  1.304          ,  0.2909845356768,  0.0            
        85,  1.396          ,  0.2863657335232,  0.0            
        86,  1.488          ,  0.2817469313696,  0.0            
        87,  1.58           ,  0.277128129216 ,  0.0            
        88,  1.672          ,  0.2725093270624,  0.0            
        89,  1.764          ,  0.2678905249088,  0.0            
        90,  1.856          ,  0.2632717227552,  0.0            
        91,  1.948          ,  0.2586529206016,  0.0            
        92,  2.04           ,  0.254034118448 ,  0.0            
        93,  2.132          ,  0.2494153162944,  0.0            
        94,  2.224          ,  0.2447965141408,  0.0            
        95,  2.316          ,  0.2401777119872,  0.0            
        96,  2.408          ,  0.2355589098336,  0.0            
        97,  0.34           ,  0.427239199208 ,  0.0            
        98,  0.43           ,  0.421465696516 ,  0.0            
        99,  0.52           ,  0.415692193824 ,  0.0            
       100,  0.61           ,  0.409918691132 ,  0.0            
       101,  0.7            ,  0.40414518844  ,  0.0            
       102,  0.79           ,  0.398371685748 ,  0.0            
       103,  0.88           ,  0.392598183056 ,  0.0            
       104,  0.97           ,  0.386824680364 ,  0.0            
       105,  1.06           ,  0.381051177672 ,  0.0            
       106,  1.15           ,  0.37527767498  ,  0.0            
       107,  1.24           ,  0.369504172288 ,  0.0            
       108,  1.33           ,  0.363730669596 ,  0.0            
       109,  1.42           ,  0.357957166904 ,  0.0            
       110,  1.51           ,  0.352183664212 ,  0.0            
       111,  1.6            ,  0.34641016152  ,  0.0            
       112,  1.69           ,  0.340636658828 ,  0.0            
       113,  1.78           ,  0.334863156136 ,  0.0            
       114,  1.87           ,  0.329089653444 ,  0.0            
       115,  1.96           ,  0.323316150752 ,  0.0            
       116,  2.05           ,  0.31754264806  ,  0.0            
       117,  2.14           ,  0.311769145368 ,  0.0            
       118,  2.23           ,  0.305995642676 ,  0.0            
       119,  2.32           ,  0.300222139984 ,  0.0            
       120,  2.41           ,  0.294448637292 ,  0.0            
       121,  0.388          ,  0.5126870390496,  0.0            
       122,  0.476          ,  0.5057588358192,  0.0            
       123,  0.564          ,  0.4988306325888,  0.0            
       124,  0.652          ,  0.4919024293584,  0.0            
       125,  0.74           ,  0.484974226128 ,  0.0            
       126,  0.828          ,  0.4780460228976,  0.0            
       127,  0.916          ,  0.4711178196672,  0.0            
       128,  1.004          ,  0.4641896164368,  0.0            
       129,  1.092          ,  0.4572614132064,  0.0            
       130,  1.18           ,  0.450333209976 ,  0.0            
       131,  1.268          ,  0.4434050067456,  0.0            
       132,  1.356          ,  0.4364768035152,  0.0            
       133,  1.444          ,  0.4295486002848,  0.0            
       134,  1.532          ,  0.4226203970544,  0.0            
       135,  1.62           ,  0.415692193824 ,  0.0            
       136,  1.708          ,  0.4087639905936,  0.0            
       137,  1.796          ,  0.4018357873632,  0.0            
       138,  1.884          ,  0.3949075841328,  0.0            
       139,  1.972          ,  0.3879793809024,  0.0            
       140,  2.06           ,  0.381051177672 ,  0.0            
       141,  2.148          ,  0.3741229744416,  0.0            
       142,  2.236          ,  0.3671947712112,  0.0            
       143,  2.324          ,  0.3602665679808,  0.0            
       144,  2.412          ,  0.3533383647504,  0.0            
       145,  0.436          ,  0.5981348788912,  0.0            
       146,  0.522          ,  0.5900519751224,  0.0            
       147,  0.608          ,  0.5819690713536,  0.0            
       148,  0.694          ,  0.5738861675848,  0.0            
       149,  0.78           ,  0.565803263816 ,  0.0            
       150,  0.866          ,  0.5577203600472,  0.0            
       151,  0.952          ,  0.5496374562784,  0.0            
       152,  1.038          ,  0.5415545525096,  0.0            
       153,  1.124          ,  0.5334716487408,  0.0            
       154,  1.21           ,  0.525388744972 ,  0.0            
       155,  1.296          ,  0.5173058412032,  0.0            
       156,  1.382          ,  0.5092229374344,  0.0            
       157,  1.468          ,  0.5011400336656,  0.0            
       158,  1.554          ,  0.4930571298968,  0.0            
       159,  1.64           ,  0.484974226128 ,  0.0            
       160,  1.726          ,  0.4768913223592,  0.0            
       161,  1.812          ,  0.4688084185904,  0.0            
       162,  1.898          ,  0.4607255148216,  0.0            
       163,  1.984          ,  0.4526426110528,  0.0            
       164,  2.07           ,  0.444559707284 ,  0.0            
       165,  2.156          ,  0.4364768035152,  0.0            
       166,  2.242          ,  0.4283938997464,  0.0            
       167,  2.328          ,  0.4203109959776,  0.0            
       168,  2.414          ,  0.4122280922088,  0.0            
       169,  0.484          ,  0.6835827187328,  0.0            
       170,  0.568          ,  0.6743451144256,  0.0            
       171,  0.652          ,  0.6651075101184,  0.0            
       172,  0.736          ,  0.6558699058112,  0.0            
       173,  0.82           ,  0.646632301504 ,  0.0            
       174,  0.904          ,  0.6373946971968,  0.0            
       175,  0.988          ,  0.6281570928896,  0.0            
       176,  1.072          ,  0.6189194885824,  0.0            
       177,  1.156          ,  0.6096818842752,  0.0            
       178,  1.24           ,  0.600444279968 ,  0.0            
       179,  1.324          ,  0.5912066756608,  0.0            
       180,  1.408          ,  0.5819690713536,  0.0            
       181,  1.492          ,  0.5727314670464,  0.0            
       182,  1.576          ,  0.5634938627392,  0.0            
       183,  1.66           ,  0.554256258432 ,  0.0            
       184,  1.744          ,  0.5450186541248,  0.0            
       185,  1.828          ,  0.5357810498176,  0.0            
       186,  1.912          ,  0.5265434455104,  0.0            
       187,  1.996          ,  0.5173058412032,  0.0            
       188,  2.08           ,  0.508068236896 ,  0.0            
       189,  2.164          ,  0.4988306325888,  0.0            
       190,  2.248          ,  0.4895930282816,  0.0            
       191,  2.332          ,  0.4803554239744,  0.0            
       192,  2.416          ,  0.4711178196672,  0.0            
       193,  0.532          ,  0.7690305585744,  0.0            
       194,  0.614          ,  0.7586382537288,  0.0            
       195,  0.696          ,  0.7482459488832,  0.0            
       196,  0.778          ,  0.7378536440376,  0.0            
       197,  0.86           ,  0.727461339192 ,  0.0            
       198,  0.942          ,  0.7170690343464,  0.0            
       199,  1.024          ,  0.7066767295008,  0.0            
       200,  1.106          ,  0.6962844246552,  0.0            
       201,  1.188          ,  0.6858921198096,  0.0            
       202,  1.27           ,  0.675499814964 ,  0.0            
       203,  1.352          ,  0.6651075101184,  0.0            
       204,  1.434          ,  0.6547152052728,  0.0            
       205,  1.516          ,  0.6443229004272,  0.0            
       206,  1.598          ,  0.6339305955816,  0.0            
       207,  1.68           ,  0.623538290736 ,  0.0            
       208,  1.762          ,  0.6131459858904,  0.0            
       209,  1.844          ,  0.6027536810448,  0.0            
       210,  1.926          ,  0.5923613761992,  0.0            
       211,  2.008          ,  0.5819690713536,  0.0            
       212,  2.09           ,  0.571576766508 ,  0.0            
       213,  2.172          ,  0.5611844616624,  0.0            
       214,  2.254          ,  0.5507921568168,  0.0            
       215,  2.336          ,  0.5403998519712,  0.0            
       216,  2.418          ,  0.5300075471256,  0.0            
       217,  0.58           ,  0.854478398416 ,  0.0            
       218,  0.66           ,  0.842931393032 ,  0.0            
       219,  0.74           ,  0.831384387648 ,  0.0            
       220,  0.82           ,  0.819837382264 ,  0.0            
       221,  0.9            ,  0.80829037688  ,  0.0            
       222,  0.98           ,  0.796743371496 ,  0.0            
       223,  1.06           ,  0.785196366112 ,  0.0            
       224,  1.14           ,  0.773649360728 ,  0.0            
       225,  1.22           ,  0.762102355344 ,  0.0            
       226,  1.3            ,  0.75055534996  ,  0.0            
       227,  1.38           ,  0.739008344576 ,  0.0            
       228,  1.46           ,  0.727461339192 ,  0.0            
       229,  1.54           ,  0.715914333808 ,  0.0            
       230,  1.62           ,  0.704367328424 ,  0.0            
       231,  1.7            ,  0.69282032304  ,  0.0            
       232,  1.78           ,  0.681273317656 ,  0.0            
       233,  1.86           ,  0.669726312272 ,  0.0            
       234,  1.94           ,  0.658179306888 ,  0.0            
       235,  2.02           ,  0.646632301504 ,  0.0            
       236,  2.1            ,  0.63508529612  ,  0.0            
       237,  2.18           ,  0.623538290736 ,  0.0            
       238,  2.26           ,  0.611991285352 ,  0.0            
       239,  2.34           ,  0.600444279968 ,  0.0            
       240,  2.42           ,  0.588897274584 ,  0.0            
       241,  0.628          ,  0.9399262382576,  0.0            
       242,  0.706          ,  0.9272245323352,  0.0            
       243,  0.784          ,  0.9145228264128,  0.0            
       244,  0.862          ,  0.9018211204904,  0.0            
       245,  0.94           ,  0.889119414568 ,  0.0            
       246,  1.018          ,  0.8764177086456,  0.0            
       247,  1.096          ,  0.8637160027232,  0.0            
       248,  1.174          ,  0.8510142968008,  0.0            
       249,  1.252          ,  0.8383125908784,  0.0            
       250,  1.33           ,  0.825610884956 ,  0.0            
       251,  1.408          ,  0.8129091790336,  0.0            
       252,  1.486          ,  0.8002074731112,  0.0            
       253,  1.564          ,  0.7875057671888,  0.0            
       254,  1.642          ,  0.7748040612664,  0.0            
       255,  1.72           ,  0.762102355344 ,  0.0            
       256,  1.798          ,  0.7494006494216,  0.0            
       257,  1.876          ,  0.7366989434992,  0.0            
       258,  1.954          ,  0.7239972375768,  0.0            
       259,  2.032          ,  0.7112955316544,  0.0            
       260,  2.11           ,  0.698593825732 ,  0.0            
       261,  2.188          ,  0.6858921198096,  0.0            
       262,  2.266          ,  0.6731904138872,  0.0            
       263,  2.344          ,  0.6604887079648,  0.0            
       264,  2.422          ,  0.6477870020424,  0.0            
       265,  0.676          ,  1.0253740780992,  0.0            
       266,  0.752          ,  1.0115176716384,  0.0            
       267,  0.828          ,  0.9976612651776,  0.0            
       268,  0.904          ,  0.9838048587168,  0.0            
       269,  0.98           ,  0.969948452256 ,  0.0            
       270,  1.056          ,  0.9560920457952,  0.0            
       271,  1.132          ,  0.9422356393344,  0.0            
       272,  1.208          ,  0.9283792328736,  0.0            
       273,  1.284          ,  0.9145228264128,  0.0            
       274,  1.36           ,  0.900666419952 ,  0.0            
       275,  1.436          ,  0.8868100134912,  0.0            
       276,  1.512          ,  0.8729536070304,  0.0            
       277,  1.588          ,  0.8590972005696,  0.0            
       278,  1.664          ,  0.8452407941088,  0.0            
       279,  1.74           ,  0.831384387648 ,  0.0            
       280,  1.816          ,  0.8175279811872,  0.0            
       281,  1.892          ,  0.8036715747264,  0.0            
       282,  1.968          ,  0.7898151682656,  0.0            
       283,  2.044          ,  0.7759587618048,  0.0            
       284,  2.12           ,  0.762102355344 ,  0.0            
       285,  2.196          ,  0.7482459488832,  0.0            
       286,  2.272          ,  0.7343895424224,  0.0            
       287,  2.348          ,  0.7205331359616,  0.0            
       288,  2.424          ,  0.7066767295008,  0.0            
       289,  0.724          ,  1.1108219179408,  0.0            
       290,  0.798          ,  1.0958108109416,  0.0            
       291,  0.872          ,  1.0807997039424,  0.0            
       292,  0.946          ,  1.0657885969432,  0.0            
       293,  1.02           ,  1.050777489944 ,  0.0            
       294,  1.094          ,  1.0357663829448,  0.0            
       295,  1.168          ,  1.0207552759456,  0.0            
       296,  1.242          ,  1.0057441689464,  0.0            
       297,  1.316          ,  0.9907330619472,  0.0            
       298,  1.39           ,  0.975721954948 ,  0.0            
       299,  1.464          ,  0.9607108479488,  0.0            
       300,  1.538          ,  0.9456997409496,  0.0            
       301,  1.612          ,  0.9306886339504,  0.0            
       302,  1.686          ,  0.9156775269512,  0.0            
       303,  1.76           ,  0.900666419952 ,  0.0            
       304,  1.834          ,  0.8856553129528,  0.0            
       305,  1.908          ,  0.8706442059536,  0.0            
       306,  1.982          ,  0.8556330989544,  0.0            
       307,  2.056          ,  0.8406219919552,  0.0            
       308,  2.13           ,  0.825610884956 ,  0.0            
       309,  2.204          ,  0.8105997779568,  0.0            
       310,  2.278          ,  0.7955886709576,  0.0            
       311,  2.352          ,  0.7805775639584,  0.0            
       312,  2.426          ,  0.7655664569592,  0.0            
       313,  0.772          ,  1.1962697577824,  0.0            
       314,  0.844          ,  1.1801039502448,  0.0            
       315,  0.916          ,  1.1639381427072,  0.0            
       316,  0.988          ,  1.1477723351696,  0.0            
       317,  1.06           ,  1.131606527632 ,  0.0            
       318,  1.132          ,  1.1154407200944,  0.0            
       319,  1.204          ,  1.0992749125568,  0.0            
       320,  1.276          ,  1.0831091050192,  0.0            
       321,  1.348          ,  1.0669432974816,  0.0            
       322,  1.42           ,  1.050777489944 ,  0.0            
       323,  1.492          ,  1.0346116824064,  0.0            
       324,  1.564          ,  1.0184458748688,  0.0            
       325,  1.636          ,  1.0022800673312,  0.0            
       326,  1.708          ,  0.9861142597936,  0.0            
       327,  1.78           ,  0.969948452256 ,  0.0            
       328,  1.852          ,  0.9537826447184,  0.0            
       329,  1.924          ,  0.9376168371808,  0.0            
       330,  1.996          ,  0.9214510296432,  0.0            
       331,  2.068          ,  0.9052852221056,  0.0            
       332,  2.14           ,  0.889119414568 ,  0.0            
       333,  2.212          ,  0.8729536070304,  0.0            
       334,  2.284          ,  0.8567877994928,  0.0            
       335,  2.356          ,  0.8406219919552,  0.0            
       336,  2.428          ,  0.8244561844176,  0.0            
       337,  0.82           ,  1.281717597624 ,  0.0            
       338,  0.89           ,  1.264397089548 ,  0.0            
       339,  0.96           ,  1.247076581472 ,  0.0            
       340,  1.03           ,  1.229756073396 ,  0.0            
       341,  1.1            ,  1.21243556532  ,  0.0            
       342,  1.17           ,  1.195115057244 ,  0.0            
       343,  1.24           ,  1.177794549168 ,  0.0            
       344,  1.31           ,  1.160474041092 ,  0.0            
       345,  1.38           ,  1.143153533016 ,  0.0            
       346,  1.45           ,  1.12583302494  ,  0.0            
       347,  1.52           ,  1.108512516864 ,  0.0            
       348,  1.59           ,  1.091192008788 ,  0.0            
       349,  1.66           ,  1.073871500712 ,  0.0            
       350,  1.73           ,  1.056550992636 ,  0.0            
       351,  1.8            ,  1.03923048456  ,  0.0            
       352,  1.87           ,  1.021909976484 ,  0.0            
       353,  1.94           ,  1.004589468408 ,  0.0            
       354,  2.01           ,  0.987268960332 ,  0.0            
       355,  2.08           ,  0.969948452256 ,  0.0            
       356,  2.15           ,  0.95262794418  ,  0.0            
       357,  2.22           ,  0.935307436104 ,  0.0            
       358,  2.29           ,  0.917986928028 ,  0.0            
       359,  2.36           ,  0.900666419952 ,  0.0            
       360,  2.43           ,  0.883345911876 ,  0.0            
       361,  0.868          ,  1.3671654374656,  0.0            
       362,  0.936          ,  1.3486902288512,  0.0            
       363,  1.004          ,  1.3302150202368,  0.0            
       364,  1.072          ,  1.3117398116224,  0.0            
       365,  1.14           ,  1.293264603008 ,  0.0            
       366,  1.208          ,  1.2747893943936,  0.0            
       367,  1.276          ,  1.2563141857792,  0.0            
       368,  1.344          ,  1.2378389771648,  0.0            
       369,  1.412          ,  1.2193637685504,  0.0            
       370,  1.48           ,  1.200888559936 ,  0.0            
       371,  1.548          ,  1.1824133513216,  0.0            
       372,  1.616          ,  1.1639381427072,  0.0            
       373,  1.684          ,  1.1454629340928,  0.0            
       374,  1.752          ,  1.1269877254784,  0.0            
       375,  1.82           ,  1.108512516864 ,  0.0            
       376,  1.888          ,  1.0900373082496,  0.0            
       377,  1.956          ,  1.0715620996352,  0.0            
       378,  2.024          ,  1.0530868910208,  0.0            
       379,  2.092          ,  1.0346116824064,  0.0            
       380,  2.16           ,  1.016136473792 ,  0.0            
       381,  2.228          ,  0.9976612651776,  0.0            
       382,  2.296          ,  0.9791860565632,  0.0            
       383,  2.364          ,  0.9607108479488,  0.0            
       384,  2.432          ,  0.9422356393344,  0.0            
       385,  0.916          ,  1.4526132773072,  0.0            
       386,  0.982          ,  1.4329833681544,  0.0            
       387,  1.048          ,  1.4133534590016,  0.0            
       388,  1.114          ,  1.3937235498488,  0.0            
       389,  1.18           ,  1.374093640696 ,  0.0            
       390,  1.246          ,  1.3544637315432,  0.0            
       391,  1.312          ,  1.3348338223904,  0.0            
       392,  1.378          ,  1.3152039132376,  0.0            
       393,  1.444          ,  1.2955740040848,  0.0            
       394,  1.51           ,  1.275944094932 ,  0.0            
       395,  1.576          ,  1.2563141857792,  0.0            
       396,  1.642          ,  1.2366842766264,  0.0            
       397,  1.708          ,  1.2170543674736,  0.0            
       398,  1.774          ,  1.1974244583208,  0.0            
       399,  1.84           ,  1.177794549168 ,  0.0            
       400,  1.906          ,  1.1581646400152,  0.0            
       401,  1.972          ,  1.1385347308624,  0.0            
       402,  2.038          ,  1.1189048217096,  0.0            
       403,  2.104          ,  1.0992749125568,  0.0            
       404,  2.17           ,  1.079645003404 ,  0.0            
       405,  2.236          ,  1.0600150942512,  0.0            
       406,  2.302          ,  1.0403851850984,  0.0            
       407,  2.368          ,  1.0207552759456,  0.0            
       408,  2.434          ,  1.0011253667928,  0.0            
       409,  0.964          ,  1.5380611171488,  0.0            
       410,  1.028          ,  1.5172765074576,  0.0            
       411,  1.092          ,  1.4964918977664,  0.0            
       412,  1.156          ,  1.4757072880752,  0.0            
       413,  1.22           ,  1.454922678384 ,  0.0            
       414,  1.284          ,  1.4341380686928,  0.0            
       415,  1.348          ,  1.4133534590016,  0.0            
       416,  1.412          ,  1.3925688493104,  0.0            
       417,  1.476          ,  1.3717842396192,  0.0            
       418,  1.54           ,  1.350999629928 ,  0.0            
       419,  1.604          ,  1.3302150202368,  0.0            
       420,  1.668          ,  1.3094304105456,  0.0            
       421,  1.732          ,  1.2886458008544,  0.0            
       422,  1.796          ,  1.2678611911632,  0.0            
       423,  1.86           ,  1.247076581472 ,  0.0            
       424,  1.924          ,  1.2262919717808,  0.0            
       425,  1.988          ,  1.2055073620896,  0.0            
       426,  2.052          ,  1.1847227523984,  0.0            
       427,  2.116          ,  1.1639381427072,  0.0            
       428,  2.18           ,  1.143153533016 ,  0.0            
       429,  2.244          ,  1.1223689233248,  0.0            
       430,  2.308          ,  1.1015843136336,  0.0            
       431,  2.372          ,  1.0807997039424,  0.0            
       432,  2.436          ,  1.0600150942512,  0.0            
       433,  1.012          ,  1.6235089569904,  0.0            
       434,  1.074          ,  1.6015696467608,  0.0            
       435,  1.136          ,  1.5796303365312,  0.0            
       436,  1.198          ,  1.5576910263016,  0.0            
       437,  1.26           ,  1.535751716072 ,  0.0            
       438,  1.322          ,  1.5138124058424,  0.0            
       439,  1.384          ,  1.4918730956128,  0.0            
       440,  1.446          ,  1.4699337853832,  0.0            
       441,  1.508          ,  1.4479944751536,  0.0            
       442,  1.57           ,  1.426055164924 ,  0.0            
       443,  1.632          ,  1.4041158546944,  0.0            
       444,  1.694          ,  1.3821765444648,  0.0            
       445,  1.756          ,  1.3602372342352,  0.0            
       446,  1.818          ,  1.3382979240056,  0.0            
       447,  1.88           ,  1.316358613776 ,  0.0            
       448,  1.942          ,  1.2944193035464,  0.0            
       449,  2.004          ,  1.2724799933168,  0.0            
       450,  2.066          ,  1.2505406830872,  0.0            
       451,  2.128          ,  1.2286013728576,  0.0            
       452,  2.19           ,  1.206662062628 ,  0.0            
       453,  2.252          ,  1.1847227523984,  0.0            
       454,  2.314          ,  1.1627834421688,  0.0            
       455,  2.376          ,  1.1408441319392,  0.0            
       456,  2.438          ,  1.1189048217096,  0.0            
       457,  1.06           ,  1.708956796832 ,  0.0            
       458,  1.12           ,  1.685862786064 ,  0.0            
       459,  1.18           ,  1.662768775296 ,  0.0            
       460,  1.24           ,  1.639674764528 ,  0.0            
       461,  1.3            ,  1.61658075376  ,  0.0            
       462,  1.36           ,  1.593486742992 ,  0.0            
       463,  1.42           ,  1.570392732224 ,  0.0            
       464,  1.48           ,  1.547298721456 ,  0.0            
       465,  1.54           ,  1.524204710688 ,  0.0            
       466,  1.6            ,  1.50111069992  ,  0.0            
       467,  1.66           ,  1.478016689152 ,  0.0            
       468,  1.72           ,  1.454922678384 ,  0.0            
       469,  1.78           ,  1.431828667616 ,  0.0            
       470,  1.84           ,  1.408734656848 ,  0.0            
       471,  1.9            ,  1.38564064608  ,  0.0            
       472,  1.96           ,  1.362546635312 ,  0.0            
       473,  2.02           ,  1.339452624544 ,  0.0            
       474,  2.08           ,  1.316358613776 ,  0.0            
       475,  2.14           ,  1.293264603008 ,  0.0            
       476,  2.2            ,  1.27017059224  ,  0.0            
       477,  2.26           ,  1.247076581472 ,  0.0            
       478,  2.32           ,  1.223982570704 ,  0.0            
       479,  2.38           ,  1.200888559936 ,  0.0            
       480,  2.44           ,  1.177794549168 ,  0.0            
       481,  1.108          ,  1.7944046366736,  0.0            
       482,  1.166          ,  1.7701559253672,  0.0            
       483,  1.224          ,  1.7459072140608,  0.0            
       484,  1.282          ,  1.7216585027544,  0.0            
       485,  1.34           ,  1.697409791448 ,  0.0            
       486,  1.398          ,  1.6731610801416,  0.0            
       487,  1.456          ,  1.6489123688352,  0.0            
       488,  1.514          ,  1.6246636575288,  0.0            
       489,  1.572          ,  1.6004149462224,  0.0            
       490,  1.63           ,  1.576166234916 ,  0.0            
       491,  1.688          ,  1.5519175236096,  0.0            
       492,  1.746          ,  1.5276688123032,  0.0            
       493,  1.804          ,  1.5034201009968,  0.0            
       494,  1.862          ,  1.4791713896904,  0.0            
       495,  1.92           ,  1.454922678384 ,  0.0            
       496,  1.978          ,  1.4306739670776,  0.0            
       497,  2.036          ,  1.4064252557712,  0.0            
       498,  2.094          ,  1.3821765444648,  0.0            
       499,  2.152          ,  1.3579278331584,  0.0            
       500,  2.21           ,  1.333679121852 ,  0.0            
       501,  2.268          ,  1.3094304105456,  0.0            
       502,  2.326          ,  1.2851816992392,  0.0            
       503,  2.384          ,  1.2609329879328,  0.0            
       504,  2.442          ,  1.2366842766264,  0.0            
       505,  1.156          ,  1.8798524765152,  0.0            
       506,  1.212          ,  1.8544490646704,  0.0            
       507,  1.268          ,  1.8290456528256,  0.0            
       508,  1.324          ,  1.8036422409808,  0.0            
       509,  1.38           ,  1.778238829136 ,  0.0            
       510,  1.436          ,  1.7528354172912,  0.0            
       511,  1.492          ,  1.7274320054464,  0.0            
       512,  1.548          ,  1.7020285936016,  0.0            
       513,  1.604          ,  1.6766251817568,  0.0            
       514,  1.66           ,  1.651221769912 ,  0.0            
       515,  1.716          ,  1.6258183580672,  0.0            
       516,  1.772          ,  1.6004149462224,  0.0            
       517,  1.828          ,  1.5750115343776,  0.0            
       518,  1.884          ,  1.5496081225328,  0.0            
       519,  1.94           ,  1.524204710688 ,  0.0            
       520,  1.996          ,  1.4988012988432,  0.0            
       521,  2.052          ,  1.4733978869984,  0.0            
       522,  2.108          ,  1.4479944751536,  0.0            
       523,  2.164          ,  1.4225910633088,  0.0            
       524,  2.22           ,  1.397187651464 ,  0.0            
       525,  2.276          ,  1.3717842396192,  0.0            
       526,  2.332          ,  1.3463808277744,  0.0            
       527,  2.388          ,  1.3209774159296,  0.0            
       528,  2.444          ,  1.2955740040848,  0.0            
       529,  1.204          ,  1.9653003163568,  0.0            
       530,  1.258          ,  1.9387422039736,  0.0            
       531,  1.312          ,  1.9121840915904,  0.0            
       532,  1.366          ,  1.8856259792072,  0.0            
       533,  1.42           ,  1.859067866824 ,  0.0            
       534,  1.474          ,  1.8325097544408,  0.0            
       535,  1.528          ,  1.8059516420576,  0.0            
       536,  1.582          ,  1.7793935296744,  0.0            
       537,  1.636          ,  1.7528354172912,  0.0            
       538,  1.69           ,  1.726277304908 ,  0.0            
       539,  1.744          ,  1.6997191925248,  0.0            
       540,  1.798          ,  1.6731610801416,  0.0            
       541,  1.852          ,  1.6466029677584,  0.0            
       542,  1.906          ,  1.6200448553752,  0.0            
       543,  1.96           ,  1.593486742992 ,  0.0            
       544,  2.014          ,  1.5669286306088,  0.0            
       545,  2.068          ,  1.5403705182256,  0.0            
       546,  2.122          ,  1.5138124058424,  0.0            
       547,  2.176          ,  1.4872542934592,  0.0            
       548,  2.23           ,  1.460696181076 ,  0.0            
       549,  2.284          ,  1.4341380686928,  0.0            
       550,  2.338          ,  1.4075799563096,  0.0            
       551,  2.392          ,  1.3810218439264,  0.0            
       552,  2.446          ,  1.3544637315432,  0.0            
       553,  1.252          ,  2.0507481561984,  0.0            
       554,  1.304          ,  2.0230353432768,  0.0            
       555,  1.356          ,  1.9953225303552,  0.0            
       556,  1.408          ,  1.9676097174336,  0.0            
       557,  1.46           ,  1.939896904512 ,  0.0            
       558,  1.512          ,  1.9121840915904,  0.0            
       559,  1.564          ,  1.8844712786688,  0.0            
       560,  1.616          ,  1.8567584657472,  0.0            
       561,  1.668          ,  1.8290456528256,  0.0            
       562,  1.72           ,  1.801332839904 ,  0.0            
       563,  1.772          ,  1.7736200269824,  0.0            
       564,  1.824          ,  1.7459072140608,  0.0            
       565,  1.876          ,  1.7181944011392,  0.0            
       566,  1.928          ,  1.6904815882176,  0.0            
       567,  1.98           ,  1.662768775296 ,  0.0            
       568,  2.032          ,  1.6350559623744,  0.0            
       569,  2.084          ,  1.6073431494528,  0.0            
       570,  2.136          ,  1.5796303365312,  0.0            
       571,  2.188          ,  1.5519175236096,  0.0            
       572,  2.24           ,  1.524204710688 ,  0.0            
       573,  2.292          ,  1.4964918977664,  0.0            
       574,  2.344          ,  1.4687790848448,  0.0            
       575,  2.396          ,  1.4410662719232,  0.0            
       576,  2.448          ,  1.4133534590016,  0.0            
       577,  4.852          ,  0.0854478398416,  0.0            
       578,  4.804          ,  0.1708956796832,  0.0            
       579,  4.756          ,  0.2563435195248,  0.0            
       580,  4.708          ,  0.3417913593664,  0.0            
       581,  4.66           ,  0.427239199208 ,  0.0            
       582,  4.612          ,  0.5126870390496,  0.0            
       583,  4.564          ,  0.5981348788912,  0.0            
       584,  4.516          ,  0.6835827187328,  0.0            
       585,  4.468          ,  0.7690305585744,  0.0            
       586,  4.42           ,  0.854478398416 ,  0.0            
       587,  4.372          ,  0.9399262382576,  0.0            
       588,  4.324          ,  1.0253740780992,  0.0            
       589,  4.276          ,  1.1108219179408,  0.0            
       590,  4.228          ,  1.1962697577824,  0.0            
       591,  4.18           ,  1.281717597624 ,  0.0            
       592,  4.132          ,  1.3671654374656,  0.0            
       593,  4.084          ,  1.4526132773072,  0.0            
       594,  4.036          ,  1.5380611171488,  0.0            
       595,  3.988          ,  1.6235089569904,  0.0            
       596,  3.94           ,  1.708956796832 ,  0.0            
       597,  3.892          ,  1.7944046366736,  0.0            
       598,  3.844          ,  1.8798524765152,  0.0            
       599,  3.796          ,  1.9653003163568,  0.0            
       600,  3.748          ,  2.0507481561984,  0.0            
       601,  4.754          ,  0.0842931393032,  0.0            
       602,  4.708          ,  0.1685862786064,  0.0            
       603,  4.662          ,  0.2528794179096,  0.0            
       604,  4.616          ,  0.3371725572128,  0.0            
       605,  4.57           ,  0.421465696516 ,  0.0            
       606,  4.524          ,  0.5057588358192,  0.0            
       607,  4.478          ,  0.5900519751224,  0.0            
       608,  4.432          ,  0.6743451144256,  0.0            
       609,  4.386          ,  0.7586382537288,  0.0            
       610,  4.34           ,  0.842931393032 ,  0.0            
       611,  4.294          ,  0.9272245323352,  0.0            
       612,  4.248          ,  1.0115176716384,  0.0            
       613,  4.202          ,  1.0958108109416,  0.0            
       614,  4.156          ,  1.1801039502448,  0.0            
       615,  4.11           ,  1.264397089548 ,  0.0            
       616,  4.064          ,  1.3486902288512,  0.0            
       617,  4.018          ,  1.4329833681544,  0.0            
       618,  3.972          ,  1.5172765074576,  0.0            
       619,  3.926          ,  1.6015696467608,  0.0            
       620,  3.88           ,  1.685862786064 ,  0.0            
       621,  3.834          ,  1.7701559253672,  0.0            
       622,  3.788          ,  1.8544490646704,  0.0            
       623,  3.742          ,  1.9387422039736,  0.0            
       624,  3.696          ,  2.0230353432768,  0.0            
       625,  4.656          ,  0.0831384387648,  0.0            
       626,  4.612          ,  0.1662768775296,  0.0            
       627,  4.568          ,  0.2494153162944,  0.0            
       628,  4.524          ,  0.3325537550592,  0.0            
       629,  4.48           ,  0.415692193824 ,  0.0            
       630,  4.436          ,  0.4988306325888,  0.0            
       631,  4.392          ,  0.5819690713536,  0.0            
       632,  4.348          ,  0.6651075101184,  0.0            
       633,  4.304          ,  0.7482459488832,  0.0            
       634,  4.26           ,  0.831384387648 ,  0.0            
       635,  4.216          ,  0.9145228264128,  0.0            
       636,  4.172          ,  0.9976612651776,  0.0            
       637,  4.128          ,  1.0807997039424,  0.0            
       638,  4.084          ,  1.1639381427072,  0.0            
       639,  4.04           ,  1.247076581472 ,  0.0            
       640,  3.996          ,  1.3302150202368,  0.0            
       641,  3.952          ,  1.4133534590016,  0.0            
       642,  3.908          ,  1.4964918977664,  0.0            
       643,  3.864          ,  1.5796303365312,  0.0            
       644,  3.82           ,  1.662768775296 ,  0.0            
       645,  3.776          ,  1.7459072140608,  0.0            
       646,  3.732          ,  1.8290456528256,  0.0            
       647,  3.688          ,  1.9121840915904,  0.0            
       648,  3.644          ,  1.9953225303552,  0.0            
       649,  4.558          ,  0.0819837382264,  0.0            
       650,  4.516          ,  0.1639674764528,  0.0            
       651,  4.474          ,  0.2459512146792,  0.0            
       652,  4.432          ,  0.3279349529056,  0.0            
       653,  4.39           ,  0.409918691132 ,  0.0            
       654,  4.348          ,  0.4919024293584,  0.0            
       655,  4.306          ,  0.5738861675848,  0.0            
       656,  4.264          ,  0.6558699058112,  0.0            
       657,  4.222          ,  0.7378536440376,  0.0            
       658,  4.18           ,  0.819837382264 ,  0.0            
       659,  4.138          ,  0.9018211204904,  0.0            
       660,  4.096          ,  0.9838048587168,  0.0            
       661,  4.054          ,  1.0657885969432,  0.0            
       662,  4.012          ,  1.1477723351696,  0.0            
       663,  3.97           ,  1.229756073396 ,  0.0            
       664,  3.928          ,  1.3117398116224,  0.0            
       665,  3.886          ,  1.3937235498488,  0.0            
       666,  3.844          ,  1.4757072880752,  0.0            
       667,  3.802          ,  1.5576910263016,  0.0            
       668,  3.76           ,  1.639674764528 ,  0.0            
       669,  3.718          ,  1.7216585027544,  0.0            
       670,  3.676          ,  1.8036422409808,  0.0            
       671,  3.634          ,  1.8856259792072,  0.0            
       672,  3.592          ,  1.9676097174336,  0.0            
       673,  4.46           ,  0.080829037688 ,  0.0            
       674,  4.42           ,  0.161658075376 ,  0.0            
       675,  4.38           ,  0.242487113064 ,  0.0            
       676,  4.34           ,  0.323316150752 ,  0.0            
       677,  4.3            ,  0.40414518844  ,  0.0            
       678,  4.26           ,  0.484974226128 ,  0.0            
       679,  4.22           ,  0.565803263816 ,  0.0            
       680,  4.18           ,  0.646632301504 ,  0.0            
       681,  4.14           ,  0.727461339192 ,  0.0            
       682,  4.1            ,  0.80829037688  ,  0.0            
       683,  4.06           ,  0.889119414568 ,  0.0            
       684,  4.02           ,  0.969948452256 ,  0.0            
       685,  3.98           ,  1.050777489944 ,  0.0            
       686,  3.94           ,  1.131606527632 ,  0.0            
       687,  3.9            ,  1.21243556532  ,  0.0            
       688,  3.86           ,  1.293264603008 ,  0.0            
       689,  3.82           ,  1.374093640696 ,  0.0            
       690,  3.78           ,  1.454922678384 ,  0.0            
       691,  3.74           ,  1.535751716072 ,  0.0            
       692,  3.7            ,  1.61658075376  ,  0.0            
       693,  3.66           ,  1.697409791448 ,  0.0            
       694,  3.62           ,  1.778238829136 ,  0.0            
       695,  3.58           ,  1.859067866824 ,  0.0            
       696,  3.54           ,  1.939896904512 ,  0.0            
       697,  4.362          ,  0.0796743371496,  0.0            
       698,  4.324          ,  0.1593486742992,  0.0            
       699,  4.286          ,  0.2390230114488,  0.0            
       700,  4.248          ,  0.3186973485984,  0.0            
       701,  4.21           ,  0.398371685748 ,  0.0            
       702,  4.172          ,  0.4780460228976,  0.0            
       703,  4.134          ,  0.5577203600472,  0.0            
       704,  4.096          ,  0.6373946971968,  0.0            
       705,  4.058          ,  0.7170690343464,  0.0            
       706,  4.02           ,  0.796743371496 ,  0.0            
       707,  3.982          ,  0.8764177086456,  0.0            
       708,  3.944          ,  0.9560920457952,  0.0            
       709,  3.906          ,  1.0357663829448,  0.0            
       710,  3.868          ,  1.1154407200944,  0.0            
       711,  3.83           ,  1.195115057244 ,  0.0            
       712,  3.792          ,  1.2747893943936,  0.0            
       713,  3.754          ,  1.3544637315432,  0.0            
       714,  3.716          ,  1.4341380686928,  0.0            
       715,  3.678          ,  1.5138124058424,  0.0            
       716,  3.64           ,  1.593486742992 ,  0.0            
       717,  3.602          ,  1.6731610801416,  0.0            
       718,  3.564          ,  1.7528354172912,  0.0            
       719,  3.526          ,  1.8325097544408,  0.0            
       720,  3.488          ,  1.9121840915904,  0.0            
       721,  4.264          ,  0.0785196366112,  0.0            
       722,  4.228          ,  0.1570392732224,  0.0            
       723,  4.192          ,  0.2355589098336,  0.0            
       724,  4.156          ,  0.3140785464448,  0.0            
       725,  4.12           ,  0.392598183056 ,  0.0            
       726,  4.084          ,  0.4711178196672,  0.0            
       727,  4.048          ,  0.5496374562784,  0.0            
       728,  4.012          ,  0.6281570928896,  0.0            
       729,  3.976          ,  0.7066767295008,  0.0            
       730,  3.94           ,  0.785196366112 ,  0.0            
       731,  3.904          ,  0.8637160027232,  0.0            
       732,  3.868          ,  0.9422356393344,  0.0            
       733,  3.832          ,  1.0207552759456,  0.0            
       734,  3.796          ,  1.0992749125568,  0.0            
       735,  3.76           ,  1.177794549168 ,  0.0            
       736,  3.724          ,  1.2563141857792,  0.0            
       737,  3.688          ,  1.3348338223904,  0.0            
       738,  3.652          ,  1.4133534590016,  0.0            
       739,  3.616          ,  1.4918730956128,  0.0            
       740,  3.58           ,  1.570392732224 ,  0.0            
       741,  3.544          ,  1.6489123688352,  0.0            
       742,  3.508          ,  1.7274320054464,  0.0            
       743,  3.472          ,  1.8059516420576,  0.0            
       744,  3.436          ,  1.8844712786688,  0.0            
       745,  4.166          ,  0.0773649360728,  0.0            
       746,  4.132          ,  0.1547298721456,  0.0            
       747,  4.098          ,  0.2320948082184,  0.0            
       748,  4.064          ,  0.3094597442912,  0.0            
       749,  4.03           ,  0.386824680364 ,  0.0            
       750,  3.996          ,  0.4641896164368,  0.0            
       751,  3.962          ,  0.5415545525096,  0.0            
       752,  3.928          ,  0.6189194885824,  0.0            
       753,  3.894          ,  0.6962844246552,  0.0            
       754,  3.86           ,  0.773649360728 ,  0.0            
       755,  3.826          ,  0.8510142968008,  0.0            
       756,  3.792          ,  0.9283792328736,  0.0            
       757,  3.758          ,  1.0057441689464,  0.0            
       758,  3.724          ,  1.0831091050192,  0.0            
       759,  3.69           ,  1.160474041092 ,  0.0            
       760,  3.656          ,  1.2378389771648,  0.0            
       761,  3.622          ,  1.3152039132376,  0.0            
       762,  3.588          ,  1.3925688493104,  0.0            
       763,  3.554          ,  1.4699337853832,  0.0            
       764,  3.52           ,  1.547298721456 ,  0.0            
       765,  3.486          ,  1.6246636575288,  0.0            
       766,  3.452          ,  1.7020285936016,  0.0            
       767,  3.418          ,  1.7793935296744,  0.0            
       768,  3.384          ,  1.8567584657472,  0.0            
       769,  4.068          ,  0.0762102355344,  0.0            
       770,  4.036          ,  0.1524204710688,  0.0            
       771,  4.004          ,  0.2286307066032,  0.0            
       772,  3.972          ,  0.3048409421376,  0.0            
       773,  3.94           ,  0.381051177672 ,  0.0            
       774,  3.908          ,  0.4572614132064,  0.0            
       775,  3.876          ,  0.5334716487408,  0.0            
       776,  3.844          ,  0.6096818842752,  0.0            
       777,  3.812          ,  0.6858921198096,  0.0            
       778,  3.78           ,  0.762102355344 ,  0.0            
       779,  3.748          ,  0.8383125908784,  0.0            
       780,  3.716          ,  0.9145228264128,  0.0            
       781,  3.684          ,  0.9907330619472,  0.0            
       782,  3.652          ,  1.0669432974816,  0.0            
       783,  3.62           ,  1.143153533016 ,  0.0            
       784,  3.588          ,  1.2193637685504,  0.0            
       785,  3.556          ,  1.2955740040848,  0.0            
       786,  3.524          ,  1.3717842396192,  0.0            
       787,  3.492          ,  1.4479944751536,  0.0            
       788,  3.46           ,  1.524204710688 ,  0.0            
       789,  3.428          ,  1.6004149462224,  0.0            
       790,  3.396          ,  1.6766251817568,  0.0            
       791,  3.364          ,  1.7528354172912,  0.0            
       792,  3.332          ,  1.8290456528256,  0.0            
       793,  3.97           ,  0.075055534996 ,  0.0            
       794,  3.94           ,  0.150111069992 ,  0.0            
       795,  3.91           ,  0.225166604988 ,  0.0            
       796,  3.88           ,  0.300222139984 ,  0.0            
       797,  3.85           ,  0.37527767498  ,  0.0            
       798,  3.82           ,  0.450333209976 ,  0.0            
       799,  3.79           ,  0.525388744972 ,  0.0            
       800,  3.76           ,  0.600444279968 ,  0.0            
       801,  3.73           ,  0.675499814964 ,  0.0            
       802,  3.7            ,  0.75055534996  ,  0.0            
       803,  3.67           ,  0.825610884956 ,  0.0            
       804,  3.64           ,  0.900666419952 ,  0.0            
       805,  3.61           ,  0.975721954948 ,  0.0            
       806,  3.58           ,  1.050777489944 ,  0.0            
       807,  3.55           ,  1.12583302494  ,  0.0            
       808,  3.52           ,  1.200888559936 ,  0.0            
       809,  3.49           ,  1.275944094932 ,  0.0            
       810,  3.46           ,  1.350999629928 ,  0.0            
       811,  3.43           ,  1.426055164924 ,  0.0            
       812,  3.4            ,  1.50111069992  ,  0.0            
       813,  3.37           ,  1.576166234916 ,  0.0            
       814,  3.34           ,  1.651221769912 ,  0.0            
       815,  3.31           ,  1.726277304908 ,  0.0            
       816,  3.28           ,  1.801332839904 ,  0.0            
       817,  3.872          ,  0.0739008344576,  0.0            
       818,  3.844          ,  0.1478016689152,  0.0            
       819,  3.816          ,  0.2217025033728,  0.0            
       820,  3.788          ,  0.2956033378304,  0.0            
       821,  3.76           ,  0.369504172288 ,  0.0            
       822,  3.732          ,  0.4434050067456,  0.0            
       823,  3.704          ,  0.5173058412032,  0.0            
       824,  3.676          ,  0.5912066756608,  0.0            
       825,  3.648          ,  0.6651075101184,  0.0            
       826,  3.62           ,  0.739008344576 ,  0.0            
       827,  3.592          ,  0.8129091790336,  0.0            
       828,  3.564          ,  0.8868100134912,  0.0            
       829,  3.536          ,  0.9607108479488,  0.0            
       830,  3.508          ,  1.0346116824064,  0.0            
       831,  3.48           ,  1.108512516864 ,  0.0            
       832,  3.452          ,  1.1824133513216,  0.0            
       833,  3.424          ,  1.2563141857792,  0.0            
       834,  3.396          ,  1.3302150202368,  0.0            
       835,  3.368          ,  1.4041158546944,  0.0            
       836,  3.34           ,  1.478016689152 ,  0.0            
       837,  3.312          ,  1.5519175236096,  0.0            
       838,  3.284          ,  1.6258183580672,  0.0            
       839,  3.256          ,  1.6997191925248,  0.0            
       840,  3.228          ,  1.7736200269824,  0.0            
       841,  3.774          ,  0.0727461339192,  0.0            
       842,  3.748          ,  0.1454922678384,  0.0            
       843,  3.722          ,  0.2182384017576,  0.0            
       844,  3.696          ,  0.2909845356768,  0.0            
       845,  3.67           ,  0.363730669596 ,  0.0            
       846,  3.644          ,  0.4364768035152,  0.0            
       847,  3.618          ,  0.5092229374344,  0.0            
       848,  3.592          ,  0.5819690713536,  0.0            
       849,  3.566          ,  0.6547152052728,  0.0            
       850,  3.54           ,  0.727461339192 ,  0.0            
       851,  3.514          ,  0.8002074731112,  0.0            
       852,  3.488          ,  0.8729536070304,  0.0            
       853,  3.462          ,  0.9456997409496,  0.0            
       854,  3.436          ,  1.0184458748688,  0.0            
       855,  3.41           ,  1.091192008788 ,  0.0            
       856,  3.384          ,  1.1639381427072,  0.0            
       857,  3.358          ,  1.2366842766264,  0.0            
       858,  3.332          ,  1.3094304105456,  0.0            
       859,  3.306          ,  1.3821765444648,  0.0            
       860,  3.28           ,  1.454922678384 ,  0.0            
       861,  3.254          ,  1.5276688123032,  0.0            
       862,  3.228          ,  1.6004149462224,  0.0            
       863,  3.202          ,  1.6731610801416,  0.0            
       864,  3.176          ,  1.7459072140608,  0.0            
       865,  3.676          ,  0.0715914333808,  0.0            
       866,  3.652          ,  0.1431828667616,  0.0            
       867,  3.628          ,  0.2147743001424,  0.0            
       868,  3.604          ,  0.2863657335232,  0.0            
       869,  3.58           ,  0.357957166904 ,  0.0            
       870,  3.556          ,  0.4295486002848,  0.0            
       871,  3.532          ,  0.5011400336656,  0.0            
       872,  3.508          ,  0.5727314670464,  0.0            
       873,  3.484          ,  0.6443229004272,  0.0            
       874,  3.46           ,  0.715914333808 ,  0.0            
       875,  3.436          ,  0.7875057671888,  0.0            
       876,  3.412          ,  0.8590972005696,  0.0            
       877,  3.388          ,  0.9306886339504,  0.0            
       878,  3.364          ,  1.0022800673312,  0.0            
       879,  3.34           ,  1.073871500712 ,  0.0            
       880,  3.316          ,  1.1454629340928,  0.0            
       881,  3.292          ,  1.2170543674736,  0.0            
       882,  3.268          ,  1.2886458008544,  0.0            
       883,  3.244          ,  1.3602372342352,  0.0            
       884,  3.22           ,  1.431828667616 ,  0.0            
       885,  3.196          ,  1.5034201009968,  0.0            
       886,  3.172          ,  1.5750115343776,  0.0            
       887,  3.148          ,  1.6466029677584,  0.0            
       888,  3.124          ,  1.7181944011392,  0.0            
       889,  3.578          ,  0.0704367328424,  0.0            
       890,  3.556          ,  0.1408734656848,  0.0            
       891,  3.534          ,  0.2113101985272,  0.0            
       892,  3.512          ,  0.2817469313696,  0.0            
       893,  3.49           ,  0.352183664212 ,  0.0            
       894,  3.468          ,  0.4226203970544,  0.0            
       895,  3.446          ,  0.4930571298968,  0.0            
       896,  3.424          ,  0.5634938627392,  0.0            
       897,  3.402          ,  0.6339305955816,  0.0            
       898,  3.38           ,  0.704367328424 ,  0.0            
       899,  3.358          ,  0.7748040612664,  0.0            
       900,  3.336          ,  0.8452407941088,  0.0            
       901,  3.314          ,  0.9156775269512,  0.0            
       902,  3.292          ,  0.9861142597936,  0.0            
       903,  3.27           ,  1.056550992636 ,  0.0            
       904,  3.248          ,  1.1269877254784,  0.0            
       905,  3.226          ,  1.1974244583208,  0.0            
       906,  3.204          ,  1.2678611911632,  0.0            
       907,  3.182          ,  1.3382979240056,  0.0            
       908,  3.16           ,  1.408734656848 ,  0.0            
       909,  3.138          ,  1.4791713896904,  0.0            
       910,  3.116          ,  1.5496081225328,  0.0            
       911,  3.094          ,  1.6200448553752,  0.0            
       912,  3.072          ,  1.6904815882176,  0.0            
       913,  3.48           ,  0.069282032304 ,  0.0            
       914,  3.46           ,  0.138564064608 ,  0.0            
       915,  3.44           ,  0.207846096912 ,  0.0            
       916,  3.42           ,  0.277128129216 ,  0.0            
       917,  3.4            ,  0.34641016152  ,  0.0            
       918,  3.38           ,  0.415692193824 ,  0.0            
       919,  3.36           ,  0.484974226128 ,  0.0            
       920,  3.34           ,  0.554256258432 ,  0.0            
       921,  3.32           ,  0.623538290736 ,  0.0            
       922,  3.3            ,  0.69282032304  ,  0.0            
       923,  3.28           ,  0.762102355344 ,  0.0            
       924,  3.26           ,  0.831384387648 ,  0.0            
       925,  3.24           ,  0.900666419952 ,  0.0            
       926,  3.22           ,  0.969948452256 ,  0.0            
       927,  3.2            ,  1.03923048456  ,  0.0            
       928,  3.18           ,  1.108512516864 ,  0.0            
       929,  3.16           ,  1.177794549168 ,  0.0            
       930,  3.14           ,  1.247076581472 ,  0.0            
       931,  3.12           ,  1.316358613776 ,  0.0            
       932,  3.1            ,  1.38564064608  ,  0.0            
       933,  3.08           ,  1.454922678384 ,  0.0            
       934,  3.06           ,  1.524204710688 ,  0.0            
       935,  3.04           ,  1.593486742992 ,  0.0            
       936,  3.02           ,  1.662768775296 ,  0.0            
       937,  3.382          ,  0.0681273317656,  0.0            
       938,  3.364          ,  0.1362546635312,  0.0            
       939,  3.346          ,  0.2043819952968,  0.0            
       940,  3.328          ,  0.2725093270624,  0.0            
       941,  3.31           ,  0.340636658828 ,  0.0            
       942,  3.292          ,  0.4087639905936,  0.0            
       943,  3.274          ,  0.4768913223592,  0.0            
       944,  3.256          ,  0.5450186541248,  0.0            
       945,  3.238          ,  0.6131459858904,  0.0            
       946,  3.22           ,  0.681273317656 ,  0.0            
       947,  3.202          ,  0.7494006494216,  0.0            
       948,  3.184          ,  0.8175279811872,  0.0            
       949,  3.166          ,  0.8856553129528,  0.0            
       950,  3.148          ,  0.9537826447184,  0.0            
       951,  3.13           ,  1.021909976484 ,  0.0            
       952,  3.112          ,  1.0900373082496,  0.0            
       953,  3.094          ,  1.1581646400152,  0.0            
       954,  3.076          ,  1.2262919717808,  0.0            
       955,  3.058          ,  1.2944193035464,  0.0            
       956,  3.04           ,  1.362546635312 ,  0.0            
       957,  3.022          ,  1.4306739670776,  0.0            
       958,  3.004          ,  1.4988012988432,  0.0            
       959,  2.986          ,  1.5669286306088,  0.0            
       960,  2.968          ,  1.6350559623744,  0.0            
       961,  3.284          ,  0.0669726312272,  0.0            
       962,  3.268          ,  0.1339452624544,  0.0            
       963,  3.252          ,  0.2009178936816,  0.0            
       964,  3.236          ,  0.2678905249088,  0.0            
       965,  3.22           ,  0.334863156136 ,  0.0            
       966,  3.204          ,  0.4018357873632,  0.0            
       967,  3.188          ,  0.4688084185904,  0.0            
       968,  3.172          ,  0.5357810498176,  0.0            
       969,  3.156          ,  0.6027536810448,  0.0            
       970,  3.14           ,  0.669726312272 ,  0.0            
       971,  3.124          ,  0.7366989434992,  0.0            
       972,  3.108          ,  0.8036715747264,  0.0            
       973,  3.092          ,  0.8706442059536,  0.0            
       974,  3.076          ,  0.9376168371808,  0.0            
       975,  3.06           ,  1.004589468408 ,  0.0            
       976,  3.044          ,  1.0715620996352,  0.0            
       977,  3.028          ,  1.1385347308624,  0.0            
       978,  3.012          ,  1.2055073620896,  0.0            
       979,  2.996          ,  1.2724799933168,  0.0            
       980,  2.98           ,  1.339452624544 ,  0.0            
       981,  2.964          ,  1.4064252557712,  0.0            
       982,  2.948          ,  1.4733978869984,  0.0            
       983,  2.932          ,  1.5403705182256,  0.0            
       984,  2.916          ,  1.6073431494528,  0.0            
       985,  3.186          ,  0.0658179306888,  0.0            
       986,  3.172          ,  0.1316358613776,  0.0            
       987,  3.158          ,  0.1974537920664,  0.0            
       988,  3.144          ,  0.2632717227552,  0.0            
       989,  3.13           ,  0.329089653444 ,  0.0            
       990,  3.116          ,  0.3949075841328,  0.0            
       991,  3.102          ,  0.4607255148216,  0.0            
       992,  3.088          ,  0.5265434455104,  0.0            
       993,  3.074          ,  0.5923613761992,  0.0            
       994,  3.06           ,  0.658179306888 ,  0.0            
       995,  3.046          ,  0.7239972375768,  0.0            
       996,  3.032          ,  0.7898151682656,  0.0            
       997,  3.018          ,  0.8556330989544,  0.0            
       998,  3.004          ,  0.9214510296432,  0.0            
       999,  2.99           ,  0.987268960332 ,  0.0            
      1000,  2.976          ,  1.0530868910208,  0.0            
      1001,  2.962          ,  1.1189048217096,  0.0            
      1002,  2.948          ,  1.1847227523984,  0.0            
      1003,  2.934          ,  1.2505406830872,  0.0            
      1004,  2.92           ,  1.316358613776 ,  0.0            
      1005,  2.906          ,  1.3821765444648,  0.0            
      1006,  2.892          ,  1.4479944751536,  0.0            
      1007,  2.878          ,  1.5138124058424,  0.0            
      1008,  2.864          ,  1.5796303365312,  0.0            
      1009,  3.088          ,  0.0646632301504,  0.0            
      1010,  3.076          ,  0.1293264603008,  0.0            
      1011,  3.064          ,  0.1939896904512,  0.0            
      1012,  3.052          ,  0.2586529206016,  0.0            
      1013,  3.04           ,  0.323316150752 ,  0.0            
      1014,  3.028          ,  0.3879793809024,  0.0            
      1015,  3.016          ,  0.4526426110528,  0.0            
      1016,  3.004          ,  0.5173058412032,  0.0            
      1017,  2.992          ,  0.5819690713536,  0.0            
      1018,  2.98           ,  0.646632301504 ,  0.0            
      1019,  2.968          ,  0.7112955316544,  0.0            
      1020,  2.956          ,  0.7759587618048,  0.0            
      1021,  2.944          ,  0.8406219919552,  0.0            
      1022,  2.932          ,  0.9052852221056,  0.0            
      1023,  2.92           ,  0.969948452256 ,  0.0            
      1024,  2.908          ,  1.0346116824064,  0.0            
      1025,  2.896          ,  1.0992749125568,  0.0            
      1026,  2.884          ,  1.1639381427072,  0.0            
      1027,  2.872          ,  1.2286013728576,  0.0            
      1028,  2.86           ,  1.293264603008 ,  0.0            
      1029,  2.848          ,  1.3579278331584,  0.0            
      1030,  2.836          ,  1.4225910633088,  0.0            
      1031,  2.824          ,  1.4872542934592,  0.0            
      1032,  2.812          ,  1.5519175236096,  0.0            
      1033,  2.99           ,  0.063508529612 ,  0.0            
      1034,  2.98           ,  0.127017059224 ,  0.0            
      1035,  2.97           ,  0.190525588836 ,  0.0            
      1036,  2.96           ,  0.254034118448 ,  0.0            
      1037,  2.95           ,  0.31754264806  ,  0.0            
      1038,  2.94           ,  0.381051177672 ,  0.0            
      1039,  2.93           ,  0.444559707284 ,  0.0            
      1040,  2.92           ,  0.508068236896 ,  0.0            
      1041,  2.91           ,  0.571576766508 ,  0.0            
      1042,  2.9            ,  0.63508529612  ,  0.0            
      1043,  2.89           ,  0.698593825732 ,  0.0            
      1044,  2.88           ,  0.762102355344 ,  0.0            
      1045,  2.87           ,  0.825610884956 ,  0.0            
      1046,  2.86           ,  0.889119414568 ,  0.0            
      1047,  2.85           ,  0.95262794418  ,  0.0            
      1048,  2.84           ,  1.016136473792 ,  0.0            
      1049,  2.83           ,  1.079645003404 ,  0.0            
      1050,  2.82           ,  1.143153533016 ,  0.0            
      1051,  2.81           ,  1.206662062628 ,  0.0            
      1052,  2.8            ,  1.27017059224  ,  0.0            
      1053,  2.79           ,  1.333679121852 ,  0.0            
      1054,  2.78           ,  1.397187651464 ,  0.0            
      1055,  2.77           ,  1.460696181076 ,  0.0            
      1056,  2.76           ,  1.524204710688 ,  0.0            
      1057,  2.892          ,  0.0623538290736,  0.0            
      1058,  2.884          ,  0.1247076581472,  0.0            
      1059,  2.876          ,  0.1870614872208,  0.0            
      1060,  2.868          ,  0.2494153162944,  0.0            
      1061,  2.86           ,  0.311769145368 ,  0.0            
      1062,  2.852          ,  0.3741229744416,  0.0            
      1063,  2.844          ,  0.4364768035152,  0.0            
      1064,  2.836          ,  0.4988306325888,  0.0            
      1065,  2.828          ,  0.5611844616624,  0.0            
      1066,  2.82           ,  0.623538290736 ,  0.0            
      1067,  2.812          ,  0.6858921198096,  0.0            
      1068,  2.804          ,  0.7482459488832,  0.0            
      1069,  2.796          ,  0.8105997779568,  0.0            
      1070,  2.788          ,  0.8729536070304,  0.0            
      1071,  2.78           ,  0.935307436104 ,  0.0            
      1072,  2.772          ,  0.9976612651776,  0.0            
      1073,  2.764          ,  1.0600150942512,  0.0            
      1074,  2.756          ,  1.1223689233248,  0.0            
      1075,  2.748          ,  1.1847227523984,  0.0            
      1076,  2.74           ,  1.247076581472 ,  0.0            
      1077,  2.732          ,  1.3094304105456,  0.0            
      1078,  2.724          ,  1.3717842396192,  0.0            
      1079,  2.716          ,  1.4341380686928,  0.0            
      1080,  2.708          ,  1.4964918977664,  0.0            
      1081,  2.794          ,  0.0611991285352,  0.0            
      1082,  2.788          ,  0.1223982570704,  0.0            
      1083,  2.782          ,  0.1835973856056,  0.0            
      1084,  2.776          ,  0.2447965141408,  0.0            
      1085,  2.77           ,  0.305995642676 ,  0.0            
      1086,  2.764          ,  0.3671947712112,  0.0            
      1087,  2.758          ,  0.4283938997464,  0.0            
      1088,  2.752          ,  0.4895930282816,  0.0            
      1089,  2.746          ,  0.5507921568168,  0.0            
      1090,  2.74           ,  0.611991285352 ,  0.0            
      1091,  2.734          ,  0.6731904138872,  0.0            
      1092,  2.728          ,  0.7343895424224,  0.0            
      1093,  2.722          ,  0.7955886709576,  0.0            
      1094,  2.716          ,  0.8567877994928,  0.0            
      1095,  2.71           ,  0.917986928028 ,  0.0            
      1096,  2.704          ,  0.9791860565632,  0.0            
      1097,  2.698          ,  1.0403851850984,  0.0            
      1098,  2.692          ,  1.1015843136336,  0.0            
      1099,  2.686          ,  1.1627834421688,  0.0            
      1100,  2.68           ,  1.223982570704 ,  0.0            
      1101,  2.674          ,  1.2851816992392,  0.0            
      1102,  2.668          ,  1.3463808277744,  0.0            
      1103,  2.662          ,  1.4075799563096,  0.0            
      1104,  2.656          ,  1.4687790848448,  0.0            
      1105,  2.696          ,  0.0600444279968,  0.0            
      1106,  2.692          ,  0.1200888559936,  0.0            
      1107,  2.688          ,  0.1801332839904,  0.0            
      1108,  2.684          ,  0.2401777119872,  0.0            
      1109,  2.68           ,  0.300222139984 ,  0.0            
      1110,  2.676          ,  0.3602665679808,  0.0            
      1111,  2.672          ,  0.4203109959776,  0.0            
      1112,  2.668          ,  0.4803554239744,  0.0            
      1113,  2.664          ,  0.5403998519712,  0.0            
      1114,  2.66           ,  0.600444279968 ,  0.0            
      1115,  2.656          ,  0.6604887079648,  0.0            
      1116,  2.652          ,  0.7205331359616,  0.0            
      1117,  2.648          ,  0.7805775639584,  0.0            
      1118,  2.644          ,  0.8406219919552,  0.0            
      1119,  2.64           ,  0.900666419952 ,  0.0            
      1120,  2.636          ,  0.9607108479488,  0.0            
      1121,  2.632          ,  1.0207552759456,  0.0            
      1122,  2.628          ,  1.0807997039424,  0.0            
      1123,  2.624          ,  1.1408441319392,  0.0            
      1124,  2.62           ,  1.200888559936 ,  0.0            
      1125,  2.616          ,  1.2609329879328,  0.0            
      1126,  2.612          ,  1.3209774159296,  0.0            
      1127,  2.608          ,  1.3810218439264,  0.0            
      1128,  2.604          ,  1.4410662719232,  0.0            
      1129,  2.598          ,  0.0588897274584,  0.0            
      1130,  2.596          ,  0.1177794549168,  0.0            
      1131,  2.594          ,  0.1766691823752,  0.0            
      1132,  2.592          ,  0.2355589098336,  0.0            
      1133,  2.59           ,  0.294448637292 ,  0.0            
      1134,  2.588          ,  0.3533383647504,  0.0            
      1135,  2.586          ,  0.4122280922088,  0.0            
      1136,  2.584          ,  0.4711178196672,  0.0            
      1137,  2.582          ,  0.5300075471256,  0.0            
      1138,  2.58           ,  0.588897274584 ,  0.0            
      1139,  2.578          ,  0.6477870020424,  0.0            
      1140,  2.576          ,  0.7066767295008,  0.0            
      1141,  2.574          ,  0.7655664569592,  0.0            
      1142,  2.572          ,  0.8244561844176,  0.0            
      1143,  2.57           ,  0.883345911876 ,  0.0            
      1144,  2.568          ,  0.9422356393344,  0.0            
      1145,  2.566          ,  1.0011253667928,  0.0            
      1146,  2.564          ,  1.0600150942512,  0.0            
      1147,  2.562          ,  1.1189048217096,  0.0            
      1148,  2.56           ,  1.177794549168 ,  0.0            
      1149,  2.558          ,  1.2366842766264,  0.0            
      1150,  2.556          ,  1.2955740040848,  0.0            
      1151,  2.554          ,  1.3544637315432,  0.0            
      1152,  2.552          ,  1.4133534590016,  0.0            
      1153,  2.5            ,  0.05773502692  ,  0.0            
      1154,  2.5            ,  0.11547005384  ,  0.0            
      1155,  2.5            ,  0.17320508076  ,  0.0            
      1156,  2.5            ,  0.23094010768  ,  0.0            
      1157,  2.5            ,  0.2886751346   ,  0.0            
      1158,  2.5            ,  0.34641016152  ,  0.0            
      1159,  2.5            ,  0.40414518844  ,  0.0            
      1160,  2.5            ,  0.46188021536  ,  0.0            
      1161,  2.5            ,  0.51961524228  ,  0.0            
      1162,  2.5            ,  0.5773502692   ,  0.0            
      1163,  2.5            ,  0.63508529612  ,  0.0            
      1164,  2.5            ,  0.69282032304  ,  0.0            
      1165,  2.5            ,  0.75055534996  ,  0.0            
      1166,  2.5            ,  0.80829037688  ,  0.0            
      1167,  2.5            ,  0.8660254038   ,  0.0            
      1168,  2.5            ,  0.92376043072  ,  0.0            
      1169,  2.5            ,  0.98149545764  ,  0.0            
      1170,  2.5            ,  1.03923048456  ,  0.0            
      1171,  2.5            ,  1.09696551148  ,  0.0            
      1172,  2.5            ,  1.1547005384   ,  0.0            
      1173,  2.5            ,  1.21243556532  ,  0.0            
      1174,  2.5            ,  1.27017059224  ,  0.0            
      1175,  2.5            ,  1.32790561916  ,  0.0            
      1176,  2.5            ,  1.38564064608  ,  0.0            
      1177,  2.5            ,  4.1592313393168,  0.0            
      1178,  2.45           ,  4.0749382000136,  0.0            
      1179,  2.4            ,  3.9906450607104,  0.0            
      1180,  2.35           ,  3.9063519214072,  0.0            
      1181,  2.3            ,  3.822058782104 ,  0.0            
      1182,  2.25           ,  3.7377656428008,  0.0            
      1183,  2.2            ,  3.6534725034976,  0.0            
      1184,  2.15           ,  3.5691793641944,  0.0            
      1185,  2.1            ,  3.4848862248912,  0.0            
      1186,  2.05           ,  3.400593085588 ,  0.0            
      1187,  2.0            ,  3.3162999462848,  0.0            
      1188,  1.95           ,  3.2320068069816,  0.0            
      1189,  1.9            ,  3.1477136676784,  0.0            
      1190,  1.85           ,  3.0634205283752,  0.0            
      1191,  1.8            ,  2.979127389072 ,  0.0            
      1192,  1.75           ,  2.8948342497688,  0.0            
      1193,  1.7            ,  2.8105411104656,  0.0            
      1194,  1.65           ,  2.7262479711624,  0.0            
      1195,  1.6            ,  2.6419548318592,  0.0            
      1196,  1.55           ,  2.557661692556 ,  0.0            
      1197,  1.5            ,  2.4733685532528,  0.0            
      1198,  1.45           ,  2.3890754139496,  0.0            
      1199,  1.4            ,  2.3047822746464,  0.0            
      1200,  1.35           ,  2.2204891353432,  0.0            
      1201,  2.55           ,  4.0749382000136,  0.0            
      1202,  2.5            ,  3.9929544617872,  0.0            
      1203,  2.45           ,  3.9109707235608,  0.0            
      1204,  2.4            ,  3.8289869853344,  0.0            
      1205,  2.35           ,  3.747003247108 ,  0.0            
      1206,  2.3            ,  3.6650195088816,  0.0            
      1207,  2.25           ,  3.5830357706552,  0.0            
      1208,  2.2            ,  3.5010520324288,  0.0            
      1209,  2.15           ,  3.4190682942024,  0.0            
      1210,  2.1            ,  3.337084555976 ,  0.0            
      1211,  2.05           ,  3.2551008177496,  0.0            
      1212,  2.0            ,  3.1731170795232,  0.0            
      1213,  1.95           ,  3.0911333412968,  0.0            
      1214,  1.9            ,  3.0091496030704,  0.0            
      1215,  1.85           ,  2.927165864844 ,  0.0            
      1216,  1.8            ,  2.8451821266176,  0.0            
      1217,  1.75           ,  2.7631983883912,  0.0            
      1218,  1.7            ,  2.6812146501648,  0.0            
      1219,  1.65           ,  2.5992309119384,  0.0            
      1220,  1.6            ,  2.517247173712 ,  0.0            
      1221,  1.55           ,  2.4352634354856,  0.0            
      1222,  1.5            ,  2.3532796972592,  0.0            
      1223,  1.45           ,  2.2712959590328,  0.0            
      1224,  1.4            ,  2.1893122208064,  0.0            
      1225,  2.6            ,  3.9906450607104,  0.0            
      1226,  2.55           ,  3.9109707235608,  0.0            
      1227,  2.5            ,  3.8312963864112,  0.0            
      1228,  2.45           ,  3.7516220492616,  0.0            
      1229,  2.4            ,  3.671947712112 ,  0.0            
      1230,  2.35           ,  3.5922733749624,  0.0            
      1231,  2.3            ,  3.5125990378128,  0.0            
      1232,  2.25           ,  3.4329247006632,  0.0            
      1233,  2.2            ,  3.3532503635136,  0.0            
      1234,  2.15           ,  3.273576026364 ,  0.0            
      1235,  2.1            ,  3.1939016892144,  0.0            
      1236,  2.05           ,  3.1142273520648,  0.0            
      1237,  2.0            ,  3.0345530149152,  0.0            
      1238,  1.95           ,  2.9548786777656,  0.0            
      1239,  1.9            ,  2.875204340616 ,  0.0            
      1240,  1.85           ,  2.7955300034664,  0.0            
      1241,  1.8            ,  2.7158556663168,  0.0            
      1242,  1.75           ,  2.6361813291672,  0.0            
      1243,  1.7            ,  2.5565069920176,  0.0            
      1244,  1.65           ,  2.476832654868 ,  0.0            
      1245,  1.6            ,  2.3971583177184,  0.0            
      1246,  1.55           ,  2.3174839805688,  0.0            
      1247,  1.5            ,  2.2378096434192,  0.0            
      1248,  1.45           ,  2.1581353062696,  0.0            
      1249,  2.65           ,  3.9063519214072,  0.0            
      1250,  2.6            ,  3.8289869853344,  0.0            
      1251,  2.55           ,  3.7516220492616,  0.0            
      1252,  2.5            ,  3.6742571131888,  0.0            
      1253,  2.45           ,  3.596892177116 ,  0.0            
      1254,  2.4            ,  3.5195272410432,  0.0            
      1255,  2.35           ,  3.4421623049704,  0.0            
      1256,  2.3            ,  3.3647973688976,  0.0            
      1257,  2.25           ,  3.2874324328248,  0.0            
      1258,  2.2            ,  3.210067496752 ,  0.0            
      1259,  2.15           ,  3.1327025606792,  0.0            
      1260,  2.1            ,  3.0553376246064,  0.0            
      1261,  2.05           ,  2.9779726885336,  0.0            
      1262,  2.0            ,  2.9006077524608,  0.0            
      1263,  1.95           ,  2.823242816388 ,  0.0            
      1264,  1.9            ,  2.7458778803152,  0.0            
      1265,  1.85           ,  2.6685129442424,  0.0            
      1266,  1.8            ,  2.5911480081696,  0.0            
      1267,  1.75           ,  2.5137830720968,  0.0            
      1268,  1.7            ,  2.436418136024 ,  0.0            
      1269,  1.65           ,  2.3590531999512,  0.0            
      1270,  1.6            ,  2.2816882638784,  0.0            
      1271,  1.55           ,  2.2043233278056,  0.0            
      1272,  1.5            ,  2.1269583917328,  0.0            
      1273,  2.7            ,  3.822058782104 ,  0.0            
      1274,  2.65           ,  3.747003247108 ,  0.0            
      1275,  2.6            ,  3.671947712112 ,  0.0            
      1276,  2.55           ,  3.596892177116 ,  0.0            
      1277,  2.5            ,  3.52183664212  ,  0.0            
      1278,  2.45           ,  3.446781107124 ,  0.0            
      1279,  2.4            ,  3.371725572128 ,  0.0            
      1280,  2.35           ,  3.296670037132 ,  0.0            
      1281,  2.3            ,  3.221614502136 ,  0.0            
      1282,  2.25           ,  3.14655896714  ,  0.0            
      1283,  2.2            ,  3.071503432144 ,  0.0            
      1284,  2.15           ,  2.996447897148 ,  0.0            
      1285,  2.1            ,  2.921392362152 ,  0.0            
      1286,  2.05           ,  2.846336827156 ,  0.0            
      1287,  2.0            ,  2.77128129216  ,  0.0            
      1288,  1.95           ,  2.696225757164 ,  0.0            
      1289,  1.9            ,  2.621170222168 ,  0.0            
      1290,  1.85           ,  2.546114687172 ,  0.0            
      1291,  1.8            ,  2.471059152176 ,  0.0            
      1292,  1.75           ,  2.39600361718  ,  0.0            
      1293,  1.7            ,  2.320948082184 ,  0.0            
      1294,  1.65           ,  2.245892547188 ,  0.0            
      1295,  1.6            ,  2.170837012192 ,  0.0            
      1296,  1.55           ,  2.095781477196 ,  0.0            
      1297,  2.75           ,  3.7377656428008,  0.0            
      1298,  2.7            ,  3.6650195088816,  0.0            
      1299,  2.65           ,  3.5922733749624,  0.0            
      1300,  2.6            ,  3.5195272410432,  0.0            
      1301,  2.55           ,  3.446781107124 ,  0.0            
      1302,  2.5            ,  3.3740349732048,  0.0            
      1303,  2.45           ,  3.3012888392856,  0.0            
      1304,  2.4            ,  3.2285427053664,  0.0            
      1305,  2.35           ,  3.1557965714472,  0.0            
      1306,  2.3            ,  3.083050437528 ,  0.0            
      1307,  2.25           ,  3.0103043036088,  0.0            
      1308,  2.2            ,  2.9375581696896,  0.0            
      1309,  2.15           ,  2.8648120357704,  0.0            
      1310,  2.1            ,  2.7920659018512,  0.0            
      1311,  2.05           ,  2.719319767932 ,  0.0            
      1312,  2.0            ,  2.6465736340128,  0.0            
      1313,  1.95           ,  2.5738275000936,  0.0            
      1314,  1.9            ,  2.5010813661744,  0.0            
      1315,  1.85           ,  2.4283352322552,  0.0            
      1316,  1.8            ,  2.355589098336 ,  0.0            
      1317,  1.75           ,  2.2828429644168,  0.0            
      1318,  1.7            ,  2.2100968304976,  0.0            
      1319,  1.65           ,  2.1373506965784,  0.0            
      1320,  1.6            ,  2.0646045626592,  0.0            
      1321,  2.8            ,  3.6534725034976,  0.0            
      1322,  2.75           ,  3.5830357706552,  0.0            
      1323,  2.7            ,  3.5125990378128,  0.0            
      1324,  2.65           ,  3.4421623049704,  0.0            
      1325,  2.6            ,  3.371725572128 ,  0.0            
      1326,  2.55           ,  3.3012888392856,  0.0            
      1327,  2.5            ,  3.2308521064432,  0.0            
      1328,  2.45           ,  3.1604153736008,  0.0            
      1329,  2.4            ,  3.0899786407584,  0.0            
      1330,  2.35           ,  3.019541907916 ,  0.0            
      1331,  2.3            ,  2.9491051750736,  0.0            
      1332,  2.25           ,  2.8786684422312,  0.0            
      1333,  2.2            ,  2.8082317093888,  0.0            
      1334,  2.15           ,  2.7377949765464,  0.0            
      1335,  2.1            ,  2.667358243704 ,  0.0            
      1336,  2.05           ,  2.5969215108616,  0.0            
      1337,  2.0            ,  2.5264847780192,  0.0            
      1338,  1.95           ,  2.4560480451768,  0.0            
      1339,  1.9            ,  2.3856113123344,  0.0            
      1340,  1.85           ,  2.315174579492 ,  0.0            
      1341,  1.8            ,  2.2447378466496,  0.0            
      1342,  1.75           ,  2.1743011138072,  0.0            
      1343,  1.7            ,  2.1038643809648,  0.0            
      1344,  1.65           ,  2.0334276481224,  0.0            
      1345,  2.85           ,  3.5691793641944,  0.0            
      1346,  2.8            ,  3.5010520324288,  0.0            
      1347,  2.75           ,  3.4329247006632,  0.0            
      1348,  2.7            ,  3.3647973688976,  0.0            
      1349,  2.65           ,  3.296670037132 ,  0.0            
      1350,  2.6            ,  3.2285427053664,  0.0            
      1351,  2.55           ,  3.1604153736008,  0.0            
      1352,  2.5            ,  3.0922880418352,  0.0            
      1353,  2.45           ,  3.0241607100696,  0.0            
      1354,  2.4            ,  2.956033378304 ,  0.0            
      1355,  2.35           ,  2.8879060465384,  0.0            
      1356,  2.3            ,  2.8197787147728,  0.0            
      1357,  2.25           ,  2.7516513830072,  0.0            
      1358,  2.2            ,  2.6835240512416,  0.0            
      1359,  2.15           ,  2.615396719476 ,  0.0            
      1360,  2.1            ,  2.5472693877104,  0.0            
      1361,  2.05           ,  2.4791420559448,  0.0            
      1362,  2.0            ,  2.4110147241792,  0.0            
      1363,  1.95           ,  2.3428873924136,  0.0            
      1364,  1.9            ,  2.274760060648 ,  0.0            
      1365,  1.85           ,  2.2066327288824,  0.0            
      1366,  1.8            ,  2.1385053971168,  0.0            
      1367,  1.75           ,  2.0703780653512,  0.0            
      1368,  1.7            ,  2.0022507335856,  0.0            
      1369,  2.9            ,  3.4848862248912,  0.0            
      1370,  2.85           ,  3.4190682942024,  0.0            
      1371,  2.8            ,  3.3532503635136,  0.0            
      1372,  2.75           ,  3.2874324328248,  0.0            
      1373,  2.7            ,  3.221614502136 ,  0.0            
      1374,  2.65           ,  3.1557965714472,  0.0            
      1375,  2.6            ,  3.0899786407584,  0.0            
      1376,  2.55           ,  3.0241607100696,  0.0            
      1377,  2.5            ,  2.9583427793808,  0.0            
      1378,  2.45           ,  2.892524848692 ,  0.0            
      1379,  2.4            ,  2.8267069180032,  0.0            
      1380,  2.35           ,  2.7608889873144,  0.0            
      1381,  2.3            ,  2.6950710566256,  0.0            
      1382,  2.25           ,  2.6292531259368,  0.0            
      1383,  2.2            ,  2.563435195248 ,  0.0            
      1384,  2.15           ,  2.4976172645592,  0.0            
      1385,  2.1            ,  2.4317993338704,  0.0            
      1386,  2.05           ,  2.3659814031816,  0.0            
      1387,  2.0            ,  2.3001634724928,  0.0            
      1388,  1.95           ,  2.234345541804 ,  0.0            
      1389,  1.9            ,  2.1685276111152,  0.0            
      1390,  1.85           ,  2.1027096804264,  0.0            
      1391,  1.8            ,  2.0368917497376,  0.0            
      1392,  1.75           ,  1.9710738190488,  0.0            
      1393,  2.95           ,  3.400593085588 ,  0.0            
      1394,  2.9            ,  3.337084555976 ,  0.0            
      1395,  2.85           ,  3.273576026364 ,  0.0            
      1396,  2.8            ,  3.210067496752 ,  0.0            
      1397,  2.75           ,  3.14655896714  ,  0.0            
      1398,  2.7            ,  3.083050437528 ,  0.0            
      1399,  2.65           ,  3.019541907916 ,  0.0            
      1400,  2.6            ,  2.956033378304 ,  0.0            
      1401,  2.55           ,  2.892524848692 ,  0.0            
      1402,  2.5            ,  2.82901631908  ,  0.0            
      1403,  2.45           ,  2.765507789468 ,  0.0            
      1404,  2.4            ,  2.701999259856 ,  0.0            
      1405,  2.35           ,  2.638490730244 ,  0.0            
      1406,  2.3            ,  2.574982200632 ,  0.0            
      1407,  2.25           ,  2.51147367102  ,  0.0            
      1408,  2.2            ,  2.447965141408 ,  0.0            
      1409,  2.15           ,  2.384456611796 ,  0.0            
      1410,  2.1            ,  2.320948082184 ,  0.0            
      1411,  2.05           ,  2.257439552572 ,  0.0            
      1412,  2.0            ,  2.19393102296  ,  0.0            
      1413,  1.95           ,  2.130422493348 ,  0.0            
      1414,  1.9            ,  2.066913963736 ,  0.0            
      1415,  1.85           ,  2.003405434124 ,  0.0            
      1416,  1.8            ,  1.939896904512 ,  0.0            
      1417,  3.0            ,  3.3162999462848,  0.0            
      1418,  2.95           ,  3.2551008177496,  0.0            
      1419,  2.9            ,  3.1939016892144,  0.0            
      1420,  2.85           ,  3.1327025606792,  0.0            
      1421,  2.8            ,  3.071503432144 ,  0.0            
      1422,  2.75           ,  3.0103043036088,  0.0            
      1423,  2.7            ,  2.9491051750736,  0.0            
      1424,  2.65           ,  2.8879060465384,  0.0            
      1425,  2.6            ,  2.8267069180032,  0.0            
      1426,  2.55           ,  2.765507789468 ,  0.0            
      1427,  2.5            ,  2.7043086609328,  0.0            
      1428,  2.45           ,  2.6431095323976,  0.0            
      1429,  2.4            ,  2.5819104038624,  0.0            
      1430,  2.35           ,  2.5207112753272,  0.0            
      1431,  2.3            ,  2.459512146792 ,  0.0            
      1432,  2.25           ,  2.3983130182568,  0.0            
      1433,  2.2            ,  2.3371138897216,  0.0            
      1434,  2.15           ,  2.2759147611864,  0.0            
      1435,  2.1            ,  2.2147156326512,  0.0            
      1436,  2.05           ,  2.153516504116 ,  0.0            
      1437,  2.0            ,  2.0923173755808,  0.0            
      1438,  1.95           ,  2.0311182470456,  0.0            
      1439,  1.9            ,  1.9699191185104,  0.0            
      1440,  1.85           ,  1.9087199899752,  0.0            
      1441,  3.05           ,  3.2320068069816,  0.0            
      1442,  3.0            ,  3.1731170795232,  0.0            
      1443,  2.95           ,  3.1142273520648,  0.0            
      1444,  2.9            ,  3.0553376246064,  0.0            
      1445,  2.85           ,  2.996447897148 ,  0.0            
      1446,  2.8            ,  2.9375581696896,  0.0            
      1447,  2.75           ,  2.8786684422312,  0.0            
      1448,  2.7            ,  2.8197787147728,  0.0            
      1449,  2.65           ,  2.7608889873144,  0.0            
      1450,  2.6            ,  2.701999259856 ,  0.0            
      1451,  2.55           ,  2.6431095323976,  0.0            
      1452,  2.5            ,  2.5842198049392,  0.0            
      1453,  2.45           ,  2.5253300774808,  0.0            
      1454,  2.4            ,  2.4664403500224,  0.0            
      1455,  2.35           ,  2.407550622564 ,  0.0            
      1456,  2.3            ,  2.3486608951056,  0.0            
      1457,  2.25           ,  2.2897711676472,  0.0            
      1458,  2.2            ,  2.2308814401888,  0.0            
      1459,  2.15           ,  2.1719917127304,  0.0            
      1460,  2.1            ,  2.113101985272 ,  0.0            
      1461,  2.05           ,  2.0542122578136,  0.0            
      1462,  2.0            ,  1.9953225303552,  0.0            
      1463,  1.95           ,  1.9364328028968,  0.0            
      1464,  1.9            ,  1.8775430754384,  0.0            
      1465,  3.1            ,  3.1477136676784,  0.0            
      1466,  3.05           ,  3.0911333412968,  0.0            
      1467,  3.0            ,  3.0345530149152,  0.0            
      1468,  2.95           ,  2.9779726885336,  0.0            
      1469,  2.9            ,  2.921392362152 ,  0.0            
      1470,  2.85           ,  2.8648120357704,  0.0            
      1471,  2.8            ,  2.8082317093888,  0.0            
      1472,  2.75           ,  2.7516513830072,  0.0            
      1473,  2.7            ,  2.6950710566256,  0.0            
      1474,  2.65           ,  2.638490730244 ,  0.0            
      1475,  2.6            ,  2.5819104038624,  0.0            
      1476,  2.55           ,  2.5253300774808,  0.0            
      1477,  2.5            ,  2.4687497510992,  0.0            
      1478,  2.45           ,  2.4121694247176,  0.0            
      1479,  2.4            ,  2.355589098336 ,  0.0            
      1480,  2.35           ,  2.2990087719544,  0.0            
      1481,  2.3            ,  2.2424284455728,  0.0            
      1482,  2.25           ,  2.1858481191912,  0.0            
      1483,  2.2            ,  2.1292677928096,  0.0            
      1484,  2.15           ,  2.072687466428 ,  0.0            
      1485,  2.1            ,  2.0161071400464,  0.0            
      1486,  2.05           ,  1.9595268136648,  0.0            
      1487,  2.0            ,  1.9029464872832,  0.0            
      1488,  1.95           ,  1.8463661609016,  0.0            
      1489,  3.15           ,  3.0634205283752,  0.0            
      1490,  3.1            ,  3.0091496030704,  0.0            
      1491,  3.05           ,  2.9548786777656,  0.0            
      1492,  3.0            ,  2.9006077524608,  0.0            
      1493,  2.95           ,  2.846336827156 ,  0.0            
      1494,  2.9            ,  2.7920659018512,  0.0            
      1495,  2.85           ,  2.7377949765464,  0.0            
      1496,  2.8            ,  2.6835240512416,  0.0            
      1497,  2.75           ,  2.6292531259368,  0.0            
      1498,  2.7            ,  2.574982200632 ,  0.0            
      1499,  2.65           ,  2.5207112753272,  0.0            
      1500,  2.6            ,  2.4664403500224,  0.0            
      1501,  2.55           ,  2.4121694247176,  0.0            
      1502,  2.5            ,  2.3578984994128,  0.0            
      1503,  2.45           ,  2.303627574108 ,  0.0            
      1504,  2.4            ,  2.2493566488032,  0.0            
      1505,  2.35           ,  2.1950857234984,  0.0            
      1506,  2.3            ,  2.1408147981936,  0.0            
      1507,  2.25           ,  2.0865438728888,  0.0            
      1508,  2.2            ,  2.032272947584 ,  0.0            
      1509,  2.15           ,  1.9780020222792,  0.0            
      1510,  2.1            ,  1.9237310969744,  0.0            
      1511,  2.05           ,  1.8694601716696,  0.0            
      1512,  2.0            ,  1.8151892463648,  0.0            
      1513,  3.2            ,  2.979127389072 ,  0.0            
      1514,  3.15           ,  2.927165864844 ,  0.0            
      1515,  3.1            ,  2.875204340616 ,  0.0            
      1516,  3.05           ,  2.823242816388 ,  0.0            
      1517,  3.0            ,  2.77128129216  ,  0.0            
      1518,  2.95           ,  2.719319767932 ,  0.0            
      1519,  2.9            ,  2.667358243704 ,  0.0            
      1520,  2.85           ,  2.615396719476 ,  0.0            
      1521,  2.8            ,  2.563435195248 ,  0.0            
      1522,  2.75           ,  2.51147367102  ,  0.0            
      1523,  2.7            ,  2.459512146792 ,  0.0            
      1524,  2.65           ,  2.407550622564 ,  0.0            
      1525,  2.6            ,  2.355589098336 ,  0.0            
      1526,  2.55           ,  2.303627574108 ,  0.0            
      1527,  2.5            ,  2.25166604988  ,  0.0            
      1528,  2.45           ,  2.199704525652 ,  0.0            
      1529,  2.4            ,  2.147743001424 ,  0.0            
      1530,  2.35           ,  2.095781477196 ,  0.0            
      1531,  2.3            ,  2.043819952968 ,  0.0            
      1532,  2.25           ,  1.99185842874  ,  0.0            
      1533,  2.2            ,  1.939896904512 ,  0.0            
      1534,  2.15           ,  1.887935380284 ,  0.0            
      1535,  2.1            ,  1.835973856056 ,  0.0            
      1536,  2.05           ,  1.784012331828 ,  0.0            
      1537,  3.25           ,  2.8948342497688,  0.0            
      1538,  3.2            ,  2.8451821266176,  0.0            
      1539,  3.15           ,  2.7955300034664,  0.0            
      1540,  3.1            ,  2.7458778803152,  0.0            
      1541,  3.05           ,  2.696225757164 ,  0.0            
      1542,  3.0            ,  2.6465736340128,  0.0            
      1543,  2.95           ,  2.5969215108616,  0.0            
      1544,  2.9            ,  2.5472693877104,  0.0            
      1545,  2.85           ,  2.4976172645592,  0.0            
      1546,  2.8            ,  2.447965141408 ,  0.0            
      1547,  2.75           ,  2.3983130182568,  0.0            
      1548,  2.7            ,  2.3486608951056,  0.0            
      1549,  2.65           ,  2.2990087719544,  0.0            
      1550,  2.6            ,  2.2493566488032,  0.0            
      1551,  2.55           ,  2.199704525652 ,  0.0            
      1552,  2.5            ,  2.1500524025008,  0.0            
      1553,  2.45           ,  2.1004002793496,  0.0            
      1554,  2.4            ,  2.0507481561984,  0.0            
      1555,  2.35           ,  2.0010960330472,  0.0            
      1556,  2.3            ,  1.951443909896 ,  0.0            
      1557,  2.25           ,  1.9017917867448,  0.0            
      1558,  2.2            ,  1.8521396635936,  0.0            
      1559,  2.15           ,  1.8024875404424,  0.0            
      1560,  2.1            ,  1.7528354172912,  0.0            
      1561,  3.3            ,  2.8105411104656,  0.0            
      1562,  3.25           ,  2.7631983883912,  0.0            
      1563,  3.2            ,  2.7158556663168,  0.0            
      1564,  3.15           ,  2.6685129442424,  0.0            
      1565,  3.1            ,  2.621170222168 ,  0.0            
      1566,  3.05           ,  2.5738275000936,  0.0            
      1567,  3.0            ,  2.5264847780192,  0.0            
      1568,  2.95           ,  2.4791420559448,  0.0            
      1569,  2.9            ,  2.4317993338704,  0.0            
      1570,  2.85           ,  2.384456611796 ,  0.0            
      1571,  2.8            ,  2.3371138897216,  0.0            
      1572,  2.75           ,  2.2897711676472,  0.0            
      1573,  2.7            ,  2.2424284455728,  0.0            
      1574,  2.65           ,  2.1950857234984,  0.0            
      1575,  2.6            ,  2.147743001424 ,  0.0            
      1576,  2.55           ,  2.1004002793496,  0.0            
      1577,  2.5            ,  2.0530575572752,  0.0            
      1578,  2.45           ,  2.0057148352008,  0.0            
      1579,  2.4            ,  1.9583721131264,  0.0            
      1580,  2.35           ,  1.911029391052 ,  0.0            
      1581,  2.3            ,  1.8636866689776,  0.0            
      1582,  2.25           ,  1.8163439469032,  0.0            
      1583,  2.2            ,  1.7690012248288,  0.0            
      1584,  2.15           ,  1.7216585027544,  0.0            
      1585,  3.35           ,  2.7262479711624,  0.0            
      1586,  3.3            ,  2.6812146501648,  0.0            
      1587,  3.25           ,  2.6361813291672,  0.0            
      1588,  3.2            ,  2.5911480081696,  0.0            
      1589,  3.15           ,  2.546114687172 ,  0.0            
      1590,  3.1            ,  2.5010813661744,  0.0            
      1591,  3.05           ,  2.4560480451768,  0.0            
      1592,  3.0            ,  2.4110147241792,  0.0            
      1593,  2.95           ,  2.3659814031816,  0.0            
      1594,  2.9            ,  2.320948082184 ,  0.0            
      1595,  2.85           ,  2.2759147611864,  0.0            
      1596,  2.8            ,  2.2308814401888,  0.0            
      1597,  2.75           ,  2.1858481191912,  0.0            
      1598,  2.7            ,  2.1408147981936,  0.0            
      1599,  2.65           ,  2.095781477196 ,  0.0            
      1600,  2.6            ,  2.0507481561984,  0.0            
      1601,  2.55           ,  2.0057148352008,  0.0            
      1602,  2.5            ,  1.9606815142032,  0.0            
      1603,  2.45           ,  1.9156481932056,  0.0            
      1604,  2.4            ,  1.870614872208 ,  0.0            
      1605,  2.35           ,  1.8255815512104,  0.0            
      1606,  2.3            ,  1.7805482302128,  0.0            
      1607,  2.25           ,  1.7355149092152,  0.0            
      1608,  2.2            ,  1.6904815882176,  0.0            
      1609,  3.4            ,  2.6419548318592,  0.0            
      1610,  3.35           ,  2.5992309119384,  0.0            
      1611,  3.3            ,  2.5565069920176,  0.0            
      1612,  3.25           ,  2.5137830720968,  0.0            
      1613,  3.2            ,  2.471059152176 ,  0.0            
      1614,  3.15           ,  2.4283352322552,  0.0            
      1615,  3.1            ,  2.3856113123344,  0.0            
      1616,  3.05           ,  2.3428873924136,  0.0            
      1617,  3.0            ,  2.3001634724928,  0.0            
      1618,  2.95           ,  2.257439552572 ,  0.0            
      1619,  2.9            ,  2.2147156326512,  0.0            
      1620,  2.85           ,  2.1719917127304,  0.0            
      1621,  2.8            ,  2.1292677928096,  0.0            
      1622,  2.75           ,  2.0865438728888,  0.0            
      1623,  2.7            ,  2.043819952968 ,  0.0            
      1624,  2.65           ,  2.0010960330472,  0.0            
      1625,  2.6            ,  1.9583721131264,  0.0            
      1626,  2.55           ,  1.9156481932056,  0.0            
      1627,  2.5            ,  1.8729242732848,  0.0            
      1628,  2.45           ,  1.830200353364 ,  0.0            
      1629,  2.4            ,  1.7874764334432,  0.0            
      1630,  2.35           ,  1.7447525135224,  0.0            
      1631,  2.3            ,  1.7020285936016,  0.0            
      1632,  2.25           ,  1.6593046736808,  0.0            
      1633,  3.45           ,  2.557661692556 ,  0.0            
      1634,  3.4            ,  2.517247173712 ,  0.0            
      1635,  3.35           ,  2.476832654868 ,  0.0            
      1636,  3.3            ,  2.436418136024 ,  0.0            
      1637,  3.25           ,  2.39600361718  ,  0.0            
      1638,  3.2            ,  2.355589098336 ,  0.0            
      1639,  3.15           ,  2.315174579492 ,  0.0            
      1640,  3.1            ,  2.274760060648 ,  0.0            
      1641,  3.05           ,  2.234345541804 ,  0.0            
      1642,  3.0            ,  2.19393102296  ,  0.0            
      1643,  2.95           ,  2.153516504116 ,  0.0            
      1644,  2.9            ,  2.113101985272 ,  0.0            
      1645,  2.85           ,  2.072687466428 ,  0.0            
      1646,  2.8            ,  2.032272947584 ,  0.0            
      1647,  2.75           ,  1.99185842874  ,  0.0            
      1648,  2.7            ,  1.951443909896 ,  0.0            
      1649,  2.65           ,  1.911029391052 ,  0.0            
      1650,  2.6            ,  1.870614872208 ,  0.0            
      1651,  2.55           ,  1.830200353364 ,  0.0            
      1652,  2.5            ,  1.78978583452  ,  0.0            
      1653,  2.45           ,  1.749371315676 ,  0.0            
      1654,  2.4            ,  1.708956796832 ,  0.0            
      1655,  2.35           ,  1.668542277988 ,  0.0            
      1656,  2.3            ,  1.628127759144 ,  0.0            
      1657,  3.5            ,  2.4733685532528,  0.0            
      1658,  3.45           ,  2.4352634354856,  0.0            
      1659,  3.4            ,  2.3971583177184,  0.0            
      1660,  3.35           ,  2.3590531999512,  0.0            
      1661,  3.3            ,  2.320948082184 ,  0.0            
      1662,  3.25           ,  2.2828429644168,  0.0            
      1663,  3.2            ,  2.2447378466496,  0.0            
      1664,  3.15           ,  2.2066327288824,  0.0            
      1665,  3.1            ,  2.1685276111152,  0.0            
      1666,  3.05           ,  2.130422493348 ,  0.0            
      1667,  3.0            ,  2.0923173755808,  0.0            
      1668,  2.95           ,  2.0542122578136,  0.0            
      1669,  2.9            ,  2.0161071400464,  0.0            
      1670,  2.85           ,  1.9780020222792,  0.0            
      1671,  2.8            ,  1.939896904512 ,  0.0            
      1672,  2.75           ,  1.9017917867448,  0.0            
      1673,  2.7            ,  1.8636866689776,  0.0            
      1674,  2.65           ,  1.8255815512104,  0.0            
      1675,  2.6            ,  1.7874764334432,  0.0            
      1676,  2.55           ,  1.749371315676 ,  0.0            
      1677,  2.5            ,  1.7112661979088,  0.0            
      1678,  2.45           ,  1.6731610801416,  0.0            
      1679,  2.4            ,  1.6350559623744,  0.0            
      1680,  2.35           ,  1.5969508446072,  0.0            
      1681,  3.55           ,  2.3890754139496,  0.0            
      1682,  3.5            ,  2.3532796972592,  0.0            
      1683,  3.45           ,  2.3174839805688,  0.0            
      1684,  3.4            ,  2.2816882638784,  0.0            
      1685,  3.35           ,  2.245892547188 ,  0.0            
      1686,  3.3            ,  2.2100968304976,  0.0            
      1687,  3.25           ,  2.1743011138072,  0.0            
      1688,  3.2            ,  2.1385053971168,  0.0            
      1689,  3.15           ,  2.1027096804264,  0.0            
      1690,  3.1            ,  2.066913963736 ,  0.0            
      1691,  3.05           ,  2.0311182470456,  0.0            
      1692,  3.0            ,  1.9953225303552,  0.0            
      1693,  2.95           ,  1.9595268136648,  0.0            
      1694,  2.9            ,  1.9237310969744,  0.0            
      1695,  2.85           ,  1.887935380284 ,  0.0            
      1696,  2.8            ,  1.8521396635936,  0.0            
      1697,  2.75           ,  1.8163439469032,  0.0            
      1698,  2.7            ,  1.7805482302128,  0.0            
      1699,  2.65           ,  1.7447525135224,  0.0            
      1700,  2.6            ,  1.708956796832 ,  0.0            
      1701,  2.55           ,  1.6731610801416,  0.0            
      1702,  2.5            ,  1.6373653634512,  0.0            
      1703,  2.45           ,  1.6015696467608,  0.0            
      1704,  2.4            ,  1.5657739300704,  0.0            
      1705,  3.6            ,  2.3047822746464,  0.0            
      1706,  3.55           ,  2.2712959590328,  0.0            
      1707,  3.5            ,  2.2378096434192,  0.0            
      1708,  3.45           ,  2.2043233278056,  0.0            
      1709,  3.4            ,  2.170837012192 ,  0.0            
      1710,  3.35           ,  2.1373506965784,  0.0            
      1711,  3.3            ,  2.1038643809648,  0.0            
      1712,  3.25           ,  2.0703780653512,  0.0            
      1713,  3.2            ,  2.0368917497376,  0.0            
      1714,  3.15           ,  2.003405434124 ,  0.0            
      1715,  3.1            ,  1.9699191185104,  0.0            
      1716,  3.05           ,  1.9364328028968,  0.0            
      1717,  3.0            ,  1.9029464872832,  0.0            
      1718,  2.95           ,  1.8694601716696,  0.0            
      1719,  2.9            ,  1.835973856056 ,  0.0            
      1720,  2.85           ,  1.8024875404424,  0.0            
      1721,  2.8            ,  1.7690012248288,  0.0            
      1722,  2.75           ,  1.7355149092152,  0.0            
      1723,  2.7            ,  1.7020285936016,  0.0            
      1724,  2.65           ,  1.668542277988 ,  0.0            
      1725,  2.6            ,  1.6350559623744,  0.0            
      1726,  2.55           ,  1.6015696467608,  0.0            
      1727,  2.5            ,  1.5680833311472,  0.0            
      1728,  2.45           ,  1.5345970155336,  0.0            
      1729,  3.65           ,  2.2204891353432,  0.0            
      1730,  3.6            ,  2.1893122208064,  0.0            
      1731,  3.55           ,  2.1581353062696,  0.0            
      1732,  3.5            ,  2.1269583917328,  0.0            
      1733,  3.45           ,  2.095781477196 ,  0.0            
      1734,  3.4            ,  2.0646045626592,  0.0            
      1735,  3.35           ,  2.0334276481224,  0.0            
      1736,  3.3            ,  2.0022507335856,  0.0            
      1737,  3.25           ,  1.9710738190488,  0.0            
      1738,  3.2            ,  1.939896904512 ,  0.0            
      1739,  3.15           ,  1.9087199899752,  0.0            
      1740,  3.1            ,  1.8775430754384,  0.0            
      1741,  3.05           ,  1.8463661609016,  0.0            
      1742,  3.0            ,  1.8151892463648,  0.0            
      1743,  2.95           ,  1.784012331828 ,  0.0            
      1744,  2.9            ,  1.7528354172912,  0.0            
      1745,  2.85           ,  1.7216585027544,  0.0            
      1746,  2.8            ,  1.6904815882176,  0.0            
      1747,  2.75           ,  1.6593046736808,  0.0            
      1748,  2.7            ,  1.628127759144 ,  0.0            
      1749,  2.65           ,  1.5969508446072,  0.0            
      1750,  2.6            ,  1.5657739300704,  0.0            
      1751,  2.55           ,  1.5345970155336,  0.0            
      1752,  2.5            ,  1.5034201009968,  0.0            
      1753,  3.7            ,  2.13619599604  ,  0.0            
      1754,  3.65           ,  2.10732848258  ,  0.0            
      1755,  3.6            ,  2.07846096912  ,  0.0            
      1756,  3.55           ,  2.04959345566  ,  0.0            
      1757,  3.5            ,  2.0207259422   ,  0.0            
      1758,  3.45           ,  1.99185842874  ,  0.0            
      1759,  3.4            ,  1.96299091528  ,  0.0            
      1760,  3.35           ,  1.93412340182  ,  0.0            
      1761,  3.3            ,  1.90525588836  ,  0.0            
      1762,  3.25           ,  1.8763883749   ,  0.0            
      1763,  3.2            ,  1.84752086144  ,  0.0            
      1764,  3.15           ,  1.81865334798  ,  0.0            
      1765,  3.1            ,  1.78978583452  ,  0.0            
      1766,  3.05           ,  1.76091832106  ,  0.0            
      1767,  3.0            ,  1.7320508076   ,  0.0            
      1768,  2.95           ,  1.70318329414  ,  0.0            
      1769,  2.9            ,  1.67431578068  ,  0.0            
      1770,  2.85           ,  1.64544826722  ,  0.0            
      1771,  2.8            ,  1.61658075376  ,  0.0            
      1772,  2.75           ,  1.5877132403   ,  0.0            
      1773,  2.7            ,  1.55884572684  ,  0.0            
      1774,  2.65           ,  1.52997821338  ,  0.0            
      1775,  2.6            ,  1.50111069992  ,  0.0            
      1776,  2.55           ,  1.47224318646  ,  0.0            
      1777,  1.3            ,  2.13619599604  ,  0.0            
      1778,  1.35           ,  2.10732848258  ,  0.0            
      1779,  1.4            ,  2.07846096912  ,  0.0            
      1780,  1.45           ,  2.04959345566  ,  0.0            
      1781,  1.5            ,  2.0207259422   ,  0.0            
      1782,  1.55           ,  1.99185842874  ,  0.0            
      1783,  1.6            ,  1.96299091528  ,  0.0            
      1784,  1.65           ,  1.93412340182  ,  0.0            
      1785,  1.7            ,  1.90525588836  ,  0.0            
      1786,  1.75           ,  1.8763883749   ,  0.0            
      1787,  1.8            ,  1.84752086144  ,  0.0            
      1788,  1.85           ,  1.81865334798  ,  0.0            
      1789,  1.9            ,  1.78978583452  ,  0.0            
      1790,  1.95           ,  1.76091832106  ,  0.0            
      1791,  2.0            ,  1.7320508076   ,  0.0            
      1792,  2.05           ,  1.70318329414  ,  0.0            
      1793,  2.1            ,  1.67431578068  ,  0.0            
      1794,  2.15           ,  1.64544826722  ,  0.0            
      1795,  2.2            ,  1.61658075376  ,  0.0            
      1796,  2.25           ,  1.5877132403   ,  0.0            
      1797,  2.3            ,  1.55884572684  ,  0.0            
      1798,  2.35           ,  1.52997821338  ,  0.0            
      1799,  2.4            ,  1.50111069992  ,  0.0            
      1800,  2.45           ,  1.47224318646  ,  0.0            
      1801,  2.5            ,  1.443375673    ,  0.0            
      1802,  0.1            ,  0.0            ,  0.0            
      1803,  0.2            ,  0.0            ,  0.0            
      1804,  0.3            ,  0.0            ,  0.0            
      1805,  0.4            ,  0.0            ,  0.0            
      1806,  0.5            ,  0.0            ,  0.0            
      1807,  0.6            ,  0.0            ,  0.0            
      1808,  0.7            ,  0.0            ,  0.0            
      1809,  0.8            ,  0.0            ,  0.0            
      1810,  0.9            ,  0.0            ,  0.0            
      1811,  1.0            ,  0.0            ,  0.0            
      1812,  1.1            ,  0.0            ,  0.0            
      1813,  1.2            ,  0.0            ,  0.0            
      1814,  1.3            ,  0.0            ,  0.0            
      1815,  1.4            ,  0.0            ,  0.0            
      1816,  1.5            ,  0.0            ,  0.0            
      1817,  1.6            ,  0.0            ,  0.0            
      1818,  1.7            ,  0.0            ,  0.0            
      1819,  1.8            ,  0.0            ,  0.0            
      1820,  1.9            ,  0.0            ,  0.0            
      1821,  2.0            ,  0.0            ,  0.0            
      1822,  2.1            ,  0.0            ,  0.0            
      1823,  2.2            ,  0.0            ,  0.0            
      1824,  2.3            ,  0.0            ,  0.0            
      1825,  2.4            ,  0.0            ,  0.0            
      1826,  2.5            ,  0.0            ,  0.0            
      1827,  2.6            ,  0.0            ,  0.0            
      1828,  2.7            ,  0.0            ,  0.0            
      1829,  2.8            ,  0.0            ,  0.0            
      1830,  2.9            ,  0.0            ,  0.0            
      1831,  3.0            ,  0.0            ,  0.0            
      1832,  3.1            ,  0.0            ,  0.0            
      1833,  3.2            ,  0.0            ,  0.0            
      1834,  3.3            ,  0.0            ,  0.0            
      1835,  3.4            ,  0.0            ,  0.0            
      1836,  3.5            ,  0.0            ,  0.0            
      1837,  3.6            ,  0.0            ,  0.0            
      1838,  3.7            ,  0.0            ,  0.0            
      1839,  3.8            ,  0.0            ,  0.0            
      1840,  3.9            ,  0.0            ,  0.0            
      1841,  4.0            ,  0.0            ,  0.0            
      1842,  4.1            ,  0.0            ,  0.0            
      1843,  4.2            ,  0.0            ,  0.0            
      1844,  4.3            ,  0.0            ,  0.0            
      1845,  4.4            ,  0.0            ,  0.0            
      1846,  4.5            ,  0.0            ,  0.0            
      1847,  4.6            ,  0.0            ,  0.0            
      1848,  4.7            ,  0.0            ,  0.0            
      1849,  4.8            ,  0.0            ,  0.0            
      1850,  4.9            ,  0.0            ,  0.0            
      1851,  4.95           ,  0.08660254038  ,  0.0            
      1852,  4.9            ,  0.17320508076  ,  0.0            
      1853,  4.85           ,  0.25980762114  ,  0.0            
      1854,  4.8            ,  0.34641016152  ,  0.0            
      1855,  4.75           ,  0.4330127019   ,  0.0            
      1856,  4.7            ,  0.51961524228  ,  0.0            
      1857,  4.65           ,  0.60621778266  ,  0.0            
      1858,  4.6            ,  0.69282032304  ,  0.0            
      1859,  4.55           ,  0.77942286342  ,  0.0            
      1860,  4.5            ,  0.8660254038   ,  0.0            
      1861,  4.45           ,  0.95262794418  ,  0.0            
      1862,  4.4            ,  1.03923048456  ,  0.0            
      1863,  4.35           ,  1.12583302494  ,  0.0            
      1864,  4.3            ,  1.21243556532  ,  0.0            
      1865,  4.25           ,  1.2990381057   ,  0.0            
      1866,  4.2            ,  1.38564064608  ,  0.0            
      1867,  4.15           ,  1.47224318646  ,  0.0            
      1868,  4.1            ,  1.55884572684  ,  0.0            
      1869,  4.05           ,  1.64544826722  ,  0.0            
      1870,  4.0            ,  1.7320508076   ,  0.0            
      1871,  3.95           ,  1.81865334798  ,  0.0            
      1872,  3.9            ,  1.90525588836  ,  0.0            
      1873,  3.85           ,  1.99185842874  ,  0.0            
      1874,  3.8            ,  2.07846096912  ,  0.0            
      1875,  3.75           ,  2.1650635095   ,  0.0            
      1876,  3.7            ,  2.25166604988  ,  0.0            
      1877,  3.65           ,  2.33826859026  ,  0.0            
      1878,  3.6            ,  2.42487113064  ,  0.0            
      1879,  3.55           ,  2.51147367102  ,  0.0            
      1880,  3.5            ,  2.5980762114   ,  0.0            
      1881,  3.45           ,  2.68467875178  ,  0.0            
      1882,  3.4            ,  2.77128129216  ,  0.0            
      1883,  3.35           ,  2.85788383254  ,  0.0            
      1884,  3.3            ,  2.94448637292  ,  0.0            
      1885,  3.25           ,  3.0310889133   ,  0.0            
      1886,  3.2            ,  3.11769145368  ,  0.0            
      1887,  3.15           ,  3.20429399406  ,  0.0            
      1888,  3.1            ,  3.29089653444  ,  0.0            
      1889,  3.05           ,  3.37749907482  ,  0.0            
      1890,  3.0            ,  3.4641016152   ,  0.0            
      1891,  2.95           ,  3.55070415558  ,  0.0            
      1892,  2.9            ,  3.63730669596  ,  0.0            
      1893,  2.85           ,  3.72390923634  ,  0.0            
      1894,  2.8            ,  3.81051177672  ,  0.0            
      1895,  2.75           ,  3.8971143171   ,  0.0            
      1896,  2.7            ,  3.98371685748  ,  0.0            
      1897,  2.65           ,  4.07031939786  ,  0.0            
      1898,  2.6            ,  4.15692193824  ,  0.0            
      1899,  2.55           ,  4.24352447862  ,  0.0            
      1900,  2.45           ,  4.24352447862  ,  0.0            
      1901,  2.4            ,  4.15692193824  ,  0.0            
      1902,  2.35           ,  4.07031939786  ,  0.0            
      1903,  2.3            ,  3.98371685748  ,  0.0            
      1904,  2.25           ,  3.8971143171   ,  0.0            
      1905,  2.2            ,  3.81051177672  ,  0.0            
      1906,  2.15           ,  3.72390923634  ,  0.0            
      1907,  2.1            ,  3.63730669596  ,  0.0            
      1908,  2.05           ,  3.55070415558  ,  0.0            
      1909,  2.0            ,  3.4641016152   ,  0.0            
      1910,  1.95           ,  3.37749907482  ,  0.0            
      1911,  1.9            ,  3.29089653444  ,  0.0            
      1912,  1.85           ,  3.20429399406  ,  0.0            
      1913,  1.8            ,  3.11769145368  ,  0.0            
      1914,  1.75           ,  3.0310889133   ,  0.0            
      1915,  1.7            ,  2.94448637292  ,  0.0            
      1916,  1.65           ,  2.85788383254  ,  0.0            
      1917,  1.6            ,  2.77128129216  ,  0.0            
      1918,  1.55           ,  2.68467875178  ,  0.0            
      1919,  1.5            ,  2.5980762114   ,  0.0            
      1920,  1.45           ,  2.51147367102  ,  0.0            
      1921,  1.4            ,  2.42487113064  ,  0.0            
      1922,  1.35           ,  2.33826859026  ,  0.0            
      1923,  1.3            ,  2.25166604988  ,  0.0            
      1924,  1.25           ,  2.1650635095   ,  0.0            
      1925,  1.2            ,  2.07846096912  ,  0.0            
      1926,  1.15           ,  1.99185842874  ,  0.0            
      1927,  1.1            ,  1.90525588836  ,  0.0            
      1928,  1.05           ,  1.81865334798  ,  0.0            
      1929,  1.0            ,  1.7320508076   ,  0.0            
      1930,  0.95           ,  1.64544826722  ,  0.0            
      1931,  0.9            ,  1.55884572684  ,  0.0            
      1932,  0.85           ,  1.47224318646  ,  0.0            
      1933,  0.8            ,  1.38564064608  ,  0.0            
      1934,  0.75           ,  1.2990381057   ,  0.0            
      1935,  0.7            ,  1.21243556532  ,  0.0            
      1936,  0.65           ,  1.12583302494  ,  0.0            
      1937,  0.6            ,  1.03923048456  ,  0.0            
      1938,  0.55           ,  0.95262794418  ,  0.0            
      1939,  0.5            ,  0.8660254038   ,  0.0            
      1940,  0.45           ,  0.77942286342  ,  0.0            
      1941,  0.4            ,  0.69282032304  ,  0.0            
      1942,  0.35           ,  0.60621778266  ,  0.0            
      1943,  0.3            ,  0.51961524228  ,  0.0            
      1944,  0.25           ,  0.4330127019   ,  0.0            
      1945,  0.2            ,  0.34641016152  ,  0.0            
      1946,  0.15           ,  0.25980762114  ,  0.0            
      1947,  0.1            ,  0.17320508076  ,  0.0            
      1948,  0.05           ,  0.08660254038  ,  0.0            
      1949,  2.5            ,  4.330127019    ,  0.0            
      1950,  5.0            ,  0.0            ,  0.0            
      1951,  0.0            ,  0.0            ,  0.0            
*ELEMENT,TYPE=S4
         1,      1775,      1751,      1750,      1774
         2,      1776,      1752,      1751,      1775
         3,      1801,      1800,      1752,      1776
         4,      1774,      1750,      1749,      1773
         5,      1773,      1749,      1748,      1772
         6,      1772,      1748,      1747,      1771
         7,      1771,      1747,      1746,      1770
         8,      1770,      1746,      1745,      1769
         9,      1769,      1745,      1744,      1768
        10,      1768,      1744,      1743,      1767
        11,      1767,      1743,      1742,      1766
        12,      1766,      1742,      1741,      1765
        13,      1765,      1741,      1740,      1764
        14,      1764,      1740,      1739,      1763
        15,      1763,      1739,      1738,      1762
        16,      1762,      1738,      1737,      1761
        17,      1761,      1737,      1736,      1760
        18,      1760,      1736,      1735,      1759
        19,      1759,      1735,      1734,      1758
        20,      1758,      1734,      1733,      1757
        21,      1757,      1733,      1732,      1756
        22,      1756,      1732,      1731,      1755
        23,      1755,      1731,      1730,      1754
        24,      1754,      1730,      1729,      1753
        25,      1753,      1729,      1876,      1875
        26,      1800,      1799,      1728,      1752
        27,      1752,      1728,      1727,      1751
        28,      1751,      1727,      1726,      1750
        29,      1750,      1726,      1725,      1749
        30,      1749,      1725,      1724,      1748
        31,      1748,      1724,      1723,      1747
        32,      1747,      1723,      1722,      1746
        33,      1746,      1722,      1721,      1745
        34,      1745,      1721,      1720,      1744
        35,      1744,      1720,      1719,      1743
        36,      1743,      1719,      1718,      1742
        37,      1742,      1718,      1717,      1741
        38,      1741,      1717,      1716,      1740
        39,      1740,      1716,      1715,      1739
        40,      1739,      1715,      1714,      1738
        41,      1738,      1714,      1713,      1737
        42,      1737,      1713,      1712,      1736
        43,      1736,      1712,      1711,      1735
        44,      1735,      1711,      1710,      1734
        45,      1734,      1710,      1709,      1733
        46,      1733,      1709,      1708,      1732
        47,      1732,      1708,      1707,      1731
        48,      1731,      1707,      1706,      1730
        49,      1730,      1706,      1705,      1729
        50,      1729,      1705,      1877,      1876
        51,      1799,      1798,      1704,      1728
        52,      1728,      1704,      1703,      1727
        53,      1727,      1703,      1702,      1726
        54,      1726,      1702,      1701,      1725
        55,      1725,      1701,      1700,      1724
        56,      1724,      1700,      1699,      1723
        57,      1723,      1699,      1698,      1722
        58,      1722,      1698,      1697,      1721
        59,      1721,      1697,      1696,      1720
        60,      1720,      1696,      1695,      1719
        61,      1719,      1695,      1694,      1718
        62,      1718,      1694,      1693,      1717
        63,      1717,      1693,      1692,      1716
        64,      1716,      1692,      1691,      1715
        65,      1715,      1691,      1690,      1714
        66,      1714,      1690,      1689,      1713
        67,      1713,      1689,      1688,      1712
        68,      1712,      1688,      1687,      1711
        69,      1711,      1687,      1686,      1710
        70,      1710,      1686,      1685,      1709
        71,      1709,      1685,      1684,      1708
        72,      1708,      1684,      1683,      1707
        73,      1707,      1683,      1682,      1706
        74,      1706,      1682,      1681,      1705
        75,      1705,      1681,      1878,      1877
        76,      1798,      1797,      1680,      1704
        77,      1704,      1680,      1679,      1703
        78,      1703,      1679,      1678,      1702
        79,      1702,      1678,      1677,      1701
        80,      1701,      1677,      1676,      1700
        81,      1700,      1676,      1675,      1699
        82,      1699,      1675,      1674,      1698
        83,      1698,      1674,      1673,      1697
        84,      1697,      1673,      1672,      1696
        85,      1696,      1672,      1671,      1695
        86,      1695,      1671,      1670,      1694
        87,      1694,      1670,      1669,      1693
        88,      1693,      1669,      1668,      1692
        89,      1692,      1668,      1667,      1691
        90,      1691,      1667,      1666,      1690
        91,      1690,      1666,      1665,      1689
        92,      1689,      1665,      1664,      1688
        93,      1688,      1664,      1663,      1687
        94,      1687,      1663,      1662,      1686
        95,      1686,      1662,      1661,      1685
        96,      1685,      1661,      1660,      1684
        97,      1684,      1660,      1659,      1683
        98,      1683,      1659,      1658,      1682
        99,      1682,      1658,      1657,      1681
       100,      1681,      1657,      1879,      1878
       101,      1797,      1796,      1656,      1680
       102,      1680,      1656,      1655,      1679
       103,      1679,      1655,      1654,      1678
       104,      1678,      1654,      1653,      1677
       105,      1677,      1653,      1652,      1676
       106,      1676,      1652,      1651,      1675
       107,      1675,      1651,      1650,      1674
       108,      1674,      1650,      1649,      1673
       109,      1673,      1649,      1648,      1672
       110,      1672,      1648,      1647,      1671
       111,      1671,      1647,      1646,      1670
       112,      1670,      1646,      1645,      1669
       113,      1669,      1645,      1644,      1668
       114,      1668,      1644,      1643,      1667
       115,      1667,      1643,      1642,      1666
       116,      1666,      1642,      1641,      1665
       117,      1665,      1641,      1640,      1664
       118,      1664,      1640,      1639,      1663
       119,      1663,      1639,      1638,      1662
       120,      1662,      1638,      1637,      1661
       121,      1661,      1637,      1636,      1660
       122,      1660,      1636,      1635,      1659
       123,      1659,      1635,      1634,      1658
       124,      1658,      1634,      1633,      1657
       125,      1657,      1633,      1880,      1879
       126,      1796,      1795,      1632,      1656
       127,      1656,      1632,      1631,      1655
       128,      1655,      1631,      1630,      1654
       129,      1654,      1630,      1629,      1653
       130,      1653,      1629,      1628,      1652
       131,      1652,      1628,      1627,      1651
       132,      1651,      1627,      1626,      1650
       133,      1650,      1626,      1625,      1649
       134,      1649,      1625,      1624,      1648
       135,      1648,      1624,      1623,      1647
       136,      1647,      1623,      1622,      1646
       137,      1646,      1622,      1621,      1645
       138,      1645,      1621,      1620,      1644
       139,      1644,      1620,      1619,      1643
       140,      1643,      1619,      1618,      1642
       141,      1642,      1618,      1617,      1641
       142,      1641,      1617,      1616,      1640
       143,      1640,      1616,      1615,      1639
       144,      1639,      1615,      1614,      1638
       145,      1638,      1614,      1613,      1637
       146,      1637,      1613,      1612,      1636
       147,      1636,      1612,      1611,      1635
       148,      1635,      1611,      1610,      1634
       149,      1634,      1610,      1609,      1633
       150,      1633,      1609,      1881,      1880
       151,      1795,      1794,      1608,      1632
       152,      1632,      1608,      1607,      1631
       153,      1631,      1607,      1606,      1630
       154,      1630,      1606,      1605,      1629
       155,      1629,      1605,      1604,      1628
       156,      1628,      1604,      1603,      1627
       157,      1627,      1603,      1602,      1626
       158,      1626,      1602,      1601,      1625
       159,      1625,      1601,      1600,      1624
       160,      1624,      1600,      1599,      1623
       161,      1623,      1599,      1598,      1622
       162,      1622,      1598,      1597,      1621
       163,      1621,      1597,      1596,      1620
       164,      1620,      1596,      1595,      1619
       165,      1619,      1595,      1594,      1618
       166,      1618,      1594,      1593,      1617
       167,      1617,      1593,      1592,      1616
       168,      1616,      1592,      1591,      1615
       169,      1615,      1591,      1590,      1614
       170,      1614,      1590,      1589,      1613
       171,      1613,      1589,      1588,      1612
       172,      1612,      1588,      1587,      1611
       173,      1611,      1587,      1586,      1610
       174,      1610,      1586,      1585,      1609
       175,      1609,      1585,      1882,      1881
       176,      1794,      1793,      1584,      1608
       177,      1608,      1584,      1583,      1607
       178,      1607,      1583,      1582,      1606
       179,      1606,      1582,      1581,      1605
       180,      1605,      1581,      1580,      1604
       181,      1604,      1580,      1579,      1603
       182,      1603,      1579,      1578,      1602
       183,      1602,      1578,      1577,      1601
       184,      1601,      1577,      1576,      1600
       185,      1600,      1576,      1575,      1599
       186,      1599,      1575,      1574,      1598
       187,      1598,      1574,      1573,      1597
       188,      1597,      1573,      1572,      1596
       189,      1596,      1572,      1571,      1595
       190,      1595,      1571,      1570,      1594
       191,      1594,      1570,      1569,      1593
       192,      1593,      1569,      1568,      1592
       193,      1592,      1568,      1567,      1591
       194,      1591,      1567,      1566,      1590
       195,      1590,      1566,      1565,      1589
       196,      1589,      1565,      1564,      1588
       197,      1588,      1564,      1563,      1587
       198,      1587,      1563,      1562,      1586
       199,      1586,      1562,      1561,      1585
       200,      1585,      1561,      1883,      1882
       201,      1793,      1792,      1560,      1584
       202,      1584,      1560,      1559,      1583
       203,      1583,      1559,      1558,      1582
       204,      1582,      1558,      1557,      1581
       205,      1581,      1557,      1556,      1580
       206,      1580,      1556,      1555,      1579
       207,      1579,      1555,      1554,      1578
       208,      1578,      1554,      1553,      1577
       209,      1577,      1553,      1552,      1576
       210,      1576,      1552,      1551,      1575
       211,      1575,      1551,      1550,      1574
       212,      1574,      1550,      1549,      1573
       213,      1573,      1549,      1548,      1572
       214,      1572,      1548,      1547,      1571
       215,      1571,      1547,      1546,      1570
       216,      1570,      1546,      1545,      1569
       217,      1569,      1545,      1544,      1568
       218,      1568,      1544,      1543,      1567
       219,      1567,      1543,      1542,      1566
       220,      1566,      1542,      1541,      1565
       221,      1565,      1541,      1540,      1564
       222,      1564,      1540,      1539,      1563
       223,      1563,      1539,      1538,      1562
       224,      1562,      1538,      1537,      1561
       225,      1561,      1537,      1884,      1883
       226,      1792,      1791,      1536,      1560
       227,      1560,      1536,      1535,      1559
       228,      1559,      1535,      1534,      1558
       229,      1558,      1534,      1533,      1557
       230,      1557,      1533,      1532,      1556
       231,      1556,      1532,      1531,      1555
       232,      1555,      1531,      1530,      1554
       233,      1554,      1530,      1529,      1553
       234,      1553,      1529,      1528,      1552
       235,      1552,      1528,      1527,      1551
       236,      1551,      1527,      1526,      1550
       237,      1550,      1526,      1525,      1549
       238,      1549,      1525,      1524,      1548
       239,      1548,      1524,      1523,      1547
       240,      1547,      1523,      1522,      1546
       241,      1546,      1522,      1521,      1545
       242,      1545,      1521,      1520,      1544
       243,      1544,      1520,      1519,      1543
       244,      1543,      1519,      1518,      1542
       245,      1542,      1518,      1517,      1541
       246,      1541,      1517,      1516,      1540
       247,      1540,      1516,      1515,      1539
       248,      1539,      1515,      1514,      1538
       249,      1538,      1514,      1513,      1537
       250,      1537,      1513,      1885,      1884
       251,      1791,      1790,      1512,      1536
       252,      1536,      1512,      1511,      1535
       253,      1535,      1511,      1510,      1534
       254,      1534,      1510,      1509,      1533
       255,      1533,      1509,      1508,      1532
       256,      1532,      1508,      1507,      1531
       257,      1531,      1507,      1506,      1530
       258,      1530,      1506,      1505,      1529
       259,      1529,      1505,      1504,      1528
       260,      1528,      1504,      1503,      1527
       261,      1527,      1503,      1502,      1526
       262,      1526,      1502,      1501,      1525
       263,      1525,      1501,      1500,      1524
       264,      1524,      1500,      1499,      1523
       265,      1523,      1499,      1498,      1522
       266,      1522,      1498,      1497,      1521
       267,      1521,      1497,      1496,      1520
       268,      1520,      1496,      1495,      1519
       269,      1519,      1495,      1494,      1518
       270,      1518,      1494,      1493,      1517
       271,      1517,      1493,      1492,      1516
       272,      1516,      1492,      1491,      1515
       273,      1515,      1491,      1490,      1514
       274,      1514,      1490,      1489,      1513
       275,      1513,      1489,      1886,      1885
       276,      1790,      1789,      1488,      1512
       277,      1512,      1488,      1487,      1511
       278,      1511,      1487,      1486,      1510
       279,      1510,      1486,      1485,      1509
       280,      1509,      1485,      1484,      1508
       281,      1508,      1484,      1483,      1507
       282,      1507,      1483,      1482,      1506
       283,      1506,      1482,      1481,      1505
       284,      1505,      1481,      1480,      1504
       285,      1504,      1480,      1479,      1503
       286,      1503,      1479,      1478,      1502
       287,      1502,      1478,      1477,      1501
       288,      1501,      1477,      1476,      1500
       289,      1500,      1476,      1475,      1499
       290,      1499,      1475,      1474,      1498
       291,      1498,      1474,      1473,      1497
       292,      1497,      1473,      1472,      1496
       293,      1496,      1472,      1471,      1495
       294,      1495,      1471,      1470,      1494
       295,      1494,      1470,      1469,      1493
       296,      1493,      1469,      1468,      1492
       297,      1492,      1468,      1467,      1491
       298,      1491,      1467,      1466,      1490
       299,      1490,      1466,      1465,      1489
       300,      1489,      1465,      1887,      1886
       301,      1789,      1788,      1464,      1488
       302,      1488,      1464,      1463,      1487
       303,      1487,      1463,      1462,      1486
       304,      1486,      1462,      1461,      1485
       305,      1485,      1461,      1460,      1484
       306,      1484,      1460,      1459,      1483
       307,      1483,      1459,      1458,      1482
       308,      1482,      1458,      1457,      1481
       309,      1481,      1457,      1456,      1480
       310,      1480,      1456,      1455,      1479
       311,      1479,      1455,      1454,      1478
       312,      1478,      1454,      1453,      1477
       313,      1477,      1453,      1452,      1476
       314,      1476,      1452,      1451,      1475
       315,      1475,      1451,      1450,      1474
       316,      1474,      1450,      1449,      1473
       317,      1473,      1449,      1448,      1472
       318,      1472,      1448,      1447,      1471
       319,      1471,      1447,      1446,      1470
       320,      1470,      1446,      1445,      1469
       321,      1469,      1445,      1444,      1468
       322,      1468,      1444,      1443,      1467
       323,      1467,      1443,      1442,      1466
       324,      1466,      1442,      1441,      1465
       325,      1465,      1441,      1888,      1887
       326,      1788,      1787,      1440,      1464
       327,      1464,      1440,      1439,      1463
       328,      1463,      1439,      1438,      1462
       329,      1462,      1438,      1437,      1461
       330,      1461,      1437,      1436,      1460
       331,      1460,      1436,      1435,      1459
       332,      1459,      1435,      1434,      1458
       333,      1458,      1434,      1433,      1457
       334,      1457,      1433,      1432,      1456
       335,      1456,      1432,      1431,      1455
       336,      1455,      1431,      1430,      1454
       337,      1454,      1430,      1429,      1453
       338,      1453,      1429,      1428,      1452
       339,      1452,      1428,      1427,      1451
       340,      1451,      1427,      1426,      1450
       341,      1450,      1426,      1425,      1449
       342,      1449,      1425,      1424,      1448
       343,      1448,      1424,      1423,      1447
       344,      1447,      1423,      1422,      1446
       345,      1446,      1422,      1421,      1445
       346,      1445,      1421,      1420,      1444
       347,      1444,      1420,      1419,      1443
       348,      1443,      1419,      1418,      1442
       349,      1442,      1418,      1417,      1441
       350,      1441,      1417,      1889,      1888
       351,      1787,      1786,      1416,      1440
       352,      1440,      1416,      1415,      1439
       353,      1439,      1415,      1414,      1438
       354,      1438,      1414,      1413,      1437
       355,      1437,      1413,      1412,      1436
       356,      1436,      1412,      1411,      1435
       357,      1435,      1411,      1410,      1434
       358,      1434,      1410,      1409,      1433
       359,      1433,      1409,      1408,      1432
       360,      1432,      1408,      1407,      1431
       361,      1431,      1407,      1406,      1430
       362,      1430,      1406,      1405,      1429
       363,      1429,      1405,      1404,      1428
       364,      1428,      1404,      1403,      1427
       365,      1427,      1403,      1402,      1426
       366,      1426,      1402,      1401,      1425
       367,      1425,      1401,      1400,      1424
       368,      1424,      1400,      1399,      1423
       369,      1423,      1399,      1398,      1422
       370,      1422,      1398,      1397,      1421
       371,      1421,      1397,      1396,      1420
       372,      1420,      1396,      1395,      1419
       373,      1419,      1395,      1394,      1418
       374,      1418,      1394,      1393,      1417
       375,      1417,      1393,      1890,      1889
       376,      1786,      1785,      1392,      1416
       377,      1416,      1392,      1391,      1415
       378,      1415,      1391,      1390,      1414
       379,      1414,      1390,      1389,      1413
       380,      1413,      1389,      1388,      1412
       381,      1412,      1388,      1387,      1411
       382,      1411,      1387,      1386,      1410
       383,      1410,      1386,      1385,      1409
       384,      1409,      1385,      1384,      1408
       385,      1408,      1384,      1383,      1407
       386,      1407,      1383,      1382,      1406
       387,      1406,      1382,      1381,      1405
       388,      1405,      1381,      1380,      1404
       389,      1404,      1380,      1379,      1403
       390,      1403,      1379,      1378,      1402
       391,      1402,      1378,      1377,      1401
       392,      1401,      1377,      1376,      1400
       393,      1400,      1376,      1375,      1399
       394,      1399,      1375,      1374,      1398
       395,      1398,      1374,      1373,      1397
       396,      1397,      1373,      1372,      1396
       397,      1396,      1372,      1371,      1395
       398,      1395,      1371,      1370,      1394
       399,      1394,      1370,      1369,      1393
       400,      1393,      1369,      1891,      1890
       401,      1785,      1784,      1368,      1392
       402,      1392,      1368,      1367,      1391
       403,      1391,      1367,      1366,      1390
       404,      1390,      1366,      1365,      1389
       405,      1389,      1365,      1364,      1388
       406,      1388,      1364,      1363,      1387
       407,      1387,      1363,      1362,      1386
       408,      1386,      1362,      1361,      1385
       409,      1385,      1361,      1360,      1384
       410,      1384,      1360,      1359,      1383
       411,      1383,      1359,      1358,      1382
       412,      1382,      1358,      1357,      1381
       413,      1381,      1357,      1356,      1380
       414,      1380,      1356,      1355,      1379
       415,      1379,      1355,      1354,      1378
       416,      1378,      1354,      1353,      1377
       417,      1377,      1353,      1352,      1376
       418,      1376,      1352,      1351,      1375
       419,      1375,      1351,      1350,      1374
       420,      1374,      1350,      1349,      1373
       421,      1373,      1349,      1348,      1372
       422,      1372,      1348,      1347,      1371
       423,      1371,      1347,      1346,      1370
       424,      1370,      1346,      1345,      1369
       425,      1369,      1345,      1892,      1891
       426,      1784,      1783,      1344,      1368
       427,      1368,      1344,      1343,      1367
       428,      1367,      1343,      1342,      1366
       429,      1366,      1342,      1341,      1365
       430,      1365,      1341,      1340,      1364
       431,      1364,      1340,      1339,      1363
       432,      1363,      1339,      1338,      1362
       433,      1362,      1338,      1337,      1361
       434,      1361,      1337,      1336,      1360
       435,      1360,      1336,      1335,      1359
       436,      1359,      1335,      1334,      1358
       437,      1358,      1334,      1333,      1357
       438,      1357,      1333,      1332,      1356
       439,      1356,      1332,      1331,      1355
       440,      1355,      1331,      1330,      1354
       441,      1354,      1330,      1329,      1353
       442,      1353,      1329,      1328,      1352
       443,      1352,      1328,      1327,      1351
       444,      1351,      1327,      1326,      1350
       445,      1350,      1326,      1325,      1349
       446,      1349,      1325,      1324,      1348
       447,      1348,      1324,      1323,      1347
       448,      1347,      1323,      1322,      1346
       449,      1346,      1322,      1321,      1345
       450,      1345,      1321,      1893,      1892
       451,      1783,      1782,      1320,      1344
       452,      1344,      1320,      1319,      1343
       453,      1343,      1319,      1318,      1342
       454,      1342,      1318,      1317,      1341
       455,      1341,      1317,      1316,      1340
       456,      1340,      1316,      1315,      1339
       457,      1339,      1315,      1314,      1338
       458,      1338,      1314,      1313,      1337
       459,      1337,      1313,      1312,      1336
       460,      1336,      1312,      1311,      1335
       461,      1335,      1311,      1310,      1334
       462,      1334,      1310,      1309,      1333
       463,      1333,      1309,      1308,      1332
       464,      1332,      1308,      1307,      1331
       465,      1331,      1307,      1306,      1330
       466,      1330,      1306,      1305,      1329
       467,      1329,      1305,      1304,      1328
       468,      1328,      1304,      1303,      1327
       469,      1327,      1303,      1302,      1326
       470,      1326,      1302,      1301,      1325
       471,      1325,      1301,      1300,      1324
       472,      1324,      1300,      1299,      1323
       473,      1323,      1299,      1298,      1322
       474,      1322,      1298,      1297,      1321
       475,      1321,      1297,      1894,      1893
       476,      1782,      1781,      1296,      1320
       477,      1320,      1296,      1295,      1319
       478,      1319,      1295,      1294,      1318
       479,      1318,      1294,      1293,      1317
       480,      1317,      1293,      1292,      1316
       481,      1316,      1292,      1291,      1315
       482,      1315,      1291,      1290,      1314
       483,      1314,      1290,      1289,      1313
       484,      1313,      1289,      1288,      1312
       485,      1312,      1288,      1287,      1311
       486,      1311,      1287,      1286,      1310
       487,      1310,      1286,      1285,      1309
       488,      1309,      1285,      1284,      1308
       489,      1308,      1284,      1283,      1307
       490,      1307,      1283,      1282,      1306
       491,      1306,      1282,      1281,      1305
       492,      1305,      1281,      1280,      1304
       493,      1304,      1280,      1279,      1303
       494,      1303,      1279,      1278,      1302
       495,      1302,      1278,      1277,      1301
       496,      1301,      1277,      1276,      1300
       497,      1300,      1276,      1275,      1299
       498,      1299,      1275,      1274,      1298
       499,      1298,      1274,      1273,      1297
       500,      1297,      1273,      1895,      1894
       501,      1781,      1780,      1272,      1296
       502,      1296,      1272,      1271,      1295
       503,      1295,      1271,      1270,      1294
       504,      1294,      1270,      1269,      1293
       505,      1293,      1269,      1268,      1292
       506,      1292,      1268,      1267,      1291
       507,      1291,      1267,      1266,      1290
       508,      1290,      1266,      1265,      1289
       509,      1289,      1265,      1264,      1288
       510,      1288,      1264,      1263,      1287
       511,      1287,      1263,      1262,      1286
       512,      1286,      1262,      1261,      1285
       513,      1285,      1261,      1260,      1284
       514,      1284,      1260,      1259,      1283
       515,      1283,      1259,      1258,      1282
       516,      1282,      1258,      1257,      1281
       517,      1281,      1257,      1256,      1280
       518,      1280,      1256,      1255,      1279
       519,      1279,      1255,      1254,      1278
       520,      1278,      1254,      1253,      1277
       521,      1277,      1253,      1252,      1276
       522,      1276,      1252,      1251,      1275
       523,      1275,      1251,      1250,      1274
       524,      1274,      1250,      1249,      1273
       525,      1273,      1249,      1896,      1895
       526,      1780,      1779,      1248,      1272
       527,      1272,      1248,      1247,      1271
       528,      1271,      1247,      1246,      1270
       529,      1270,      1246,      1245,      1269
       530,      1269,      1245,      1244,      1268
       531,      1268,      1244,      1243,      1267
       532,      1267,      1243,      1242,      1266
       533,      1266,      1242,      1241,      1265
       534,      1265,      1241,      1240,      1264
       535,      1264,      1240,      1239,      1263
       536,      1263,      1239,      1238,      1262
       537,      1262,      1238,      1237,      1261
       538,      1261,      1237,      1236,      1260
       539,      1260,      1236,      1235,      1259
       540,      1259,      1235,      1234,      1258
       541,      1258,      1234,      1233,      1257
       542,      1257,      1233,      1232,      1256
       543,      1256,      1232,      1231,      1255
       544,      1255,      1231,      1230,      1254
       545,      1254,      1230,      1229,      1253
       546,      1253,      1229,      1228,      1252
       547,      1252,      1228,      1227,      1251
       548,      1251,      1227,      1226,      1250
       549,      1250,      1226,      1225,      1249
       550,      1249,      1225,      1897,      1896
       551,      1779,      1778,      1224,      1248
       552,      1248,      1224,      1223,      1247
       553,      1247,      1223,      1222,      1246
       554,      1246,      1222,      1221,      1245
       555,      1245,      1221,      1220,      1244
       556,      1244,      1220,      1219,      1243
       557,      1243,      1219,      1218,      1242
       558,      1242,      1218,      1217,      1241
       559,      1241,      1217,      1216,      1240
       560,      1240,      1216,      1215,      1239
       561,      1239,      1215,      1214,      1238
       562,      1238,      1214,      1213,      1237
       563,      1237,      1213,      1212,      1236
       564,      1236,      1212,      1211,      1235
       565,      1235,      1211,      1210,      1234
       566,      1234,      1210,      1209,      1233
       567,      1233,      1209,      1208,      1232
       568,      1232,      1208,      1207,      1231
       569,      1231,      1207,      1206,      1230
       570,      1230,      1206,      1205,      1229
       571,      1229,      1205,      1204,      1228
       572,      1228,      1204,      1203,      1227
       573,      1227,      1203,      1202,      1226
       574,      1226,      1202,      1201,      1225
       575,      1225,      1201,      1898,      1897
       576,      1778,      1777,      1200,      1224
       577,      1224,      1200,      1199,      1223
       578,      1223,      1199,      1198,      1222
       579,      1222,      1198,      1197,      1221
       580,      1221,      1197,      1196,      1220
       581,      1220,      1196,      1195,      1219
       582,      1219,      1195,      1194,      1218
       583,      1218,      1194,      1193,      1217
       584,      1217,      1193,      1192,      1216
       585,      1216,      1192,      1191,      1215
       586,      1215,      1191,      1190,      1214
       587,      1214,      1190,      1189,      1213
       588,      1213,      1189,      1188,      1212
       589,      1212,      1188,      1187,      1211
       590,      1211,      1187,      1186,      1210
       591,      1210,      1186,      1185,      1209
       592,      1209,      1185,      1184,      1208
       593,      1208,      1184,      1183,      1207
       594,      1207,      1183,      1182,      1206
       595,      1206,      1182,      1181,      1205
       596,      1205,      1181,      1180,      1204
       597,      1204,      1180,      1179,      1203
       598,      1203,      1179,      1178,      1202
       599,      1202,      1178,      1177,      1201
       600,      1201,      1177,      1899,      1898
       601,      1777,      1924,      1923,      1200
       602,      1200,      1923,      1922,      1199
       603,      1199,      1922,      1921,      1198
       604,      1198,      1921,      1920,      1197
       605,      1197,      1920,      1919,      1196
       606,      1196,      1919,      1918,      1195
       607,      1195,      1918,      1917,      1194
       608,      1194,      1917,      1916,      1193
       609,      1193,      1916,      1915,      1192
       610,      1192,      1915,      1914,      1191
       611,      1191,      1914,      1913,      1190
       612,      1190,      1913,      1912,      1189
       613,      1189,      1912,      1911,      1188
       614,      1188,      1911,      1910,      1187
       615,      1187,      1910,      1909,      1186
       616,      1186,      1909,      1908,      1185
       617,      1185,      1908,      1907,      1184
       618,      1184,      1907,      1906,      1183
       619,      1183,      1906,      1905,      1182
       620,      1182,      1905,      1904,      1181
       621,      1181,      1904,      1903,      1180
       622,      1180,      1903,      1902,      1179
       623,      1179,      1902,      1901,      1178
       624,      1178,      1901,      1900,      1177
       625,      1177,      1900,      1949,      1899
       626,      1801,      1776,      1152,      1176
       627,      1176,      1152,      1151,      1175
       628,      1175,      1151,      1150,      1174
       629,      1174,      1150,      1149,      1173
       630,      1173,      1149,      1148,      1172
       631,      1172,      1148,      1147,      1171
       632,      1171,      1147,      1146,      1170
       633,      1170,      1146,      1145,      1169
       634,      1169,      1145,      1144,      1168
       635,      1168,      1144,      1143,      1167
       636,      1167,      1143,      1142,      1166
       637,      1166,      1142,      1141,      1165
       638,      1165,      1141,      1140,      1164
       639,      1164,      1140,      1139,      1163
       640,      1163,      1139,      1138,      1162
       641,      1162,      1138,      1137,      1161
       642,      1161,      1137,      1136,      1160
       643,      1160,      1136,      1135,      1159
       644,      1159,      1135,      1134,      1158
       645,      1158,      1134,      1133,      1157
       646,      1157,      1133,      1132,      1156
       647,      1156,      1132,      1131,      1155
       648,      1155,      1131,      1130,      1154
       649,      1154,      1130,      1129,      1153
       650,      1153,      1129,      1827,      1826
       651,      1776,      1775,      1128,      1152
       652,      1152,      1128,      1127,      1151
       653,      1151,      1127,      1126,      1150
       654,      1150,      1126,      1125,      1149
       655,      1149,      1125,      1124,      1148
       656,      1148,      1124,      1123,      1147
       657,      1147,      1123,      1122,      1146
       658,      1146,      1122,      1121,      1145
       659,      1145,      1121,      1120,      1144
       660,      1144,      1120,      1119,      1143
       661,      1143,      1119,      1118,      1142
       662,      1142,      1118,      1117,      1141
       663,      1141,      1117,      1116,      1140
       664,      1140,      1116,      1115,      1139
       665,      1139,      1115,      1114,      1138
       666,      1138,      1114,      1113,      1137
       667,      1137,      1113,      1112,      1136
       668,      1136,      1112,      1111,      1135
       669,      1135,      1111,      1110,      1134
       670,      1134,      1110,      1109,      1133
       671,      1133,      1109,      1108,      1132
       672,      1132,      1108,      1107,      1131
       673,      1131,      1107,      1106,      1130
       674,      1130,      1106,      1105,      1129
       675,      1129,      1105,      1828,      1827
       676,      1775,      1774,      1104,      1128
       677,      1128,      1104,      1103,      1127
       678,      1127,      1103,      1102,      1126
       679,      1126,      1102,      1101,      1125
       680,      1125,      1101,      1100,      1124
       681,      1124,      1100,      1099,      1123
       682,      1123,      1099,      1098,      1122
       683,      1122,      1098,      1097,      1121
       684,      1121,      1097,      1096,      1120
       685,      1120,      1096,      1095,      1119
       686,      1119,      1095,      1094,      1118
       687,      1118,      1094,      1093,      1117
       688,      1117,      1093,      1092,      1116
       689,      1116,      1092,      1091,      1115
       690,      1115,      1091,      1090,      1114
       691,      1114,      1090,      1089,      1113
       692,      1113,      1089,      1088,      1112
       693,      1112,      1088,      1087,      1111
       694,      1111,      1087,      1086,      1110
       695,      1110,      1086,      1085,      1109
       696,      1109,      1085,      1084,      1108
       697,      1108,      1084,      1083,      1107
       698,      1107,      1083,      1082,      1106
       699,      1106,      1082,      1081,      1105
       700,      1105,      1081,      1829,      1828
       701,      1774,      1773,      1080,      1104
       702,      1104,      1080,      1079,      1103
       703,      1103,      1079,      1078,      1102
       704,      1102,      1078,      1077,      1101
       705,      1101,      1077,      1076,      1100
       706,      1100,      1076,      1075,      1099
       707,      1099,      1075,      1074,      1098
       708,      1098,      1074,      1073,      1097
       709,      1097,      1073,      1072,      1096
       710,      1096,      1072,      1071,      1095
       711,      1095,      1071,      1070,      1094
       712,      1094,      1070,      1069,      1093
       713,      1093,      1069,      1068,      1092
       714,      1092,      1068,      1067,      1091
       715,      1091,      1067,      1066,      1090
       716,      1090,      1066,      1065,      1089
       717,      1089,      1065,      1064,      1088
       718,      1088,      1064,      1063,      1087
       719,      1087,      1063,      1062,      1086
       720,      1086,      1062,      1061,      1085
       721,      1085,      1061,      1060,      1084
       722,      1084,      1060,      1059,      1083
       723,      1083,      1059,      1058,      1082
       724,      1082,      1058,      1057,      1081
       725,      1081,      1057,      1830,      1829
       726,      1773,      1772,      1056,      1080
       727,      1080,      1056,      1055,      1079
       728,      1079,      1055,      1054,      1078
       729,      1078,      1054,      1053,      1077
       730,      1077,      1053,      1052,      1076
       731,      1076,      1052,      1051,      1075
       732,      1075,      1051,      1050,      1074
       733,      1074,      1050,      1049,      1073
       734,      1073,      1049,      1048,      1072
       735,      1072,      1048,      1047,      1071
       736,      1071,      1047,      1046,      1070
       737,      1070,      1046,      1045,      1069
       738,      1069,      1045,      1044,      1068
       739,      1068,      1044,      1043,      1067
       740,      1067,      1043,      1042,      1066
       741,      1066,      1042,      1041,      1065
       742,      1065,      1041,      1040,      1064
       743,      1064,      1040,      1039,      1063
       744,      1063,      1039,      1038,      1062
       745,      1062,      1038,      1037,      1061
       746,      1061,      1037,      1036,      1060
       747,      1060,      1036,      1035,      1059
       748,      1059,      1035,      1034,      1058
       749,      1058,      1034,      1033,      1057
       750,      1057,      1033,      1831,      1830
       751,      1772,      1771,      1032,      1056
       752,      1056,      1032,      1031,      1055
       753,      1055,      1031,      1030,      1054
       754,      1054,      1030,      1029,      1053
       755,      1053,      1029,      1028,      1052
       756,      1052,      1028,      1027,      1051
       757,      1051,      1027,      1026,      1050
       758,      1050,      1026,      1025,      1049
       759,      1049,      1025,      1024,      1048
       760,      1048,      1024,      1023,      1047
       761,      1047,      1023,      1022,      1046
       762,      1046,      1022,      1021,      1045
       763,      1045,      1021,      1020,      1044
       764,      1044,      1020,      1019,      1043
       765,      1043,      1019,      1018,      1042
       766,      1042,      1018,      1017,      1041
       767,      1041,      1017,      1016,      1040
       768,      1040,      1016,      1015,      1039
       769,      1039,      1015,      1014,      1038
       770,      1038,      1014,      1013,      1037
       771,      1037,      1013,      1012,      1036
       772,      1036,      1012,      1011,      1035
       773,      1035,      1011,      1010,      1034
       774,      1034,      1010,      1009,      1033
       775,      1033,      1009,      1832,      1831
       776,      1771,      1770,      1008,      1032
       777,      1032,      1008,      1007,      1031
       778,      1031,      1007,      1006,      1030
       779,      1030,      1006,      1005,      1029
       780,      1029,      1005,      1004,      1028
       781,      1028,      1004,      1003,      1027
       782,      1027,      1003,      1002,      1026
       783,      1026,      1002,      1001,      1025
       784,      1025,      1001,      1000,      1024
       785,      1024,      1000,       999,      1023
       786,      1023,       999,       998,      1022
       787,      1022,       998,       997,      1021
       788,      1021,       997,       996,      1020
       789,      1020,       996,       995,      1019
       790,      1019,       995,       994,      1018
       791,      1018,       994,       993,      1017
       792,      1017,       993,       992,      1016
       793,      1016,       992,       991,      1015
       794,      1015,       991,       990,      1014
       795,      1014,       990,       989,      1013
       796,      1013,       989,       988,      1012
       797,      1012,       988,       987,      1011
       798,      1011,       987,       986,      1010
       799,      1010,       986,       985,      1009
       800,      1009,       985,      1833,      1832
       801,      1770,      1769,       984,      1008
       802,      1008,       984,       983,      1007
       803,      1007,       983,       982,      1006
       804,      1006,       982,       981,      1005
       805,      1005,       981,       980,      1004
       806,      1004,       980,       979,      1003
       807,      1003,       979,       978,      1002
       808,      1002,       978,       977,      1001
       809,      1001,       977,       976,      1000
       810,      1000,       976,       975,       999
       811,       999,       975,       974,       998
       812,       998,       974,       973,       997
       813,       997,       973,       972,       996
       814,       996,       972,       971,       995
       815,       995,       971,       970,       994
       816,       994,       970,       969,       993
       817,       993,       969,       968,       992
       818,       992,       968,       967,       991
       819,       991,       967,       966,       990
       820,       990,       966,       965,       989
       821,       989,       965,       964,       988
       822,       988,       964,       963,       987
       823,       987,       963,       962,       986
       824,       986,       962,       961,       985
       825,       985,       961,      1834,      1833
       826,      1769,      1768,       960,       984
       827,       984,       960,       959,       983
       828,       983,       959,       958,       982
       829,       982,       958,       957,       981
       830,       981,       957,       956,       980
       831,       980,       956,       955,       979
       832,       979,       955,       954,       978
       833,       978,       954,       953,       977
       834,       977,       953,       952,       976
       835,       976,       952,       951,       975
       836,       975,       951,       950,       974
       837,       974,       950,       949,       973
       838,       973,       949,       948,       972
       839,       972,       948,       947,       971
       840,       971,       947,       946,       970
       841,       970,       946,       945,       969
       842,       969,       945,       944,       968
       843,       968,       944,       943,       967
       844,       967,       943,       942,       966
       845,       966,       942,       941,       965
       846,       965,       941,       940,       964
       847,       964,       940,       939,       963
       848,       963,       939,       938,       962
       849,       962,       938,       937,       961
       850,       961,       937,      1835,      1834
       851,      1768,      1767,       936,       960
       852,       960,       936,       935,       959
       853,       959,       935,       934,       958
       854,       958,       934,       933,       957
       855,       957,       933,       932,       956
       856,       956,       932,       931,       955
       857,       955,       931,       930,       954
       858,       954,       930,       929,       953
       859,       953,       929,       928,       952
       860,       952,       928,       927,       951
       861,       951,       927,       926,       950
       862,       950,       926,       925,       949
       863,       949,       925,       924,       948
       864,       948,       924,       923,       947
       865,       947,       923,       922,       946
       866,       946,       922,       921,       945
       867,       945,       921,       920,       944
       868,       944,       920,       919,       943
       869,       943,       919,       918,       942
       870,       942,       918,       917,       941
       871,       941,       917,       916,       940
       872,       940,       916,       915,       939
       873,       939,       915,       914,       938
       874,       938,       914,       913,       937
       875,       937,       913,      1836,      1835
       876,      1767,      1766,       912,       936
       877,       936,       912,       911,       935
       878,       935,       911,       910,       934
       879,       934,       910,       909,       933
       880,       933,       909,       908,       932
       881,       932,       908,       907,       931
       882,       931,       907,       906,       930
       883,       930,       906,       905,       929
       884,       929,       905,       904,       928
       885,       928,       904,       903,       927
       886,       927,       903,       902,       926
       887,       926,       902,       901,       925
       888,       925,       901,       900,       924
       889,       924,       900,       899,       923
       890,       923,       899,       898,       922
       891,       922,       898,       897,       921
       892,       921,       897,       896,       920
       893,       920,       896,       895,       919
       894,       919,       895,       894,       918
       895,       918,       894,       893,       917
       896,       917,       893,       892,       916
       897,       916,       892,       891,       915
       898,       915,       891,       890,       914
       899,       914,       890,       889,       913
       900,       913,       889,      1837,      1836
       901,      1766,      1765,       888,       912
       902,       912,       888,       887,       911
       903,       911,       887,       886,       910
       904,       910,       886,       885,       909
       905,       909,       885,       884,       908
       906,       908,       884,       883,       907
       907,       907,       883,       882,       906
       908,       906,       882,       881,       905
       909,       905,       881,       880,       904
       910,       904,       880,       879,       903
       911,       903,       879,       878,       902
       912,       902,       878,       877,       901
       913,       901,       877,       876,       900
       914,       900,       876,       875,       899
       915,       899,       875,       874,       898
       916,       898,       874,       873,       897
       917,       897,       873,       872,       896
       918,       896,       872,       871,       895
       919,       895,       871,       870,       894
       920,       894,       870,       869,       893
       921,       893,       869,       868,       892
       922,       892,       868,       867,       891
       923,       891,       867,       866,       890
       924,       890,       866,       865,       889
       925,       889,       865,      1838,      1837
       926,      1765,      1764,       864,       888
       927,       888,       864,       863,       887
       928,       887,       863,       862,       886
       929,       886,       862,       861,       885
       930,       885,       861,       860,       884
       931,       884,       860,       859,       883
       932,       883,       859,       858,       882
       933,       882,       858,       857,       881
       934,       881,       857,       856,       880
       935,       880,       856,       855,       879
       936,       879,       855,       854,       878
       937,       878,       854,       853,       877
       938,       877,       853,       852,       876
       939,       876,       852,       851,       875
       940,       875,       851,       850,       874
       941,       874,       850,       849,       873
       942,       873,       849,       848,       872
       943,       872,       848,       847,       871
       944,       871,       847,       846,       870
       945,       870,       846,       845,       869
       946,       869,       845,       844,       868
       947,       868,       844,       843,       867
       948,       867,       843,       842,       866
       949,       866,       842,       841,       865
       950,       865,       841,      1839,      1838
       951,      1764,      1763,       840,       864
       952,       864,       840,       839,       863
       953,       863,       839,       838,       862
       954,       862,       838,       837,       861
       955,       861,       837,       836,       860
       956,       860,       836,       835,       859
       957,       859,       835,       834,       858
       958,       858,       834,       833,       857
       959,       857,       833,       832,       856
       960,       856,       832,       831,       855
       961,       855,       831,       830,       854
       962,       854,       830,       829,       853
       963,       853,       829,       828,       852
       964,       852,       828,       827,       851
       965,       851,       827,       826,       850
       966,       850,       826,       825,       849
       967,       849,       825,       824,       848
       968,       848,       824,       823,       847
       969,       847,       823,       822,       846
       970,       846,       822,       821,       845
       971,       845,       821,       820,       844
       972,       844,       820,       819,       843
       973,       843,       819,       818,       842
       974,       842,       818,       817,       841
       975,       841,       817,      1840,      1839
       976,      1763,      1762,       816,       840
       977,       840,       816,       815,       839
       978,       839,       815,       814,       838
       979,       838,       814,       813,       837
       980,       837,       813,       812,       836
       981,       836,       812,       811,       835
       982,       835,       811,       810,       834
       983,       834,       810,       809,       833
       984,       833,       809,       808,       832
       985,       832,       808,       807,       831
       986,       831,       807,       806,       830
       987,       830,       806,       805,       829
       988,       829,       805,       804,       828
       989,       828,       804,       803,       827
       990,       827,       803,       802,       826
       991,       826,       802,       801,       825
       992,       825,       801,       800,       824
       993,       824,       800,       799,       823
       994,       823,       799,       798,       822
       995,       822,       798,       797,       821
       996,       821,       797,       796,       820
       997,       820,       796,       795,       819
       998,       819,       795,       794,       818
       999,       818,       794,       793,       817
      1000,       817,       793,      1841,      1840
      1001,      1762,      1761,       792,       816
      1002,       816,       792,       791,       815
      1003,       815,       791,       790,       814
      1004,       814,       790,       789,       813
      1005,       813,       789,       788,       812
      1006,       812,       788,       787,       811
      1007,       811,       787,       786,       810
      1008,       810,       786,       785,       809
      1009,       809,       785,       784,       808
      1010,       808,       784,       783,       807
      1011,       807,       783,       782,       806
      1012,       806,       782,       781,       805
      1013,       805,       781,       780,       804
      1014,       804,       780,       779,       803
      1015,       803,       779,       778,       802
      1016,       802,       778,       777,       801
      1017,       801,       777,       776,       800
      1018,       800,       776,       775,       799
      1019,       799,       775,       774,       798
      1020,       798,       774,       773,       797
      1021,       797,       773,       772,       796
      1022,       796,       772,       771,       795
      1023,       795,       771,       770,       794
      1024,       794,       770,       769,       793
      1025,       793,       769,      1842,      1841
      1026,      1761,      1760,       768,       792
      1027,       792,       768,       767,       791
      1028,       791,       767,       766,       790
      1029,       790,       766,       765,       789
      1030,       789,       765,       764,       788
      1031,       788,       764,       763,       787
      1032,       787,       763,       762,       786
      1033,       786,       762,       761,       785
      1034,       785,       761,       760,       784
      1035,       784,       760,       759,       783
      1036,       783,       759,       758,       782
      1037,       782,       758,       757,       781
      1038,       781,       757,       756,       780
      1039,       780,       756,       755,       779
      1040,       779,       755,       754,       778
      1041,       778,       754,       753,       777
      1042,       777,       753,       752,       776
      1043,       776,       752,       751,       775
      1044,       775,       751,       750,       774
      1045,       774,       750,       749,       773
      1046,       773,       749,       748,       772
      1047,       772,       748,       747,       771
      1048,       771,       747,       746,       770
      1049,       770,       746,       745,       769
      1050,       769,       745,      1843,      1842
      1051,      1760,      1759,       744,       768
      1052,       768,       744,       743,       767
      1053,       767,       743,       742,       766
      1054,       766,       742,       741,       765
      1055,       765,       741,       740,       764
      1056,       764,       740,       739,       763
      1057,       763,       739,       738,       762
      1058,       762,       738,       737,       761
      1059,       761,       737,       736,       760
      1060,       760,       736,       735,       759
      1061,       759,       735,       734,       758
      1062,       758,       734,       733,       757
      1063,       757,       733,       732,       756
      1064,       756,       732,       731,       755
      1065,       755,       731,       730,       754
      1066,       754,       730,       729,       753
      1067,       753,       729,       728,       752
      1068,       752,       728,       727,       751
      1069,       751,       727,       726,       750
      1070,       750,       726,       725,       749
      1071,       749,       725,       724,       748
      1072,       748,       724,       723,       747
      1073,       747,       723,       722,       746
      1074,       746,       722,       721,       745
      1075,       745,       721,      1844,      1843
      1076,      1759,      1758,       720,       744
      1077,       744,       720,       719,       743
      1078,       743,       719,       718,       742
      1079,       742,       718,       717,       741
      1080,       741,       717,       716,       740
      1081,       740,       716,       715,       739
      1082,       739,       715,       714,       738
      1083,       738,       714,       713,       737
      1084,       737,       713,       712,       736
      1085,       736,       712,       711,       735
      1086,       735,       711,       710,       734
      1087,       734,       710,       709,       733
      1088,       733,       709,       708,       732
      1089,       732,       708,       707,       731
      1090,       731,       707,       706,       730
      1091,       730,       706,       705,       729
      1092,       729,       705,       704,       728
      1093,       728,       704,       703,       727
      1094,       727,       703,       702,       726
      1095,       726,       702,       701,       725
      1096,       725,       701,       700,       724
      1097,       724,       700,       699,       723
      1098,       723,       699,       698,       722
      1099,       722,       698,       697,       721
      1100,       721,       697,      1845,      1844
      1101,      1758,      1757,       696,       720
      1102,       720,       696,       695,       719
      1103,       719,       695,       694,       718
      1104,       718,       694,       693,       717
      1105,       717,       693,       692,       716
      1106,       716,       692,       691,       715
      1107,       715,       691,       690,       714
      1108,       714,       690,       689,       713
      1109,       713,       689,       688,       712
      1110,       712,       688,       687,       711
      1111,       711,       687,       686,       710
      1112,       710,       686,       685,       709
      1113,       709,       685,       684,       708
      1114,       708,       684,       683,       707
      1115,       707,       683,       682,       706
      1116,       706,       682,       681,       705
      1117,       705,       681,       680,       704
      1118,       704,       680,       679,       703
      1119,       703,       679,       678,       702
      1120,       702,       678,       677,       701
      1121,       701,       677,       676,       700
      1122,       700,       676,       675,       699
      1123,       699,       675,       674,       698
      1124,       698,       674,       673,       697
      1125,       697,       673,      1846,      1845
      1126,      1757,      1756,       672,       696
      1127,       696,       672,       671,       695
      1128,       695,       671,       670,       694
      1129,       694,       670,       669,       693
      1130,       693,       669,       668,       692
      1131,       692,       668,       667,       691
      1132,       691,       667,       666,       690
      1133,       690,       666,       665,       689
      1134,       689,       665,       664,       688
      1135,       688,       664,       663,       687
      1136,       687,       663,       662,       686
      1137,       686,       662,       661,       685
      1138,       685,       661,       660,       684
      1139,       684,       660,       659,       683
      1140,       683,       659,       658,       682
      1141,       682,       658,       657,       681
      1142,       681,       657,       656,       680
      1143,       680,       656,       655,       679
      1144,       679,       655,       654,       678
      1145,       678,       654,       653,       677
      1146,       677,       653,       652,       676
      1147,       676,       652,       651,       675
      1148,       675,       651,       650,       674
      1149,       674,       650,       649,       673
      1150,       673,       649,      1847,      1846
      1151,      1756,      1755,       648,       672
      1152,       672,       648,       647,       671
      1153,       671,       647,       646,       670
      1154,       670,       646,       645,       669
      1155,       669,       645,       644,       668
      1156,       668,       644,       643,       667
      1157,       667,       643,       642,       666
      1158,       666,       642,       641,       665
      1159,       665,       641,       640,       664
      1160,       664,       640,       639,       663
      1161,       663,       639,       638,       662
      1162,       662,       638,       637,       661
      1163,       661,       637,       636,       660
      1164,       660,       636,       635,       659
      1165,       659,       635,       634,       658
      1166,       658,       634,       633,       657
      1167,       657,       633,       632,       656
      1168,       656,       632,       631,       655
      1169,       655,       631,       630,       654
      1170,       654,       630,       629,       653
      1171,       653,       629,       628,       652
      1172,       652,       628,       627,       651
      1173,       651,       627,       626,       650
      1174,       650,       626,       625,       649
      1175,       649,       625,      1848,      1847
      1176,      1755,      1754,       624,       648
      1177,       648,       624,       623,       647
      1178,       647,       623,       622,       646
      1179,       646,       622,       621,       645
      1180,       645,       621,       620,       644
      1181,       644,       620,       619,       643
      1182,       643,       619,       618,       642
      1183,       642,       618,       617,       641
      1184,       641,       617,       616,       640
      1185,       640,       616,       615,       639
      1186,       639,       615,       614,       638
      1187,       638,       614,       613,       637
      1188,       637,       613,       612,       636
      1189,       636,       612,       611,       635
      1190,       635,       611,       610,       634
      1191,       634,       610,       609,       633
      1192,       633,       609,       608,       632
      1193,       632,       608,       607,       631
      1194,       631,       607,       606,       630
      1195,       630,       606,       605,       629
      1196,       629,       605,       604,       628
      1197,       628,       604,       603,       627
      1198,       627,       603,       602,       626
      1199,       626,       602,       601,       625
      1200,       625,       601,      1849,      1848
      1201,      1754,      1753,       600,       624
      1202,       624,       600,       599,       623
      1203,       623,       599,       598,       622
      1204,       622,       598,       597,       621
      1205,       621,       597,       596,       620
      1206,       620,       596,       595,       619
      1207,       619,       595,       594,       618
      1208,       618,       594,       593,       617
      1209,       617,       593,       592,       616
      1210,       616,       592,       591,       615
      1211,       615,       591,       590,       614
      1212,       614,       590,       589,       613
      1213,       613,       589,       588,       612
      1214,       612,       588,       587,       611
      1215,       611,       587,       586,       610
      1216,       610,       586,       585,       609
      1217,       609,       585,       584,       608
      1218,       608,       584,       583,       607
      1219,       607,       583,       582,       606
      1220,       606,       582,       581,       605
      1221,       605,       581,       580,       604
      1222,       604,       580,       579,       603
      1223,       603,       579,       578,       602
      1224,       602,       578,       577,       601
      1225,       601,       577,      1850,      1849
      1226,      1753,      1875,      1874,       600
      1227,       600,      1874,      1873,       599
      1228,       599,      1873,      1872,       598
      1229,       598,      1872,      1871,       597
      1230,       597,      1871,      1870,       596
      1231,       596,      1870,      1869,       595
      1232,       595,      1869,      1868,       594
      1233,       594,      1868,      1867,       593
      1234,       593,      1867,      1866,       592
      1235,       592,      1866,      1865,       591
      1236,       591,      1865,      1864,       590
      1237,       590,      1864,      1863,       589
      1238,       589,      1863,      1862,       588
      1239,       588,      1862,      1861,       587
      1240,       587,      1861,      1860,       586
      1241,       586,      1860,      1859,       585
      1242,       585,      1859,      1858,       584
      1243,       584,      1858,      1857,       583
      1244,       583,      1857,      1856,       582
      1245,       582,      1856,      1855,       581
      1246,       581,      1855,      1854,       580
      1247,       580,      1854,      1853,       579
      1248,       579,      1853,      1852,       578
      1249,       578,      1852,      1851,       577
      1250,       577,      1851,      1950,      1850
      1251,      1801,      1176,       576,      1800
      1252,      1800,       576,       575,      1799
      1253,      1799,       575,       574,      1798
      1254,      1798,       574,       573,      1797
      1255,      1797,       573,       572,      1796
      1256,      1796,       572,       571,      1795
      1257,      1795,       571,       570,      1794
      1258,      1794,       570,       569,      1793
      1259,      1793,       569,       568,      1792
      1260,      1792,       568,       567,      1791
      1261,      1791,       567,       566,      1790
      1262,      1790,       566,       565,      1789
      1263,      1789,       565,       564,      1788
      1264,      1788,       564,       563,      1787
      1265,      1787,       563,       562,      1786
      1266,      1786,       562,       561,      1785
      1267,      1785,       561,       560,      1784
      1268,      1784,       560,       559,      1783
      1269,      1783,       559,       558,      1782
      1270,      1782,       558,       557,      1781
      1271,      1781,       557,       556,      1780
      1272,      1780,       556,       555,      1779
      1273,      1779,       555,       554,      1778
      1274,      1778,       554,       553,      1777
      1275,      1777,       553,      1925,      1924
      1276,      1176,      1175,       552,       576
      1277,       576,       552,       551,       575
      1278,       575,       551,       550,       574
      1279,       574,       550,       549,       573
      1280,       573,       549,       548,       572
      1281,       572,       548,       547,       571
      1282,       571,       547,       546,       570
      1283,       570,       546,       545,       569
      1284,       569,       545,       544,       568
      1285,       568,       544,       543,       567
      1286,       567,       543,       542,       566
      1287,       566,       542,       541,       565
      1288,       565,       541,       540,       564
      1289,       564,       540,       539,       563
      1290,       563,       539,       538,       562
      1291,       562,       538,       537,       561
      1292,       561,       537,       536,       560
      1293,       560,       536,       535,       559
      1294,       559,       535,       534,       558
      1295,       558,       534,       533,       557
      1296,       557,       533,       532,       556
      1297,       556,       532,       531,       555
      1298,       555,       531,       530,       554
      1299,       554,       530,       529,       553
      1300,       553,       529,      1926,      1925
      1301,      1175,      1174,       528,       552
      1302,       552,       528,       527,       551
      1303,       551,       527,       526,       550
      1304,       550,       526,       525,       549
      1305,       549,       525,       524,       548
      1306,       548,       524,       523,       547
      1307,       547,       523,       522,       546
      1308,       546,       522,       521,       545
      1309,       545,       521,       520,       544
      1310,       544,       520,       519,       543
      1311,       543,       519,       518,       542
      1312,       542,       518,       517,       541
      1313,       541,       517,       516,       540
      1314,       540,       516,       515,       539
      1315,       539,       515,       514,       538
      1316,       538,       514,       513,       537
      1317,       537,       513,       512,       536
      1318,       536,       512,       511,       535
      1319,       535,       511,       510,       534
      1320,       534,       510,       509,       533
      1321,       533,       509,       508,       532
      1322,       532,       508,       507,       531
      1323,       531,       507,       506,       530
      1324,       530,       506,       505,       529
      1325,       529,       505,      1927,      1926
      1326,      1174,      1173,       504,       528
      1327,       528,       504,       503,       527
      1328,       527,       503,       502,       526
      1329,       526,       502,       501,       525
      1330,       525,       501,       500,       524
      1331,       524,       500,       499,       523
      1332,       523,       499,       498,       522
      1333,       522,       498,       497,       521
      1334,       521,       497,       496,       520
      1335,       520,       496,       495,       519
      1336,       519,       495,       494,       518
      1337,       518,       494,       493,       517
      1338,       517,       493,       492,       516
      1339,       516,       492,       491,       515
      1340,       515,       491,       490,       514
      1341,       514,       490,       489,       513
      1342,       513,       489,       488,       512
      1343,       512,       488,       487,       511
      1344,       511,       487,       486,       510
      1345,       510,       486,       485,       509
      1346,       509,       485,       484,       508
      1347,       508,       484,       483,       507
      1348,       507,       483,       482,       506
      1349,       506,       482,       481,       505
      1350,       505,       481,      1928,      1927
      1351,      1173,      1172,       480,       504
      1352,       504,       480,       479,       503
      1353,       503,       479,       478,       502
      1354,       502,       478,       477,       501
      1355,       501,       477,       476,       500
      1356,       500,       476,       475,       499
      1357,       499,       475,       474,       498
      1358,       498,       474,       473,       497
      1359,       497,       473,       472,       496
      1360,       496,       472,       471,       495
      1361,       495,       471,       470,       494
      1362,       494,       470,       469,       493
      1363,       493,       469,       468,       492
      1364,       492,       468,       467,       491
      1365,       491,       467,       466,       490
      1366,       490,       466,       465,       489
      1367,       489,       465,       464,       488
      1368,       488,       464,       463,       487
      1369,       487,       463,       462,       486
      1370,       486,       462,       461,       485
      1371,       485,       461,       460,       484
      1372,       484,       460,       459,       483
      1373,       483,       459,       458,       482
      1374,       482,       458,       457,       481
      1375,       481,       457,      1929,      1928
      1376,      1172,      1171,       456,       480
      1377,       480,       456,       455,       479
      1378,       479,       455,       454,       478
      1379,       478,       454,       453,       477
      1380,       477,       453,       452,       476
      1381,       476,       452,       451,       475
      1382,       475,       451,       450,       474
      1383,       474,       450,       449,       473
      1384,       473,       449,       448,       472
      1385,       472,       448,       447,       471
      1386,       471,       447,       446,       470
      1387,       470,       446,       445,       469
      1388,       469,       445,       444,       468
      1389,       468,       444,       443,       467
      1390,       467,       443,       442,       466
      1391,       466,       442,       441,       465
      1392,       465,       441,       440,       464
      1393,       464,       440,       439,       463
      1394,       463,       439,       438,       462
      1395,       462,       438,       437,       461
      1396,       461,       437,       436,       460
      1397,       460,       436,       435,       459
      1398,       459,       435,       434,       458
      1399,       458,       434,       433,       457
      1400,       457,       433,      1930,      1929
      1401,      1171,      1170,       432,       456
      1402,       456,       432,       431,       455
      1403,       455,       431,       430,       454
      1404,       454,       430,       429,       453
      1405,       453,       429,       428,       452
      1406,       452,       428,       427,       451
      1407,       451,       427,       426,       450
      1408,       450,       426,       425,       449
      1409,       449,       425,       424,       448
      1410,       448,       424,       423,       447
      1411,       447,       423,       422,       446
      1412,       446,       422,       421,       445
      1413,       445,       421,       420,       444
      1414,       444,       420,       419,       443
      1415,       443,       419,       418,       442
      1416,       442,       418,       417,       441
      1417,       441,       417,       416,       440
      1418,       440,       416,       415,       439
      1419,       439,       415,       414,       438
      1420,       438,       414,       413,       437
      1421,       437,       413,       412,       436
      1422,       436,       412,       411,       435
      1423,       435,       411,       410,       434
      1424,       434,       410,       409,       433
      1425,       433,       409,      1931,      1930
      1426,      1170,      1169,       408,       432
      1427,       432,       408,       407,       431
      1428,       431,       407,       406,       430
      1429,       430,       406,       405,       429
      1430,       429,       405,       404,       428
      1431,       428,       404,       403,       427
      1432,       427,       403,       402,       426
      1433,       426,       402,       401,       425
      1434,       425,       401,       400,       424
      1435,       424,       400,       399,       423
      1436,       423,       399,       398,       422
      1437,       422,       398,       397,       421
      1438,       421,       397,       396,       420
      1439,       420,       396,       395,       419
      1440,       419,       395,       394,       418
      1441,       418,       394,       393,       417
      1442,       417,       393,       392,       416
      1443,       416,       392,       391,       415
      1444,       415,       391,       390,       414
      1445,       414,       390,       389,       413
      1446,       413,       389,       388,       412
      1447,       412,       388,       387,       411
      1448,       411,       387,       386,       410
      1449,       410,       386,       385,       409
      1450,       409,       385,      1932,      1931
      1451,      1169,      1168,       384,       408
      1452,       408,       384,       383,       407
      1453,       407,       383,       382,       406
      1454,       406,       382,       381,       405
      1455,       405,       381,       380,       404
      1456,       404,       380,       379,       403
      1457,       403,       379,       378,       402
      1458,       402,       378,       377,       401
      1459,       401,       377,       376,       400
      1460,       400,       376,       375,       399
      1461,       399,       375,       374,       398
      1462,       398,       374,       373,       397
      1463,       397,       373,       372,       396
      1464,       396,       372,       371,       395
      1465,       395,       371,       370,       394
      1466,       394,       370,       369,       393
      1467,       393,       369,       368,       392
      1468,       392,       368,       367,       391
      1469,       391,       367,       366,       390
      1470,       390,       366,       365,       389
      1471,       389,       365,       364,       388
      1472,       388,       364,       363,       387
      1473,       387,       363,       362,       386
      1474,       386,       362,       361,       385
      1475,       385,       361,      1933,      1932
      1476,      1168,      1167,       360,       384
      1477,       384,       360,       359,       383
      1478,       383,       359,       358,       382
      1479,       382,       358,       357,       381
      1480,       381,       357,       356,       380
      1481,       380,       356,       355,       379
      1482,       379,       355,       354,       378
      1483,       378,       354,       353,       377
      1484,       377,       353,       352,       376
      1485,       376,       352,       351,       375
      1486,       375,       351,       350,       374
      1487,       374,       350,       349,       373
      1488,       373,       349,       348,       372
      1489,       372,       348,       347,       371
      1490,       371,       347,       346,       370
      1491,       370,       346,       345,       369
      1492,       369,       345,       344,       368
      1493,       368,       344,       343,       367
      1494,       367,       343,       342,       366
      1495,       366,       342,       341,       365
      1496,       365,       341,       340,       364
      1497,       364,       340,       339,       363
      1498,       363,       339,       338,       362
      1499,       362,       338,       337,       361
      1500,       361,       337,      1934,      1933
      1501,      1167,      1166,       336,       360
      1502,       360,       336,       335,       359
      1503,       359,       335,       334,       358
      1504,       358,       334,       333,       357
      1505,       357,       333,       332,       356
      1506,       356,       332,       331,       355
      1507,       355,       331,       330,       354
      1508,       354,       330,       329,       353
      1509,       353,       329,       328,       352
      1510,       352,       328,       327,       351
      1511,       351,       327,       326,       350
      1512,       350,       326,       325,       349
      1513,       349,       325,       324,       348
      1514,       348,       324,       323,       347
      1515,       347,       323,       322,       346
      1516,       346,       322,       321,       345
      1517,       345,       321,       320,       344
      1518,       344,       320,       319,       343
      1519,       343,       319,       318,       342
      1520,       342,       318,       317,       341
      1521,       341,       317,       316,       340
      1522,       340,       316,       315,       339
      1523,       339,       315,       314,       338
      1524,       338,       314,       313,       337
      1525,       337,       313,      1935,      1934
      1526,      1166,      1165,       312,       336
      1527,       336,       312,       311,       335
      1528,       335,       311,       310,       334
      1529,       334,       310,       309,       333
      1530,       333,       309,       308,       332
      1531,       332,       308,       307,       331
      1532,       331,       307,       306,       330
      1533,       330,       306,       305,       329
      1534,       329,       305,       304,       328
      1535,       328,       304,       303,       327
      1536,       327,       303,       302,       326
      1537,       326,       302,       301,       325
      1538,       325,       301,       300,       324
      1539,       324,       300,       299,       323
      1540,       323,       299,       298,       322
      1541,       322,       298,       297,       321
      1542,       321,       297,       296,       320
      1543,       320,       296,       295,       319
      1544,       319,       295,       294,       318
      1545,       318,       294,       293,       317
      1546,       317,       293,       292,       316
      1547,       316,       292,       291,       315
      1548,       315,       291,       290,       314
      1549,       314,       290,       289,       313
      1550,       313,       289,      1936,      1935
      1551,      1165,      1164,       288,       312
      1552,       312,       288,       287,       311
      1553,       311,       287,       286,       310
      1554,       310,       286,       285,       309
      1555,       309,       285,       284,       308
      1556,       308,       284,       283,       307
      1557,       307,       283,       282,       306
      1558,       306,       282,       281,       305
      1559,       305,       281,       280,       304
      1560,       304,       280,       279,       303
      1561,       303,       279,       278,       302
      1562,       302,       278,       277,       301
      1563,       301,       277,       276,       300
      1564,       300,       276,       275,       299
      1565,       299,       275,       274,       298
      1566,       298,       274,       273,       297
      1567,       297,       273,       272,       296
      1568,       296,       272,       271,       295
      1569,       295,       271,       270,       294
      1570,       294,       270,       269,       293
      1571,       293,       269,       268,       292
      1572,       292,       268,       267,       291
      1573,       291,       267,       266,       290
      1574,       290,       266,       265,       289
      1575,       289,       265,      1937,      1936
      1576,      1164,      1163,       264,       288
      1577,       288,       264,       263,       287
      1578,       287,       263,       262,       286
      1579,       286,       262,       261,       285
      1580,       285,       261,       260,       284
      1581,       284,       260,       259,       283
      1582,       283,       259,       258,       282
      1583,       282,       258,       257,       281
      1584,       281,       257,       256,       280
      1585,       280,       256,       255,       279
      1586,       279,       255,       254,       278
      1587,       278,       254,       253,       277
      1588,       277,       253,       252,       276
      1589,       276,       252,       251,       275
      1590,       275,       251,       250,       274
      1591,       274,       250,       249,       273
      1592,       273,       249,       248,       272
      1593,       272,       248,       247,       271
      1594,       271,       247,       246,       270
      1595,       270,       246,       245,       269
      1596,       269,       245,       244,       268
      1597,       268,       244,       243,       267
      1598,       267,       243,       242,       266
      1599,       266,       242,       241,       265
      1600,       265,       241,      1938,      1937
      1601,      1163,      1162,       240,       264
      1602,       264,       240,       239,       263
      1603,       263,       239,       238,       262
      1604,       262,       238,       237,       261
      1605,       261,       237,       236,       260
      1606,       260,       236,       235,       259
      1607,       259,       235,       234,       258
      1608,       258,       234,       233,       257
      1609,       257,       233,       232,       256
      1610,       256,       232,       231,       255
      1611,       255,       231,       230,       254
      1612,       254,       230,       229,       253
      1613,       253,       229,       228,       252
      1614,       252,       228,       227,       251
      1615,       251,       227,       226,       250
      1616,       250,       226,       225,       249
      1617,       249,       225,       224,       248
      1618,       248,       224,       223,       247
      1619,       247,       223,       222,       246
      1620,       246,       222,       221,       245
      1621,       245,       221,       220,       244
      1622,       244,       220,       219,       243
      1623,       243,       219,       218,       242
      1624,       242,       218,       217,       241
      1625,       241,       217,      1939,      1938
      1626,      1162,      1161,       216,       240
      1627,       240,       216,       215,       239
      1628,       239,       215,       214,       238
      1629,       238,       214,       213,       237
      1630,       237,       213,       212,       236
      1631,       236,       212,       211,       235
      1632,       235,       211,       210,       234
      1633,       234,       210,       209,       233
      1634,       233,       209,       208,       232
      1635,       232,       208,       207,       231
      1636,       231,       207,       206,       230
      1637,       230,       206,       205,       229
      1638,       229,       205,       204,       228
      1639,       228,       204,       203,       227
      1640,       227,       203,       202,       226
      1641,       226,       202,       201,       225
      1642,       225,       201,       200,       224
      1643,       224,       200,       199,       223
      1644,       223,       199,       198,       222
      1645,       222,       198,       197,       221
      1646,       221,       197,       196,       220
      1647,       220,       196,       195,       219
      1648,       219,       195,       194,       218
      1649,       218,       194,       193,       217
      1650,       217,       193,      1940,      1939
      1651,      1161,      1160,       192,       216
      1652,       216,       192,       191,       215
      1653,       215,       191,       190,       214
      1654,       214,       190,       189,       213
      1655,       213,       189,       188,       212
      1656,       212,       188,       187,       211
      1657,       211,       187,       186,       210
      1658,       210,       186,       185,       209
      1659,       209,       185,       184,       208
      1660,       208,       184,       183,       207
      1661,       207,       183,       182,       206
      1662,       206,       182,       181,       205
      1663,       205,       181,       180,       204
      1664,       204,       180,       179,       203
      1665,       203,       179,       178,       202
      1666,       202,       178,       177,       201
      1667,       201,       177,       176,       200
      1668,       200,       176,       175,       199
      1669,       199,       175,       174,       198
      1670,       198,       174,       173,       197
      1671,       197,       173,       172,       196
      1672,       196,       172,       171,       195
      1673,       195,       171,       170,       194
      1674,       194,       170,       169,       193
      1675,       193,       169,      1941,      1940
      1676,      1160,      1159,       168,       192
      1677,       192,       168,       167,       191
      1678,       191,       167,       166,       190
      1679,       190,       166,       165,       189
      1680,       189,       165,       164,       188
      1681,       188,       164,       163,       187
      1682,       187,       163,       162,       186
      1683,       186,       162,       161,       185
      1684,       185,       161,       160,       184
      1685,       184,       160,       159,       183
      1686,       183,       159,       158,       182
      1687,       182,       158,       157,       181
      1688,       181,       157,       156,       180
      1689,       180,       156,       155,       179
      1690,       179,       155,       154,       178
      1691,       178,       154,       153,       177
      1692,       177,       153,       152,       176
      1693,       176,       152,       151,       175
      1694,       175,       151,       150,       174
      1695,       174,       150,       149,       173
      1696,       173,       149,       148,       172
      1697,       172,       148,       147,       171
      1698,       171,       147,       146,       170
      1699,       170,       146,       145,       169
      1700,       169,       145,      1942,      1941
      1701,      1159,      1158,       144,       168
      1702,       168,       144,       143,       167
      1703,       167,       143,       142,       166
      1704,       166,       142,       141,       165
      1705,       165,       141,       140,       164
      1706,       164,       140,       139,       163
      1707,       163,       139,       138,       162
      1708,       162,       138,       137,       161
      1709,       161,       137,       136,       160
      1710,       160,       136,       135,       159
      1711,       159,       135,       134,       158
      1712,       158,       134,       133,       157
      1713,       157,       133,       132,       156
      1714,       156,       132,       131,       155
      1715,       155,       131,       130,       154
      1716,       154,       130,       129,       153
      1717,       153,       129,       128,       152
      1718,       152,       128,       127,       151
      1719,       151,       127,       126,       150
      1720,       150,       126,       125,       149
      1721,       149,       125,       124,       148
      1722,       148,       124,       123,       147
      1723,       147,       123,       122,       146
      1724,       146,       122,       121,       145
      1725,       145,       121,      1943,      1942
      1726,      1158,      1157,       120,       144
      1727,       144,       120,       119,       143
      1728,       143,       119,       118,       142
      1729,       142,       118,       117,       141
      1730,       141,       117,       116,       140
      1731,       140,       116,       115,       139
      1732,       139,       115,       114,       138
      1733,       138,       114,       113,       137
      1734,       137,       113,       112,       136
      1735,       136,       112,       111,       135
      1736,       135,       111,       110,       134
      1737,       134,       110,       109,       133
      1738,       133,       109,       108,       132
      1739,       132,       108,       107,       131
      1740,       131,       107,       106,       130
      1741,       130,       106,       105,       129
      1742,       129,       105,       104,       128
      1743,       128,       104,       103,       127
      1744,       127,       103,       102,       126
      1745,       126,       102,       101,       125
      1746,       125,       101,       100,       124
      1747,       124,       100,        99,       123
      1748,       123,        99,        98,       122
      1749,       122,        98,        97,       121
      1750,       121,        97,      1944,      1943
      1751,      1157,      1156,        96,       120
      1752,       120,        96,        95,       119
      1753,       119,        95,        94,       118
      1754,       118,        94,        93,       117
      1755,       117,        93,        92,       116
      1756,       116,        92,        91,       115
      1757,       115,        91,        90,       114
      1758,       114,        90,        89,       113
      1759,       113,        89,        88,       112
      1760,       112,        88,        87,       111
      1761,       111,        87,        86,       110
      1762,       110,        86,        85,       109
      1763,       109,        85,        84,       108
      1764,       108,        84,        83,       107
      1765,       107,        83,        82,       106
      1766,       106,        82,        81,       105
      1767,       105,        81,        80,       104
      1768,       104,        80,        79,       103
      1769,       103,        79,        78,       102
      1770,       102,        78,        77,       101
      1771,       101,        77,        76,       100
      1772,       100,        76,        75,        99
      1773,        99,        75,        74,        98
      1774,        98,        74,        73,        97
      1775,        97,        73,      1945,      1944
      1776,      1156,      1155,        72,        96
      1777,        96,        72,        71,        95
      1778,        95,        71,        70,        94
      1779,        94,        70,        69,        93
      1780,        93,        69,        68,        92
      1781,        92,        68,        67,        91
      1782,        91,        67,        66,        90
      1783,        90,        66,        65,        89
      1784,        89,        65,        64,        88
      1785,        88,        64,        63,        87
      1786,        87,        63,        62,        86
      1787,        86,        62,        61,        85
      1788,        85,        61,        60,        84
      1789,        84,        60,        59,        83
      1790,        83,        59,        58,        82
      1791,        82,        58,        57,        81
      1792,        81,        57,        56,        80
      1793,        80,        56,        55,        79
      1794,        79,        55,        54,        78
      1795,        78,        54,        53,        77
      1796,        77,        53,        52,        76
      1797,        76,        52,        51,        75
      1798,        75,        51,        50,        74
      1799,        74,        50,        49,        73
      1800,        73,        49,      1946,      1945
      1801,      1155,      1154,        48,        72
      1802,        72,        48,        47,        71
      1803,        71,        47,        46,        70
      1804,        70,        46,        45,        69
      1805,        69,        45,        44,        68
      1806,        68,        44,        43,        67
      1807,        67,        43,        42,        66
      1808,        66,        42,        41,        65
      1809,        65,        41,        40,        64
      1810,        64,        40,        39,        63
      1811,        63,        39,        38,        62
      1812,        62,        38,        37,        61
      1813,        61,        37,        36,        60
      1814,        60,        36,        35,        59
      1815,        59,        35,        34,        58
      1816,        58,        34,        33,        57
      1817,        57,        33,        32,        56
      1818,        56,        32,        31,        55
      1819,        55,        31,        30,        54
      1820,        54,        30,        29,        53
      1821,        53,        29,        28,        52
      1822,        52,        28,        27,        51
      1823,        51,        27,        26,        50
      1824,        50,        26,        25,        49
      1825,        49,        25,      1947,      1946
      1826,      1154,      1153,        24,        48
      1827,        48,        24,        23,        47
      1828,        47,        23,        22,        46
      1829,        46,        22,        21,        45
      1830,        45,        21,        20,        44
      1831,        44,        20,        19,        43
      1832,        43,        19,        18,        42
      1833,        42,        18,        17,        41
      1834,        41,        17,        16,        40
      1835,        40,        16,        15,        39
      1836,        39,        15,        14,        38
      1837,        38,        14,        13,        37
      1838,        37,        13,        12,        36
      1839,        36,        12,        11,        35
      1840,        35,        11,        10,        34
      1841,        34,        10,         9,        33
      1842,        33,         9,         8,        32
      1843,        32,         8,         7,        31
      1844,        31,         7,         6,        30
      1845,        30,         6,         5,        29
      1846,        29,         5,         4,        28
      1847,        28,         4,         3,        27
      1848,        27,         3,         2,        26
      1849,        26,         2,         1,        25
      1850,        25,         1,      1948,      1947
      1851,      1153,      1826,      1825,        24
      1852,        24,      1825,      1824,        23
      1853,        23,      1824,      1823,        22
      1854,        22,      1823,      1822,        21
      1855,        21,      1822,      1821,        20
      1856,        20,      1821,      1820,        19
      1857,        19,      1820,      1819,        18
      1858,        18,      1819,      1818,        17
      1859,        17,      1818,      1817,        16
      1860,        16,      1817,      1816,        15
      1861,        15,      1816,      1815,        14
      1862,        14,      1815,      1814,        13
      1863,        13,      1814,      1813,        12
      1864,        12,      1813,      1812,        11
      1865,        11,      1812,      1811,        10
      1866,        10,      1811,      1810,         9
      1867,         9,      1810,      1809,         8
      1868,         8,      1809,      1808,         7
      1869,         7,      1808,      1807,         6
      1870,         6,      1807,      1806,         5
      1871,         5,      1806,      1805,         4
      1872,         4,      1805,      1804,         3
      1873,         3,      1804,      1803,         2
      1874,         2,      1803,      1802,         1
      1875,         1,      1802,      1951,      1948
*****