**
**   Template:  2D Helmholtz solver
**
*NODE
         1,  500.0          ,  -4.0           ,  0.0            
         2,  497.50959794682,  -4.040452199242,  0.0            
         3,  495.01919589364,  -4.080904398485,  0.0            
         4,  492.52811900156,  -4.122602943624,  0.0            
         5,  490.03703686746,  -4.164311170158,  0.0            
         6,  487.54526382838,  -4.207308629172,  0.0            
         7,  485.05348036205,  -4.250325545502,  0.0            
         8,  482.5609892579 ,  -4.294677328789,  0.0            
         9,  480.06848263282,  -4.339058390293,  0.0            
        10,  477.57525094632,  -4.384822933066,  0.0            
        11,  475.08199877566,  -4.430626561442,  0.0            
        12,  472.58800340204,  -4.477865529498,  0.0            
        13,  470.09398275455,  -4.525153308723,  0.0            
        14,  467.59920002326,  -4.573931813801,  0.0            
        15,  465.10438744964,  -4.622768694008,  0.0            
        16,  462.608793152  ,  -4.673155530352,  0.0            
        17,  460.11316471725,  -4.723610051714,  0.0            
        18,  457.61673414532,  -4.775677948019,  0.0            
        19,  455.12026547265,  -4.827822478069,  0.0            
        20,  452.6229734679 ,  -4.881648373001,  0.0            
        21,  450.12563979229,  -4.935559365934,  0.0            
        22,  447.6274608086 ,  -4.991224703901,  0.0            
        23,  445.12923704496,  -5.046982977785,  0.0            
        24,  442.63014522756,  -5.104574028824,  0.0            
        25,  440.13100605459,  -5.16226506468 ,  0.0            
        26,  437.63097533706,  -5.221873272197,  0.0            
        27,  435.13089529893,  -5.281587538403,  0.0            
        28,  432.6298995235 ,  -5.343309893192,  0.0            
        29,  430.12885315442,  -5.405143193045,  0.0            
        30,  427.62686621659,  -5.469082642754,  0.0            
        31,  425.12482818879,  -5.533136494632,  0.0            
        32,  422.62182421532,  -5.599402381618,  0.0            
        33,  420.11876951968,  -5.665784423405,  0.0            
        34,  417.61472308012,  -5.734492966466,  0.0            
        35,  415.11062723835,  -5.80331740063 ,  0.0            
        36,  412.60551360211,  -5.874592210893,  0.0            
        37,  410.10035292293,  -5.945980278686,  0.0            
        38,  407.59414836456,  -6.019952925354,  0.0            
        39,  405.08790024498,  -6.094033426815,  0.0            
        40,  402.58058241075,  -6.170844046596,  0.0            
        41,  109.95926041722,  -82.7102866169 ,  0.0            
        42,  108.66569539789,  -84.79507872554,  0.0            
        43,  107.34868028162,  -86.91766451003,  0.0            
        44,  106.01798463712,  -89.06229870869,  0.0            
        45,  104.72924811494,  -91.20638672902,  0.0            
        46,  103.55747496333,  -93.38519394873,  0.0            
        47,  102.37164997555,  -95.59012929915,  0.0            
        48,  101.18582498778,  -97.79506464958,  0.0            
        49,  100.0          ,  -100.0         ,  0.0            
        50,  100.0          ,  -97.5          ,  0.0            
        51,  100.0          ,  -95.0          ,  0.0            
        52,  100.0          ,  -92.5          ,  0.0            
        53,  400.07322569536,  -6.247753898614,  0.0            
        54,  397.56477403893,  -6.327551860154,  0.0            
        55,  395.05628944351,  -6.407436704375,  0.0            
        56,  392.54668574468,  -6.490381328516,  0.0            
        57,  390.03705635716,  -6.573396189037,  0.0            
        58,  387.52628533819,  -6.659657530183,  0.0            
        59,  385.01549720965,  -6.745967526209,  0.0            
        60,  382.50354726664,  -6.835727219867,  0.0            
        61,  379.99158617479,  -6.925520587667,  0.0            
        62,  377.4784541772 ,  -7.018960521649,  0.0            
        63,  374.96530596343,  -7.112453706295,  0.0            
        64,  372.45099876421,  -7.209752762545,  0.0            
        65,  369.93666213088,  -7.307154374665,  0.0            
        66,  367.42118595012,  -7.408526457864,  0.0            
        67,  364.90566648124,  -7.510059782244,  0.0            
        68,  362.38903545916,  -7.615733460117,  0.0            
        69,  359.87234708376,  -7.721637623319,  0.0            
        70,  357.35458485376,  -7.831857278485,  0.0            
        71,  354.84698003634,  -7.941921408554,  0.0            
        72,  352.34613723944,  -8.056125776514,  0.0            
        73,  349.84523009168,  -8.170642599311,  0.0            
        74,  347.34334705173,  -8.289897855169,  0.0            
        75,  344.84140215752,  -8.409492024521,  0.0            
        76,  342.33854298512,  -8.53409573112 ,  0.0            
        77,  339.83562518133,  -8.659071502029,  0.0            
        78,  337.3318729374 ,  -8.789342480904,  0.0            
        79,  334.82806662943,  -8.920025970369,  0.0            
        80,  332.32352683891,  -9.056305958332,  0.0            
        81,  329.81893967818,  -9.193046723765,  0.0            
        82,  327.31374446178,  -9.335702142301,  0.0            
        83,  324.80851165738,  -9.478874813041,  0.0            
        84,  322.30282458988,  -9.628298644418,  0.0            
        85,  319.79711395369,  -9.778304579335,  0.0            
        86,  317.29113577396,  -9.934918352038,  0.0            
        87,  314.78515360765,  -10.0921872953 ,  0.0            
        88,  312.27912892747,  -10.25644314928,  0.0            
        89,  309.7731268697 ,  -10.42143482367,  0.0            
        90,  307.26735205019,  -10.59381768796,  0.0            
        91,  304.76163500625,  -10.76702329846,  0.0            
        92,  302.25646739608,  -10.94805305807,  0.0            
        93,  299.75140267122,  -11.12999654044,  0.0            
        94,  297.24727142891,  -11.32023026746,  0.0            
        95,  294.74329917567,  -11.51146926131,  0.0            
        96,  292.24071792086,  -11.71150335387,  0.0            
        97,  289.73836297899,  -11.91262966601,  0.0            
        98,  287.23794455667,  -12.12310190663,  0.0            
        99,  284.73782971961,  -12.3347413388 ,  0.0            
       100,  282.24030335723,  -12.556332657  ,  0.0            
       101,  279.74316399011,  -12.77914386611,  0.0            
       102,  277.24939518761,  -13.01257980809,  0.0            
       103,  274.75609501337,  -13.2472520016 ,  0.0            
       104,  272.26710843969,  -13.49330356696,  0.0            
       105,  269.77865604421,  -13.74055253375,  0.0            
       106,  267.29566177963,  -14.00003631985,  0.0            
       107,  264.81322714126,  -14.2605984884 ,  0.0            
       108,  262.33765042979,  -14.5343756708 ,  0.0            
       109,  259.8625802441 ,  -14.80899953856,  0.0            
       110,  257.39609493577,  -15.09797349498,  0.0            
       111,  254.92992500542,  -15.38740801182,  0.0            
       112,  252.47449057166,  -15.69252004901,  0.0            
       113,  249.97072243269,  -16.00386302926,  0.0            
       114,  247.42375267071,  -16.33992301054,  0.0            
       115,  244.87758969394,  -16.67689648498,  0.0            
       116,  242.34729665677,  -17.03183890742,  0.0            
       117,  239.81844098746,  -17.38822258929,  0.0            
       118,  237.30802245215,  -17.76309332239,  0.0            
       119,  234.79950231015,  -18.13965430215,  0.0            
       120,  232.31263048437,  -18.53548999904,  0.0            
       121,  229.82770178685,  -18.93286496516,  0.0            
       122,  227.36856339611,  -19.35066999073,  0.0            
       123,  224.91062079064,  -19.76931894645,  0.0            
       124,  222.48394833012,  -20.2100369299 ,  0.0            
       125,  220.0572758696 ,  -20.65075491334,  0.0            
       126,  217.66747316582,  -21.1146740797 ,  0.0            
       127,  215.27856172161,  -21.57915409261,  0.0            
       128,  212.87779206611,  -22.07576240922,  0.0            
       129,  210.3457450206 ,  -22.60365454103,  0.0            
       130,  207.86030085851,  -23.1548682087 ,  0.0            
       131,  205.382226545  ,  -23.70976997839,  0.0            
       132,  202.95603915208,  -24.28780734005,  0.0            
       133,  200.5393145449 ,  -24.87006401454,  0.0            
       134,  198.1762671238 ,  -25.47361899263,  0.0            
       135,  195.77781759125,  -26.0964905032 ,  0.0            
       136,  193.27248660897,  -26.78300116445,  0.0            
       137,  190.79268166568,  -27.47850867444,  0.0            
       138,  188.37601292579,  -28.19373597001,  0.0            
       139,  185.98900823684,  -28.91822845247,  0.0            
       140,  183.6612469221 ,  -29.65906886687,  0.0            
       141,  181.37539714796,  -30.41147457482,  0.0            
       142,  178.95448771308,  -31.2382533235 ,  0.0            
       143,  176.55269112049,  -32.09755066656,  0.0            
       144,  174.19602888675,  -32.96645155578,  0.0            
       145,  171.92190023751,  -33.85291368016,  0.0            
       146,  169.58985065237,  -34.77670702373,  0.0            
       147,  167.23563399821,  -35.77907112418,  0.0            
       148,  164.88908829433,  -36.78266515019,  0.0            
       149,  162.68716270471,  -37.8094469127 ,  0.0            
       150,  160.37452328898,  -38.88785573201,  0.0            
       151,  158.00235329094,  -40.08561835425,  0.0            
       152,  155.65661572403,  -41.28701555231,  0.0            
       153,  153.44004020423,  -42.50348060737,  0.0            
       154,  151.27367410622,  -43.72580302072,  0.0            
       155,  149.18079243448,  -44.95529920419,  0.0            
       156,  147.19275679229,  -46.19503077155,  0.0            
       157,  145.09707490416,  -47.50189013399,  0.0            
       158,  142.97167180961,  -48.96521034921,  0.0            
       159,  140.85482116176,  -50.42921683982,  0.0            
       160,  138.85635998031,  -51.90084545385,  0.0            
       161,  136.9380885427 ,  -53.37763682555,  0.0            
       162,  135.0198171051 ,  -54.85442819724,  0.0            
       163,  133.1095904147 ,  -56.49616006322,  0.0            
       164,  131.17371782768,  -58.16175120324,  0.0            
       165,  129.31790493724,  -59.83028351352,  0.0            
       166,  127.56956973792,  -61.51861667751,  0.0            
       167,  125.70888639933,  -63.31544224588,  0.0            
       168,  123.97563363475,  -65.11542115236,  0.0            
       169,  122.32080945224,  -66.91734081629,  0.0            
       170,  120.61220891961,  -68.7778169503 ,  0.0            
       171,  118.98353920184,  -70.6987412671 ,  0.0            
       172,  117.42605573738,  -72.62065165583,  0.0            
       173,  115.86857227293,  -74.54256204456,  0.0            
       174,  114.3322663729 ,  -76.55323511481,  0.0            
       175,  112.89193407746,  -78.57841761413,  0.0            
       176,  111.43667857485,  -80.62458292283,  0.0            
       177,  100.0          ,  -90.0          ,  0.0            
       178,  100.0          ,  -87.5          ,  0.0            
       179,  100.0          ,  -85.0          ,  0.0            
       180,  100.0          ,  -82.5          ,  0.0            
       181,  100.0          ,  -80.0          ,  0.0            
       182,  100.0          ,  -77.5          ,  0.0            
       183,  100.0          ,  -75.0          ,  0.0            
       184,  100.0          ,  -72.5          ,  0.0            
       185,  100.0          ,  -70.0          ,  0.0            
       186,  100.0          ,  -67.5          ,  0.0            
       187,  100.0          ,  -65.0          ,  0.0            
       188,  100.0          ,  -62.5          ,  0.0            
       189,  100.0          ,  -60.0          ,  0.0            
       190,  100.0          ,  -57.5          ,  0.0            
       191,  100.0          ,  -55.0          ,  0.0            
       192,  100.0          ,  -52.5          ,  0.0            
       193,  100.0          ,  -50.0          ,  0.0            
       194,  100.0          ,  -47.5          ,  0.0            
       195,  100.0          ,  -45.0          ,  0.0            
       196,  100.0          ,  -42.5          ,  0.0            
       197,  100.0          ,  -40.0          ,  0.0            
       198,  100.0          ,  -37.5          ,  0.0            
       199,  100.0          ,  -35.0          ,  0.0            
       200,  100.0          ,  -32.5          ,  0.0            
       201,  100.0          ,  -30.0          ,  0.0            
       202,  100.0          ,  -27.5          ,  0.0            
       203,  100.0          ,  -25.0          ,  0.0            
       204,  100.0          ,  -22.5          ,  0.0            
       205,  100.0          ,  -20.0          ,  0.0            
       206,  100.0          ,  -17.5          ,  0.0            
       207,  100.0          ,  -15.0          ,  0.0            
       208,  100.0          ,  -12.5          ,  0.0            
       209,  100.0          ,  -10.0          ,  0.0            
       210,  100.0          ,  -7.5           ,  0.0            
       211,  100.0          ,  -5.0           ,  0.0            
       212,  100.0          ,  -2.5           ,  0.0            
       213,  500.0          ,  -2.0           ,  0.0            
       214,  102.49271003886,  -2.503561203152,  0.0            
       215,  104.98541979023,  -2.511167389357,  0.0            
       216,  102.48005248275,  -5.005799278602,  0.0            
       217,  107.47884415755,  -2.525207707256,  0.0            
       218,  102.46450813381,  -7.502376480849,  0.0            
       219,  104.96220467181,  -5.01599638236 ,  0.0            
       220,  109.97189164315,  -2.55229453625 ,  0.0            
       221,  102.45167668098,  -9.998417908792,  0.0            
       222,  107.44804278565,  -5.039287338126,  0.0            
       223,  104.93393782386,  -7.502559688149,  0.0            
       224,  112.46157381927,  -2.590030544346,  0.0            
       225,  102.46273946462,  -12.49272740955,  0.0            
       226,  109.93430102938,  -5.097488048448,  0.0            
       227,  104.9034168957 ,  -9.974666612427,  0.0            
       228,  107.41209883876,  -7.521399450032,  0.0            
       229,  102.54063244999,  -14.98404256019,  0.0            
       230,  114.94851290859,  -2.624879323778,  0.0            
       231,  112.41259811241,  -5.18659848728 ,  0.0            
       232,  104.90076333028,  -12.4395547129 ,  0.0            
       233,  109.89340000863,  -7.618246953748,  0.0            
       234,  107.36616628238,  -9.959759622548,  0.0            
       235,  102.67332445059,  -17.45255817158,  0.0            
       236,  117.43565493906,  -2.650258040133,  0.0            
       237,  105.04469256912,  -14.9061011535 ,  0.0            
       238,  114.8845632068 ,  -5.263829977719,  0.0            
       239,  112.35649807966,  -7.796444151666,  0.0            
       240,  107.29586155815,  -12.34178156437,  0.0            
       241,  109.83632684713,  -10.09343113344,  0.0            
       242,  102.74439190475,  -19.91644791906,  0.0            
       243,  119.92666424196,  -2.668514034808,  0.0            
       244,  105.37187368243,  -17.33589544517,  0.0            
       245,  117.35807861222,  -5.313531708668,  0.0            
       246,  107.42048462432,  -14.76112531639,  0.0            
       247,  114.8063464165 ,  -7.932714715459,  0.0            
       248,  112.26617348272,  -10.44613192848,  0.0            
       249,  109.72311944133,  -12.4458547148 ,  0.0            
       250,  109.43502539932,  -14.46144472074,  0.0            
       251,  102.74658158306,  -22.40177045253,  0.0            
       252,  122.42165201052,  -2.681922636652,  0.0            
       253,  105.50990639568,  -19.77528469654,  0.0            
       254,  119.84121822914,  -5.346071639344,  0.0            
       255,  108.14976799993,  -17.08898859434,  0.0            
       256,  117.26339869928,  -8.003225708755,  0.0            
       257,  114.67909129838,  -10.65332661008,  0.0            
       258,  112.03726782179,  -13.20879148337,  0.0            
       259,  102.7273692764 ,  -24.91782806862,  0.0            
       260,  124.92237790172,  -2.689955526554,  0.0            
       261,  105.49082563847,  -22.27315409001,  0.0            
       262,  122.33387208188,  -5.369009398975,  0.0            
       263,  108.29982309257,  -19.50617714912,  0.0            
       264,  119.7402924449 ,  -8.042553973617,  0.0            
       265,  111.1412369291 ,  -16.22632539813,  0.0            
       266,  117.12357978851,  -10.7252885277 ,  0.0            
       267,  114.39506742139,  -13.44592785514,  0.0            
       268,  105.44065655353,  -24.82779466113,  0.0            
       269,  127.4279740582 ,  -2.691568424882,  0.0            
       270,  102.71227350877,  -27.45164291357,  0.0            
       271,  108.21707799756,  -22.09679474436,  0.0            
       272,  124.83906743185,  -5.381724759942,  0.0            
       273,  111.02644276799,  -19.12412713999,  0.0            
       274,  122.23423244214,  -8.068365752008,  0.0            
       275,  113.93653654424,  -16.22744846423,  0.0            
       276,  119.60706281115,  -10.75772730406,  0.0            
       277,  116.8921012701 ,  -13.4795503897 ,  0.0            
       278,  129.93971528074,  -2.687411894226,  0.0            
       279,  108.13283737467,  -24.7378122683 ,  0.0            
       280,  127.35435539107,  -5.382220524419,  0.0            
       281,  110.89346256733,  -21.92328123703,  0.0            
       282,  102.70014430509,  -29.99247442446,  0.0            
       283,  124.74778061456,  -8.080397607668,  0.0            
       284,  113.69331734008,  -19.0298994695 ,  0.0            
       285,  105.40601062313,  -27.40605069799,  0.0            
       286,  122.11289129807,  -10.77861622809,  0.0            
       287,  116.58699861473,  -16.24007322584,  0.0            
       288,  119.41939199694,  -13.4966544305 ,  0.0            
       289,  132.45371100943,  -2.679150191575,  0.0            
       290,  110.78024517066,  -24.69800524516,  0.0            
       291,  129.8816309806 ,  -5.372014826234,  0.0            
       292,  113.51817457472,  -21.8650472381 ,  0.0            
       293,  127.27635741916,  -8.075751697961,  0.0            
       294,  124.64218343655,  -10.78493275621,  0.0            
       295,  102.68640475372,  -32.53015272781,  0.0            
       296,  116.33182999172,  -19.02075976534,  0.0            
       297,  121.95757751251,  -13.50677380943,  0.0            
       298,  119.18745426342,  -16.23894381449,  0.0            
       299,  108.08233645174,  -27.38333040987,  0.0            
       300,  105.37597163678,  -29.99183403338,  0.0            
       301,  134.96728288816,  -2.668133583179,  0.0            
       302,  132.41386519199,  -5.354949837106,  0.0            
       303,  113.37409430095,  -24.73364473231,  0.0            
       304,  129.82225199296,  -8.056989601306,  0.0            
       305,  116.11705515793,  -21.82520252062,  0.0            
       306,  127.18917300213,  -10.77151425451,  0.0            
       307,  124.51378958826,  -13.50293309993,  0.0            
       308,  102.67762520125,  -35.06074745378,  0.0            
       309,  118.95429472756,  -18.99575521509,  0.0            
       310,  121.77010702596,  -16.23790734301,  0.0            
       311,  110.72885221513,  -27.4411720572 ,  0.0            
       312,  105.33794521139,  -32.57199544293,  0.0            
       313,  108.03119543462,  -30.0161210486 ,  0.0            
       314,  137.46896341543,  -2.654600959994,  0.0            
       315,  134.94753061329,  -5.334111263185,  0.0            
       316,  115.92510605453,  -24.689156322  ,  0.0            
       317,  132.37628084622,  -8.03023911037 ,  0.0            
       318,  118.73158921409,  -21.74088057242,  0.0            
       319,  129.75724964898,  -10.74199793728,  0.0            
       320,  124.35869083227,  -16.22584747726,  0.0            
       321,  102.66423809707,  -37.5720181082 ,  0.0            
       322,  121.56300969636,  -18.98493772656,  0.0            
       323,  127.08593113541,  -13.47538267543,  0.0            
       324,  105.32479561539,  -35.14343892887,  0.0            
       325,  110.67928507153,  -30.12769494556,  0.0            
       326,  107.93920064001,  -32.63319774038,  0.0            
       327,  113.33125922349,  -27.63116798395,  0.0            
       328,  139.94841112398,  -2.637932892193,  0.0            
       329,  102.60898045934,  -40.06626071728,  0.0            
       330,  137.46577489676,  -5.310960785564,  0.0            
       331,  134.93527570702,  -7.999779034979,  0.0            
       332,  118.51388367096,  -24.4688099939 ,  0.0            
       333,  132.33605586988,  -10.70559092403,  0.0            
       334,  121.34488007423,  -21.72410737119,  0.0            
       335,  124.17233412788,  -18.97308662066,  0.0            
       336,  129.68083529407,  -13.43054444008,  0.0            
       337,  126.95903738618,  -16.18043414222,  0.0            
       338,  105.33250719776,  -37.67743941416,  0.0            
       339,  107.91418485254,  -35.24625775404,  0.0            
       340,  110.47938533064,  -32.72147527922,  0.0            
       341,  115.79483682352,  -27.67543889279,  0.0            
       342,  113.35240851247,  -30.46883952111,  0.0            
       343,  102.5100238848 ,  -42.54133188652,  0.0            
       344,  142.37757803631,  -2.614728724794,  0.0            
       345,  139.95787883703,  -5.285037976121,  0.0            
       346,  137.48177001647,  -7.967421826721,  0.0            
       347,  105.24190417843,  -40.17235089314,  0.0            
       348,  134.92287170212,  -10.66632668613,  0.0            
       349,  121.11537390981,  -24.46224216003,  0.0            
       350,  123.94615584975,  -21.74565244982,  0.0            
       351,  132.28768828518,  -13.38536334866,  0.0            
       352,  126.7915785689 ,  -18.90071587453,  0.0            
       353,  129.58464889489,  -16.11353483423,  0.0            
       354,  118.29850213748,  -27.07468285027,  0.0            
       355,  108.03181166896,  -37.80264509924,  0.0            
       356,  110.36499660141,  -35.3449937009 ,  0.0            
       357,  113.02893886391,  -33.09335897198,  0.0            
       358,  102.39917518991,  -44.99518623119,  0.0            
       359,  116.08784457162,  -31.06441416477,  0.0            
       360,  105.04975905519,  -42.62810556419,  0.0            
       361,  118.17613444659,  -29.34983260043,  0.0            
       362,  144.72266942712,  -2.576317476729,  0.0            
       363,  142.39340134967,  -5.251009717828,  0.0            
       364,  140.00900842941,  -7.93228342878 ,  0.0            
       365,  137.50155142231,  -10.62426063544,  0.0            
       366,  120.83034705773,  -27.15982746403,  0.0            
       367,  123.69823798732,  -24.59577679312,  0.0            
       368,  134.90334613389,  -13.33985088173,  0.0            
       369,  126.55067143042,  -21.64551095257,  0.0            
       370,  132.22291807958,  -16.06611497719,  0.0            
       371,  129.4486774144 ,  -18.7861301117 ,  0.0            
       372,  107.93065789353,  -40.29127145733,  0.0            
       373,  112.47029623535,  -35.29183429322,  0.0            
       374,  110.84109157699,  -37.8906246482 ,  0.0            
       375,  120.11865890625,  -29.90394922094,  0.0            
       376,  104.82583887032,  -45.05734010363,  0.0            
       377,  115.34701389301,  -34.27667833414,  0.0            
       378,  146.90033500088,  -2.491953843422,  0.0            
       379,  107.6430477717 ,  -42.72911485243,  0.0            
       380,  123.36889342986,  -27.44704346736,  0.0            
       381,  102.33431844281,  -47.3785187898 ,  0.0            
       382,  144.75883030759,  -5.189062463404,  0.0            
       383,  142.49261686189,  -7.885193150644,  0.0            
       384,  140.06829612284,  -10.57821927802,  0.0            
       385,  137.51434314695,  -13.28673637253,  0.0            
       386,  126.20796299852,  -24.51998117889,  0.0            
       387,  134.86767855158,  -16.02364014017,  0.0            
       388,  129.22957819184,  -21.40875731885,  0.0            
       389,  132.12161462968,  -18.75133193584,  0.0            
       390,  118.6761624004 ,  -32.49353465233,  0.0            
       391,  110.69767451532,  -40.3732067869 ,  0.0            
       392,  148.751921332  ,  -2.40834977357 ,  0.0            
       393,  107.3088528082 ,  -45.107460477  ,  0.0            
       394,  122.46607112346,  -30.29584664507,  0.0            
       395,  113.99535956497,  -37.4243966875 ,  0.0            
       396,  110.27390720497,  -42.90402632601,  0.0            
       397,  147.02973349586,  -5.052781071877,  0.0            
       398,  144.93417992391,  -7.793974007042,  0.0            
       399,  117.67251860246,  -35.25416678405,  0.0            
       400,  104.63229023628,  -47.47072866858,  0.0            
       401,  142.60260405673,  -10.5163533898 ,  0.0            
       402,  102.28723637891,  -49.51914576588,  0.0            
       403,  140.11889410119,  -13.22802420905,  0.0            
       404,  137.51122043216,  -15.95591056189,  0.0            
       405,  128.86739821544,  -23.91287468126,  0.0            
       406,  134.7937963976 ,  -18.73525359243,  0.0            
       407,  131.937737304  ,  -21.42834131917,  0.0            
       408,  149.24636792533,  -4.534413893807,  0.0            
       409,  113.44813037785,  -40.43682017485,  0.0            
       410,  126.11727772681,  -27.74380981796,  0.0            
       411,  102.08976852286,  -51.33791041332,  0.0            
       412,  121.20327843538,  -33.11138374183,  0.0            
       413,  109.81791167892,  -45.38193115417,  0.0            
       414,  106.99138537236,  -47.32085869614,  0.0            
       415,  128.48980964879,  -26.09929280282,  0.0            
       416,  151.21593457806,  -3.316252318311,  0.0            
       417,  116.78093836436,  -38.09970125512,  0.0            
       418,  124.93181916588,  -30.74261772597,  0.0            
       419,  147.32043479454,  -7.571970829238,  0.0            
       420,  145.1071939493 ,  -10.39812224203,  0.0            
       421,  112.90202515658,  -43.1966803219 ,  0.0            
       422,  142.69850649161,  -13.15327134497,  0.0            
       423,  140.15468483866,  -15.88187020296,  0.0            
       424,  131.52318368845,  -24.07063010012,  0.0            
       425,  137.47482170487,  -18.63387317766,  0.0            
       426,  134.63535089513,  -21.51065713245,  0.0            
       427,  153.35731823155,  -2.865482103768,  0.0            
       428,  120.16886730592,  -35.98726669709,  0.0            
       429,  109.3326637905 ,  -47.76599829937,  0.0            
       430,  106.73950716074,  -49.21136327567,  0.0            
       431,  104.77099633598,  -50.04526856129,  0.0            
       432,  103.59135327764,  -51.77280685311,  0.0            
       433,  149.64089199353,  -7.053105096001,  0.0            
       434,  116.10819355672,  -40.946432144  ,  0.0            
       435,  130.42019954353,  -26.69983124794,  0.0            
       436,  123.66639065803,  -33.57333172225,  0.0            
       437,  112.32289324699,  -45.82611951147,  0.0            
       438,  128.6725433504 ,  -29.11564332668,  0.0            
       439,  108.47091001134,  -50.06047159242,  0.0            
       440,  119.45323850017,  -38.86835679173,  0.0            
       441,  147.56140748352,  -10.14528822347,  0.0            
       442,  151.84822420637,  -6.268375296791,  0.0            
       443,  155.70395254564,  -2.709860599054,  0.0            
       444,  145.25309387992,  -13.02019593005,  0.0            
       445,  142.77927827268,  -15.79850974839,  0.0            
       446,  140.16678342416,  -18.53570028577,  0.0            
       447,  134.23685376189,  -24.45958300952,  0.0            
       448,  137.37207734524,  -21.30304684754,  0.0            
       449,  127.36870832872,  -31.58065940829,  0.0            
       450,  103.02094589058,  -55.77920805555,  0.0            
       451,  122.56487851945,  -36.46827647784,  0.0            
       452,  115.49792730384,  -43.72624623849,  0.0            
       453,  104.04205732005,  -53.74606841334,  0.0            
       454,  111.65059726953,  -48.35755889527,  0.0            
       455,  132.53866627472,  -27.4335991484 ,  0.0            
       456,  106.62854711082,  -51.95244471308,  0.0            
       457,  154.07082235644,  -5.73142426511 ,  0.0            
       458,  149.96311799982,  -9.675867854897,  0.0            
       459,  118.73062447159,  -41.69668610163,  0.0            
       460,  126.13266548802,  -34.10451684728,  0.0            
       461,  158.1154301767 ,  -2.597515352247,  0.0            
       462,  114.84002431864,  -46.41357707402,  0.0            
       463,  102.68068009114,  -58.05267560566,  0.0            
       464,  131.17729150914,  -30.0986671565 ,  0.0            
       465,  147.76270151346,  -12.76183110259,  0.0            
       466,  145.38119948944,  -15.66074556255,  0.0            
       467,  135.50897489783,  -26.51508225289,  0.0            
       468,  110.64098356625,  -50.76539237667,  0.0            
       469,  142.84490073471,  -18.44917541776,  0.0            
       470,  140.153478866  ,  -21.1750625948 ,  0.0            
       471,  137.3421220973 ,  -23.86088995594,  0.0            
       472,  125.07286003679,  -36.54293903219,  0.0            
       473,  152.29247443655,  -9.055637311779,  0.0            
       474,  156.37526674507,  -5.421958499867,  0.0            
       475,  118.0876329994 ,  -44.47433746874,  0.0            
       476,  129.91643555654,  -32.61270594036,  0.0            
       477,  122.11984725979,  -39.73695006121,  0.0            
       478,  134.62992350378,  -28.63196404304,  0.0            
       479,  105.95427529186,  -56.64098512822,  0.0            
       480,  107.24134651272,  -54.75144057014,  0.0            
       481,  114.06084128934,  -48.99474711431,  0.0            
       482,  150.22934934628,  -12.32880815204,  0.0            
       483,  124.43633244761,  -38.68782985978,  0.0            
       484,  160.55157336173,  -2.499523448473,  0.0            
       485,  109.03434356992,  -52.8930493951 ,  0.0            
       486,  102.64201070542,  -60.31364866063,  0.0            
       487,  128.4906130526 ,  -34.99497911073,  0.0            
       488,  137.65762420647,  -26.44168734996,  0.0            
       489,  154.61080407802,  -8.510717214963,  0.0            
       490,  147.94185097333,  -15.40720235207,  0.0            
       491,  145.49871635942,  -18.31609572577,  0.0            
       492,  158.74974934217,  -5.199927940663,  0.0            
       493,  133.68415300096,  -31.10887041631,  0.0            
       494,  117.38953125394,  -47.15854462763,  0.0            
       495,  142.89028313526,  -21.10311369715,  0.0            
       496,  140.15753635203,  -23.80578983954,  0.0            
       497,  121.23531244006,  -42.64097045453,  0.0            
       498,  127.2948827788 ,  -37.44974337214,  0.0            
       499,  105.27734488736,  -58.71945166738,  0.0            
       500,  152.64478514395,  -11.77103474587,  0.0            
       501,  113.01540406668,  -51.45526346814,  0.0            
       502,  137.1744084325 ,  -29.07008262144,  0.0            
       503,  126.13817468413,  -39.81807260204,  0.0            
       504,  156.96293554591,  -8.103603590344,  0.0            
       505,  102.48756355688,  -62.3791787923 ,  0.0            
       506,  132.64769061042,  -33.76719662617,  0.0            
       507,  163.00198168424,  -2.401240744637,  0.0            
       508,  150.46452823846,  -14.99536792864,  0.0            
       509,  116.53821928294,  -49.73472829047,  0.0            
       510,  120.67603824008,  -45.43530504357,  0.0            
       511,  102.26047387043,  -64.13682327823,  0.0            
       512,  161.14996310043,  -5.008233845135,  0.0            
       513,  124.51425198943,  -41.67226189469,  0.0            
       514,  130.55762416612,  -36.22873771318,  0.0            
       515,  110.057603625  ,  -55.72291068507,  0.0            
       516,  140.14379831298,  -26.48414409211,  0.0            
       517,  108.69426896715,  -57.59172752374,  0.0            
       518,  155.04856647833,  -11.21670805968,  0.0            
       519,  105.46051304489,  -60.93953000354,  0.0            
       520,  111.61639210169,  -53.69462002804,  0.0            
       521,  148.11235643787,  -18.07809880308,  0.0            
       522,  145.59972371565,  -20.98351306584,  0.0            
       523,  142.89511675866,  -23.76499955145,  0.0            
       524,  136.46927963946,  -31.62370332446,  0.0            
       525,  159.36577526546,  -7.785374167817,  0.0            
       526,  107.56224084065,  -59.18270573346,  0.0            
       527,  152.9462558927 ,  -14.45330529462,  0.0            
       528,  129.30248257911,  -38.79889847198,  0.0            
       529,  115.46341247168,  -52.21951023658,  0.0            
       530,  119.97302120401,  -48.0578995356 ,  0.0            
       531,  165.47388233658,  -2.316506237339,  0.0            
       532,  157.47273334329,  -10.74112337839,  0.0            
       533,  123.54878152026,  -43.90538901178,  0.0            
       534,  133.58499107465,  -36.11113685042,  0.0            
       535,  105.08003981884,  -62.97416344312,  0.0            
       536,  150.68681788582,  -17.68680392123,  0.0            
       537,  104.18957318524,  -64.98200084655,  0.0            
       538,  139.79423214852,  -29.21129212784,  0.0            
       539,  163.54542006615,  -4.820102934004,  0.0            
       540,  128.1385776094 ,  -41.18281554491,  0.0            
       541,  102.79733634731,  -66.58623136554,  0.0            
       542,  136.02690054743,  -34.12719625943,  0.0            
       543,  155.42030158885,  -13.87414078645,  0.0            
       544,  161.79585980176,  -7.510805527866,  0.0            
       545,  142.7769907911 ,  -26.47161462887,  0.0            
       546,  132.36573594989,  -37.94891876784,  0.0            
       547,  148.27332509919,  -20.77895465606,  0.0            
       548,  145.63757088956,  -23.65255704605,  0.0            
       549,  119.04930210854,  -50.5762450258 ,  0.0            
       550,  114.11488796641,  -54.56073297277,  0.0            
       551,  112.54703641993,  -56.78218678305,  0.0            
       552,  110.8751638405 ,  -58.97298797599,  0.0            
       553,  126.81515498844,  -43.19194550471,  0.0            
       554,  123.36896146653,  -46.59140025956,  0.0            
       555,  159.94338360711,  -10.34192133518,  0.0            
       556,  153.22019329   ,  -17.13542976651,  0.0            
       557,  101.93161045742,  -68.10904826443,  0.0            
       558,  167.98264598071,  -2.349670181719,  0.0            
       559,  108.72485170996,  -61.19289525324,  0.0            
       560,  139.32928088302,  -31.9616059599 ,  0.0            
       561,  135.90723699866,  -36.64732180411,  0.0            
       562,  131.33792482139,  -40.31618699918,  0.0            
       563,  165.90670483995,  -4.616397091195,  0.0            
       564,  157.91181066893,  -13.34084705329,  0.0            
       565,  107.58734164753,  -63.61933589694,  0.0            
       566,  150.90229299318,  -20.43362536838,  0.0            
       567,  125.62900773108,  -44.84255680632,  0.0            
       568,  117.93037484529,  -53.04584613178,  0.0            
       569,  164.21420002141,  -7.246568119259,  0.0            
       570,  142.46282702932,  -29.23441576072,  0.0            
       571,  106.38098312131,  -65.90490614474,  0.0            
       572,  122.62235638999,  -49.03429149741,  0.0            
       573,  155.7486634459 ,  -16.5118356673 ,  0.0            
       574,  145.48453040275,  -26.35204078982,  0.0            
       575,  162.46371718687,  -9.987742475671,  0.0            
       576,  148.40095324375,  -23.4962249884 ,  0.0            
       577,  130.22203767559,  -42.75297223717,  0.0            
       578,  134.57172292342,  -38.90155558866,  0.0            
       579,  104.95588962082,  -68.08347456131,  0.0            
       580,  139.02538615517,  -34.79387018593,  0.0            
       581,  170.48657579573,  -2.562019348584,  0.0            
       582,  153.47671928112,  -19.85045140396,  0.0            
       583,  116.57583099191,  -55.42073720827,  0.0            
       584,  114.97448716789,  -57.71080812665,  0.0            
       585,  160.44639708973,  -12.87577741069,  0.0            
       586,  113.19634493593,  -59.9446238125 ,  0.0            
       587,  121.56948052232,  -51.48553658491,  0.0            
       588,  168.34976716923,  -4.610313612877,  0.0            
       589,  103.19270372941,  -70.35899131094,  0.0            
       590,  111.42564714204,  -62.12937890825,  0.0            
       591,  166.5218078508 ,  -6.960658955046,  0.0            
       592,  128.64689942192,  -45.07919414451,  0.0            
       593,  158.29224490294,  -15.92188470588,  0.0            
       594,  142.14813276709,  -32.05457578119,  0.0            
       595,  133.70532484423,  -41.35404170859,  0.0            
       596,  110.03158479815,  -64.41939159408,  0.0            
       597,  151.10277612905,  -23.29057415987,  0.0            
       598,  165.0416873836 ,  -9.633313047656,  0.0            
       599,  138.87213638336,  -37.88938885546,  0.0            
       600,  156.04777827555,  -19.15086525474,  0.0            
       601,  145.11418584136,  -29.1166228714 ,  0.0            
       602,  120.40258748295,  -53.9211156847 ,  0.0            
       603,  136.61500546946,  -39.50197906978,  0.0            
       604,  108.72434540997,  -66.72433126758,  0.0            
       605,  126.5419838113 ,  -47.40123308133,  0.0            
       606,  148.285005708  ,  -26.15423239593,  0.0            
       607,  163.03215119992,  -12.45631551761,  0.0            
       608,  172.94032788102,  -2.640421145118,  0.0            
       609,  168.46210362186,  -6.563693658874,  0.0            
       610,  107.32179669052,  -68.97241543566,  0.0            
       611,  132.78443192729,  -43.90310986555,  0.0            
       612,  170.81552678019,  -5.226977909952,  0.0            
       613,  102.7649672592 ,  -72.9655179646 ,  0.0            
       614,  160.87231398269,  -15.40630045884,  0.0            
       615,  125.23871841149,  -49.98544485196,  0.0            
       616,  141.95956687862,  -34.92269786773,  0.0            
       617,  119.03589952655,  -56.27042677136,  0.0            
       618,  153.72574559779,  -22.62194162626,  0.0            
       619,  117.42729743851,  -58.53428607239,  0.0            
       620,  115.67103720967,  -60.74440700647,  0.0            
       621,  158.63088957774,  -18.49734405847,  0.0            
       622,  167.71388258114,  -9.184266568657,  0.0            
       623,  113.96423317979,  -62.94687209372,  0.0            
       624,  106.06001394239,  -71.16868212852,  0.0            
       625,  136.53951926369,  -41.57123897395,  0.0            
       626,  124.02631380378,  -52.4622509287 ,  0.0            
       627,  112.50359875698,  -65.2049373306 ,  0.0            
       628,  144.92766330466,  -31.92623099055,  0.0            
       629,  151.33124994821,  -26.37426586313,  0.0            
       630,  165.67465416549,  -12.03278536987,  0.0            
       631,  130.60368306247,  -46.34140196966,  0.0            
       632,  156.33935137282,  -21.79044071199,  0.0            
       633,  147.62108753508,  -28.89994500153,  0.0            
       634,  175.40559234116,  -2.616000858032,  0.0            
       635,  111.22397576658,  -67.45271113941,  0.0            
       636,  163.48831485486,  -14.94689248343,  0.0            
       637,  122.85093165797,  -54.86805597433,  0.0            
       638,  173.22391236619,  -5.323369491597,  0.0            
       639,  102.70187429566,  -75.57565813321,  0.0            
       640,  141.95475154428,  -37.87848951944,  0.0            
       641,  149.74348917575,  -28.77030527768,  0.0            
       642,  161.24287602881,  -17.94594917833,  0.0            
       643,  170.51748067369,  -8.15697448401 ,  0.0            
       644,  109.9324321049 ,  -69.62797701702,  0.0            
       645,  105.45942987672,  -73.52014478778,  0.0            
       646,  129.1932574713 ,  -49.02631879561,  0.0            
       647,  121.49371275853,  -57.14685500122,  0.0            
       648,  154.07610651772,  -25.41910472884,  0.0            
       649,  158.95133700138,  -21.06253710646,  0.0            
       650,  119.88809381322,  -59.32986920567,  0.0            
       651,  139.49560495049,  -41.13867754266,  0.0            
       652,  168.36087649308,  -11.51270998931,  0.0            
       653,  136.21463797376,  -43.74235449093,  0.0            
       654,  127.58325956081,  -51.28853750028,  0.0            
       655,  118.13814346271,  -61.48441430384,  0.0            
       656,  144.91339442954,  -34.71377682138,  0.0            
       657,  116.43323315732,  -63.66146930079,  0.0            
       658,  108.79151083304,  -71.74445427499,  0.0            
       659,  114.97201886631,  -65.9328635265 ,  0.0            
       660,  177.90288765768,  -2.573651028949,  0.0            
       661,  166.13679646113,  -14.4954192967 ,  0.0            
       662,  126.32935412234,  -53.61516228757,  0.0            
       663,  147.6102062783 ,  -31.66401319921,  0.0            
       664,  175.73945776384,  -5.229768981943,  0.0            
       665,  102.75410942824,  -78.1169670892 ,  0.0            
       666,  156.6839730734 ,  -24.4092265136 ,  0.0            
       667,  150.21358643775,  -31.03209914317,  0.0            
       668,  163.87389591213,  -17.47060509462,  0.0            
       669,  132.82869164984,  -47.49914983451,  0.0            
       670,  173.33059739711,  -7.969698023712,  0.0            
       671,  152.4846049204 ,  -29.45506126842,  0.0            
       672,  131.87875879988,  -48.98427132327,  0.0            
       673,  161.58292295476,  -20.4924449203 ,  0.0            
       674,  125.29520087487,  -55.9341711662 ,  0.0            
       675,  105.31081863069,  -76.01192399544,  0.0            
       676,  171.00508130848,  -10.90270504512,  0.0            
       677,  113.85017064492,  -68.18358672275,  0.0            
       678,  135.7569500921 ,  -46.06380361449,  0.0            
       679,  108.14938142636,  -73.89346457243,  0.0            
       680,  144.94971090826,  -37.54171683102,  0.0            
       681,  159.28868487294,  -23.60329215562,  0.0            
       682,  168.79558320376,  -14.01201385203,  0.0            
       683,  133.81272525176,  -45.92789289331,  0.0            
       684,  180.41695126469,  -2.535199337827,  0.0            
       685,  123.98612462972,  -58.06506099583,  0.0            
       686,  154.7303642125 ,  -28.19309691725,  0.0            
       687,  122.3758202689 ,  -60.1040383911 ,  0.0            
       688,  112.60754620083,  -70.29157656667,  0.0            
       689,  120.62712029244,  -62.14296157592,  0.0            
       690,  129.6378057933 ,  -52.90700777516,  0.0            
       691,  102.49722037585,  -80.53332363401,  0.0            
       692,  118.91030682422,  -64.22287252556,  0.0            
       693,  178.28276938148,  -5.13858542413 ,  0.0            
       694,  166.52316148738,  -17.01496413284,  0.0            
       695,  117.37431611649,  -66.45016701114,  0.0            
       696,  147.83932378854,  -34.3333819172 ,  0.0            
       697,  131.20545770056,  -51.42112651277,  0.0            
       698,  111.42999413429,  -72.27415903274,  0.0            
       699,  176.01315490987,  -7.818605549573,  0.0            
       700,  164.21933968845,  -20.02493216415,  0.0            
       701,  157.11780883492,  -26.97377672251,  0.0            
       702,  128.46818639056,  -54.87113510883,  0.0            
       703,  133.40442439636,  -50.34952428346,  0.0            
       704,  173.67741060025,  -10.58055506694,  0.0            
       705,  105.6534735934 ,  -78.80163888765,  0.0            
       706,  139.60725001228,  -44.08764227099,  0.0            
       707,  142.30192400218,  -40.96342774744,  0.0            
       708,  161.91891710685,  -23.04359430124,  0.0            
       709,  150.63877254403,  -33.73674156739,  0.0            
       710,  137.68980854029,  -46.11379592918,  0.0            
       711,  108.01035576878,  -75.94733524262,  0.0            
       712,  135.32007172342,  -48.61915551054,  0.0            
       713,  171.44518750473,  -13.53061944527,  0.0            
       714,  127.89657947409,  -57.08859557674,  0.0            
       715,  102.1094935354 ,  -82.8681605075 ,  0.0            
       716,  153.14403278066,  -32.52342138398,  0.0            
       717,  182.93970973762,  -2.504258427325,  0.0            
       718,  159.63855723613,  -26.08964735615,  0.0            
       719,  169.17941007913,  -16.55413127626,  0.0            
       720,  107.95122138748,  -77.68848814481,  0.0            
       721,  110.72216411471,  -74.30861752645,  0.0            
       722,  180.83305525246,  -5.058961622282,  0.0            
       723,  155.39130153602,  -31.15570281386,  0.0            
       724,  166.86662040036,  -19.56956887377,  0.0            
       725,  126.60175788875,  -58.96893238834,  0.0            
       726,  178.63859863264,  -7.683007147083,  0.0            
       727,  124.92605366631,  -60.8362297832 ,  0.0            
       728,  116.56185736487,  -69.0551207888 ,  0.0            
       729,  123.18009922046,  -62.71750900416,  0.0            
       730,  147.94013976157,  -36.97877843809,  0.0            
       731,  137.99264737956,  -47.89453504326,  0.0            
       732,  131.652561803  ,  -54.5757954311 ,  0.0            
       733,  104.93906803123,  -81.3262626036 ,  0.0            
       734,  121.49607659849,  -64.60525627157,  0.0            
       735,  176.35797377718,  -10.37960499529,  0.0            
       736,  164.54980131661,  -22.61960615678,  0.0            
       737,  115.18617084422,  -71.193896051  ,  0.0            
       738,  101.58130429701,  -84.88399203341,  0.0            
       739,  120.02240308286,  -66.45801935922,  0.0            
       740,  145.08726518553,  -40.46866116488,  0.0            
       741,  130.37708151689,  -55.86066002204,  0.0            
       742,  157.52839451059,  -29.44473892204,  0.0            
       743,  133.21747135575,  -53.20424364051,  0.0            
       744,  174.09658632573,  -13.17789515762,  0.0            
       745,  113.93335116058,  -73.0637049998 ,  0.0            
       746,  162.25315691894,  -25.57575575579,  0.0            
       747,  110.92055996888,  -76.33619659724,  0.0            
       748,  119.07239149733,  -68.12493069931,  0.0            
       749,  135.06161488582,  -51.90273197036,  0.0            
       750,  151.20038177977,  -36.69002349987,  0.0            
       751,  171.83587421396,  -16.11388222919,  0.0            
       752,  185.46353639256,  -2.48462514628 ,  0.0            
       753,  104.08378603508,  -83.88539230178,  0.0            
       754,  112.9382625651 ,  -74.6438041646 ,  0.0            
       755,  110.1990555157 ,  -78.25161666728,  0.0            
       756,  136.8081683524 ,  -50.59643613832,  0.0            
       757,  183.38718300575,  -4.996877707822,  0.0            
       758,  159.89846169836,  -28.54971937176,  0.0            
       759,  169.52304395592,  -19.10831284238,  0.0            
       760,  140.21641196652,  -47.21984275525,  0.0            
       761,  181.23893400555,  -7.564066018141,  0.0            
       762,  153.96713152219,  -35.39840810174,  0.0            
       763,  167.18447619127,  -22.15336048598,  0.0            
       764,  108.53103715583,  -80.09076875833,  0.0            
       765,  157.9920777493 ,  -31.53717404268,  0.0            
       766,  138.49961871758,  -49.56553691795,  0.0            
       767,  179.00849655494,  -10.20719373587,  0.0            
       768,  147.66206852611,  -39.77512997952,  0.0            
       769,  102.65933647818,  -86.77218681688,  0.0            
       770,  143.00833054724,  -44.26288581302,  0.0            
       771,  164.87455360314,  -25.27634340223,  0.0            
       772,  176.74882160548,  -12.92599262094,  0.0            
       773,  149.84615911548,  -39.25283664402,  0.0            
       774,  107.38277785077,  -82.11157673172,  0.0            
       775,  162.36910432347,  -28.04983674461,  0.0            
       776,  174.4922007529 ,  -15.74759365637,  0.0            
       777,  142.04081646199,  -46.84057371921,  0.0            
       778,  156.58127287729,  -34.10825856039,  0.0            
       779,  187.98422409805,  -2.473508788979,  0.0            
       780,  159.82813486554,  -31.17844682423,  0.0            
       781,  172.18926877882,  -18.66753139949,  0.0            
       782,  185.9376426866 ,  -4.962952423271,  0.0            
       783,  145.75187585343,  -43.41528759742,  0.0            
       784,  106.29764428296,  -84.34265815008,  0.0            
       785,  183.83357085616,  -7.471279301233,  0.0            
       786,  169.8380679547 ,  -21.65872875629,  0.0            
       787,  181.63121048165,  -10.04892954522,  0.0            
       788,  167.4946296801 ,  -24.7525880047 ,  0.0            
       789,  105.18967650792,  -86.50905683441,  0.0            
       790,  179.38443053448,  -12.71588287688,  0.0            
       791,  152.70640846617,  -39.50726519949,  0.0            
       792,  150.60920985377,  -41.27480607699,  0.0            
       793,  148.22406855514,  -42.44239175834,  0.0            
       794,  165.18728053265,  -28.07587369716,  0.0            
       795,  177.13802073705,  -15.45637856915,  0.0            
       796,  159.38434488644,  -33.88973475992,  0.0            
       797,  161.86818570038,  -30.65546017395,  0.0            
       798,  190.49607461772,  -2.460690485225,  0.0            
       799,  174.85824946977,  -18.27843848055,  0.0            
       800,  154.90988038766,  -38.24590490144,  0.0            
       801,  102.53268351904,  -89.73289658582,  0.0            
       802,  188.47823744931,  -4.9490139223  ,  0.0            
       803,  104.5746421835 ,  -88.43920136203,  0.0            
       804,  172.51289519756,  -21.18533190477,  0.0            
       805,  186.41978521077,  -7.434936968752,  0.0            
       806,  163.7144646546 ,  -30.33897002152,  0.0            
       807,  157.25345759372,  -37.180951096  ,  0.0            
       808,  184.25381809108,  -9.914718577817,  0.0            
       809,  170.14996489482,  -24.18202378348,  0.0            
       810,  181.98310061746,  -12.51830148736,  0.0            
       811,  167.88436263836,  -27.31658545223,  0.0            
       812,  101.92965218399,  -92.3173430504 ,  0.0            
       813,  179.75714638392,  -15.20923252941,  0.0            
       814,  193.00182305215,  -2.443196357407,  0.0            
       815,  177.51476105215,  -17.94803627005,  0.0            
       816,  161.80279467345,  -33.18852191221,  0.0            
       817,  190.99704790108,  -4.922207584204,  0.0            
       818,  175.19515220742,  -20.75566349755,  0.0            
       819,  159.68009070798,  -36.39979931164,  0.0            
       820,  188.9876736857 ,  -7.442280113761,  0.0            
       821,  164.13346110557,  -32.24421239659,  0.0            
       822,  172.82415081608,  -23.65218281865,  0.0            
       823,  101.36104334365,  -94.59701104379,  0.0            
       824,  186.90149491568,  -9.88248571849 ,  0.0            
       825,  170.51728836183,  -26.65317899537,  0.0            
       826,  184.56594433905,  -12.33146735934,  0.0            
       827,  166.27441839594,  -30.73889005251,  0.0            
       828,  182.3087261936 ,  -14.97968640652,  0.0            
       829,  195.5038142017 ,  -2.421124998114,  0.0            
       830,  180.14304975457,  -17.66066592806,  0.0            
       831,  100.84556018502,  -96.64458095326,  0.0            
       832,  162.12732184624,  -35.51687462981,  0.0            
       833,  193.50178112042,  -4.882486282597,  0.0            
       834,  168.53442830048,  -29.79870573846,  0.0            
       835,  177.87097034049,  -20.37510842756,  0.0            
       836,  191.50894691299,  -7.392971861267,  0.0            
       837,  175.50569745249,  -23.16379012756,  0.0            
       838,  189.52319858624,  -9.979289315707,  0.0            
       839,  173.15015282058,  -26.05116105232,  0.0            
       840,  164.51459001341,  -34.46570972455,  0.0            
       841,  187.19933446993,  -12.21935732042,  0.0            
       842,  184.76551290154,  -14.7568439993 ,  0.0            
       843,  198.01226453176,  -2.391787428338,  0.0            
       844,  182.70001634244,  -17.39761147728,  0.0            
       845,  170.98288305854,  -29.07254405151,  0.0            
       846,  195.99052027676,  -4.836628004904,  0.0            
       847,  166.80469173003,  -33.29944966359,  0.0            
       848,  180.52834308885,  -20.03618005394,  0.0            
       849,  194.00791103404,  -7.316615763651,  0.0            
       850,  178.19102282503,  -22.71603941684,  0.0            
       851,  192.05496740179,  -9.86946905279 ,  0.0            
       852,  175.79336949552,  -25.48725384146,  0.0            
       853,  169.09506701938,  -32.31107092766,  0.0            
       854,  190.13738684153,  -12.63016465007,  0.0            
       855,  187.04471354444,  -14.56595253107,  0.0            
       856,  173.50171427425,  -28.38994582667,  0.0            
       857,  200.54789469569,  -2.363131093241,  0.0            
       858,  185.16360393704,  -17.14106595039,  0.0            
       859,  198.4697364959 ,  -4.777059315438,  0.0            
       860,  188.99083314938,  -14.53682256579,  0.0            
       861,  183.1331701815 ,  -19.72749238885,  0.0            
       862,  196.47364358737,  -7.24509677145 ,  0.0            
       863,  180.87374746982,  -22.30637737084,  0.0            
       864,  171.44059445365,  -31.47246605465,  0.0            
       865,  178.45536498467,  -24.95544111941,  0.0            
       866,  194.56023497119,  -9.729914308853,  0.0            
       867,  176.05665308642,  -27.7379613213 ,  0.0            
       868,  192.74103457259,  -12.32055238921,  0.0            
       869,  203.14488488447,  -2.408615596677,  0.0            
       870,  187.49794278412,  -16.87835756227,  0.0            
       871,  173.85057717214,  -30.68569352611,  0.0            
       872,  189.7384099905 ,  -16.37208814151,  0.0            
       873,  200.95818093936,  -4.705006747793,  0.0            
       874,  185.67380660794,  -19.42711297623,  0.0            
       875,  191.65322816481,  -15.26630021502,  0.0            
       876,  198.89385978884,  -7.165047906459,  0.0            
       877,  181.1340354824 ,  -24.45663896426,  0.0            
       878,  183.53301537955,  -21.93370957614,  0.0            
       879,  178.64414559521,  -27.10895480498,  0.0            
       880,  197.01708423379,  -9.631295201032,  0.0            
       881,  195.22827391893,  -12.10778546952,  0.0            
       882,  176.29703954323,  -29.93293104534,  0.0            
       883,  205.73674519703,  -2.568438707924,  0.0            
       884,  193.74321018079,  -14.71689589289,  0.0            
       885,  188.11389447035,  -19.07051228186,  0.0            
       886,  203.54539760318,  -4.693706580789,  0.0            
       887,  183.83037524963,  -23.99817074294,  0.0            
       888,  181.25591613274,  -26.50625203317,  0.0            
       889,  201.23586031702,  -7.06337041818 ,  0.0            
       890,  186.15513071948,  -21.59052339266,  0.0            
       891,  190.42499025172,  -18.5012267609 ,  0.0            
       892,  199.41807799882,  -9.541558699706,  0.0            
       893,  178.77468380837,  -29.1997891641 ,  0.0            
       894,  197.66185158912,  -11.97503913591,  0.0            
       895,  192.55272683624,  -17.70994924141,  0.0            
       896,  196.0420002406 ,  -14.43759789971,  0.0            
       897,  208.25372598729,  -2.531838817002,  0.0            
       898,  203.45019554941,  -6.971227046804,  0.0            
       899,  183.90611623567,  -25.93981575386,  0.0            
       900,  206.49080236503,  -5.22712885241 ,  0.0            
       901,  181.25169252787,  -28.49513248709,  0.0            
       902,  188.68240057778,  -21.21741113889,  0.0            
       903,  186.55268205039,  -23.61995979616,  0.0            
       904,  201.73548170847,  -9.426928179239,  0.0            
       905,  194.67565510741,  -17.10930447854,  0.0            
       906,  205.36851022726,  -7.035307595546,  0.0            
       907,  200.05955267642,  -11.87349389107,  0.0            
       908,  191.0750579957 ,  -20.66641543516,  0.0            
       909,  203.9776710741 ,  -9.277561980169,  0.0            
       910,  198.39201082289,  -14.25516925472,  0.0            
       911,  183.70954472281,  -27.8359151529 ,  0.0            
       912,  210.76320241184,  -2.469046000353,  0.0            
       913,  196.86626258406,  -16.72337151768,  0.0            
       914,  209.09532686882,  -5.036403705243,  0.0            
       915,  186.65854760764,  -25.45676372065,  0.0            
       916,  193.31601459881,  -19.98901918697,  0.0            
       917,  206.1628212758 ,  -8.894035687079,  0.0            
       918,  189.19773654104,  -23.32702387237,  0.0            
       919,  202.40252818781,  -11.74714800456,  0.0            
       920,  200.76418093136,  -14.14366087245,  0.0            
       921,  208.07819797881,  -7.933667508222,  0.0            
       922,  186.06058986477,  -27.27562579011,  0.0            
       923,  195.49890555975,  -19.3895264094 ,  0.0            
       924,  191.69677778516,  -22.7962677916 ,  0.0            
       925,  213.26017440489,  -2.439108173049,  0.0            
       926,  199.13330838858,  -16.4593548154 ,  0.0            
       927,  204.69616461293,  -11.51495058603,  0.0            
       928,  211.59653488424,  -4.922518824731,  0.0            
       929,  197.66316666666,  -18.93365406763,  0.0            
       930,  188.07064146323,  -26.99578487087,  0.0            
       931,  189.68355312996,  -25.42712044761,  0.0            
       932,  194.05649521993,  -22.14702969742,  0.0            
       933,  210.19934477773,  -7.52730258599 ,  0.0            
       934,  203.1168290403 ,  -14.03845376988,  0.0            
       935,  206.91235025418,  -11.07843038232,  0.0            
       936,  215.73970023483,  -2.424100516721,  0.0            
       937,  201.46800439006,  -16.33235530354,  0.0            
       938,  196.33754730652,  -21.54151273862,  0.0            
       939,  192.36331176237,  -24.83765330781,  0.0            
       940,  214.05987783638,  -4.869122178938,  0.0            
       941,  199.82470102458,  -18.56092076602,  0.0            
       942,  205.41270693085,  -13.79587269974,  0.0            
       943,  209.03394962469,  -10.45357293347,  0.0            
       944,  212.53460168621,  -7.374194939728,  0.0            
       945,  198.56002498764,  -21.0372371671 ,  0.0            
       946,  194.8403706051 ,  -24.17477125528,  0.0            
       947,  203.82707185782,  -16.3277321378 ,  0.0            
       948,  218.2048416702 ,  -2.41272695824 ,  0.0            
       949,  207.64802834942,  -13.37992029942,  0.0            
       950,  211.19840337256,  -10.03162460896,  0.0            
       951,  202.09232394305,  -18.37536137592,  0.0            
       952,  216.50008377929,  -4.838485895789,  0.0            
       953,  197.23746557291,  -23.54676608883,  0.0            
       954,  200.68699439099,  -20.59876905602,  0.0            
       955,  206.10822819779,  -16.11492357961,  0.0            
       956,  214.91116776289,  -7.291578118504,  0.0            
       957,  209.846277275  ,  -12.88138452178,  0.0            
       958,  220.66012072342,  -2.405871879853,  0.0            
       959,  213.46072801607,  -9.809780727112,  0.0            
       960,  199.62305498501,  -22.97720920527,  0.0            
       961,  202.46094687748,  -20.10591465621,  0.0            
       962,  204.46558436017,  -18.68703048166,  0.0            
       963,  218.92230879413,  -4.809951547079,  0.0            
       964,  208.35268506377,  -15.70979493033,  0.0            
       965,  212.06399709184,  -12.47815775769,  0.0            
       966,  217.29270266319,  -7.23671625245 ,  0.0            
       967,  202.09473671588,  -22.39916460342,  0.0            
       968,  206.71118899872,  -18.49145779801,  0.0            
       969,  215.78381778516,  -9.683745065394,  0.0            
       970,  223.10834616223,  -2.412588776715,  0.0            
       971,  210.59683401674,  -15.25036306057,  0.0            
       972,  221.3347559135 ,  -4.788106974108,  0.0            
       973,  214.34038993387,  -12.20889754288,  0.0            
       974,  204.60501435618,  -21.30565743532,  0.0            
       975,  209.00789948658,  -18.04993167553,  0.0            
       976,  219.6626353031 ,  -7.175087793668,  0.0            
       977,  212.86465283757,  -14.84577802801,  0.0            
       978,  218.12530773523,  -9.589964560044,  0.0            
       979,  225.54368449344,  -2.422061890959,  0.0            
       980,  207.18105141017,  -20.85142899996,  0.0            
       981,  223.74213796092,  -4.806722298468,  0.0            
       982,  216.67166734205,  -12.02878403932,  0.0            
       983,  211.3149158542 ,  -17.58304396785,  0.0            
       984,  222.0351590559 ,  -7.10894611842 ,  0.0            
       985,  215.17927881439,  -14.53063693802,  0.0            
       986,  209.63838157996,  -20.35616483599,  0.0            
       987,  220.44831536019,  -9.480207049814,  0.0            
       988,  227.98061069949,  -2.415537966064,  0.0            
       989,  213.63672050216,  -17.15322957846,  0.0            
       990,  219.03514148847,  -11.88225142267,  0.0            
       991,  226.11576510239,  -4.852085562947,  0.0            
       992,  224.43761801085,  -7.131294918993,  0.0            
       993,  217.55474082628,  -14.28482413781,  0.0            
       994,  212.0363888743 ,  -19.86092644975,  0.0            
       995,  222.73484840314,  -9.31701529313 ,  0.0            
       996,  215.99242313203,  -16.78487727378,  0.0            
       997,  230.44377276776,  -2.483630700431,  0.0            
       998,  221.38888657141,  -11.71063633956,  0.0            
       999,  228.42175084425,  -4.803875590387,  0.0            
      1000,  214.41930139639,  -19.39224412956,  0.0            
      1001,  219.99409122515,  -14.06228409088,  0.0            
      1002,  226.83516904428,  -7.277904225369,  0.0            
      1003,  225.1302269151 ,  -9.276485322541,  0.0            
      1004,  218.40308503144,  -16.46509067636,  0.0            
      1005,  232.90977396951,  -2.696317923056,  0.0            
      1006,  223.64014818133,  -11.45908955628,  0.0            
      1007,  216.8062041483 ,  -18.96996286406,  0.0            
      1008,  230.79231946901,  -4.856967617494,  0.0            
      1009,  222.50673802458,  -13.7930097309 ,  0.0            
      1010,  229.06057475499,  -7.215246176466,  0.0            
      1011,  220.88139078463,  -16.15763553713,  0.0            
      1012,  225.52943534804,  -11.05332377289,  0.0            
      1013,  227.68635145437,  -9.703171390934,  0.0            
      1014,  235.34270347485,  -2.757101275564,  0.0            
      1015,  219.22386397917,  -18.57611973557,  0.0            
      1016,  230.91965978108,  -6.873434278619,  0.0            
      1017,  233.20289451359,  -5.46420819442 ,  0.0            
      1018,  225.12351794516,  -13.35510310894,  0.0            
      1019,  223.43602772069,  -15.79835856646,  0.0            
      1020,  230.19917199025,  -9.5003060649  ,  0.0            
      1021,  237.80078671471,  -2.707484156563,  0.0            
      1022,  221.68736661894,  -18.19286690395,  0.0            
      1023,  227.83326881003,  -12.2816296987 ,  0.0            
      1024,  235.57730188491,  -5.521883455448,  0.0            
      1025,  226.03898218191,  -15.28072146957,  0.0            
      1026,  232.92057238268,  -8.442764609727,  0.0            
      1027,  224.19908254844,  -17.78017641053,  0.0            
      1028,  240.29664559278,  -2.640138223058,  0.0            
      1029,  230.68470919659,  -11.77350891524,  0.0            
      1030,  238.06797153107,  -5.37798133457 ,  0.0            
      1031,  228.59758808763,  -14.59685092719,  0.0            
      1032,  235.66832056265,  -8.194837139167,  0.0            
      1033,  226.72804748361,  -17.30647691601,  0.0            
      1034,  233.35135878981,  -11.12303876243,  0.0            
      1035,  242.81429932356,  -2.580417465327,  0.0            
      1036,  240.59448374505,  -5.23829893882 ,  0.0            
      1037,  231.21024268828,  -14.06421595488,  0.0            
      1038,  238.30207577445,  -7.971679976045,  0.0            
      1039,  229.2506891469 ,  -16.7842580606 ,  0.0            
      1040,  235.98792837728,  -10.72982059567,  0.0            
      1041,  245.34738459999,  -2.52867623373 ,  0.0            
      1042,  233.82308519771,  -13.56295193853,  0.0            
      1043,  243.13435635183,  -5.117468976077,  0.0            
      1044,  240.88512876066,  -7.76950380045 ,  0.0            
      1045,  231.78104506171,  -16.31152068366,  0.0            
      1046,  238.61330951767,  -10.44940092185,  0.0            
      1047,  247.89592358903,  -2.486279418076,  0.0            
      1048,  236.41433514418,  -13.15860866684,  0.0            
      1049,  245.68688675442,  -5.011135314049,  0.0            
      1050,  243.44338484768,  -7.594797462137,  0.0            
      1051,  234.3190504636 ,  -15.87469214155,  0.0            
      1052,  241.20103338318,  -10.20296495206,  0.0            
      1053,  238.99224736276,  -12.8346188611 ,  0.0            
      1054,  250.46933554068,  -2.46803512383 ,  0.0            
      1055,  248.25865381083,  -4.918884597025,  0.0            
      1056,  236.85931391682,  -15.48466470532,  0.0            
      1057,  245.99141374099,  -7.43709048692 ,  0.0            
      1058,  243.75257738543,  -9.984310484358,  0.0            
      1059,  241.55290122682,  -12.55095049868,  0.0            
      1060,  253.06086906527,  -2.501142243049,  0.0            
      1061,  250.87698434977,  -4.86435652295 ,  0.0            
      1062,  239.3984865197 ,  -15.134828419  ,  0.0            
      1063,  248.53984259388,  -7.2922679248  ,  0.0            
      1064,  246.2731408875 ,  -9.78298568963 ,  0.0            
      1065,  244.08657032846,  -12.29259993514,  0.0            
      1066,  241.93373342563,  -14.81501738646,  0.0            
      1067,  255.6521680556 ,  -2.567415393815,  0.0            
      1068,  253.56797265685,  -4.929282971453,  0.0            
      1069,  251.12214831491,  -7.180129596139,  0.0            
      1070,  248.75808583583,  -9.594646697826,  0.0            
      1071,  246.58864405024,  -12.05119812812,  0.0            
      1072,  244.45953073321,  -14.51309384332,  0.0            
      1073,  258.21719285308,  -2.567676234896,  0.0            
      1074,  256.27061433636,  -5.12253970263 ,  0.0            
      1075,  251.19232893106,  -9.434493818564,  0.0            
      1076,  253.82161251349,  -7.180046686895,  0.0            
      1077,  249.0514082976 ,  -11.82315709599,  0.0            
      1078,  246.96928331651,  -14.22734990459,  0.0            
      1079,  260.7764530613 ,  -2.521433827227,  0.0            
      1080,  253.51486865184,  -9.343340274974,  0.0            
      1081,  258.91695243566,  -5.093692563406,  0.0            
      1082,  251.46433159854,  -11.61944409377,  0.0            
      1083,  256.87418519411,  -7.713291718577,  0.0            
      1084,  249.45540514754,  -13.9509057504 ,  0.0            
      1085,  255.52422920265,  -9.432978693585,  0.0            
      1086,  253.83472058629,  -11.45970519511,  0.0            
      1087,  263.33409583323,  -2.454784830359,  0.0            
      1088,  261.55945093954,  -4.987123825488,  0.0            
      1089,  256.20396494999,  -11.1348181538 ,  0.0            
      1090,  251.91868868166,  -13.69149761885,  0.0            
      1091,  259.66539945736,  -7.534543102506,  0.0            
      1092,  265.8808770861 ,  -2.369954463956,  0.0            
      1093,  258.34214346161,  -10.27309643736,  0.0            
      1094,  254.38133130876,  -13.43421567686,  0.0            
      1095,  264.19189595261,  -4.857283654008,  0.0            
      1096,  262.35812668806,  -7.372898354012,  0.0            
      1097,  256.81860757941,  -13.08688911806,  0.0            
      1098,  268.39246118203,  -2.258890213608,  0.0            
      1099,  260.66993997824,  -9.902685487848,  0.0            
      1100,  266.82341394584,  -4.69364278217 ,  0.0            
      1101,  259.18030022425,  -12.59601432644,  0.0            
      1102,  265.01700200578,  -7.192991151193,  0.0            
      1103,  270.7793135186 ,  -2.078024107196,  0.0            
      1104,  263.2168080465 ,  -9.700982282639,  0.0            
      1105,  269.47332290534,  -4.474376276226,  0.0            
      1106,  272.7440957584 ,  -1.66244114451 ,  0.0            
      1107,  267.67203158918,  -6.969705003774,  0.0            
      1108,  261.5686670325 ,  -12.2453326769 ,  0.0            
      1109,  265.80913970955,  -9.484230562566,  0.0            
      1110,  272.18085074021,  -4.090608041471,  0.0            
      1111,  270.33131323117,  -6.681211225487,  0.0            
      1112,  264.04013308751,  -11.99005132863,  0.0            
      1113,  268.41787056757,  -9.231312326509,  0.0            
      1114,  274.91225835612,  -2.972225350889,  0.0            
      1115,  272.9732127531 ,  -6.239974008758,  0.0            
      1116,  266.5641568767 ,  -11.74487942504,  0.0            
      1117,  271.017749357  ,  -8.931875711962,  0.0            
      1118,  277.59259929928,  -2.713721374067,  0.0            
      1119,  275.48777897054,  -5.650246572497,  0.0            
      1120,  269.10989220738,  -11.48337681707,  0.0            
      1121,  273.57948215114,  -8.566852048691,  0.0            
      1122,  280.15038042944,  -2.621359671307,  0.0            
      1123,  271.65173386536,  -11.20477773448,  0.0            
      1124,  277.98767096878,  -5.349717668495,  0.0            
      1125,  276.07683251133,  -8.17912386338 ,  0.0            
      1126,  282.65658486298,  -2.564991942431,  0.0            
      1127,  274.17408572083,  -10.90678848471,  0.0            
      1128,  280.4483044915 ,  -5.207883697348,  0.0            
      1129,  278.53810496897,  -7.913085972764,  0.0            
      1130,  285.1476572022 ,  -2.621862775837,  0.0            
      1131,  276.66890260587,  -10.61540088424,  0.0            
      1132,  282.83601222888,  -5.073262375609,  0.0            
      1133,  280.95970288062,  -7.745618765678,  0.0            
      1134,  279.15890900272,  -10.37360391978,  0.0            
      1135,  287.60140898567,  -2.859664066134,  0.0            
      1136,  285.24656708932,  -5.121185219566,  0.0            
      1137,  283.25919740554,  -7.578260073644,  0.0            
      1138,  281.68030648912,  -10.17517555051,  0.0            
      1139,  290.01838137182,  -2.95685312164 ,  0.0            
      1140,  285.1939888389 ,  -7.245988925325,  0.0            
      1141,  287.59903274235,  -5.814077686694,  0.0            
      1142,  284.3009506845 ,  -9.932481616482,  0.0            
      1143,  292.45783670044,  -2.937190098047,  0.0            
      1144,  289.93276338975,  -5.960907112973,  0.0            
      1145,  287.06710270579,  -9.024670271082,  0.0            
      1146,  294.92737202677,  -2.888612493998,  0.0            
      1147,  292.3811463881 ,  -5.878698761402,  0.0            
      1148,  289.72525552412,  -8.939518374785,  0.0            
      1149,  297.41446991693,  -2.837805380944,  0.0            
      1150,  294.85769706319,  -5.775771465193,  0.0            
      1151,  292.27469766103,  -8.803277187544,  0.0            
      1152,  299.90934706228,  -2.78846426886 ,  0.0            
      1153,  297.34718586132,  -5.673202259925,  0.0            
      1154,  294.78610143788,  -8.649661806438,  0.0            
      1155,  302.40870934011,  -2.741423127357,  0.0            
      1156,  299.84204718665,  -5.574727489073,  0.0            
      1157,  297.28788402605,  -8.500397267598,  0.0            
      1158,  304.90973559491,  -2.696926942971,  0.0            
      1159,  302.34109577413,  -5.480871628244,  0.0            
      1160,  299.78754491507,  -8.355562453502,  0.0            
      1161,  307.41170786924,  -2.65464081129 ,  0.0            
      1162,  304.84195091375,  -5.391458659257,  0.0            
      1163,  302.2883060847 ,  -8.216517113709,  0.0            
      1164,  309.91385407761,  -2.613935549281,  0.0            
      1165,  307.34436144312,  -5.306040685721,  0.0            
      1166,  304.7900592265 ,  -8.081845906405,  0.0            
      1167,  312.41611776818,  -2.57435730007 ,  0.0            
      1168,  309.84748339074,  -5.223450597649,  0.0            
      1169,  307.29312867822,  -7.952259171262,  0.0            
      1170,  314.91837954992,  -2.535666908207,  0.0            
      1171,  312.35118318719,  -5.143149750486,  0.0            
      1172,  309.79712762044,  -7.825814110751,  0.0            
      1173,  317.42065109765,  -2.497829977045,  0.0            
      1174,  314.85513266468,  -5.064613659309,  0.0            
      1175,  312.30185767665,  -7.703126666759,  0.0            
      1176,  319.9228866718 ,  -2.460798376602,  0.0            
      1177,  317.35921161981,  -4.987920175161,  0.0            
      1178,  314.806974382  ,  -7.582779237647,  0.0            
      1179,  322.42492048355,  -2.424570734294,  0.0            
      1180,  319.86327719621,  -4.912841202612,  0.0            
      1181,  317.31226336223,  -7.465751716325,  0.0            
      1182,  324.92650259435,  -2.389082203824,  0.0            
      1183,  322.3670629884 ,  -4.839522462635,  0.0            
      1184,  319.81754519905,  -7.350885429252,  0.0            
      1185,  327.42614035067,  -2.354248595971,  0.0            
      1186,  324.87023630235,  -4.767757792748,  0.0            
      1187,  322.32259580309,  -7.239175962406,  0.0            
      1188,  327.37082825303,  -4.697754415817,  0.0            
      1189,  329.92197858668,  -2.319985529107,  0.0            
      1190,  324.82714020234,  -7.129557015599,  0.0            
      1191,  329.86668013503,  -4.629459990054,  0.0            
      1192,  327.32985812699,  -7.023138515063,  0.0            
      1193,  332.40734231944,  -2.286206141909,  0.0            
      1194,  329.82943919321,  -6.919085354088,  0.0            
      1195,  332.34978354366,  -4.563510347364,  0.0            
      1196,  334.87421734882,  -2.253090012847,  0.0            
      1197,  332.32112663067,  -6.818939971636,  0.0            
      1198,  334.81310881646,  -4.50057367408 ,  0.0            
      1199,  337.30086675558,  -2.220700102826,  0.0            
      1200,  334.80239555126,  -6.722304566515,  0.0            
      1201,  337.23814068145,  -4.44212937786 ,  0.0            
      1202,  339.6537275529 ,  -2.187731251848,  0.0            
      1203,  337.26639440887,  -6.630729095149,  0.0            
      1204,  339.61305413287,  -4.385393515107,  0.0            
      1205,  341.85089784546,  -2.133801874604,  0.0            
      1206,  343.72187088797,  -2.104308754187,  0.0            
      1207,  339.71778763935,  -6.540337083727,  0.0            
      1208,  341.92133357441,  -4.312846095673,  0.0            
      1209,  344.20121944484,  -3.967875805461,  0.0            
      1210,  342.16169463551,  -6.419949873627,  0.0            
      1211,  346.2437808569 ,  -3.030657392505,  0.0            
      1212,  348.44343846445,  -2.745674757937,  0.0            
      1213,  344.57626704458,  -6.155532265994,  0.0            
      1214,  346.89930177054,  -5.731254895093,  0.0            
      1215,  350.8323340422 ,  -2.690978229281,  0.0            
      1216,  349.22582919895,  -5.493444038435,  0.0            
      1217,  353.27846236289,  -2.653103756207,  0.0            
      1218,  351.61756821758,  -5.38494296863 ,  0.0            
      1219,  355.75105169024,  -2.618054786615,  0.0            
      1220,  354.063378746  ,  -5.305536243035,  0.0            
      1221,  358.23983969791,  -2.582959587972,  0.0            
      1222,  356.53785636992,  -5.231545144317,  0.0            
      1223,  360.73638935014,  -2.547953750756,  0.0            
      1224,  359.03012469923,  -5.158863589943,  0.0            
      1225,  363.23751930435,  -2.513188758158,  0.0            
      1226,  361.53167505378,  -5.087572045215,  0.0            
      1227,  365.74032066669,  -2.479045889034,  0.0            
      1228,  364.03788263943,  -5.017450566177,  0.0            
      1229,  368.24385380638,  -2.445471461146,  0.0            
      1230,  366.54594151946,  -4.949120151504,  0.0            
      1231,  370.74747140454,  -2.412612358908,  0.0            
      1232,  369.05436137636,  -4.881892713696,  0.0            
      1233,  373.25102910878,  -2.380353456965,  0.0            
      1234,  371.56292040806,  -4.81635428962 ,  0.0            
      1235,  375.75446294961,  -2.348789882717,  0.0            
      1236,  374.07099310309,  -4.751831474755,  0.0            
      1237,  378.25775565179,  -2.31780107057 ,  0.0            
      1238,  376.57898668117,  -4.688909529498,  0.0            
      1239,  380.76091617684,  -2.287474031424,  0.0            
      1240,  379.08640388722,  -4.626939314396,  0.0            
      1241,  383.26393670733,  -2.257692238468,  0.0            
      1242,  381.59373587949,  -4.566493639626,  0.0            
      1243,  385.76682922204,  -2.228537028188,  0.0            
      1244,  384.10049332692,  -4.50694850095 ,  0.0            
      1245,  388.26959120662,  -2.199899122624,  0.0            
      1246,  386.60716757946,  -4.448844854029,  0.0            
      1247,  390.7722318414 ,  -2.171854347286,  0.0            
      1248,  389.11328462096,  -4.391598421549,  0.0            
      1249,  393.27475019142,  -2.144300726846,  0.0            
      1250,  391.61932033947,  -4.335713565587,  0.0            
      1251,  395.77715424895,  -2.117309536433,  0.0            
      1252,  394.12481732215,  -4.280646162376,  0.0            
      1253,  398.27944089716,  -2.090785193293,  0.0            
      1254,  396.63023551533,  -4.226867556431,  0.0            
      1255,  400.78162051125,  -2.064794643812,  0.0            
      1256,  399.1351299814 ,  -4.173868663259,  0.0            
      1257,  403.28368734192,  -2.039248299543,  0.0            
      1258,  401.63994907775,  -4.122091012796,  0.0            
      1259,  405.78565509845,  -2.014208933233,  0.0            
      1260,  404.14425913373,  -4.07105700685 ,  0.0            
      1261,  408.28751698288,  -1.989592423326,  0.0            
      1262,  406.64849869144,  -4.021181441576,  0.0            
      1263,  410.78928773836,  -1.965457741411,  0.0            
      1264,  409.1522461892 ,  -3.972015066098,  0.0            
      1265,  413.29096020011,  -1.941725663492,  0.0            
      1266,  411.65592866727,  -3.923948646042,  0.0            
      1267,  415.79254826775,  -1.918451903115,  0.0            
      1268,  414.15913672525,  -3.876558694098,  0.0            
      1269,  418.2940440581 ,  -1.895561634622,  0.0            
      1270,  416.66228449903,  -3.830214185536,  0.0            
      1271,  420.79546128799,  -1.873107698121,  0.0            
      1272,  419.16497376947,  -3.784515056946,  0.0            
      1273,  423.29679150812,  -1.851019305355,  0.0            
      1274,  421.66760698442,  -3.739810499308,  0.0            
      1275,  425.79804910557,  -1.829346617226,  0.0            
      1276,  424.16979654848,  -3.695721663005,  0.0            
      1277,  428.2992259751 ,  -1.808022570822,  0.0            
      1278,  426.67193476694,  -3.652579899674,  0.0            
      1279,  430.8003363488 ,  -1.787094852615,  0.0            
      1280,  429.17364487612,  -3.610025558524,  0.0            
      1281,  433.30137312386,  -1.76649976782 ,  0.0            
      1282,  431.67530886866,  -3.568373909136,  0.0            
      1283,  435.80234919599,  -1.746282826406,  0.0            
      1284,  434.17656087108,  -3.527282765612,  0.0            
      1285,  438.30325787866,  -1.726383339848,  0.0            
      1286,  436.67777190245,  -3.487052786176,  0.0            
      1287,  440.80411093149,  -1.706844929505,  0.0            
      1288,  439.17858587409,  -3.44735776425 ,  0.0            
      1289,  443.30490084674,  -1.687609645604,  0.0            
      1290,  441.67936350393,  -3.408485015101,  0.0            
      1291,  445.80563956201,  -1.668719387039,  0.0            
      1292,  444.17975670529,  -3.370122925989,  0.0            
      1293,  448.30631845851,  -1.650118770631,  0.0            
      1294,  446.68011773559,  -3.332546662625,  0.0            
      1295,  450.80695033246,  -1.631848053988,  0.0            
      1296,  449.18010562924,  -3.295457868404,  0.0            
      1297,  453.30752638609,  -1.613854247881,  0.0            
      1298,  451.68006542997,  -3.259120715529,  0.0            
      1299,  455.80805950614,  -1.59617607938 ,  0.0            
      1300,  454.17966368868,  -3.223248892359,  0.0            
      1301,  458.30854149518,  -1.57876272148 ,  0.0            
      1302,  456.67923796325,  -3.188096605726,  0.0            
      1303,  460.80898428964,  -1.561651555014,  0.0            
      1304,  459.17846268608,  -3.153388571788,  0.0            
      1305,  463.30937981842,  -1.544793681489,  0.0            
      1306,  461.67766725829,  -3.119369879203,  0.0            
      1307,  465.80973921078,  -1.52822531531 ,  0.0            
      1308,  464.17653318437,  -3.085775410454,  0.0            
      1309,  468.31010974349,  -1.511901870441,  0.0            
      1310,  466.67538217136,  -3.052841856648,  0.0            
      1311,  470.81056077845,  -1.495860151645,  0.0            
      1312,  469.17395650548,  -3.020310137276,  0.0            
      1313,  473.31155743708,  -1.480074931588,  0.0            
      1314,  471.67263804808,  -2.988408566554,  0.0            
      1315,  475.8134689882 ,  -1.46460868823 ,  0.0            
      1316,  474.17162836715,  -2.956872515573,  0.0            
      1317,  476.67181145768,  -2.925939650887,  0.0            
      1318,  478.31782978602,  -1.449552717904,  0.0            
      1319,  479.17531152468,  -2.895397160144,  0.0            
      1320,  480.82477417615,  -1.435254922922,  0.0            
      1321,  481.68619261138,  -2.865699030984,  0.0            
      1322,  483.3329037931 ,  -1.422196294261,  0.0            
      1323,  484.2166504859 ,  -2.836816098912,  0.0            
      1324,  485.82174805074,  -1.407448508259,  0.0            
      1325,  486.79652107654,  -2.805107743478,  0.0            
      1326,  488.20443223124,  -1.358015315068,  0.0            
      1327,  490.16795680602,  -1.129445730386,  0.0            
      1328,  489.49054818685,  -2.715598719476,  0.0            
      1329,  492.26679190761,  -2.112108048651,  0.0            
      1330,  494.9109170841 ,  -2.041367390789,  0.0            
      1331,  497.46789902775,  -2.01989204056 ,  0.0            
      1332,  497.46789902775,  2.0198920405598,  0.0            
      1333,  494.9109170841 ,  2.0413673907888,  0.0            
      1334,  492.26679190761,  2.1121080486508,  0.0            
      1335,  489.49054818685,  2.7155987194765,  0.0            
      1336,  490.16795680602,  1.1294457303856,  0.0            
      1337,  488.20443223124,  1.3580153150686,  0.0            
      1338,  486.79652107654,  2.8051077434783,  0.0            
      1339,  485.82174805074,  1.407448508259 ,  0.0            
      1340,  484.2166504859 ,  2.8368160989118,  0.0            
      1341,  483.3329037931 ,  1.4221962942611,  0.0            
      1342,  481.68619261138,  2.8656990309838,  0.0            
      1343,  480.82477417615,  1.4352549229216,  0.0            
      1344,  479.17531152468,  2.895397160144 ,  0.0            
      1345,  478.31782978602,  1.4495527179041,  0.0            
      1346,  476.67181145768,  2.9259396508872,  0.0            
      1347,  474.17162836715,  2.9568725155732,  0.0            
      1348,  475.8134689882 ,  1.4646086882298,  0.0            
      1349,  471.67263804808,  2.9884085665542,  0.0            
      1350,  473.31155743708,  1.4800749315885,  0.0            
      1351,  469.17395650548,  3.0203101372764,  0.0            
      1352,  470.81056077845,  1.4958601516448,  0.0            
      1353,  466.67538217136,  3.0528418566477,  0.0            
      1354,  468.31010974349,  1.5119018704407,  0.0            
      1355,  464.17653318437,  3.0857754104542,  0.0            
      1356,  465.80973921078,  1.5282253153098,  0.0            
      1357,  461.67766725829,  3.119369879203 ,  0.0            
      1358,  463.30937981842,  1.5447936814894,  0.0            
      1359,  459.17846268608,  3.1533885717879,  0.0            
      1360,  460.80898428964,  1.5616515550143,  0.0            
      1361,  456.67923796325,  3.1880966057264,  0.0            
      1362,  458.30854149518,  1.5787627214806,  0.0            
      1363,  454.17966368868,  3.2232488923586,  0.0            
      1364,  455.80805950614,  1.5961760793804,  0.0            
      1365,  451.68006542997,  3.2591207155288,  0.0            
      1366,  453.30752638609,  1.6138542478812,  0.0            
      1367,  449.18010562924,  3.2954578684037,  0.0            
      1368,  450.80695033246,  1.6318480539881,  0.0            
      1369,  446.68011773559,  3.3325466626249,  0.0            
      1370,  448.30631845851,  1.6501187706312,  0.0            
      1371,  444.17975670529,  3.3701229259894,  0.0            
      1372,  445.80563956201,  1.6687193870392,  0.0            
      1373,  441.67936350393,  3.4084850151012,  0.0            
      1374,  443.30490084674,  1.6876096456042,  0.0            
      1375,  439.17858587409,  3.4473577642506,  0.0            
      1376,  440.80411093149,  1.7068449295054,  0.0            
      1377,  436.67777190245,  3.4870527861755,  0.0            
      1378,  438.30325787866,  1.726383339848 ,  0.0            
      1379,  434.17656087108,  3.5272827656115,  0.0            
      1380,  435.80234919599,  1.7462828264058,  0.0            
      1381,  431.67530886866,  3.5683739091361,  0.0            
      1382,  433.30137312386,  1.7664997678198,  0.0            
      1383,  429.17364487612,  3.6100255585237,  0.0            
      1384,  430.8003363488 ,  1.787094852615 ,  0.0            
      1385,  426.67193476694,  3.6525798996744,  0.0            
      1386,  428.2992259751 ,  1.8080225708222,  0.0            
      1387,  424.16979654848,  3.6957216630048,  0.0            
      1388,  425.79804910557,  1.8293466172264,  0.0            
      1389,  421.66760698442,  3.7398104993081,  0.0            
      1390,  423.29679150812,  1.8510193053548,  0.0            
      1391,  419.16497376947,  3.7845150569458,  0.0            
      1392,  420.79546128799,  1.8731076981213,  0.0            
      1393,  416.66228449903,  3.8302141855356,  0.0            
      1394,  418.2940440581 ,  1.8955616346218,  0.0            
      1395,  414.15913672525,  3.8765586940983,  0.0            
      1396,  415.79254826775,  1.9184519031148,  0.0            
      1397,  411.65592866727,  3.923948646042 ,  0.0            
      1398,  413.29096020011,  1.941725663492 ,  0.0            
      1399,  409.1522461892 ,  3.972015066098 ,  0.0            
      1400,  410.78928773836,  1.9654577414108,  0.0            
      1401,  406.64849869144,  4.0211814415763,  0.0            
      1402,  408.28751698288,  1.9895924233256,  0.0            
      1403,  404.14425913373,  4.0710570068498,  0.0            
      1404,  405.78565509845,  2.0142089332332,  0.0            
      1405,  401.63994907775,  4.1220910127961,  0.0            
      1406,  403.28368734192,  2.0392482995434,  0.0            
      1407,  399.1351299814 ,  4.1738686632586,  0.0            
      1408,  400.78162051125,  2.064794643812 ,  0.0            
      1409,  396.63023551533,  4.2268675564313,  0.0            
      1410,  398.27944089716,  2.0907851932928,  0.0            
      1411,  394.12481732215,  4.2806461623765,  0.0            
      1412,  395.77715424895,  2.1173095364331,  0.0            
      1413,  391.61932033947,  4.3357135655867,  0.0            
      1414,  393.27475019142,  2.144300726846 ,  0.0            
      1415,  389.11328462096,  4.3915984215492,  0.0            
      1416,  390.7722318414 ,  2.1718543472856,  0.0            
      1417,  386.60716757946,  4.448844854029 ,  0.0            
      1418,  388.26959120662,  2.1998991226238,  0.0            
      1419,  384.10049332692,  4.5069485009504,  0.0            
      1420,  385.76682922204,  2.2285370281877,  0.0            
      1421,  381.59373587949,  4.5664936396266,  0.0            
      1422,  383.26393670733,  2.2576922384679,  0.0            
      1423,  379.08640388722,  4.6269393143959,  0.0            
      1424,  380.76091617684,  2.2874740314245,  0.0            
      1425,  376.57898668117,  4.6889095294981,  0.0            
      1426,  378.25775565179,  2.3178010705699,  0.0            
      1427,  374.07099310309,  4.7518314747548,  0.0            
      1428,  375.75446294961,  2.348789882717 ,  0.0            
      1429,  371.56292040806,  4.8163542896196,  0.0            
      1430,  373.25102910878,  2.3803534569652,  0.0            
      1431,  369.05436137636,  4.881892713696 ,  0.0            
      1432,  370.74747140454,  2.4126123589078,  0.0            
      1433,  366.54594151946,  4.9491201515043,  0.0            
      1434,  368.24385380638,  2.4454714611459,  0.0            
      1435,  364.03788263943,  5.0174505661771,  0.0            
      1436,  365.74032066669,  2.4790458890338,  0.0            
      1437,  361.53167505378,  5.087572045215 ,  0.0            
      1438,  363.23751930435,  2.5131887581579,  0.0            
      1439,  359.03012469923,  5.1588635899429,  0.0            
      1440,  360.73638935014,  2.5479537507557,  0.0            
      1441,  356.53785636992,  5.231545144317 ,  0.0            
      1442,  358.23983969791,  2.5829595879719,  0.0            
      1443,  354.063378746  ,  5.305536243035 ,  0.0            
      1444,  355.75105169024,  2.6180547866152,  0.0            
      1445,  351.61756821758,  5.3849429686302,  0.0            
      1446,  353.27846236289,  2.6531037562069,  0.0            
      1447,  349.22582919895,  5.4934440384355,  0.0            
      1448,  350.8323340422 ,  2.6909782292814,  0.0            
      1449,  346.89930177054,  5.7312548950929,  0.0            
      1450,  344.57626704458,  6.1555322659942,  0.0            
      1451,  348.44343846445,  2.745674757937 ,  0.0            
      1452,  346.2437808569 ,  3.0306573925052,  0.0            
      1453,  342.16169463551,  6.4199498736269,  0.0            
      1454,  344.20121944484,  3.9678758054614,  0.0            
      1455,  341.92133357441,  4.312846095673 ,  0.0            
      1456,  339.71778763935,  6.5403370837274,  0.0            
      1457,  343.72187088797,  2.1043087541875,  0.0            
      1458,  341.85089784546,  2.133801874604 ,  0.0            
      1459,  339.61305413287,  4.385393515107 ,  0.0            
      1460,  337.26639440887,  6.6307290951494,  0.0            
      1461,  339.6537275529 ,  2.187731251848 ,  0.0            
      1462,  337.23814068145,  4.4421293778596,  0.0            
      1463,  334.80239555126,  6.7223045665153,  0.0            
      1464,  337.30086675558,  2.2207001028259,  0.0            
      1465,  334.81310881646,  4.5005736740799,  0.0            
      1466,  332.32112663067,  6.8189399716366,  0.0            
      1467,  334.87421734882,  2.2530900128467,  0.0            
      1468,  332.34978354366,  4.563510347364 ,  0.0            
      1469,  329.82943919321,  6.9190853540884,  0.0            
      1470,  332.40734231944,  2.2862061419093,  0.0            
      1471,  327.32985812699,  7.023138515063 ,  0.0            
      1472,  329.86668013503,  4.6294599900536,  0.0            
      1473,  324.82714020234,  7.1295570155993,  0.0            
      1474,  329.92197858668,  2.3199855291073,  0.0            
      1475,  327.37082825303,  4.6977544158167,  0.0            
      1476,  322.32259580309,  7.2391759624066,  0.0            
      1477,  324.87023630235,  4.7677577927486,  0.0            
      1478,  327.42614035067,  2.3542485959714,  0.0            
      1479,  319.81754519905,  7.3508854292519,  0.0            
      1480,  322.3670629884 ,  4.8395224626352,  0.0            
      1481,  324.92650259435,  2.3890822038236,  0.0            
      1482,  317.31226336223,  7.4657517163251,  0.0            
      1483,  319.86327719621,  4.912841202612 ,  0.0            
      1484,  322.42492048355,  2.4245707342946,  0.0            
      1485,  314.806974382  ,  7.5827792376468,  0.0            
      1486,  317.35921161981,  4.987920175161 ,  0.0            
      1487,  319.9228866718 ,  2.4607983766017,  0.0            
      1488,  312.30185767665,  7.7031266667587,  0.0            
      1489,  314.85513266468,  5.0646136593091,  0.0            
      1490,  317.42065109765,  2.4978299770448,  0.0            
      1491,  309.79712762044,  7.8258141107514,  0.0            
      1492,  312.35118318719,  5.1431497504861,  0.0            
      1493,  314.91837954992,  2.5356669082072,  0.0            
      1494,  307.29312867822,  7.9522591712624,  0.0            
      1495,  309.84748339074,  5.2234505976492,  0.0            
      1496,  312.41611776818,  2.5743573000702,  0.0            
      1497,  304.7900592265 ,  8.0818459064048,  0.0            
      1498,  307.34436144312,  5.3060406857214,  0.0            
      1499,  309.91385407761,  2.613935549281 ,  0.0            
      1500,  302.2883060847 ,  8.2165171137087,  0.0            
      1501,  304.84195091375,  5.3914586592574,  0.0            
      1502,  307.41170786924,  2.6546408112904,  0.0            
      1503,  299.78754491507,  8.3555624535017,  0.0            
      1504,  302.34109577413,  5.4808716282438,  0.0            
      1505,  304.90973559491,  2.6969269429708,  0.0            
      1506,  297.28788402605,  8.5003972675982,  0.0            
      1507,  299.84204718665,  5.574727489073 ,  0.0            
      1508,  302.40870934011,  2.7414231273572,  0.0            
      1509,  294.78610143788,  8.6496618064377,  0.0            
      1510,  297.34718586132,  5.6732022599253,  0.0            
      1511,  299.90934706228,  2.7884642688604,  0.0            
      1512,  292.27469766103,  8.8032771875438,  0.0            
      1513,  294.85769706319,  5.7757714651929,  0.0            
      1514,  297.41446991693,  2.8378053809443,  0.0            
      1515,  289.72525552412,  8.9395183747851,  0.0            
      1516,  292.3811463881 ,  5.8786987614023,  0.0            
      1517,  294.92737202677,  2.8886124939983,  0.0            
      1518,  287.06710270579,  9.0246702710821,  0.0            
      1519,  289.93276338975,  5.960907112973 ,  0.0            
      1520,  292.45783670044,  2.9371900980474,  0.0            
      1521,  284.3009506845 ,  9.9324816164825,  0.0            
      1522,  287.59903274235,  5.8140776866939,  0.0            
      1523,  285.1939888389 ,  7.245988925325 ,  0.0            
      1524,  290.01838137182,  2.9568531216397,  0.0            
      1525,  281.68030648912,  10.175175550507,  0.0            
      1526,  283.25919740554,  7.5782600736442,  0.0            
      1527,  285.24656708932,  5.1211852195664,  0.0            
      1528,  287.60140898567,  2.8596640661341,  0.0            
      1529,  279.15890900272,  10.373603919782,  0.0            
      1530,  280.95970288062,  7.7456187656781,  0.0            
      1531,  282.83601222888,  5.0732623756093,  0.0            
      1532,  276.66890260587,  10.615400884239,  0.0            
      1533,  285.1476572022 ,  2.6218627758369,  0.0            
      1534,  278.53810496897,  7.9130859727645,  0.0            
      1535,  280.4483044915 ,  5.2078836973478,  0.0            
      1536,  274.17408572083,  10.906788484707,  0.0            
      1537,  282.65658486298,  2.5649919424314,  0.0            
      1538,  276.07683251133,  8.1791238633801,  0.0            
      1539,  277.98767096878,  5.3497176684955,  0.0            
      1540,  271.65173386536,  11.204777734481,  0.0            
      1541,  280.15038042944,  2.6213596713072,  0.0            
      1542,  273.57948215114,  8.5668520486913,  0.0            
      1543,  269.10989220738,  11.483376817072,  0.0            
      1544,  275.48777897054,  5.6502465724974,  0.0            
      1545,  277.59259929928,  2.7137213740675,  0.0            
      1546,  271.017749357  ,  8.9318757119624,  0.0            
      1547,  266.5641568767 ,  11.744879425038,  0.0            
      1548,  272.9732127531 ,  6.2399740087586,  0.0            
      1549,  274.91225835612,  2.9722253508887,  0.0            
      1550,  268.41787056757,  9.2313123265094,  0.0            
      1551,  264.04013308751,  11.990051328632,  0.0            
      1552,  270.33131323117,  6.6812112254867,  0.0            
      1553,  272.18085074021,  4.0906080414715,  0.0            
      1554,  265.80913970955,  9.4842305625659,  0.0            
      1555,  261.5686670325 ,  12.245332676904,  0.0            
      1556,  267.67203158918,  6.9697050037741,  0.0            
      1557,  272.7440957584 ,  1.6624411445099,  0.0            
      1558,  269.47332290534,  4.4743762762257,  0.0            
      1559,  263.2168080465 ,  9.7009822826392,  0.0            
      1560,  270.7793135186 ,  2.078024107196 ,  0.0            
      1561,  265.01700200578,  7.1929911511935,  0.0            
      1562,  259.18030022425,  12.596014326437,  0.0            
      1563,  266.82341394584,  4.6936427821703,  0.0            
      1564,  260.66993997824,  9.9026854878484,  0.0            
      1565,  268.39246118203,  2.2588902136082,  0.0            
      1566,  256.81860757941,  13.08688911806 ,  0.0            
      1567,  262.35812668806,  7.3728983540116,  0.0            
      1568,  264.19189595261,  4.8572836540077,  0.0            
      1569,  254.38133130876,  13.434215676859,  0.0            
      1570,  258.34214346161,  10.273096437362,  0.0            
      1571,  265.8808770861 ,  2.3699544639566,  0.0            
      1572,  259.66539945736,  7.5345431025061,  0.0            
      1573,  251.91868868166,  13.691497618855,  0.0            
      1574,  256.20396494999,  11.134818153797,  0.0            
      1575,  261.55945093954,  4.9871238254883,  0.0            
      1576,  263.33409583323,  2.454784830359 ,  0.0            
      1577,  253.83472058629,  11.459705195109,  0.0            
      1578,  255.52422920265,  9.4329786935851,  0.0            
      1579,  249.45540514754,  13.950905750405,  0.0            
      1580,  256.87418519411,  7.7132917185772,  0.0            
      1581,  251.46433159854,  11.619444093766,  0.0            
      1582,  258.91695243566,  5.0936925634058,  0.0            
      1583,  253.51486865184,  9.3433402749741,  0.0            
      1584,  260.7764530613 ,  2.5214338272269,  0.0            
      1585,  246.96928331651,  14.227349904595,  0.0            
      1586,  249.0514082976 ,  11.82315709599 ,  0.0            
      1587,  253.82161251349,  7.1800466868955,  0.0            
      1588,  251.19232893106,  9.4344938185644,  0.0            
      1589,  256.27061433636,  5.1225397026303,  0.0            
      1590,  258.21719285308,  2.5676762348966,  0.0            
      1591,  244.45953073321,  14.513093843323,  0.0            
      1592,  246.58864405024,  12.051198128122,  0.0            
      1593,  248.75808583583,  9.5946466978264,  0.0            
      1594,  251.12214831491,  7.1801295961391,  0.0            
      1595,  253.56797265685,  4.9292829714532,  0.0            
      1596,  255.6521680556 ,  2.5674153938152,  0.0            
      1597,  241.93373342563,  14.815017386458,  0.0            
      1598,  244.08657032846,  12.292599935141,  0.0            
      1599,  246.2731408875 ,  9.7829856896301,  0.0            
      1600,  248.53984259388,  7.2922679247998,  0.0            
      1601,  239.3984865197 ,  15.134828419006,  0.0            
      1602,  250.87698434977,  4.8643565229504,  0.0            
      1603,  253.06086906527,  2.501142243049 ,  0.0            
      1604,  241.55290122682,  12.55095049868 ,  0.0            
      1605,  243.75257738543,  9.9843104843579,  0.0            
      1606,  245.99141374099,  7.4370904869199,  0.0            
      1607,  236.85931391682,  15.484664705315,  0.0            
      1608,  248.25865381083,  4.9188845970249,  0.0            
      1609,  250.46933554068,  2.4680351238296,  0.0            
      1610,  238.99224736276,  12.834618861103,  0.0            
      1611,  241.20103338318,  10.202964952056,  0.0            
      1612,  234.3190504636 ,  15.874692141548,  0.0            
      1613,  243.44338484768,  7.5947974621374,  0.0            
      1614,  245.68688675442,  5.0111353140488,  0.0            
      1615,  236.41433514418,  13.158608666842,  0.0            
      1616,  247.89592358903,  2.4862794180766,  0.0            
      1617,  238.61330951767,  10.449400921854,  0.0            
      1618,  231.78104506171,  16.311520683665,  0.0            
      1619,  240.88512876066,  7.7695038004501,  0.0            
      1620,  243.13435635183,  5.1174689760769,  0.0            
      1621,  233.82308519771,  13.562951938528,  0.0            
      1622,  245.34738459999,  2.5286762337298,  0.0            
      1623,  235.98792837728,  10.729820595672,  0.0            
      1624,  229.2506891469 ,  16.784258060603,  0.0            
      1625,  238.30207577445,  7.9716799760456,  0.0            
      1626,  231.21024268828,  14.064215954886,  0.0            
      1627,  240.59448374505,  5.2382989388204,  0.0            
      1628,  242.81429932356,  2.5804174653273,  0.0            
      1629,  233.35135878981,  11.123038762427,  0.0            
      1630,  226.72804748361,  17.306476916012,  0.0            
      1631,  235.66832056265,  8.1948371391671,  0.0            
      1632,  228.59758808763,  14.596850927195,  0.0            
      1633,  238.06797153107,  5.3779813345699,  0.0            
      1634,  230.68470919659,  11.77350891524 ,  0.0            
      1635,  240.29664559278,  2.6401382230576,  0.0            
      1636,  224.19908254844,  17.78017641053 ,  0.0            
      1637,  232.92057238268,  8.4427646097272,  0.0            
      1638,  226.03898218191,  15.280721469567,  0.0            
      1639,  235.57730188491,  5.521883455448 ,  0.0            
      1640,  227.83326881003,  12.281629698697,  0.0            
      1641,  221.68736661894,  18.192866903948,  0.0            
      1642,  237.80078671471,  2.7074841565627,  0.0            
      1643,  230.19917199025,  9.5003060648997,  0.0            
      1644,  223.43602772069,  15.79835856646 ,  0.0            
      1645,  225.12351794516,  13.355103108935,  0.0            
      1646,  233.20289451359,  5.4642081944203,  0.0            
      1647,  230.91965978108,  6.8734342786191,  0.0            
      1648,  219.22386397917,  18.576119735573,  0.0            
      1649,  235.34270347485,  2.7571012755645,  0.0            
      1650,  227.68635145437,  9.7031713909342,  0.0            
      1651,  225.52943534804,  11.053323772892,  0.0            
      1652,  220.88139078463,  16.157635537132,  0.0            
      1653,  229.06057475499,  7.2152461764662,  0.0            
      1654,  222.50673802458,  13.793009730904,  0.0            
      1655,  230.79231946901,  4.8569676174942,  0.0            
      1656,  216.8062041483 ,  18.969962864061,  0.0            
      1657,  223.64014818133,  11.45908955628 ,  0.0            
      1658,  232.90977396951,  2.6963179230559,  0.0            
      1659,  218.40308503144,  16.465090676356,  0.0            
      1660,  225.1302269151 ,  9.2764853225414,  0.0            
      1661,  226.83516904428,  7.2779042253689,  0.0            
      1662,  219.99409122515,  14.062284090877,  0.0            
      1663,  214.41930139639,  19.392244129558,  0.0            
      1664,  228.42175084425,  4.8038755903873,  0.0            
      1665,  221.38888657141,  11.710636339561,  0.0            
      1666,  230.44377276776,  2.4836307004311,  0.0            
      1667,  215.99242313203,  16.784877273785,  0.0            
      1668,  222.73484840314,  9.3170152931298,  0.0            
      1669,  212.0363888743 ,  19.860926449746,  0.0            
      1670,  217.55474082628,  14.284824137811,  0.0            
      1671,  224.43761801085,  7.1312949189934,  0.0            
      1672,  226.11576510239,  4.8520855629468,  0.0            
      1673,  219.03514148847,  11.88225142267 ,  0.0            
      1674,  213.63672050216,  17.153229578458,  0.0            
      1675,  227.98061069949,  2.415537966064 ,  0.0            
      1676,  220.44831536019,  9.480207049814 ,  0.0            
      1677,  209.63838157996,  20.356164835988,  0.0            
      1678,  215.17927881439,  14.530636938016,  0.0            
      1679,  222.0351590559 ,  7.1089461184202,  0.0            
      1680,  211.3149158542 ,  17.583043967852,  0.0            
      1681,  216.67166734205,  12.028784039318,  0.0            
      1682,  223.74213796092,  4.8067222984683,  0.0            
      1683,  207.18105141017,  20.851428999956,  0.0            
      1684,  225.54368449344,  2.4220618909596,  0.0            
      1685,  218.12530773523,  9.5899645600436,  0.0            
      1686,  212.86465283757,  14.84577802801 ,  0.0            
      1687,  219.6626353031 ,  7.1750877936676,  0.0            
      1688,  209.00789948658,  18.049931675528,  0.0            
      1689,  204.60501435618,  21.305657435321,  0.0            
      1690,  214.34038993387,  12.208897542876,  0.0            
      1691,  221.3347559135 ,  4.7881069741081,  0.0            
      1692,  210.59683401674,  15.250363060574,  0.0            
      1693,  223.10834616223,  2.4125887767155,  0.0            
      1694,  215.78381778516,  9.6837450653945,  0.0            
      1695,  206.71118899872,  18.491457798009,  0.0            
      1696,  202.09473671588,  22.399164603425,  0.0            
      1697,  217.29270266319,  7.23671625245  ,  0.0            
      1698,  212.06399709184,  12.47815775769 ,  0.0            
      1699,  208.35268506377,  15.709794930333,  0.0            
      1700,  218.92230879413,  4.8099515470791,  0.0            
      1701,  204.46558436017,  18.687030481665,  0.0            
      1702,  202.46094687748,  20.105914656211,  0.0            
      1703,  199.62305498501,  22.977209205272,  0.0            
      1704,  213.46072801607,  9.8097807271125,  0.0            
      1705,  220.66012072342,  2.405871879853 ,  0.0            
      1706,  209.846277275  ,  12.881384521779,  0.0            
      1707,  214.91116776289,  7.2915781185038,  0.0            
      1708,  206.10822819779,  16.114923579614,  0.0            
      1709,  200.68699439099,  20.598769056019,  0.0            
      1710,  197.23746557291,  23.546766088834,  0.0            
      1711,  216.50008377929,  4.8384858957894,  0.0            
      1712,  202.09232394305,  18.375361375922,  0.0            
      1713,  211.19840337256,  10.031624608957,  0.0            
      1714,  207.64802834942,  13.37992029942 ,  0.0            
      1715,  218.2048416702 ,  2.4127269582398,  0.0            
      1716,  203.82707185782,  16.327732137799,  0.0            
      1717,  194.8403706051 ,  24.174771255285,  0.0            
      1718,  198.56002498764,  21.037237167105,  0.0            
      1719,  212.53460168621,  7.3741949397283,  0.0            
      1720,  209.03394962469,  10.453572933472,  0.0            
      1721,  205.41270693085,  13.795872699737,  0.0            
      1722,  199.82470102458,  18.560920766024,  0.0            
      1723,  214.05987783638,  4.8691221789386,  0.0            
      1724,  192.36331176237,  24.837653307811,  0.0            
      1725,  196.33754730652,  21.54151273862 ,  0.0            
      1726,  201.46800439006,  16.332355303536,  0.0            
      1727,  215.73970023483,  2.4241005167215,  0.0            
      1728,  206.91235025418,  11.078430382325,  0.0            
      1729,  203.1168290403 ,  14.038453769878,  0.0            
      1730,  210.19934477773,  7.5273025859899,  0.0            
      1731,  194.05649521993,  22.147029697426,  0.0            
      1732,  189.68355312996,  25.427120447613,  0.0            
      1733,  188.07064146323,  26.995784870871,  0.0            
      1734,  197.66316666666,  18.933654067632,  0.0            
      1735,  211.59653488424,  4.9225188247307,  0.0            
      1736,  204.69616461293,  11.51495058603 ,  0.0            
      1737,  199.13330838858,  16.459354815399,  0.0            
      1738,  213.26017440489,  2.4391081730488,  0.0            
      1739,  191.69677778516,  22.796267791605,  0.0            
      1740,  195.49890555975,  19.3895264094  ,  0.0            
      1741,  186.06058986477,  27.27562579011 ,  0.0            
      1742,  208.07819797881,  7.9336675082224,  0.0            
      1743,  200.76418093136,  14.143660872451,  0.0            
      1744,  202.40252818781,  11.747148004563,  0.0            
      1745,  189.19773654104,  23.32702387237 ,  0.0            
      1746,  206.1628212758 ,  8.8940356870792,  0.0            
      1747,  193.31601459881,  19.989019186972,  0.0            
      1748,  186.65854760764,  25.456763720652,  0.0            
      1749,  209.09532686882,  5.0364037052429,  0.0            
      1750,  196.86626258406,  16.723371517678,  0.0            
      1751,  210.76320241184,  2.4690460003535,  0.0            
      1752,  183.70954472281,  27.835915152906,  0.0            
      1753,  198.39201082289,  14.255169254721,  0.0            
      1754,  203.9776710741 ,  9.2775619801692,  0.0            
      1755,  191.0750579957 ,  20.666415435162,  0.0            
      1756,  200.05955267642,  11.873493891067,  0.0            
      1757,  205.36851022726,  7.0353075955456,  0.0            
      1758,  194.67565510741,  17.109304478542,  0.0            
      1759,  201.73548170847,  9.4269281792388,  0.0            
      1760,  186.55268205039,  23.619959796164,  0.0            
      1761,  188.68240057778,  21.217411138888,  0.0            
      1762,  181.25169252787,  28.49513248709 ,  0.0            
      1763,  206.49080236503,  5.2271288524103,  0.0            
      1764,  183.90611623567,  25.939815753863,  0.0            
      1765,  203.45019554941,  6.9712270468043,  0.0            
      1766,  208.25372598729,  2.5318388170026,  0.0            
      1767,  196.0420002406 ,  14.437597899711,  0.0            
      1768,  192.55272683624,  17.709949241412,  0.0            
      1769,  197.66185158912,  11.975039135907,  0.0            
      1770,  178.77468380837,  29.199789164096,  0.0            
      1771,  199.41807799882,  9.5415586997058,  0.0            
      1772,  190.42499025172,  18.501226760899,  0.0            
      1773,  186.15513071948,  21.59052339266 ,  0.0            
      1774,  201.23586031702,  7.0633704181803,  0.0            
      1775,  181.25591613274,  26.506252033174,  0.0            
      1776,  183.83037524963,  23.998170742935,  0.0            
      1777,  203.54539760318,  4.6937065807893,  0.0            
      1778,  188.11389447035,  19.070512281863,  0.0            
      1779,  193.74321018079,  14.71689589289 ,  0.0            
      1780,  205.73674519703,  2.5684387079245,  0.0            
      1781,  176.29703954323,  29.932931045343,  0.0            
      1782,  195.22827391893,  12.107785469516,  0.0            
      1783,  197.01708423379,  9.6312952010321,  0.0            
      1784,  178.64414559521,  27.108954804977,  0.0            
      1785,  183.53301537955,  21.933709576138,  0.0            
      1786,  181.1340354824 ,  24.456638964265,  0.0            
      1787,  198.89385978884,  7.165047906459 ,  0.0            
      1788,  191.65322816481,  15.266300215019,  0.0            
      1789,  185.67380660794,  19.427112976231,  0.0            
      1790,  200.95818093936,  4.7050067477928,  0.0            
      1791,  189.7384099905 ,  16.372088141513,  0.0            
      1792,  173.85057717214,  30.685693526111,  0.0            
      1793,  187.49794278412,  16.878357562272,  0.0            
      1794,  203.14488488447,  2.4086155966772,  0.0            
      1795,  192.74103457259,  12.320552389214,  0.0            
      1796,  176.05665308642,  27.737961321305,  0.0            
      1797,  194.56023497119,  9.7299143088535,  0.0            
      1798,  178.45536498467,  24.955441119413,  0.0            
      1799,  171.44059445365,  31.472466054649,  0.0            
      1800,  180.87374746982,  22.306377370837,  0.0            
      1801,  196.47364358737,  7.2450967714499,  0.0            
      1802,  183.1331701815 ,  19.727492388855,  0.0            
      1803,  188.99083314938,  14.536822565793,  0.0            
      1804,  198.4697364959 ,  4.7770593154382,  0.0            
      1805,  185.16360393704,  17.141065950392,  0.0            
      1806,  200.54789469569,  2.3631310932407,  0.0            
      1807,  173.50171427425,  28.38994582667 ,  0.0            
      1808,  187.04471354444,  14.565952531067,  0.0            
      1809,  190.13738684153,  12.630164650074,  0.0            
      1810,  169.09506701938,  32.311070927663,  0.0            
      1811,  175.79336949552,  25.487253841456,  0.0            
      1812,  192.05496740179,  9.8694690527898,  0.0            
      1813,  178.19102282503,  22.716039416842,  0.0            
      1814,  194.00791103404,  7.316615763651 ,  0.0            
      1815,  180.52834308885,  20.036180053935,  0.0            
      1816,  166.80469173003,  33.299449663586,  0.0            
      1817,  195.99052027676,  4.8366280049039,  0.0            
      1818,  170.98288305854,  29.072544051509,  0.0            
      1819,  182.70001634244,  17.397611477285,  0.0            
      1820,  198.01226453176,  2.3917874283381,  0.0            
      1821,  184.76551290154,  14.756843999299,  0.0            
      1822,  187.19933446993,  12.219357320423,  0.0            
      1823,  164.51459001341,  34.465709724554,  0.0            
      1824,  173.15015282058,  26.051161052322,  0.0            
      1825,  189.52319858624,  9.9792893157074,  0.0            
      1826,  175.50569745249,  23.163790127557,  0.0            
      1827,  191.50894691299,  7.3929718612668,  0.0            
      1828,  177.87097034049,  20.375108427562,  0.0            
      1829,  168.53442830048,  29.798705738463,  0.0            
      1830,  193.50178112042,  4.8824862825973,  0.0            
      1831,  162.12732184624,  35.51687462981 ,  0.0            
      1832,  100.84556018502,  96.644580953262,  0.0            
      1833,  180.14304975457,  17.660665928058,  0.0            
      1834,  195.5038142017 ,  2.421124998114 ,  0.0            
      1835,  182.3087261936 ,  14.97968640652 ,  0.0            
      1836,  166.27441839594,  30.738890052508,  0.0            
      1837,  184.56594433905,  12.331467359336,  0.0            
      1838,  170.51728836183,  26.653178995371,  0.0            
      1839,  186.90149491568,  9.8824857184898,  0.0            
      1840,  101.36104334365,  94.597011043787,  0.0            
      1841,  172.82415081608,  23.652182818648,  0.0            
      1842,  164.13346110557,  32.244212396593,  0.0            
      1843,  188.9876736857 ,  7.4422801137612,  0.0            
      1844,  159.68009070798,  36.399799311641,  0.0            
      1845,  175.19515220742,  20.755663497552,  0.0            
      1846,  190.99704790108,  4.9222075842046,  0.0            
      1847,  161.80279467345,  33.188521912211,  0.0            
      1848,  177.51476105215,  17.948036270048,  0.0            
      1849,  193.00182305215,  2.4431963574067,  0.0            
      1850,  179.75714638392,  15.209232529407,  0.0            
      1851,  101.92965218399,  92.317343050403,  0.0            
      1852,  167.88436263836,  27.316585452232,  0.0            
      1853,  181.98310061746,  12.518301487356,  0.0            
      1854,  170.14996489482,  24.182023783484,  0.0            
      1855,  184.25381809108,  9.9147185778168,  0.0            
      1856,  157.25345759372,  37.180951096004,  0.0            
      1857,  163.7144646546 ,  30.338970021519,  0.0            
      1858,  186.41978521077,  7.4349369687525,  0.0            
      1859,  172.51289519756,  21.185331904769,  0.0            
      1860,  104.5746421835 ,  88.439201362029,  0.0            
      1861,  188.47823744931,  4.9490139222999,  0.0            
      1862,  102.53268351904,  89.732896585817,  0.0            
      1863,  154.90988038766,  38.245904901444,  0.0            
      1864,  174.85824946977,  18.278438480554,  0.0            
      1865,  190.49607461772,  2.4606904852248,  0.0            
      1866,  161.86818570038,  30.65546017395 ,  0.0            
      1867,  159.38434488644,  33.889734759916,  0.0            
      1868,  177.13802073705,  15.456378569148,  0.0            
      1869,  165.18728053265,  28.075873697157,  0.0            
      1870,  148.22406855514,  42.442391758342,  0.0            
      1871,  150.60920985377,  41.274806076994,  0.0            
      1872,  152.70640846617,  39.507265199495,  0.0            
      1873,  179.38443053448,  12.715882876876,  0.0            
      1874,  105.18967650792,  86.509056834406,  0.0            
      1875,  167.4946296801 ,  24.752588004703,  0.0            
      1876,  181.63121048165,  10.048929545225,  0.0            
      1877,  169.8380679547 ,  21.658728756295,  0.0            
      1878,  183.83357085616,  7.4712793012327,  0.0            
      1879,  106.29764428296,  84.342658150081,  0.0            
      1880,  145.75187585343,  43.415287597418,  0.0            
      1881,  185.9376426866 ,  4.9629524232714,  0.0            
      1882,  172.18926877882,  18.66753139949 ,  0.0            
      1883,  159.82813486554,  31.178446824235,  0.0            
      1884,  187.98422409805,  2.4735087889787,  0.0            
      1885,  156.58127287729,  34.108258560392,  0.0            
      1886,  142.04081646199,  46.840573719213,  0.0            
      1887,  174.4922007529 ,  15.747593656371,  0.0            
      1888,  162.36910432347,  28.049836744611,  0.0            
      1889,  107.38277785077,  82.111576731721,  0.0            
      1890,  149.84615911548,  39.252836644018,  0.0            
      1891,  176.74882160548,  12.925992620939,  0.0            
      1892,  164.87455360314,  25.276343402234,  0.0            
      1893,  143.00833054724,  44.262885813025,  0.0            
      1894,  102.65933647818,  86.772186816877,  0.0            
      1895,  147.66206852611,  39.775129979522,  0.0            
      1896,  179.00849655494,  10.207193735866,  0.0            
      1897,  138.49961871758,  49.565536917952,  0.0            
      1898,  157.9920777493 ,  31.537174042675,  0.0            
      1899,  108.53103715583,  80.090768758333,  0.0            
      1900,  167.18447619127,  22.153360485976,  0.0            
      1901,  153.96713152219,  35.398408101742,  0.0            
      1902,  181.23893400555,  7.564066018141 ,  0.0            
      1903,  140.21641196652,  47.219842755249,  0.0            
      1904,  169.52304395592,  19.108312842386,  0.0            
      1905,  159.89846169836,  28.549719371756,  0.0            
      1906,  183.38718300575,  4.9968777078218,  0.0            
      1907,  136.8081683524 ,  50.596436138325,  0.0            
      1908,  110.1990555157 ,  78.251616667284,  0.0            
      1909,  112.9382625651 ,  74.643804164605,  0.0            
      1910,  104.08378603508,  83.885392301779,  0.0            
      1911,  185.46353639256,  2.4846251462798,  0.0            
      1912,  171.83587421396,  16.113882229192,  0.0            
      1913,  151.20038177977,  36.69002349987 ,  0.0            
      1914,  135.06161488582,  51.902731970359,  0.0            
      1915,  119.07239149733,  68.124930699307,  0.0            
      1916,  110.92055996888,  76.33619659724 ,  0.0            
      1917,  162.25315691894,  25.575755755792,  0.0            
      1918,  113.93335116058,  73.063704999802,  0.0            
      1919,  174.09658632573,  13.177895157621,  0.0            
      1920,  133.21747135575,  53.204243640509,  0.0            
      1921,  157.52839451059,  29.444738922038,  0.0            
      1922,  130.37708151689,  55.860660022043,  0.0            
      1923,  145.08726518553,  40.468661164875,  0.0            
      1924,  120.02240308286,  66.458019359215,  0.0            
      1925,  101.58130429701,  84.883992033409,  0.0            
      1926,  115.18617084422,  71.193896051004,  0.0            
      1927,  164.54980131661,  22.619606156781,  0.0            
      1928,  176.35797377718,  10.379604995294,  0.0            
      1929,  121.49607659849,  64.605256271566,  0.0            
      1930,  104.93906803123,  81.326262603599,  0.0            
      1931,  131.652561803  ,  54.575795431103,  0.0            
      1932,  137.99264737956,  47.894535043257,  0.0            
      1933,  147.94013976157,  36.978778438091,  0.0            
      1934,  123.18009922046,  62.71750900416 ,  0.0            
      1935,  116.56185736487,  69.055120788803,  0.0            
      1936,  124.92605366631,  60.836229783201,  0.0            
      1937,  178.63859863264,  7.6830071470829,  0.0            
      1938,  126.60175788875,  58.968932388341,  0.0            
      1939,  166.86662040036,  19.569568873769,  0.0            
      1940,  155.39130153602,  31.155702813861,  0.0            
      1941,  180.83305525246,  5.0589616222822,  0.0            
      1942,  110.72216411471,  74.308617526446,  0.0            
      1943,  107.95122138748,  77.688488144806,  0.0            
      1944,  169.17941007913,  16.554131276257,  0.0            
      1945,  159.63855723613,  26.089647356149,  0.0            
      1946,  182.93970973762,  2.5042584273248,  0.0            
      1947,  153.14403278066,  32.523421383982,  0.0            
      1948,  102.1094935354 ,  82.868160507496,  0.0            
      1949,  127.89657947409,  57.088595576746,  0.0            
      1950,  171.44518750473,  13.530619445271,  0.0            
      1951,  135.32007172342,  48.619155510542,  0.0            
      1952,  108.01035576878,  75.947335242617,  0.0            
      1953,  137.68980854029,  46.113795929182,  0.0            
      1954,  150.63877254403,  33.736741567388,  0.0            
      1955,  161.91891710685,  23.043594301243,  0.0            
      1956,  142.30192400218,  40.963427747445,  0.0            
      1957,  139.60725001228,  44.087642270991,  0.0            
      1958,  105.6534735934 ,  78.80163888765 ,  0.0            
      1959,  173.67741060025,  10.580555066944,  0.0            
      1960,  133.40442439636,  50.349524283461,  0.0            
      1961,  128.46818639056,  54.871135108826,  0.0            
      1962,  157.11780883492,  26.973776722508,  0.0            
      1963,  164.21933968845,  20.024932164148,  0.0            
      1964,  176.01315490987,  7.8186055495731,  0.0            
      1965,  111.42999413429,  72.274159032742,  0.0            
      1966,  131.20545770056,  51.42112651277 ,  0.0            
      1967,  147.83932378854,  34.333381917197,  0.0            
      1968,  117.37431611649,  66.450167011141,  0.0            
      1969,  166.52316148738,  17.014964132838,  0.0            
      1970,  178.28276938148,  5.1385854241297,  0.0            
      1971,  118.91030682422,  64.222872525559,  0.0            
      1972,  102.49722037585,  80.533323634012,  0.0            
      1973,  129.6378057933 ,  52.907007775165,  0.0            
      1974,  120.62712029244,  62.14296157592 ,  0.0            
      1975,  112.60754620083,  70.291576566674,  0.0            
      1976,  122.3758202689 ,  60.104038391102,  0.0            
      1977,  154.7303642125 ,  28.193096917249,  0.0            
      1978,  123.98612462972,  58.065060995832,  0.0            
      1979,  180.41695126469,  2.5351993378268,  0.0            
      1980,  133.81272525176,  45.927892893309,  0.0            
      1981,  168.79558320376,  14.012013852033,  0.0            
      1982,  159.28868487294,  23.603292155625,  0.0            
      1983,  144.94971090826,  37.541716831016,  0.0            
      1984,  108.14938142636,  73.893464572428,  0.0            
      1985,  135.7569500921 ,  46.063803614488,  0.0            
      1986,  113.85017064492,  68.183586722752,  0.0            
      1987,  171.00508130848,  10.902705045125,  0.0            
      1988,  105.31081863069,  76.01192399544 ,  0.0            
      1989,  125.29520087487,  55.934171166196,  0.0            
      1990,  161.58292295476,  20.492444920296,  0.0            
      1991,  131.87875879988,  48.984271323273,  0.0            
      1992,  152.4846049204 ,  29.455061268419,  0.0            
      1993,  173.33059739711,  7.9696980237118,  0.0            
      1994,  132.82869164984,  47.49914983451 ,  0.0            
      1995,  163.87389591213,  17.470605094616,  0.0            
      1996,  150.21358643775,  31.032099143167,  0.0            
      1997,  156.6839730734 ,  24.409226513605,  0.0            
      1998,  102.75410942824,  78.116967089196,  0.0            
      1999,  175.73945776384,  5.2297689819428,  0.0            
      2000,  147.6102062783 ,  31.664013199211,  0.0            
      2001,  126.32935412234,  53.61516228757 ,  0.0            
      2002,  166.13679646113,  14.495419296703,  0.0            
      2003,  177.90288765768,  2.5736510289494,  0.0            
      2004,  114.97201886631,  65.932863526499,  0.0            
      2005,  108.79151083304,  71.744454274993,  0.0            
      2006,  116.43323315732,  63.661469300787,  0.0            
      2007,  144.91339442954,  34.713776821377,  0.0            
      2008,  118.13814346271,  61.484414303835,  0.0            
      2009,  127.58325956081,  51.28853750028 ,  0.0            
      2010,  136.21463797376,  43.742354490931,  0.0            
      2011,  168.36087649308,  11.512709989308,  0.0            
      2012,  139.49560495049,  41.138677542665,  0.0            
      2013,  119.88809381322,  59.32986920567 ,  0.0            
      2014,  158.95133700138,  21.062537106461,  0.0            
      2015,  154.07610651772,  25.419104728835,  0.0            
      2016,  121.49371275853,  57.146855001217,  0.0            
      2017,  129.1932574713 ,  49.02631879561 ,  0.0            
      2018,  105.45942987672,  73.520144787776,  0.0            
      2019,  109.9324321049 ,  69.627977017025,  0.0            
      2020,  170.51748067369,  8.1569744840099,  0.0            
      2021,  161.24287602881,  17.945949178331,  0.0            
      2022,  149.74348917575,  28.770305277678,  0.0            
      2023,  141.95475154428,  37.878489519445,  0.0            
      2024,  102.70187429566,  75.575658133214,  0.0            
      2025,  173.22391236619,  5.3233694915974,  0.0            
      2026,  122.85093165797,  54.868055974331,  0.0            
      2027,  163.48831485486,  14.946892483427,  0.0            
      2028,  111.22397576658,  67.452711139408,  0.0            
      2029,  175.40559234116,  2.6160008580319,  0.0            
      2030,  147.62108753508,  28.899945001531,  0.0            
      2031,  156.33935137282,  21.790440711992,  0.0            
      2032,  130.60368306247,  46.341401969659,  0.0            
      2033,  165.67465416549,  12.032785369867,  0.0            
      2034,  151.33124994821,  26.374265863132,  0.0            
      2035,  144.92766330466,  31.926230990548,  0.0            
      2036,  112.50359875698,  65.204937330599,  0.0            
      2037,  124.02631380378,  52.462250928696,  0.0            
      2038,  136.53951926369,  41.571238973954,  0.0            
      2039,  106.06001394239,  71.168682128525,  0.0            
      2040,  113.96423317979,  62.946872093719,  0.0            
      2041,  167.71388258114,  9.1842665686569,  0.0            
      2042,  158.63088957774,  18.497344058467,  0.0            
      2043,  115.67103720967,  60.744407006468,  0.0            
      2044,  117.42729743851,  58.534286072388,  0.0            
      2045,  153.72574559779,  22.621941626259,  0.0            
      2046,  119.03589952655,  56.270426771356,  0.0            
      2047,  141.95956687862,  34.92269786773 ,  0.0            
      2048,  125.23871841149,  49.985444851959,  0.0            
      2049,  160.87231398269,  15.406300458843,  0.0            
      2050,  102.7649672592 ,  72.965517964602,  0.0            
      2051,  170.81552678019,  5.2269779099525,  0.0            
      2052,  132.78443192729,  43.903109865554,  0.0            
      2053,  107.32179669052,  68.972415435657,  0.0            
      2054,  168.46210362186,  6.5636936588737,  0.0            
      2055,  172.94032788102,  2.6404211451178,  0.0            
      2056,  163.03215119992,  12.45631551761 ,  0.0            
      2057,  148.285005708  ,  26.154232395931,  0.0            
      2058,  126.5419838113 ,  47.401233081326,  0.0            
      2059,  108.72434540997,  66.724331267576,  0.0            
      2060,  136.61500546946,  39.501979069777,  0.0            
      2061,  120.40258748295,  53.921115684697,  0.0            
      2062,  145.11418584136,  29.116622871398,  0.0            
      2063,  156.04777827555,  19.150865254741,  0.0            
      2064,  138.87213638336,  37.889388855457,  0.0            
      2065,  165.0416873836 ,  9.6333130476564,  0.0            
      2066,  151.10277612905,  23.290574159869,  0.0            
      2067,  110.03158479815,  64.419391594085,  0.0            
      2068,  133.70532484423,  41.354041708594,  0.0            
      2069,  142.14813276709,  32.054575781189,  0.0            
      2070,  158.29224490294,  15.921884705878,  0.0            
      2071,  128.64689942192,  45.079194144508,  0.0            
      2072,  166.5218078508 ,  6.960658955046 ,  0.0            
      2073,  111.42564714204,  62.129378908249,  0.0            
      2074,  103.19270372941,  70.358991310944,  0.0            
      2075,  168.34976716923,  4.6103136128767,  0.0            
      2076,  121.56948052232,  51.485536584915,  0.0            
      2077,  113.19634493593,  59.944623812497,  0.0            
      2078,  160.44639708973,  12.875777410686,  0.0            
      2079,  114.97448716789,  57.71080812665 ,  0.0            
      2080,  116.57583099191,  55.420737208274,  0.0            
      2081,  153.47671928112,  19.850451403957,  0.0            
      2082,  170.48657579573,  2.5620193485843,  0.0            
      2083,  139.02538615517,  34.793870185928,  0.0            
      2084,  104.95588962082,  68.083474561311,  0.0            
      2085,  134.57172292342,  38.901555588658,  0.0            
      2086,  130.22203767559,  42.752972237174,  0.0            
      2087,  148.40095324375,  23.496224988405,  0.0            
      2088,  162.46371718687,  9.9877424756712,  0.0            
      2089,  145.48453040275,  26.352040789825,  0.0            
      2090,  155.7486634459 ,  16.511835667303,  0.0            
      2091,  122.62235638999,  49.034291497414,  0.0            
      2092,  106.38098312131,  65.904906144744,  0.0            
      2093,  142.46282702932,  29.234415760719,  0.0            
      2094,  164.21420002141,  7.2465681192591,  0.0            
      2095,  117.93037484529,  53.045846131778,  0.0            
      2096,  125.62900773108,  44.842556806321,  0.0            
      2097,  150.90229299318,  20.433625368381,  0.0            
      2098,  107.58734164753,  63.619335896943,  0.0            
      2099,  157.91181066893,  13.34084705329 ,  0.0            
      2100,  165.90670483995,  4.6163970911948,  0.0            
      2101,  131.33792482139,  40.316186999178,  0.0            
      2102,  135.90723699866,  36.647321804114,  0.0            
      2103,  139.32928088302,  31.961605959903,  0.0            
      2104,  108.72485170996,  61.192895253244,  0.0            
      2105,  167.98264598071,  2.3496701817196,  0.0            
      2106,  101.93161045742,  68.109048264428,  0.0            
      2107,  153.22019329   ,  17.135429766509,  0.0            
      2108,  159.94338360711,  10.341921335185,  0.0            
      2109,  123.36896146653,  46.591400259564,  0.0            
      2110,  126.81515498844,  43.191945504713,  0.0            
      2111,  110.8751638405 ,  58.972987975995,  0.0            
      2112,  112.54703641993,  56.782186783052,  0.0            
      2113,  114.11488796641,  54.560732972769,  0.0            
      2114,  119.04930210854,  50.576245025797,  0.0            
      2115,  145.63757088956,  23.652557046052,  0.0            
      2116,  148.27332509919,  20.778954656059,  0.0            
      2117,  132.36573594989,  37.948918767836,  0.0            
      2118,  142.7769907911 ,  26.471614628875,  0.0            
      2119,  161.79585980176,  7.5108055278659,  0.0            
      2120,  155.42030158885,  13.874140786449,  0.0            
      2121,  136.02690054743,  34.127196259426,  0.0            
      2122,  102.79733634731,  66.586231365545,  0.0            
      2123,  128.1385776094 ,  41.182815544911,  0.0            
      2124,  163.54542006615,  4.8201029340036,  0.0            
      2125,  139.79423214852,  29.211292127837,  0.0            
      2126,  104.18957318524,  64.982000846546,  0.0            
      2127,  150.68681788582,  17.686803921234,  0.0            
      2128,  105.08003981884,  62.974163443118,  0.0            
      2129,  133.58499107465,  36.111136850421,  0.0            
      2130,  123.54878152026,  43.905389011778,  0.0            
      2131,  157.47273334329,  10.741123378394,  0.0            
      2132,  165.47388233658,  2.3165062373389,  0.0            
      2133,  119.97302120401,  48.057899535603,  0.0            
      2134,  115.46341247168,  52.219510236577,  0.0            
      2135,  129.30248257911,  38.798898471976,  0.0            
      2136,  152.9462558927 ,  14.453305294624,  0.0            
      2137,  107.56224084065,  59.182705733464,  0.0            
      2138,  159.36577526546,  7.7853741678169,  0.0            
      2139,  136.46927963946,  31.623703324462,  0.0            
      2140,  142.89511675866,  23.764999551453,  0.0            
      2141,  145.59972371565,  20.983513065846,  0.0            
      2142,  148.11235643787,  18.078098803085,  0.0            
      2143,  111.61639210169,  53.69462002804 ,  0.0            
      2144,  105.46051304489,  60.93953000354 ,  0.0            
      2145,  155.04856647833,  11.216708059682,  0.0            
      2146,  108.69426896715,  57.59172752374 ,  0.0            
      2147,  140.14379831298,  26.484144092115,  0.0            
      2148,  110.057603625  ,  55.722910685069,  0.0            
      2149,  130.55762416612,  36.228737713179,  0.0            
      2150,  124.51425198943,  41.67226189469 ,  0.0            
      2151,  161.14996310043,  5.0082338451349,  0.0            
      2152,  102.26047387043,  64.136823278231,  0.0            
      2153,  120.67603824008,  45.435305043567,  0.0            
      2154,  116.53821928294,  49.734728290469,  0.0            
      2155,  150.46452823846,  14.995367928639,  0.0            
      2156,  163.00198168424,  2.4012407446373,  0.0            
      2157,  132.64769061042,  33.767196626174,  0.0            
      2158,  102.48756355688,  62.379178792297,  0.0            
      2159,  156.96293554591,  8.103603590344 ,  0.0            
      2160,  126.13817468413,  39.818072602046,  0.0            
      2161,  137.1744084325 ,  29.070082621442,  0.0            
      2162,  113.01540406668,  51.455263468138,  0.0            
      2163,  152.64478514395,  11.771034745873,  0.0            
      2164,  105.27734488736,  58.719451667385,  0.0            
      2165,  127.2948827788 ,  37.44974337214 ,  0.0            
      2166,  121.23531244006,  42.64097045453 ,  0.0            
      2167,  140.15753635203,  23.80578983954 ,  0.0            
      2168,  142.89028313526,  21.103113697154,  0.0            
      2169,  117.38953125394,  47.158544627626,  0.0            
      2170,  133.68415300096,  31.108870416315,  0.0            
      2171,  158.74974934217,  5.1999279406627,  0.0            
      2172,  145.49871635942,  18.316095725771,  0.0            
      2173,  147.94185097333,  15.407202352068,  0.0            
      2174,  154.61080407802,  8.5107172149632,  0.0            
      2175,  137.65762420647,  26.441687349958,  0.0            
      2176,  128.4906130526 ,  34.994979110732,  0.0            
      2177,  102.64201070542,  60.313648660634,  0.0            
      2178,  109.03434356992,  52.8930493951  ,  0.0            
      2179,  160.55157336173,  2.4995234484735,  0.0            
      2180,  124.43633244761,  38.687829859785,  0.0            
      2181,  150.22934934628,  12.32880815204 ,  0.0            
      2182,  114.06084128934,  48.99474711431 ,  0.0            
      2183,  107.24134651272,  54.751440570146,  0.0            
      2184,  105.95427529186,  56.640985128221,  0.0            
      2185,  134.62992350378,  28.631964043038,  0.0            
      2186,  122.11984725979,  39.736950061214,  0.0            
      2187,  129.91643555654,  32.612705940357,  0.0            
      2188,  118.0876329994 ,  44.474337468737,  0.0            
      2189,  156.37526674507,  5.4219584998667,  0.0            
      2190,  152.29247443655,  9.0556373117795,  0.0            
      2191,  125.07286003679,  36.542939032189,  0.0            
      2192,  137.3421220973 ,  23.860889955937,  0.0            
      2193,  140.153478866  ,  21.175062594797,  0.0            
      2194,  142.84490073471,  18.449175417766,  0.0            
      2195,  110.64098356625,  50.765392376669,  0.0            
      2196,  135.50897489783,  26.515082252891,  0.0            
      2197,  145.38119948944,  15.660745562553,  0.0            
      2198,  147.76270151346,  12.761831102593,  0.0            
      2199,  131.17729150914,  30.098667156499,  0.0            
      2200,  102.68068009114,  58.052675605665,  0.0            
      2201,  114.84002431864,  46.413577074016,  0.0            
      2202,  158.1154301767 ,  2.5975153522474,  0.0            
      2203,  126.13266548802,  34.104516847284,  0.0            
      2204,  118.73062447159,  41.696686101627,  0.0            
      2205,  149.96311799982,  9.6758678548967,  0.0            
      2206,  154.07082235644,  5.73142426511  ,  0.0            
      2207,  106.62854711082,  51.952444713084,  0.0            
      2208,  132.53866627472,  27.433599148402,  0.0            
      2209,  111.65059726953,  48.357558895272,  0.0            
      2210,  104.04205732005,  53.746068413339,  0.0            
      2211,  115.49792730384,  43.726246238492,  0.0            
      2212,  122.56487851945,  36.468276477845,  0.0            
      2213,  103.02094589058,  55.77920805555 ,  0.0            
      2214,  127.36870832872,  31.580659408286,  0.0            
      2215,  137.37207734524,  21.303046847538,  0.0            
      2216,  134.23685376189,  24.459583009519,  0.0            
      2217,  140.16678342416,  18.535700285767,  0.0            
      2218,  142.77927827268,  15.798509748387,  0.0            
      2219,  145.25309387992,  13.020195930046,  0.0            
      2220,  155.70395254564,  2.7098605990537,  0.0            
      2221,  151.84822420637,  6.2683752967911,  0.0            
      2222,  147.56140748352,  10.145288223475,  0.0            
      2223,  119.45323850017,  38.868356791732,  0.0            
      2224,  108.47091001134,  50.060471592416,  0.0            
      2225,  128.6725433504 ,  29.115643326682,  0.0            
      2226,  112.32289324699,  45.826119511472,  0.0            
      2227,  123.66639065803,  33.573331722252,  0.0            
      2228,  130.42019954353,  26.699831247941,  0.0            
      2229,  116.10819355672,  40.946432143999,  0.0            
      2230,  149.64089199353,  7.0531050960014,  0.0            
      2231,  103.59135327764,  51.772806853107,  0.0            
      2232,  104.77099633598,  50.04526856129 ,  0.0            
      2233,  106.73950716074,  49.211363275667,  0.0            
      2234,  109.3326637905 ,  47.765998299372,  0.0            
      2235,  120.16886730592,  35.987266697086,  0.0            
      2236,  153.35731823155,  2.865482103768 ,  0.0            
      2237,  134.63535089513,  21.510657132452,  0.0            
      2238,  137.47482170487,  18.633873177662,  0.0            
      2239,  131.52318368845,  24.070630100122,  0.0            
      2240,  140.15468483866,  15.881870202962,  0.0            
      2241,  142.69850649161,  13.153271344971,  0.0            
      2242,  112.90202515658,  43.1966803219  ,  0.0            
      2243,  145.1071939493 ,  10.398122242032,  0.0            
      2244,  147.32043479454,  7.5719708292384,  0.0            
      2245,  124.93181916588,  30.742617725974,  0.0            
      2246,  116.78093836436,  38.099701255117,  0.0            
      2247,  151.21593457806,  3.3162523183107,  0.0            
      2248,  128.48980964879,  26.099292802822,  0.0            
      2249,  106.99138537236,  47.32085869614 ,  0.0            
      2250,  109.81791167892,  45.381931154172,  0.0            
      2251,  121.20327843538,  33.111383741828,  0.0            
      2252,  102.08976852286,  51.337910413318,  0.0            
      2253,  126.11727772681,  27.743809817961,  0.0            
      2254,  113.44813037785,  40.436820174854,  0.0            
      2255,  149.24636792533,  4.5344138938072,  0.0            
      2256,  131.937737304  ,  21.428341319171,  0.0            
      2257,  134.7937963976 ,  18.735253592432,  0.0            
      2258,  128.86739821544,  23.912874681257,  0.0            
      2259,  137.51122043216,  15.955910561888,  0.0            
      2260,  140.11889410119,  13.228024209049,  0.0            
      2261,  102.28723637891,  49.519145765882,  0.0            
      2262,  142.60260405673,  10.516353389803,  0.0            
      2263,  104.63229023628,  47.470728668582,  0.0            
      2264,  117.67251860246,  35.254166784054,  0.0            
      2265,  144.93417992391,  7.7939740070423,  0.0            
      2266,  147.02973349586,  5.0527810718775,  0.0            
      2267,  110.27390720497,  42.904026326007,  0.0            
      2268,  113.99535956497,  37.424396687498,  0.0            
      2269,  122.46607112346,  30.29584664507 ,  0.0            
      2270,  107.3088528082 ,  45.107460476996,  0.0            
      2271,  148.751921332  ,  2.40834977357  ,  0.0            
      2272,  110.69767451532,  40.373206786901,  0.0            
      2273,  118.6761624004 ,  32.493534652333,  0.0            
      2274,  132.12161462968,  18.751331935835,  0.0            
      2275,  129.22957819184,  21.40875731885 ,  0.0            
      2276,  134.86767855158,  16.023640140171,  0.0            
      2277,  126.20796299852,  24.519981178893,  0.0            
      2278,  137.51434314695,  13.286736372528,  0.0            
      2279,  140.06829612284,  10.578219278026,  0.0            
      2280,  142.49261686189,  7.8851931506437,  0.0            
      2281,  144.75883030759,  5.189062463404 ,  0.0            
      2282,  102.33431844281,  47.378518789803,  0.0            
      2283,  123.36889342986,  27.447043467361,  0.0            
      2284,  107.6430477717 ,  42.729114852429,  0.0            
      2285,  146.90033500088,  2.4919538434219,  0.0            
      2286,  115.34701389301,  34.276678334137,  0.0            
      2287,  104.82583887032,  45.057340103627,  0.0            
      2288,  120.11865890625,  29.903949220937,  0.0            
      2289,  110.84109157699,  37.890624648199,  0.0            
      2290,  112.47029623535,  35.291834293218,  0.0            
      2291,  107.93065789353,  40.29127145733 ,  0.0            
      2292,  129.4486774144 ,  18.786130111699,  0.0            
      2293,  132.22291807958,  16.066114977194,  0.0            
      2294,  126.55067143042,  21.645510952567,  0.0            
      2295,  134.90334613389,  13.339850881734,  0.0            
      2296,  123.69823798732,  24.595776793121,  0.0            
      2297,  120.83034705773,  27.159827464034,  0.0            
      2298,  137.50155142231,  10.62426063544 ,  0.0            
      2299,  140.00900842941,  7.9322834287798,  0.0            
      2300,  142.39340134967,  5.2510097178277,  0.0            
      2301,  144.72266942712,  2.5763174767293,  0.0            
      2302,  118.17613444659,  29.349832600428,  0.0            
      2303,  105.04975905519,  42.628105564194,  0.0            
      2304,  116.08784457162,  31.064414164774,  0.0            
      2305,  102.39917518991,  44.995186231188,  0.0            
      2306,  113.02893886391,  33.093358971975,  0.0            
      2307,  110.36499660141,  35.344993700905,  0.0            
      2308,  108.03181166896,  37.802645099237,  0.0            
      2309,  118.29850213748,  27.074682850271,  0.0            
      2310,  129.58464889489,  16.113534834231,  0.0            
      2311,  126.7915785689 ,  18.900715874532,  0.0            
      2312,  132.28768828518,  13.385363348655,  0.0            
      2313,  123.94615584975,  21.745652449824,  0.0            
      2314,  121.11537390981,  24.462242160032,  0.0            
      2315,  134.92287170212,  10.666326686134,  0.0            
      2316,  105.24190417843,  40.172350893142,  0.0            
      2317,  137.48177001647,  7.9674218267214,  0.0            
      2318,  139.95787883703,  5.2850379761213,  0.0            
      2319,  142.37757803631,  2.6147287247944,  0.0            
      2320,  102.5100238848 ,  42.541331886517,  0.0            
      2321,  113.35240851247,  30.468839521111,  0.0            
      2322,  115.79483682352,  27.675438892787,  0.0            
      2323,  110.47938533064,  32.721475279215,  0.0            
      2324,  107.91418485254,  35.246257754045,  0.0            
      2325,  105.33250719776,  37.677439414162,  0.0            
      2326,  126.95903738618,  16.180434142224,  0.0            
      2327,  129.68083529407,  13.430544440082,  0.0            
      2328,  124.17233412788,  18.973086620656,  0.0            
      2329,  121.34488007423,  21.724107371193,  0.0            
      2330,  132.33605586988,  10.705590924026,  0.0            
      2331,  118.51388367096,  24.468809993896,  0.0            
      2332,  134.93527570702,  7.9997790349791,  0.0            
      2333,  137.46577489676,  5.3109607855644,  0.0            
      2334,  102.60898045934,  40.06626071728 ,  0.0            
      2335,  139.94841112398,  2.6379328921928,  0.0            
      2336,  113.33125922349,  27.63116798395 ,  0.0            
      2337,  107.93920064001,  32.633197740385,  0.0            
      2338,  110.67928507153,  30.127694945558,  0.0            
      2339,  105.32479561539,  35.143438928872,  0.0            
      2340,  127.08593113541,  13.475382675435,  0.0            
      2341,  121.56300969636,  18.984937726563,  0.0            
      2342,  102.66423809707,  37.572018108201,  0.0            
      2343,  124.35869083227,  16.225847477265,  0.0            
      2344,  129.75724964898,  10.741997937285,  0.0            
      2345,  118.73158921409,  21.740880572416,  0.0            
      2346,  132.37628084622,  8.0302391103706,  0.0            
      2347,  115.92510605453,  24.689156322003,  0.0            
      2348,  134.94753061329,  5.3341112631851,  0.0            
      2349,  137.46896341543,  2.6546009599943,  0.0            
      2350,  108.03119543462,  30.016121048604,  0.0            
      2351,  105.33794521139,  32.571995442928,  0.0            
      2352,  110.72885221513,  27.441172057204,  0.0            
      2353,  121.77010702596,  16.237907343014,  0.0            
      2354,  118.95429472756,  18.995755215093,  0.0            
      2355,  102.67762520125,  35.060747453783,  0.0            
      2356,  124.51378958826,  13.502933099934,  0.0            
      2357,  127.18917300213,  10.771514254512,  0.0            
      2358,  116.11705515793,  21.825202520619,  0.0            
      2359,  129.82225199296,  8.0569896013063,  0.0            
      2360,  113.37409430095,  24.733644732311,  0.0            
      2361,  132.41386519199,  5.3549498371056,  0.0            
      2362,  134.96728288816,  2.668133583179 ,  0.0            
      2363,  105.37597163678,  29.991834033382,  0.0            
      2364,  108.08233645174,  27.383330409875,  0.0            
      2365,  119.18745426342,  16.23894381449 ,  0.0            
      2366,  121.95757751251,  13.506773809433,  0.0            
      2367,  116.33182999172,  19.020759765344,  0.0            
      2368,  102.68640475372,  32.530152727813,  0.0            
      2369,  124.64218343655,  10.784932756215,  0.0            
      2370,  127.27635741916,  8.0757516979612,  0.0            
      2371,  113.51817457472,  21.8650472381  ,  0.0            
      2372,  129.8816309806 ,  5.3720148262342,  0.0            
      2373,  110.78024517066,  24.698005245156,  0.0            
      2374,  132.45371100943,  2.6791501915747,  0.0            
      2375,  119.41939199694,  13.4966544305  ,  0.0            
      2376,  116.58699861473,  16.240073225836,  0.0            
      2377,  122.11289129807,  10.778616228088,  0.0            
      2378,  105.40601062313,  27.406050697992,  0.0            
      2379,  113.69331734008,  19.029899469498,  0.0            
      2380,  124.74778061456,  8.080397607668 ,  0.0            
      2381,  102.70014430509,  29.992474424462,  0.0            
      2382,  110.89346256733,  21.923281237034,  0.0            
      2383,  127.35435539107,  5.3822205244193,  0.0            
      2384,  108.13283737467,  24.737812268302,  0.0            
      2385,  129.93971528074,  2.6874118942262,  0.0            
      2386,  116.8921012701 ,  13.479550389696,  0.0            
      2387,  119.60706281115,  10.757727304058,  0.0            
      2388,  113.93653654424,  16.227448464227,  0.0            
      2389,  122.23423244214,  8.0683657520086,  0.0            
      2390,  111.02644276799,  19.124127139995,  0.0            
      2391,  124.83906743185,  5.3817247599419,  0.0            
      2392,  108.21707799756,  22.096794744364,  0.0            
      2393,  102.71227350877,  27.45164291357 ,  0.0            
      2394,  127.4279740582 ,  2.6915684248823,  0.0            
      2395,  105.44065655353,  24.827794661129,  0.0            
      2396,  114.39506742139,  13.445927855145,  0.0            
      2397,  117.12357978851,  10.725288527695,  0.0            
      2398,  111.1412369291 ,  16.226325398127,  0.0            
      2399,  119.7402924449 ,  8.0425539736171,  0.0            
      2400,  108.29982309257,  19.506177149122,  0.0            
      2401,  122.33387208188,  5.3690093989755,  0.0            
      2402,  105.49082563847,  22.273154090009,  0.0            
      2403,  124.92237790172,  2.6899555265546,  0.0            
      2404,  102.7273692764 ,  24.917828068615,  0.0            
      2405,  112.03726782179,  13.208791483372,  0.0            
      2406,  114.67909129838,  10.653326610079,  0.0            
      2407,  117.26339869928,  8.0032257087556,  0.0            
      2408,  108.14976799993,  17.088988594341,  0.0            
      2409,  119.84121822914,  5.3460716393439,  0.0            
      2410,  105.50990639568,  19.775284696538,  0.0            
      2411,  122.42165201052,  2.6819226366524,  0.0            
      2412,  102.74658158306,  22.401770452527,  0.0            
      2413,  109.43502539932,  14.461444720746,  0.0            
      2414,  109.72311944133,  12.445854714802,  0.0            
      2415,  112.26617348272,  10.44613192848 ,  0.0            
      2416,  114.8063464165 ,  7.9327147154593,  0.0            
      2417,  107.42048462432,  14.761125316391,  0.0            
      2418,  117.35807861222,  5.3135317086686,  0.0            
      2419,  105.37187368243,  17.335895445169,  0.0            
      2420,  119.92666424196,  2.6685140348078,  0.0            
      2421,  102.74439190475,  19.916447919061,  0.0            
      2422,  109.83632684713,  10.093431133441,  0.0            
      2423,  107.29586155815,  12.341781564368,  0.0            
      2424,  112.35649807966,  7.7964441516663,  0.0            
      2425,  114.8845632068 ,  5.2638299777191,  0.0            
      2426,  105.04469256912,  14.906101153497,  0.0            
      2427,  117.43565493906,  2.6502580401328,  0.0            
      2428,  102.67332445059,  17.452558171577,  0.0            
      2429,  107.36616628238,  9.9597596225484,  0.0            
      2430,  109.89340000863,  7.618246953748 ,  0.0            
      2431,  104.90076333028,  12.439554712895,  0.0            
      2432,  112.41259811241,  5.1865984872802,  0.0            
      2433,  114.94851290859,  2.6248793237784,  0.0            
      2434,  102.54063244999,  14.984042560187,  0.0            
      2435,  107.41209883876,  7.5213994500322,  0.0            
      2436,  104.9034168957 ,  9.9746666124275,  0.0            
      2437,  109.93430102938,  5.097488048448 ,  0.0            
      2438,  102.46273946462,  12.492727409555,  0.0            
      2439,  112.46157381927,  2.5900305443457,  0.0            
      2440,  104.93393782386,  7.5025596881488,  0.0            
      2441,  107.44804278565,  5.0392873381262,  0.0            
      2442,  102.45167668098,  9.9984179087924,  0.0            
      2443,  109.97189164315,  2.55229453625  ,  0.0            
      2444,  104.96220467181,  5.0159963823598,  0.0            
      2445,  102.46450813381,  7.5023764808491,  0.0            
      2446,  107.47884415755,  2.5252077072565,  0.0            
      2447,  102.48005248275,  5.0057992786026,  0.0            
      2448,  104.98541979023,  2.5111673893569,  0.0            
      2449,  102.49271003886,  2.5035612031519,  0.0            
      2450,  500.0          ,  2.0            ,  0.0            
      2451,  500.0          ,  1.065814104E-14,  0.0            
      2452,  497.5          ,  1.776356839E-14,  0.0            
      2453,  495.0          ,  1.065814104E-14,  0.0            
      2454,  492.5          ,  1.776356839E-14,  0.0            
      2455,  490.0          ,  1.065814104E-14,  0.0            
      2456,  487.5          ,  1.065814104E-14,  0.0            
      2457,  485.0          ,  1.065814104E-14,  0.0            
      2458,  482.5          ,  1.065814104E-14,  0.0            
      2459,  480.0          ,  1.065814104E-14,  0.0            
      2460,  477.5          ,  1.065814104E-14,  0.0            
      2461,  475.0          ,  3.552713679E-15,  0.0            
      2462,  472.5          ,  3.552713679E-15,  0.0            
      2463,  470.0          ,  1.421085472E-14,  0.0            
      2464,  467.5          ,  7.105427358E-15,  0.0            
      2465,  465.0          ,  1.776356839E-14,  0.0            
      2466,  462.5          ,  7.105427358E-15,  0.0            
      2467,  460.0          ,  3.552713679E-15,  0.0            
      2468,  457.5          ,  7.105427358E-15,  0.0            
      2469,  455.0          ,  7.105427358E-15,  0.0            
      2470,  452.5          ,  1.065814104E-14,  0.0            
      2471,  450.0          ,  1.421085472E-14,  0.0            
      2472,  447.5          ,  3.552713679E-15,  0.0            
      2473,  445.0          ,  0.0            ,  0.0            
      2474,  442.5          ,  7.105427358E-15,  0.0            
      2475,  440.0          ,  1.776356839E-14,  0.0            
      2476,  437.5          ,  1.065814104E-14,  0.0            
      2477,  435.0          ,  1.421085472E-14,  0.0            
      2478,  432.5          ,  7.105427358E-15,  0.0            
      2479,  430.0          ,  1.065814104E-14,  0.0            
      2480,  427.5          ,  3.552713679E-15,  0.0            
      2481,  425.0          ,  7.105427358E-15,  0.0            
      2482,  422.5          ,  7.105427358E-15,  0.0            
      2483,  420.0          ,  3.552713679E-15,  0.0            
      2484,  417.5          ,  1.065814104E-14,  0.0            
      2485,  415.0          ,  7.105427358E-15,  0.0            
      2486,  412.5          ,  1.776356839E-14,  0.0            
      2487,  410.0          ,  1.065814104E-14,  0.0            
      2488,  407.5          ,  1.065814104E-14,  0.0            
      2489,  405.0          ,  7.105427358E-15,  0.0            
      2490,  402.5          ,  7.105427358E-15,  0.0            
      2491,  400.0          ,  3.552713679E-15,  0.0            
      2492,  397.5          ,  1.065814104E-14,  0.0            
      2493,  395.0          ,  7.105427358E-15,  0.0            
      2494,  392.5          ,  1.421085472E-14,  0.0            
      2495,  390.0          ,  1.065814104E-14,  0.0            
      2496,  387.5          ,  7.105427358E-15,  0.0            
      2497,  385.0          ,  0.0            ,  0.0            
      2498,  382.5          ,  7.105427358E-15,  0.0            
      2499,  380.0          ,  7.105427358E-15,  0.0            
      2500,  377.5          ,  3.552713679E-15,  0.0            
      2501,  375.0          ,  3.552713679E-15,  0.0            
      2502,  372.5          ,  3.552713679E-15,  0.0            
      2503,  370.0          ,  -3.55271368E-15,  0.0            
      2504,  367.5          ,  1.421085472E-14,  0.0            
      2505,  365.0          ,  1.065814104E-14,  0.0            
      2506,  362.5          ,  1.065814104E-14,  0.0            
      2507,  360.0          ,  1.065814104E-14,  0.0            
      2508,  357.5          ,  3.552713679E-15,  0.0            
      2509,  355.0          ,  1.065814104E-14,  0.0            
      2510,  352.5          ,  1.065814104E-14,  0.0            
      2511,  350.0          ,  0.0            ,  0.0            
      2512,  347.5          ,  0.0            ,  0.0            
      2513,  345.0          ,  0.0            ,  0.0            
      2514,  342.5          ,  7.105427358E-15,  0.0            
      2515,  340.0          ,  1.421085472E-14,  0.0            
      2516,  337.5          ,  1.421085472E-14,  0.0            
      2517,  335.0          ,  1.421085472E-14,  0.0            
      2518,  332.5          ,  7.105427358E-15,  0.0            
      2519,  330.0          ,  7.105427358E-15,  0.0            
      2520,  327.5          ,  1.065814104E-14,  0.0            
      2521,  325.0          ,  1.065814104E-14,  0.0            
      2522,  322.5          ,  3.552713679E-15,  0.0            
      2523,  320.0          ,  3.552713679E-15,  0.0            
      2524,  317.5          ,  7.105427358E-15,  0.0            
      2525,  315.0          ,  7.105427358E-15,  0.0            
      2526,  312.5          ,  1.421085472E-14,  0.0            
      2527,  310.0          ,  1.065814104E-14,  0.0            
      2528,  307.5          ,  1.065814104E-14,  0.0            
      2529,  305.0          ,  7.105427358E-15,  0.0            
      2530,  302.5          ,  7.105427358E-15,  0.0            
      2531,  300.0          ,  1.421085472E-14,  0.0            
      2532,  297.5          ,  1.065814104E-14,  0.0            
      2533,  295.0          ,  7.105427358E-15,  0.0            
      2534,  292.5          ,  7.105427358E-15,  0.0            
      2535,  290.0          ,  7.105427358E-15,  0.0            
      2536,  287.5          ,  3.552713679E-15,  0.0            
      2537,  285.0          ,  1.065814104E-14,  0.0            
      2538,  282.5          ,  1.065814104E-14,  0.0            
      2539,  280.0          ,  7.105427358E-15,  0.0            
      2540,  277.5          ,  7.105427358E-15,  0.0            
      2541,  275.0          ,  7.105427358E-15,  0.0            
      2542,  272.5          ,  0.0            ,  0.0            
      2543,  270.0          ,  0.0            ,  0.0            
      2544,  267.5          ,  3.552713679E-15,  0.0            
      2545,  265.0          ,  1.065814104E-14,  0.0            
      2546,  262.5          ,  3.552713679E-15,  0.0            
      2547,  260.0          ,  3.552713679E-15,  0.0            
      2548,  257.5          ,  0.0            ,  0.0            
      2549,  255.0          ,  7.105427358E-15,  0.0            
      2550,  252.5          ,  7.105427358E-15,  0.0            
      2551,  250.0          ,  7.105427358E-15,  0.0            
      2552,  247.5          ,  3.552713679E-15,  0.0            
      2553,  245.0          ,  -3.55271368E-15,  0.0            
      2554,  242.5          ,  -3.55271368E-15,  0.0            
      2555,  240.0          ,  1.065814104E-14,  0.0            
      2556,  237.5          ,  3.552713679E-15,  0.0            
      2557,  235.0          ,  3.552713679E-15,  0.0            
      2558,  232.5          ,  7.105427358E-15,  0.0            
      2559,  230.0          ,  1.065814104E-14,  0.0            
      2560,  227.5          ,  0.0            ,  0.0            
      2561,  225.0          ,  7.105427358E-15,  0.0            
      2562,  222.5          ,  7.105427358E-15,  0.0            
      2563,  220.0          ,  3.552713679E-15,  0.0            
      2564,  217.5          ,  3.552713679E-15,  0.0            
      2565,  215.0          ,  0.0            ,  0.0            
      2566,  212.5          ,  7.105427358E-15,  0.0            
      2567,  210.0          ,  3.552713679E-15,  0.0            
      2568,  207.5          ,  0.0            ,  0.0            
      2569,  205.0          ,  7.105427358E-15,  0.0            
      2570,  202.5          ,  0.0            ,  0.0            
      2571,  200.0          ,  -3.55271368E-15,  0.0            
      2572,  197.5          ,  7.105427358E-15,  0.0            
      2573,  195.0          ,  3.552713679E-15,  0.0            
      2574,  192.5          ,  7.105427358E-15,  0.0            
      2575,  190.0          ,  0.0            ,  0.0            
      2576,  187.5          ,  0.0            ,  0.0            
      2577,  185.0          ,  7.105427358E-15,  0.0            
      2578,  182.5          ,  3.552713679E-15,  0.0            
      2579,  180.0          ,  3.552713679E-15,  0.0            
      2580,  177.5          ,  7.105427358E-15,  0.0            
      2581,  175.0          ,  3.552713679E-15,  0.0            
      2582,  172.5          ,  3.552713679E-15,  0.0            
      2583,  170.0          ,  0.0            ,  0.0            
      2584,  167.5          ,  7.105427358E-15,  0.0            
      2585,  165.0          ,  0.0            ,  0.0            
      2586,  162.5          ,  3.552713679E-15,  0.0            
      2587,  160.0          ,  0.0            ,  0.0            
      2588,  157.5          ,  1.065814104E-14,  0.0            
      2589,  155.0          ,  7.105427358E-15,  0.0            
      2590,  152.5          ,  0.0            ,  0.0            
      2591,  150.0          ,  7.105427358E-15,  0.0            
      2592,  147.5          ,  3.552713679E-15,  0.0            
      2593,  145.0          ,  3.552713679E-15,  0.0            
      2594,  142.5          ,  7.105427358E-15,  0.0            
      2595,  140.0          ,  0.0            ,  0.0            
      2596,  137.5          ,  3.552713679E-15,  0.0            
      2597,  135.0          ,  3.552713679E-15,  0.0            
      2598,  132.5          ,  0.0            ,  0.0            
      2599,  130.0          ,  3.552713679E-15,  0.0            
      2600,  127.5          ,  3.552713679E-15,  0.0            
      2601,  125.0          ,  0.0            ,  0.0            
      2602,  122.5          ,  3.552713679E-15,  0.0            
      2603,  120.0          ,  0.0            ,  0.0            
      2604,  117.5          ,  3.552713679E-15,  0.0            
      2605,  115.0          ,  3.552713679E-15,  0.0            
      2606,  112.5          ,  0.0            ,  0.0            
      2607,  110.0          ,  3.552713679E-15,  0.0            
      2608,  107.5          ,  0.0            ,  0.0            
      2609,  105.0          ,  3.552713679E-15,  0.0            
      2610,  102.5          ,  0.0            ,  0.0            
      2611,  100.0          ,  3.552713679E-15,  0.0            
      2612,  100.0          ,  2.5            ,  0.0            
      2613,  100.0          ,  5.0            ,  0.0            
      2614,  100.0          ,  7.5            ,  0.0            
      2615,  100.0          ,  10.0           ,  0.0            
      2616,  100.0          ,  12.5           ,  0.0            
      2617,  100.0          ,  15.0           ,  0.0            
      2618,  100.0          ,  17.5           ,  0.0            
      2619,  100.0          ,  20.0           ,  0.0            
      2620,  100.0          ,  22.5           ,  0.0            
      2621,  100.0          ,  25.0           ,  0.0            
      2622,  100.0          ,  27.5           ,  0.0            
      2623,  100.0          ,  30.0           ,  0.0            
      2624,  100.0          ,  32.5           ,  0.0            
      2625,  100.0          ,  35.0           ,  0.0            
      2626,  100.0          ,  37.5           ,  0.0            
      2627,  100.0          ,  40.0           ,  0.0            
      2628,  100.0          ,  42.5           ,  0.0            
      2629,  100.0          ,  45.0           ,  0.0            
      2630,  100.0          ,  47.5           ,  0.0            
      2631,  100.0          ,  50.0           ,  0.0            
      2632,  100.0          ,  52.5           ,  0.0            
      2633,  100.0          ,  55.0           ,  0.0            
      2634,  100.0          ,  57.5           ,  0.0            
      2635,  100.0          ,  60.0           ,  0.0            
      2636,  100.0          ,  62.5           ,  0.0            
      2637,  100.0          ,  65.0           ,  0.0            
      2638,  100.0          ,  67.5           ,  0.0            
      2639,  100.0          ,  70.0           ,  0.0            
      2640,  100.0          ,  72.5           ,  0.0            
      2641,  100.0          ,  75.0           ,  0.0            
      2642,  100.0          ,  77.5           ,  0.0            
      2643,  100.0          ,  80.0           ,  0.0            
      2644,  100.0          ,  82.5           ,  0.0            
      2645,  100.0          ,  85.0           ,  0.0            
      2646,  100.0          ,  87.5           ,  0.0            
      2647,  100.0          ,  90.0           ,  0.0            
      2648,  111.43667857485,  80.624582922827,  0.0            
      2649,  112.89193407746,  78.578417614128,  0.0            
      2650,  114.3322663729 ,  76.553235114809,  0.0            
      2651,  115.86857227293,  74.542562044558,  0.0            
      2652,  117.42605573738,  72.62065165583 ,  0.0            
      2653,  118.98353920184,  70.698741267102,  0.0            
      2654,  120.61220891961,  68.7778169503  ,  0.0            
      2655,  122.32080945224,  66.917340816289,  0.0            
      2656,  123.97563363475,  65.115421152358,  0.0            
      2657,  125.70888639933,  63.315442245882,  0.0            
      2658,  127.56956973792,  61.518616677509,  0.0            
      2659,  129.31790493724,  59.830283513519,  0.0            
      2660,  131.17371782768,  58.161751203238,  0.0            
      2661,  133.1095904147 ,  56.496160063216,  0.0            
      2662,  135.0198171051 ,  54.854428197244,  0.0            
      2663,  136.9380885427 ,  53.377636825548,  0.0            
      2664,  138.85635998031,  51.900845453853,  0.0            
      2665,  140.85482116176,  50.42921683982 ,  0.0            
      2666,  142.97167180961,  48.96521034921 ,  0.0            
      2667,  145.09707490416,  47.501890133988,  0.0            
      2668,  147.19275679229,  46.195030771552,  0.0            
      2669,  149.18079243448,  44.955299204188,  0.0            
      2670,  151.27367410622,  43.725803020721,  0.0            
      2671,  153.44004020423,  42.503480607366,  0.0            
      2672,  155.65661572403,  41.287015552307,  0.0            
      2673,  158.00235329094,  40.085618354254,  0.0            
      2674,  160.37452328898,  38.887855732012,  0.0            
      2675,  162.68716270471,  37.809446912697,  0.0            
      2676,  164.88908829433,  36.782665150193,  0.0            
      2677,  167.23563399821,  35.779071124184,  0.0            
      2678,  169.58985065237,  34.776707023728,  0.0            
      2679,  171.92190023751,  33.852913680157,  0.0            
      2680,  174.19602888675,  32.966451555778,  0.0            
      2681,  176.55269112049,  32.097550666556,  0.0            
      2682,  178.95448771308,  31.238253323506,  0.0            
      2683,  181.37539714796,  30.411474574826,  0.0            
      2684,  183.6612469221 ,  29.659068866873,  0.0            
      2685,  185.98900823684,  28.918228452469,  0.0            
      2686,  188.37601292579,  28.19373597001 ,  0.0            
      2687,  190.79268166568,  27.478508674443,  0.0            
      2688,  193.27248660897,  26.783001164453,  0.0            
      2689,  195.77781759125,  26.096490503205,  0.0            
      2690,  198.1762671238 ,  25.473618992631,  0.0            
      2691,  200.5393145449 ,  24.87006401454 ,  0.0            
      2692,  202.95603915208,  24.287807340047,  0.0            
      2693,  205.382226545  ,  23.709769978388,  0.0            
      2694,  207.86030085851,  23.154868208703,  0.0            
      2695,  210.3457450206 ,  22.60365454103 ,  0.0            
      2696,  212.87779206611,  22.075762409218,  0.0            
      2697,  215.27856172161,  21.579154092612,  0.0            
      2698,  217.66747316582,  21.114674079698,  0.0            
      2699,  220.0572758696 ,  20.650754913345,  0.0            
      2700,  222.48394833012,  20.2100369299  ,  0.0            
      2701,  224.91062079064,  19.769318946455,  0.0            
      2702,  227.36856339611,  19.35066999073 ,  0.0            
      2703,  229.82770178685,  18.932864965157,  0.0            
      2704,  232.31263048437,  18.535489999036,  0.0            
      2705,  234.79950231015,  18.139654302154,  0.0            
      2706,  237.30802245215,  17.763093322391,  0.0            
      2707,  239.81844098746,  17.38822258929 ,  0.0            
      2708,  242.34729665677,  17.031838907419,  0.0            
      2709,  244.87758969394,  16.676896484986,  0.0            
      2710,  247.42375267071,  16.339923010541,  0.0            
      2711,  249.97072243269,  16.003863029263,  0.0            
      2712,  252.47449057166,  15.692520049014,  0.0            
      2713,  254.92992500542,  15.387408011819,  0.0            
      2714,  257.39609493577,  15.097973494977,  0.0            
      2715,  259.8625802441 ,  14.808999538559,  0.0            
      2716,  262.33765042979,  14.534375670803,  0.0            
      2717,  264.81322714126,  14.260598488397,  0.0            
      2718,  267.29566177963,  14.000036319847,  0.0            
      2719,  269.77865604421,  13.740552533752,  0.0            
      2720,  272.26710843969,  13.493303566964,  0.0            
      2721,  274.75609501337,  13.247252001602,  0.0            
      2722,  277.24939518761,  13.012579808092,  0.0            
      2723,  279.74316399011,  12.779143866108,  0.0            
      2724,  282.24030335723,  12.556332656997,  0.0            
      2725,  284.73782971961,  12.334741338803,  0.0            
      2726,  287.23794455667,  12.123101906627,  0.0            
      2727,  289.73836297899,  11.912629666009,  0.0            
      2728,  292.24071792086,  11.71150335387 ,  0.0            
      2729,  294.74329917567,  11.511469261313,  0.0            
      2730,  297.24727142891,  11.320230267463,  0.0            
      2731,  299.75140267122,  11.129996540438,  0.0            
      2732,  302.25646739608,  10.94805305807 ,  0.0            
      2733,  304.76163500625,  10.767023298466,  0.0            
      2734,  307.26735205019,  10.593817687964,  0.0            
      2735,  309.7731268697 ,  10.421434823668,  0.0            
      2736,  312.27912892747,  10.256443149276,  0.0            
      2737,  314.78515360765,  10.092187295301,  0.0            
      2738,  317.29113577396,  9.9349183520381,  0.0            
      2739,  319.79711395369,  9.7783045793348,  0.0            
      2740,  322.30282458988,  9.628298644418 ,  0.0            
      2741,  324.80851165738,  9.478874813041 ,  0.0            
      2742,  327.31374446178,  9.3357021423011,  0.0            
      2743,  329.81893967818,  9.1930467237648,  0.0            
      2744,  332.32352683891,  9.0563059583325,  0.0            
      2745,  334.82806662943,  8.9200259703692,  0.0            
      2746,  337.3318729374 ,  8.7893424809043,  0.0            
      2747,  339.83562518133,  8.6590715020294,  0.0            
      2748,  342.33854298512,  8.5340957311198,  0.0            
      2749,  344.84140215752,  8.409492024521 ,  0.0            
      2750,  347.34334705173,  8.289897855169 ,  0.0            
      2751,  349.84523009168,  8.1706425993114,  0.0            
      2752,  352.34613723944,  8.0561257765143,  0.0            
      2753,  354.84698003634,  7.9419214085541,  0.0            
      2754,  357.35458485376,  7.8318572784851,  0.0            
      2755,  359.87234708376,  7.7216376233194,  0.0            
      2756,  362.38903545916,  7.6157334601168,  0.0            
      2757,  364.90566648124,  7.5100597822442,  0.0            
      2758,  367.42118595012,  7.4085264578636,  0.0            
      2759,  369.93666213088,  7.3071543746655,  0.0            
      2760,  372.45099876421,  7.2097527625454,  0.0            
      2761,  374.96530596343,  7.1124537062951,  0.0            
      2762,  377.4784541772 ,  7.0189605216488,  0.0            
      2763,  379.99158617479,  6.9255205876671,  0.0            
      2764,  382.50354726664,  6.8357272198674,  0.0            
      2765,  385.01549720965,  6.7459675262088,  0.0            
      2766,  387.52628533819,  6.6596575301828,  0.0            
      2767,  390.03705635716,  6.5733961890373,  0.0            
      2768,  392.54668574468,  6.4903813285164,  0.0            
      2769,  395.05628944351,  6.407436704375 ,  0.0            
      2770,  397.56477403893,  6.3275518601541,  0.0            
      2771,  400.07322569536,  6.247753898614 ,  0.0            
      2772,  100.0          ,  92.5           ,  0.0            
      2773,  100.0          ,  95.0           ,  0.0            
      2774,  100.0          ,  97.5           ,  0.0            
      2775,  100.0          ,  100.0          ,  0.0            
      2776,  101.18582498778,  97.795064649576,  0.0            
      2777,  102.37164997555,  95.590129299152,  0.0            
      2778,  103.55747496333,  93.385193948728,  0.0            
      2779,  104.72924811494,  91.206386729016,  0.0            
      2780,  106.01798463712,  89.062298708692,  0.0            
      2781,  107.34868028162,  86.917664510032,  0.0            
      2782,  108.66569539789,  84.795078725544,  0.0            
      2783,  109.95926041722,  82.7102866169  ,  0.0            
      2784,  402.58058241075,  6.1708440465963,  0.0            
      2785,  405.08790024498,  6.0940334268154,  0.0            
      2786,  407.59414836456,  6.0199529253538,  0.0            
      2787,  410.10035292293,  5.9459802786859,  0.0            
      2788,  412.60551360211,  5.8745922108935,  0.0            
      2789,  415.11062723835,  5.8033174006304,  0.0            
      2790,  417.61472308012,  5.7344929664662,  0.0            
      2791,  420.11876951968,  5.665784423405 ,  0.0            
      2792,  422.62182421532,  5.5994023816181,  0.0            
      2793,  425.12482818879,  5.5331364946322,  0.0            
      2794,  427.62686621659,  5.4690826427535,  0.0            
      2795,  430.12885315442,  5.4051431930453,  0.0            
      2796,  432.6298995235 ,  5.3433098931916,  0.0            
      2797,  435.13089529893,  5.2815875384031,  0.0            
      2798,  437.63097533706,  5.2218732721971,  0.0            
      2799,  440.13100605459,  5.1622650646806,  0.0            
      2800,  442.63014522756,  5.1045740288243,  0.0            
      2801,  445.12923704496,  5.0469829777851,  0.0            
      2802,  447.6274608086 ,  4.9912247039014,  0.0            
      2803,  450.12563979229,  4.9355593659346,  0.0            
      2804,  452.6229734679 ,  4.8816483730012,  0.0            
      2805,  455.12026547265,  4.8278224780688,  0.0            
      2806,  457.61673414532,  4.7756779480187,  0.0            
      2807,  460.11316471725,  4.7236100517144,  0.0            
      2808,  462.608793152  ,  4.6731555303521,  0.0            
      2809,  465.10438744964,  4.6227686940081,  0.0            
      2810,  467.59920002326,  4.5739318138009,  0.0            
      2811,  470.09398275455,  4.5251533087229,  0.0            
      2812,  472.58800340204,  4.4778655294981,  0.0            
      2813,  475.08199877566,  4.4306265614421,  0.0            
      2814,  477.57525094632,  4.3848229330658,  0.0            
      2815,  480.06848263282,  4.3390583902927,  0.0            
      2816,  482.5609892579 ,  4.2946773287889,  0.0            
      2817,  485.05348036205,  4.2503255455024,  0.0            
      2818,  487.54526382838,  4.2073086291724,  0.0            
      2819,  490.03703686746,  4.1643111701578,  0.0            
      2820,  492.52811900156,  4.1226029436238,  0.0            
      2821,  495.01919589364,  4.0809043984849,  0.0            
      2822,  497.50959794682,  4.0404521992425,  0.0            
      2823,  500.0          ,  4.0            ,  0.0            
*ELEMENT,TYPE=S4
      3665,      2119,      2138,      2171,      2151
      3666,      2140,      2118,      2147,      2167
      3667,      2165,      2135,      2123,      2160
      3668,      2121,      2157,      2170,      2139
      3669,      2173,      2155,      2127,      2142
      3670,      2161,      2175,      2147,      2125
      3671,      2174,      2159,      2131,      2145
      3672,      2124,      2151,      2179,      2156
      3673,      2177,      2144,      2128,      2158
      3674,      2176,      2149,      2135,      2165
      3675,      2134,      2162,      2182,      2154
      3676,      2132,      2156,      2586,      2585
      3677,      2150,      2130,      2166,      2186
      3678,      2164,      2184,      2146,      2137
      3679,      2181,      2163,      2136,      2155
      3680,      2169,      2188,      2153,      2133
      3681,      2636,      2158,      2152,      2637
      3682,      2139,      2170,      2185,      2161
      3683,      2178,      2143,      2148,      2183
      3684,      2189,      2171,      2138,      2159
      3685,      2183,      2148,      2146,      2184
      3686,      2187,      2157,      2149,      2176
      3687,      2150,      2186,      2180,      2160
      3688,      2167,      2193,      2168,      2140
      3689,      2145,      2163,      2190,      2174
      3690,      2168,      2194,      2172,      2141
      3691,      2172,      2197,      2173,      2142
      3692,      2143,      2178,      2195,      2162
      3693,      2167,      2147,      2175,      2192
      3694,      2200,      2164,      2144,      2177
      3695,      2165,      2160,      2180,      2191
      3696,      2151,      2171,      2202,      2179
      3697,      2154,      2182,      2201,      2169
      3698,      2198,      2181,      2155,      2173
      3699,      2157,      2187,      2199,      2170
      3700,      2166,      2153,      2188,      2204
      3701,      2175,      2161,      2185,      2196
      3702,      2156,      2179,      2587,      2586
      3703,      2635,      2177,      2158,      2636
      3704,      2206,      2189,      2159,      2174
      3705,      2165,      2191,      2203,      2176
      3706,      2205,      2190,      2163,      2181
      3707,      2162,      2195,      2209,      2182
      3708,      2170,      2199,      2208,      2185
      3709,      2213,      2184,      2164,      2200
      3710,      2169,      2201,      2211,      2188
      3711,      2212,      2191,      2180,      2186
      3712,      2192,      2215,      2193,      2167
      3713,      2193,      2217,      2194,      2168
      3714,      2194,      2218,      2197,      2172
      3715,      2220,      2202,      2171,      2189
      3716,      2183,      2210,      2207,      2178
      3717,      2192,      2175,      2196,      2216
      3718,      2186,      2166,      2204,      2223
      3719,      2197,      2219,      2198,      2173
      3720,      2176,      2203,      2214,      2187
      3721,      2174,      2190,      2221,      2206
      3722,      2184,      2213,      2210,      2183
      3723,      2224,      2195,      2178,      2207
      3724,      2208,      2216,      2196,      2185
      3725,      2222,      2205,      2181,      2198
      3726,      2634,      2200,      2177,      2635
      3727,      2179,      2202,      2588,      2587
      3728,      2182,      2209,      2226,      2201
      3729,      2225,      2199,      2187,      2214
      3730,      2188,      2211,      2229,      2204
      3731,      2191,      2212,      2227,      2203
      3732,      2230,      2221,      2190,      2205
      3733,      2236,      2220,      2189,      2206
      3734,      2228,      2208,      2199,      2225
      3735,      2235,      2212,      2186,      2223
      3736,      2234,      2209,      2195,      2224
      3737,      2216,      2237,      2215,      2192
      3738,      2215,      2238,      2217,      2193
      3739,      2217,      2240,      2218,      2194
      3740,      2218,      2241,      2219,      2197
      3741,      2219,      2243,      2222,      2198
      3742,      2201,      2226,      2242,      2211
      3743,      2232,      2207,      2210,      2231
      3744,      2633,      2213,      2200,      2634
      3745,      2203,      2227,      2245,      2214
      3746,      2239,      2216,      2208,      2228
      3747,      2202,      2220,      2589,      2588
      3748,      2244,      2230,      2205,      2222
      3749,      2207,      2232,      2233,      2224
      3750,      2204,      2229,      2246,      2223
      3751,      2206,      2221,      2247,      2236
      3752,      2250,      2226,      2209,      2234
      3753,      2251,      2227,      2212,      2235
      3754,      2253,      2225,      2214,      2245
      3755,      2211,      2242,      2254,      2229
      3756,      2234,      2224,      2233,      2249
      3757,      2213,      2633,      2632,      2210
      3758,      2255,      2247,      2221,      2230
      3759,      2237,      2257,      2238,      2215
      3760,      2239,      2256,      2237,      2216
      3761,      2240,      2217,      2238,      2259
      3762,      2225,      2253,      2248,      2228
      3763,      2240,      2260,      2241,      2218
      3764,      2241,      2262,      2243,      2219
      3765,      2243,      2265,      2244,      2222
      3766,      2223,      2246,      2264,      2235
      3767,      2210,      2632,      2252,      2231
      3768,      2220,      2236,      2590,      2589
      3769,      2239,      2228,      2248,      2258
      3770,      2267,      2242,      2226,      2250
      3771,      2263,      2249,      2233,      2232
      3772,      2261,      2232,      2231,      2252
      3773,      2266,      2255,      2230,      2244
      3774,      2269,      2245,      2227,      2251
      3775,      2229,      2254,      2268,      2246
      3776,      2234,      2249,      2270,      2250
      3777,      2235,      2264,      2273,      2251
      3778,      2256,      2274,      2257,      2237
      3779,      2258,      2275,      2256,      2239
      3780,      2259,      2238,      2257,      2276
      3781,      2236,      2247,      2591,      2590
      3782,      2272,      2254,      2242,      2267
      3783,      2260,      2240,      2259,      2278
      3784,      2232,      2261,      2282,      2263
      3785,      2260,      2279,      2262,      2241
      3786,      2277,      2258,      2248,      2253
      3787,      2262,      2280,      2265,      2243
      3788,      2283,      2253,      2245,      2269
      3789,      2265,      2281,      2266,      2244
      3790,      2246,      2268,      2286,      2264
      3791,      2247,      2255,      2271,      2591
      3792,      2631,      2261,      2252,      2632
      3793,      2249,      2263,      2287,      2270
      3794,      2250,      2270,      2284,      2267
      3795,      2266,      2285,      2271,      2255
      3796,      2251,      2273,      2288,      2269
      3797,      2289,      2268,      2254,      2272
      3798,      2275,      2292,      2274,      2256
      3799,      2274,      2293,      2276,      2257
      3800,      2277,      2294,      2275,      2258
      3801,      2296,      2277,      2253,      2283
      3802,      2278,      2259,      2276,      2295
      3803,      2278,      2298,      2279,      2260
      3804,      2280,      2262,      2279,      2299
      3805,      2267,      2284,      2291,      2272
      3806,      2280,      2300,      2281,      2265
      3807,      2264,      2286,      2304,      2273
      3808,      2261,      2631,      2630,      2282
      3809,      2281,      2301,      2285,      2266
      3810,      2263,      2282,      2305,      2287
      3811,      2269,      2288,      2297,      2283
      3812,      2270,      2287,      2303,      2284
      3813,      2592,      2591,      2271,      2285
      3814,      2286,      2268,      2290,      2306
      3815,      2289,      2307,      2290,      2268
      3816,      2273,      2304,      2302,      2288
      3817,      2272,      2291,      2308,      2289
      3818,      2292,      2310,      2293,      2274
      3819,      2294,      2311,      2292,      2275
      3820,      2293,      2312,      2295,      2276
      3821,      2296,      2313,      2294,      2277
      3822,      2295,      2315,      2298,      2278
      3823,      2299,      2279,      2298,      2317
      3824,      2283,      2297,      2314,      2296
      3825,      2300,      2280,      2299,      2318
      3826,      2284,      2303,      2316,      2291
      3827,      2297,      2288,      2302,      2309
      3828,      2300,      2319,      2301,      2281
      3829,      2301,      2593,      2592,      2285
      3830,      2318,      2299,      2317,      2333
      3831,      2318,      2335,      2319,      2300
      3832,      2303,      2320,      2334,      2316
      3833,      2319,      2594,      2593,      2301
      3834,      2305,      2629,      2628,      2320
      3835,      2304,      2321,      2336,      2322
      3836,      2306,      2323,      2338,      2321
      3837,      2337,      2323,      2307,      2324
      3838,      2339,      2324,      2308,      2325
      3839,      2309,      2322,      2347,      2331
      3840,      2326,      2340,      2327,      2310
      3841,      2328,      2343,      2326,      2311
      3842,      2316,      2334,      2342,      2325
      3843,      2329,      2341,      2328,      2313
      3844,      2327,      2344,      2330,      2312
      3845,      2331,      2345,      2329,      2314
      3846,      2330,      2346,      2332,      2315
      3847,      2333,      2317,      2332,      2348
      3848,      2333,      2349,      2335,      2318
      3849,      2335,      2595,      2594,      2319
      3850,      2320,      2628,      2627,      2334
      3851,      2321,      2338,      2352,      2336
      3852,      2323,      2337,      2350,      2338
      3853,      2351,      2337,      2324,      2339
      3854,      2322,      2336,      2360,      2347
      3855,      2355,      2339,      2325,      2342
      3856,      2343,      2356,      2340,      2326
      3857,      2341,      2353,      2343,      2328
      3858,      2340,      2357,      2344,      2327
      3859,      2345,      2354,      2341,      2329
      3860,      2344,      2359,      2346,      2330
      3861,      2347,      2358,      2345,      2331
      3862,      2346,      2361,      2348,      2332
      3863,      2348,      2362,      2349,      2333
      3864,      2334,      2627,      2626,      2342
      3865,      2349,      2596,      2595,      2335
      3866,      2337,      2351,      2363,      2350
      3867,      2338,      2350,      2364,      2352
      3868,      2368,      2351,      2339,      2355
      3869,      2336,      2352,      2373,      2360
      3870,      2354,      2365,      2353,      2341
      3871,      2353,      2366,      2356,      2343
      3872,      2356,      2369,      2357,      2340
      3873,      2358,      2367,      2354,      2345
      3874,      2357,      2370,      2359,      2344
      3875,      2358,      2347,      2360,      2371
      3876,      2359,      2372,      2361,      2346
      3877,      2625,      2355,      2342,      2626
      3878,      2361,      2374,      2362,      2348
      3879,      2362,      2597,      2596,      2349
      3880,      2350,      2363,      2378,      2364
      3881,      2351,      2368,      2381,      2363
      3882,      2365,      2375,      2366,      2353
      3883,      2367,      2376,      2365,      2354
      3884,      2366,      2377,      2369,      2356
      3885,      2352,      2364,      2384,      2373
      3886,      2369,      2380,      2370,      2357
      3887,      2367,      2358,      2371,      2379
      3888,      2370,      2383,      2372,      2359
      3889,      2371,      2360,      2373,      2382
      3890,      2372,      2385,      2374,      2361
      3891,      2624,      2368,      2355,      2625
      3892,      2374,      2598,      2597,      2362
      3893,      2376,      2386,      2375,      2365
      3894,      2375,      2387,      2377,      2366
      3895,      2376,      2367,      2379,      2388
      3896,      2363,      2381,      2393,      2378
      3897,      2377,      2389,      2380,      2369
      3898,      2379,      2371,      2382,      2390
      3899,      2364,      2378,      2395,      2384
      3900,      2380,      2391,      2383,      2370
      3901,      2384,      2392,      2382,      2373
      3902,      2383,      2394,      2385,      2372
      3903,      2368,      2624,      2623,      2381
      3904,      2385,      2599,      2598,      2374
      3905,      2386,      2397,      2387,      2375
      3906,      2386,      2376,      2388,      2396
      3907,      2387,      2399,      2389,      2377
      3908,      2388,      2379,      2390,      2398
      3909,      2389,      2401,      2391,      2380
      3910,      2392,      2400,      2390,      2382
      3911,      2378,      2393,      2404,      2395
      3912,      2391,      2403,      2394,      2383
      3913,      2395,      2402,      2392,      2384
      3914,      2381,      2623,      2622,      2393
      3915,      2394,      2600,      2599,      2385
      3916,      2396,      2406,      2397,      2386
      3917,      2396,      2388,      2398,      2405
      3918,      2399,      2387,      2397,      2407
      3919,      2400,      2408,      2398,      2390
      3920,      2399,      2409,      2401,      2389
      3921,      2402,      2410,      2400,      2392
      3922,      2401,      2411,      2403,      2391
      3923,      2404,      2412,      2402,      2395
      3924,      2403,      2601,      2600,      2394
      3925,      2393,      2622,      2621,      2404
      3926,      2405,      2415,      2406,      2396
      3927,      2407,      2397,      2406,      2416
      3928,      2409,      2399,      2407,      2418
      3929,      2410,      2419,      2408,      2400
      3930,      2409,      2420,      2411,      2401
      3931,      2412,      2421,      2410,      2402
      3932,      2411,      2602,      2601,      2403
      3933,      2621,      2620,      2412,      2404
      3934,      2405,      2398,      2413,      2414
      3935,      2408,      2417,      2413,      2398
      3936,      2414,      2422,      2415,      2405
      3937,      2416,      2406,      2415,      2424
      3938,      2418,      2407,      2416,      2425
      3939,      2417,      2408,      2419,      2426
      3940,      2418,      2427,      2420,      2409
      3941,      2421,      2428,      2419,      2410
      3942,      2420,      2603,      2602,      2411
      3943,      2620,      2619,      2421,      2412
      3944,      2423,      2414,      2413,      2417
      3945,      2423,      2429,      2422,      2414
      3946,      2422,      2430,      2424,      2415
      3947,      2425,      2416,      2424,      2432
      3948,      2423,      2417,      2426,      2431
      3949,      2425,      2433,      2427,      2418
      3950,      2426,      2419,      2428,      2434
      3951,      2427,      2604,      2603,      2420
      3952,      2619,      2618,      2428,      2421
      3953,      2429,      2435,      2430,      2422
      3954,      2431,      2436,      2429,      2423
      3955,      2430,      2437,      2432,      2424
      3956,      2432,      2439,      2433,      2425
      3957,      2431,      2426,      2434,      2438
      3958,      2433,      2605,      2604,      2427
      3959,      2434,      2428,      2618,      2617
      3960,      2435,      2429,      2436,      2440
      3961,      2435,      2441,      2437,      2430
      3962,      2438,      2442,      2436,      2431
      3963,      2437,      2443,      2439,      2432
      3964,      2439,      2606,      2605,      2433
      3965,      2438,      2434,      2617,      2616
      3966,      2441,      2435,      2440,      2444
      3967,      2440,      2436,      2442,      2445
      3968,      2441,      2446,      2443,      2437
      3969,      2616,      2615,      2442,      2438
      3970,      2443,      2607,      2606,      2439
      3971,      2444,      2440,      2445,      2447
      3972,      2444,      2448,      2446,      2441
      3973,      2445,      2442,      2615,      2614
      3974,      2446,      2608,      2607,      2443
      3975,      2447,      2449,      2448,      2444
      3976,      2447,      2445,      2614,      2613
      3977,      2448,      2609,      2608,      2446
      3978,      2613,      2612,      2449,      2447
      3979,      2449,      2610,      2609,      2448
      3980,      2612,      2611,      2610,      2449
      3981,      2282,      2630,      2629,      2305
      3982,      2287,      2305,      2320,      2303
      3983,      2286,      2306,      2321,      2304
      3984,      2307,      2323,      2306,      2290
      3985,      2324,      2307,      2289,      2308
      3986,      2322,      2309,      2302,      2304
      3987,      2291,      2316,      2325,      2308
      3988,      2297,      2309,      2331,      2314
      3989,      2311,      2326,      2310,      2292
      3990,      2310,      2327,      2312,      2293
      3991,      2313,      2328,      2311,      2294
      3992,      2312,      2330,      2315,      2295
      3993,      2314,      2329,      2313,      2296
      3994,      2317,      2298,      2315,      2332
      3995,      2141,      2172,      2142,      2116
      3996,      2140,      2168,      2141,      2115
      3997,      2133,      2114,      2154,      2169
      3998,      2120,      2136,      2163,      2145
      3999,      2128,      2126,      2152,      2158
      4000,      2122,      2637,      2152,      2126
      4001,      2130,      2109,      2153,      2166
      4002,      2113,      2143,      2162,      2134
      4003,      2144,      2164,      2137,      2104
      4004,      2149,      2157,      2129,      2117
      4005,      2160,      2123,      2110,      2150
      4006,      2159,      2138,      2108,      2131
      4007,      2585,      2584,      2105,      2132
      4008,      2139,      2161,      2125,      2103
      4009,      2638,      2637,      2122,      2106
      4010,      2155,      2136,      2107,      2127
      4011,      2143,      2113,      2112,      2148
      4012,      2148,      2112,      2111,      2146
      4013,      2100,      2124,      2156,      2132
      4014,      2121,      2102,      2129,      2157
      4015,      2149,      2117,      2101,      2135
      4016,      2111,      2104,      2137,      2146
      4017,      2134,      2154,      2114,      2095
      4018,      2145,      2131,      2099,      2120
      4019,      2094,      2119,      2151,      2124
      4020,      2125,      2147,      2118,      2093
      4021,      2142,      2127,      2097,      2116
      4022,      2150,      2110,      2096,      2130
      4023,      2133,      2153,      2109,      2091
      4024,      2098,      2128,      2144,      2104
      4025,      2115,      2089,      2118,      2140
      4026,      2115,      2141,      2116,      2087
      4027,      2090,      2107,      2136,      2120
      4028,      2088,      2108,      2138,      2119
      4029,      2103,      2083,      2121,      2139
      4030,      2086,      2123,      2135,      2101
      4031,      2092,      2126,      2128,      2098
      4032,      2102,      2085,      2117,      2129
      4033,      2584,      2583,      2082,      2105
      4034,      2639,      2638,      2106,      2074
      4035,      2084,      2122,      2126,      2092
      4036,      2113,      2134,      2095,      2080
      4037,      2131,      2108,      2078,      2099
      4038,      2091,      2076,      2114,      2133
      4039,      2127,      2107,      2081,      2097
      4040,      2132,      2105,      2075,      2100
      4041,      2103,      2125,      2093,      2069
      4042,      2109,      2130,      2096,      2058
      4043,      2072,      2094,      2124,      2100
      4044,      2084,      2074,      2106,      2122
      4045,      2071,      2110,      2123,      2086
      4046,      2113,      2080,      2079,      2112
      4047,      2070,      2090,      2120,      2099
      4048,      2112,      2079,      2077,      2111
      4049,      2083,      2064,      2102,      2121
      4050,      2117,      2085,      2068,      2101
      4051,      2066,      2087,      2116,      2097
      4052,      2065,      2088,      2119,      2094
      4053,      2111,      2077,      2073,      2104
      4054,      2093,      2118,      2089,      2062
      4055,      2095,      2114,      2076,      2061
      4056,      2087,      2057,      2089,      2115
      4057,      2104,      2073,      2067,      2098
      4058,      2063,      2081,      2107,      2090
      4059,      2071,      2058,      2096,      2110
      4060,      2056,      2078,      2108,      2088
      4061,      2055,      2082,      2583,      2582
      4062,      2050,      2640,      2639,      2074
      4063,      2059,      2092,      2098,      2067
      4064,      2102,      2064,      2060,      2085
      4065,      2105,      2082,      2051,      2075
      4066,      2091,      2109,      2058,      2048
      4067,      2052,      2086,      2101,      2068
      4068,      2069,      2047,      2083,      2103
      4069,      2072,      2100,      2075,      2054
      4070,      2049,      2070,      2099,      2078
      4071,      2053,      2084,      2092,      2059
      4072,      2045,      2066,      2097,      2081
      4073,      2080,      2095,      2061,      2046
      4074,      2041,      2065,      2094,      2072
      4075,      2042,      2063,      2090,      2070
      4076,      2069,      2093,      2062,      2035
      4077,      2048,      2037,      2076,      2091
      4078,      2038,      2068,      2085,      2060
      4079,      2039,      2074,      2084,      2053
      4080,      2080,      2046,      2044,      2079
      4081,      2034,      2057,      2087,      2066
      4082,      2079,      2044,      2043,      2077
      4083,      2033,      2056,      2088,      2065
      4084,      2032,      2071,      2086,      2052
      4085,      2062,      2089,      2057,      2030
      4086,      2077,      2043,      2040,      2073
      4087,      2582,      2581,      2029,      2055
      4088,      2047,      2023,      2064,      2083
      4089,      2024,      2641,      2640,      2050
      4090,      2081,      2063,      2031,      2045
      4091,      2073,      2040,      2036,      2067
      4092,      2027,      2049,      2078,      2056
      4093,      2025,      2051,      2082,      2055
      4094,      2061,      2076,      2037,      2026
      4095,      2051,      2020,      2054,      2075
      4096,      2028,      2059,      2067,      2036
      4097,      2041,      2072,      2054,      2020
      4098,      2021,      2042,      2070,      2049
      4099,      2018,      2050,      2074,      2039
      4100,      2058,      2071,      2032,      2017
      4101,      2012,      2038,      2060,      2064
      4102,      2052,      2068,      2038,      2010
      4103,      2035,      2007,      2047,      2069
      4104,      2015,      2034,      2066,      2045
      4105,      2019,      2053,      2059,      2028
      4106,      2011,      2033,      2065,      2041
      4107,      2057,      2034,      2022,      2030
      4108,      2046,      2061,      2026,      2016
      4109,      2063,      2042,      2014,      2031
      4110,      2048,      2058,      2017,      2009
      4111,      2035,      2062,      2030,      2000
      4112,      2003,      2029,      2581,      2580
      4113,      2002,      2027,      2056,      2033
      4114,      1998,      2642,      2641,      2024
      4115,      2013,      2044,      2046,      2016
      4116,      2005,      2039,      2053,      2019
      4117,      2008,      2043,      2044,      2013
      4118,      2055,      2029,      1999,      2025
      4119,      2006,      2040,      2043,      2008
      4120,      2009,      2001,      2037,      2048
      4121,      1995,      2021,      2049,      2027
      4122,      2004,      2036,      2040,      2006
      4123,      1993,      2020,      2051,      2025
      4124,      2045,      2031,      1997,      2015
      4125,      1988,      2024,      2050,      2018
      4126,      1990,      2014,      2042,      2021
      4127,      2007,      1983,      2023,      2047
      4128,      1956,      2012,      2064,      2023
      4129,      1987,      2011,      2041,      2020
      4130,      1994,      2032,      2052,      1980
      4131,      2001,      1989,      2026,      2037
      4132,      1986,      2028,      2036,      2004
      4133,      2000,      2030,      2022,      1996
      4134,      1992,      1996,      2022,      2034
      4135,      1984,      2018,      2039,      2005
      4136,      2032,      1994,      1991,      2017
      4137,      1981,      2002,      2033,      2011
      4138,      1979,      2003,      2580,      2579
      4139,      2052,      2010,      1985,      1980
      4140,      2010,      2038,      2012,      1957
      4141,      2031,      2014,      1982,      1997
      4142,      1977,      1992,      2034,      2015
      4143,      2000,      1967,      2007,      2035
      4144,      1972,      2643,      2642,      1998
      4145,      2016,      2026,      1989,      1978
      4146,      1970,      1999,      2029,      2003
      4147,      1975,      2019,      2028,      1986
      4148,      1969,      1995,      2027,      2002
      4149,      2025,      1999,      1964,      1993
      4150,      1976,      2013,      2016,      1978
      4151,      1958,      1998,      2024,      1988
      4152,      1974,      2008,      2013,      1976
      4153,      1963,      1990,      2021,      1995
      4154,      2009,      2017,      1966,      1973
      4155,      1971,      2006,      2008,      1974
      4156,      1965,      2005,      2019,      1975
      4157,      1959,      1987,      2020,      1993
      4158,      1968,      2004,      2006,      1971
      4159,      2015,      1997,      1962,      1977
      4160,      1973,      1961,      2001,      2009
      4161,      1952,      1988,      2018,      1984
      4162,      1955,      1982,      2014,      1990
      4163,      1966,      2017,      1991,      1960
      4164,      1950,      1981,      2011,      1987
      4165,      2000,      1996,      1954,      1967
      4166,      2579,      2578,      1946,      1979
      4167,      1948,      2644,      2643,      1972
      4168,      1985,      2010,      1957,      1953
      4169,      1985,      1951,      1994,      1980
      4170,      1994,      1951,      1960,      1991
      4171,      1961,      1949,      1989,      2001
      4172,      1944,      1969,      2002,      1981
      4173,      1942,      1984,      2005,      1965
      4174,      1996,      1992,      1947,      1954
      4175,      2023,      1983,      1923,      1956
      4176,      1967,      1933,      1983,      2007
      4177,      1941,      1970,      2003,      1979
      4178,      1935,      1986,      2004,      1968
      4179,      1997,      1982,      1945,      1962
      4180,      1999,      1970,      1937,      1964
      4181,      1939,      1963,      1995,      1969
      4182,      1930,      1972,      1998,      1958
      4183,      1940,      1947,      1992,      1977
      4184,      1978,      1989,      1949,      1938
      4185,      1993,      1964,      1928,      1959
      4186,      1988,      1952,      1943,      1958
      4187,      1927,      1955,      1990,      1963
      4188,      1893,      1957,      2012,      1956
      4189,      1919,      1950,      1987,      1959
      4190,      1932,      1951,      1985,      1953
      4191,      1936,      1976,      1978,      1938
      4192,      1926,      1975,      1986,      1935
      4193,      1934,      1974,      1976,      1936
      4194,      2645,      2644,      1948,      1925
      4195,      1929,      1971,      1974,      1934
      4196,      1917,      1945,      1982,      1955
      4197,      1924,      1968,      1971,      1929
      4198,      1977,      1962,      1921,      1940
      4199,      1916,      1952,      1984,      1942
      4200,      2578,      2577,      1911,      1946
      4201,      1973,      1966,      1920,      1931
      4202,      1918,      1965,      1975,      1926
      4203,      1973,      1931,      1922,      1961
      4204,      1912,      1944,      1981,      1950
      4205,      1913,      1933,      1967,      1954
      4206,      1979,      1946,      1906,      1941
      4207,      1914,      1920,      1966,      1960
      4208,      1910,      1948,      1972,      1930
      4209,      1904,      1939,      1969,      1944
      4210,      1957,      1903,      1932,      1953
      4211,      1970,      1941,      1902,      1937
      4212,      1968,      1924,      1915,      1935
      4213,      1942,      1965,      1918,      1909
      4214,      1907,      1914,      1960,      1951
      4215,      1962,      1945,      1905,      1921
      4216,      1983,      1933,      1895,      1923
      4217,      1949,      1961,      1922,      2660
      4218,      1900,      1927,      1963,      1939
      4219,      1964,      1937,      1896,      1928
      4220,      1916,      1908,      1943,      1952
      4221,      1901,      1913,      1954,      1947
      4222,      1899,      1958,      1943,      1908
      4223,      1959,      1928,      1891,      1919
      4224,      1892,      1917,      1955,      1927
      4225,      2646,      2645,      1925,      1894
      4226,      1907,      1951,      1932,      1897
      4227,      1910,      1894,      1925,      1948
      4228,      1938,      1949,      2660,      2659
      4229,      1889,      1930,      1958,      1899
      4230,      1887,      1912,      1950,      1919
      4231,      2577,      2576,      1884,      1911
      4232,      2658,      1936,      1938,      2659
      4233,      2657,      1934,      1936,      2658
      4234,      1885,      1901,      1947,      1940
      4235,      2656,      1929,      1934,      2657
      4236,      1888,      1905,      1945,      1917
      4237,      2655,      1924,      1929,      2656
      4238,      1956,      1923,      1880,      1893
      4239,      2661,      2660,      1922,      1931
      4240,      1916,      1942,      1909,      2650
      4241,      1946,      1911,      1881,      1906
      4242,      1957,      1893,      1886,      1903
      4243,      2652,      1926,      1935,      2653
      4244,      1882,      1904,      1944,      1912
      4245,      1940,      1921,      1898,      1885
      4246,      2655,      2654,      1915,      1924
      4247,      2653,      1935,      1915,      2654
      4248,      1931,      1920,      2662,      2661
      4249,      1933,      1913,      1890,      1895
      4250,      2651,      1918,      1926,      2652
      4251,      1941,      1906,      1878,      1902
      4252,      2663,      2662,      1920,      1914
      4253,      1877,      1900,      1939,      1904
      4254,      1905,      1883,      1898,      1921
      4255,      1930,      1889,      1879,      1910
      4256,      1932,      1903,      2665,      1897
      4257,      1876,      1896,      1937,      1902
      4258,      2651,      2650,      1909,      1918
      4259,      2664,      2663,      1914,      1907
      4260,      1875,      1892,      1927,      1900
      4261,      1928,      1896,      1873,      1891
      4262,      2649,      1908,      1916,      2650
      4263,      1869,      1888,      1917,      1892
      4264,      2665,      2664,      1907,      1897
      4265,      1923,      1895,      1870,      1880
      4266,      1919,      1891,      1868,      1887
      4267,      2646,      1894,      1862,      2647
      4268,      1910,      1879,      1874,      1894
      4269,      1865,      1884,      2576,      2575
      4270,      2648,      1899,      1908,      2649
      4271,      1864,      1882,      1912,      1887
      4272,      1866,      1883,      1905,      1888
      4273,      2665,      1903,      1886,      2666
      4274,      1872,      1871,      1890,      1913
      4275,      1913,      1901,      1863,      1872
      4276,      1911,      1884,      1861,      1881
      4277,      1867,      1885,      1898,      1883
      4278,      2783,      1889,      1899,      2648
      4279,      1870,      1895,      1890,      1871
      4280,      2667,      2666,      1886,      1893
      4281,      1906,      1881,      1858,      1878
      4282,      1859,      1877,      1904,      1882
      4283,      1902,      1878,      1855,      1876
      4284,      1893,      1880,      2668,      2667
      4285,      1854,      1875,      1900,      1877
      4286,      1901,      1885,      1856,      1863
      4287,      1889,      2783,      2782,      1879
      4288,      1853,      1873,      1896,      1876
      4289,      1894,      1874,      1860,      1862
      4290,      1852,      1869,      1892,      1875
      4291,      1888,      1869,      1857,      1866
      4292,      1891,      1873,      1850,      1868
      4293,      2772,      2647,      1862,      1851
      4294,      1879,      2782,      2781,      1874
      4295,      1880,      1870,      2669,      2668
      4296,      1849,      1865,      2575,      2574
      4297,      1887,      1868,      1848,      1864
      4298,      1847,      1867,      1883,      1866
      4299,      1846,      1861,      1884,      1865
      4300,      1844,      1856,      1885,      1867
      4301,      1845,      1859,      1882,      1864
      4302,      1870,      1871,      2670,      2669
      4303,      1881,      1861,      1843,      1858
      4304,      2781,      2780,      1860,      1874
      4305,      1871,      1872,      2671,      2670
      4306,      1841,      1854,      1877,      1859
      4307,      1878,      1858,      1839,      1855
      4308,      2779,      1862,      1860,      2780
      4309,      1876,      1855,      1837,      1853
      4310,      1838,      1852,      1875,      1854
      4311,      1872,      1863,      2672,      2671
      4312,      1847,      1866,      1857,      1842
      4313,      2773,      2772,      1851,      1840
      4314,      1835,      1850,      1873,      1853
      4315,      1836,      1842,      1857,      1869
      4316,      2574,      2573,      1834,      1849
      4317,      1851,      1862,      2779,      2778
      4318,      1868,      1850,      1833,      1848
      4319,      1863,      1856,      2673,      2672
      4320,      1830,      1846,      1865,      1849
      4321,      1831,      1844,      1867,      1847
      4322,      1864,      1848,      1828,      1845
      4323,      1829,      1836,      1869,      1852
      4324,      1827,      1843,      1861,      1846
      4325,      1826,      1841,      1859,      1845
      4326,      1858,      1843,      1825,      1839
      4327,      1840,      1851,      2778,      2777
      4328,      2774,      2773,      1840,      1832
      4329,      1824,      1838,      1854,      1841
      4330,      2674,      2673,      1856,      1844
      4331,      1855,      1839,      1822,      1837
      4332,      1853,      1837,      1821,      1835
      4333,      1847,      1842,      1823,      1831
      4334,      1820,      1834,      2573,      2572
      4335,      1818,      1829,      1852,      1838
      4336,      1819,      1833,      1850,      1835
      4337,      1832,      1840,      2777,      2776
      4338,      1849,      1834,      1817,      1830
      4339,      1848,      1833,      1815,      1828
      4340,      2675,      2674,      1844,      1831
      4341,      1814,      1827,      1846,      1830
      4342,      2775,      2774,      1832,      2776
      4343,      1842,      1836,      1816,      1823
      4344,      1845,      1828,      1813,      1826
      4345,      1843,      1827,      1812,      1825
      4346,      1811,      1824,      1841,      1826
      4347,      1839,      1825,      1809,      1822
      4348,      1810,      1816,      1836,      1829
      4349,      1837,      1822,      1808,      1821
      4350,      1807,      1818,      1838,      1824
      4351,      1831,      1823,      2676,      2675
      4352,      1806,      1820,      2572,      2571
      4353,      1835,      1821,      1805,      1819
      4354,      1804,      1817,      1834,      1820
      4355,      1802,      1815,      1833,      1819
      4356,      1830,      1817,      1801,      1814
      4357,      1828,      1815,      1800,      1813
      4358,      1823,      1816,      2677,      2676
      4359,      1829,      1818,      1799,      1810
      4360,      1826,      1813,      1798,      1811
      4361,      1827,      1814,      1797,      1812
      4362,      1822,      1809,      1803,      1808
      4363,      1825,      1812,      1795,      1809
      4364,      1796,      1807,      1824,      1811
      4365,      2678,      2677,      1816,      1810
      4366,      1794,      1806,      2571,      2570
      4367,      1821,      1808,      1793,      1805
      4368,      1790,      1804,      1820,      1806
      4369,      1819,      1805,      1789,      1802
      4370,      1818,      1807,      1792,      1799
      4371,      1787,      1801,      1817,      1804
      4372,      1785,      1800,      1815,      1802
      4373,      1813,      1800,      1786,      1798
      4374,      1810,      1799,      2679,      2678
      4375,      1814,      1801,      1783,      1797
      4376,      1793,      1808,      1803,      1791
      4377,      1811,      1798,      1784,      1796
      4378,      1788,      1791,      1803,      1809
      4379,      1812,      1797,      1782,      1795
      4380,      1780,      1794,      2570,      2569
      4381,      1781,      1792,      1807,      1796
      4382,      1779,      1788,      1809,      1795
      4383,      1799,      1792,      2680,      2679
      4384,      1777,      1790,      1806,      1794
      4385,      1805,      1793,      1778,      1789
      4386,      1774,      1787,      1804,      1790
      4387,      1802,      1789,      1773,      1785
      4388,      1800,      1785,      1776,      1786
      4389,      1798,      1786,      1775,      1784
      4390,      1801,      1787,      1771,      1783
      4391,      1797,      1783,      1769,      1782
      4392,      1796,      1784,      1770,      1781
      4393,      1772,      1778,      1793,      1791
      4394,      2681,      2680,      1792,      1781
      4395,      1767,      1779,      1795,      1782
      4396,      2569,      2568,      1766,      1780
      4397,      1768,      1772,      1791,      1788
      4398,      1763,      1777,      1794,      1780
      4399,      1790,      1777,      1765,      1774
      4400,      1789,      1778,      1761,      1773
      4401,      1786,      1776,      1764,      1775
      4402,      1785,      1773,      1760,      1776
      4403,      1781,      1770,      2682,      2681
      4404,      1787,      1774,      1759,      1771
      4405,      1784,      1775,      1762,      1770
      4406,      1758,      1768,      1788,      1779
      4407,      1783,      1771,      1756,      1769
      4408,      1782,      1769,      1753,      1767
      4409,      2568,      2567,      1751,      1766
      4410,      1755,      1761,      1778,      1772
      4411,      1777,      1763,      1757,      1765
      4412,      1770,      1762,      2683,      2682
      4413,      1780,      1766,      1749,      1763
      4414,      1775,      1764,      1752,      1762
      4415,      1774,      1765,      1754,      1759
      4416,      1750,      1758,      1779,      1767
      4417,      1776,      1760,      1748,      1764
      4418,      1773,      1761,      1745,      1760
      4419,      1747,      1755,      1772,      1768
      4420,      1771,      1759,      1744,      1756
      4421,      1762,      1752,      2684,      2683
      4422,      1754,      1765,      1757,      1746
      4423,      1743,      1753,      1769,      1756
      4424,      2567,      2566,      1738,      1751
      4425,      1740,      1747,      1768,      1758
      4426,      1742,      1746,      1757,      1763
      4427,      1767,      1753,      1737,      1750
      4428,      1764,      1748,      1741,      1752
      4429,      1739,      1745,      1761,      1755
      4430,      1766,      1751,      1735,      1749
      4431,      1759,      1754,      1736,      1744
      4432,      1752,      1741,      2685,      2684
      4433,      1760,      1745,      1732,      1748
      4434,      1763,      1749,      1730,      1742
      4435,      1734,      1740,      1758,      1750
      4436,      1731,      1739,      1755,      1747
      4437,      1729,      1743,      1756,      1744
      4438,      1754,      1746,      1728,      1736
      4439,      1727,      1738,      2566,      2565
      4440,      1726,      1737,      1753,      1743
      4441,      1748,      1732,      1733,      1741
      4442,      2685,      1741,      1733,      2686
      4443,      1751,      1738,      1723,      1735
      4444,      1725,      1731,      1747,      1740
      4445,      1724,      1732,      1745,      1739
      4446,      1750,      1737,      1722,      1734
      4447,      1746,      1742,      1720,      1728
      4448,      1744,      1736,      1721,      1729
      4449,      1749,      1735,      1719,      1730
      4450,      2687,      2686,      1733,      1732
      4451,      1718,      1725,      1740,      1734
      4452,      1715,      1727,      2565,      2564
      4453,      1717,      1724,      1739,      1731
      4454,      1716,      1726,      1743,      1729
      4455,      2688,      2687,      1732,      1724
      4456,      1742,      1730,      1713,      1720
      4457,      1736,      1728,      1714,      1721
      4458,      1711,      1723,      1738,      1727
      4459,      1737,      1726,      1712,      1722
      4460,      1710,      1717,      1731,      1725
      4461,      1735,      1723,      1707,      1719
      4462,      1734,      1722,      1709,      1718
      4463,      1729,      1721,      1708,      1716
      4464,      2689,      2688,      1724,      1717
      4465,      2564,      2563,      1705,      1715
      4466,      1706,      1714,      1728,      1720
      4467,      1730,      1719,      1704,      1713
      4468,      1703,      1710,      1725,      1718
      4469,      1726,      1716,      1701,      1712
      4470,      1700,      1711,      1727,      1715
      4471,      1709,      1722,      1712,      1702
      4472,      1721,      1714,      1699,      1708
      4473,      2690,      2689,      1717,      1710
      4474,      1697,      1707,      1723,      1711
      4475,      1720,      1713,      1698,      1706
      4476,      1718,      1709,      1696,      1703
      4477,      1719,      1707,      1694,      1704
      4478,      1693,      1705,      2563,      2562
      4479,      1716,      1708,      1695,      1701
      4480,      1692,      1699,      1714,      1706
      4481,      2691,      2690,      1710,      1703
      4482,      1715,      1705,      1691,      1700
      4483,      1701,      1689,      1702,      1712
      4484,      1713,      1704,      1690,      1698
      4485,      1696,      1709,      1702,      1689
      4486,      1687,      1697,      1711,      1700
      4487,      1688,      1695,      1708,      1699
      4488,      1685,      1694,      1707,      1697
      4489,      1703,      1696,      2692,      2691
      4490,      1706,      1698,      1686,      1692
      4491,      1684,      1693,      2562,      2561
      4492,      1701,      1695,      1683,      1689
      4493,      1682,      1691,      1705,      1693
      4494,      1704,      1694,      1681,      1690
      4495,      1680,      1688,      1699,      1692
      4496,      1700,      1691,      1679,      1687
      4497,      1696,      1689,      2693,      2692
      4498,      1698,      1690,      1678,      1686
      4499,      1677,      1683,      1695,      1688
      4500,      1676,      1685,      1697,      1687
      4501,      2561,      2560,      1675,      1684
      4502,      1673,      1681,      1694,      1685
      4503,      1692,      1686,      1674,      1680
      4504,      1672,      1682,      1693,      1684
      4505,      1689,      1683,      2694,      2693
      4506,      1671,      1679,      1691,      1682
      4507,      1690,      1681,      1670,      1678
      4508,      1669,      1677,      1688,      1680
      4509,      1687,      1679,      1668,      1676
      4510,      1666,      1675,      2560,      2559
      4511,      1686,      1678,      1667,      1674
      4512,      1683,      1677,      2695,      2694
      4513,      1665,      1673,      1685,      1676
      4514,      1684,      1675,      1664,      1672
      4515,      1680,      1674,      1663,      1669
      4516,      1662,      1670,      1681,      1673
      4517,      1661,      1671,      1682,      1672
      4518,      1660,      1668,      1679,      1671
      4519,      1677,      1669,      2696,      2695
      4520,      1678,      1670,      1659,      1667
      4521,      1658,      1666,      2559,      2558
      4522,      1676,      1668,      1657,      1665
      4523,      1655,      1664,      1675,      1666
      4524,      1674,      1667,      1656,      1663
      4525,      1654,      1662,      1673,      1665
      4526,      1672,      1664,      1653,      1661
      4527,      1669,      1663,      2697,      2696
      4528,      1670,      1662,      1652,      1659
      4529,      1650,      1660,      1671,      1661
      4530,      2558,      2557,      1649,      1658
      4531,      1657,      1668,      1660,      1651
      4532,      1667,      1659,      1648,      1656
      4533,      1646,      1655,      1666,      1658
      4534,      1665,      1657,      1645,      1654
      4535,      1653,      1664,      1655,      1647
      4536,      1663,      1656,      2698,      2697
      4537,      1662,      1654,      1644,      1652
      4538,      1661,      1653,      1643,      1650
      4539,      2557,      2556,      1642,      1649
      4540,      1650,      1640,      1651,      1660
      4541,      1659,      1652,      1641,      1648
      4542,      1645,      1657,      1651,      1640
      4543,      1658,      1649,      1639,      1646
      4544,      1656,      1648,      2699,      2698
      4545,      1646,      1637,      1647,      1655
      4546,      1654,      1645,      1638,      1644
      4547,      1643,      1653,      1647,      1637
      4548,      1652,      1644,      1636,      1641
      4549,      2556,      2555,      1635,      1642
      4550,      1634,      1640,      1650,      1643
      4551,      1648,      1641,      2700,      2699
      4552,      1649,      1642,      1633,      1639
      4553,      1645,      1640,      1632,      1638
      4554,      1646,      1639,      1631,      1637
      4555,      1644,      1638,      1630,      1636
      4556,      1629,      1634,      1643,      1637
      4557,      1641,      1636,      2701,      2700
      4558,      1628,      1635,      2555,      2554
      4559,      1642,      1635,      1627,      1633
      4560,      1626,      1632,      1640,      1634
      4561,      1639,      1633,      1625,      1631
      4562,      1638,      1632,      1624,      1630
      4563,      1623,      1629,      1637,      1631
      4564,      1636,      1630,      2702,      2701
      4565,      1622,      1628,      2554,      2553
      4566,      1621,      1626,      1634,      1629
      4567,      1620,      1627,      1635,      1628
      4568,      1633,      1627,      1619,      1625
      4569,      1632,      1626,      1618,      1624
      4570,      1630,      1624,      2703,      2702
      4571,      1617,      1623,      1631,      1625
      4572,      2553,      2552,      1616,      1622
      4573,      1615,      1621,      1629,      1623
      4574,      1614,      1620,      1628,      1622
      4575,      1627,      1620,      1613,      1619
      4576,      1626,      1621,      1612,      1618
      4577,      1624,      1618,      2704,      2703
      4578,      1625,      1619,      1611,      1617
      4579,      1610,      1615,      1623,      1617
      4580,      2552,      2551,      1609,      1616
      4581,      1622,      1616,      1608,      1614
      4582,      1621,      1615,      1607,      1612
      4583,      1618,      1612,      2705,      2704
      4584,      1620,      1614,      1606,      1613
      4585,      1605,      1611,      1619,      1613
      4586,      1617,      1611,      1604,      1610
      4587,      2551,      2550,      1603,      1609
      4588,      1616,      1609,      1602,      1608
      4589,      1615,      1610,      1601,      1607
      4590,      1612,      1607,      2706,      2705
      4591,      1614,      1608,      1600,      1606
      4592,      1599,      1605,      1613,      1606
      4593,      1598,      1604,      1611,      1605
      4594,      2550,      2549,      1596,      1603
      4595,      1607,      1601,      2707,      2706
      4596,      1610,      1604,      1597,      1601
      4597,      1609,      1603,      1595,      1602
      4598,      1608,      1602,      1594,      1600
      4599,      1606,      1600,      1593,      1599
      4600,      1592,      1598,      1605,      1599
      4601,      1601,      1597,      2708,      2707
      4602,      1591,      1597,      1604,      1598
      4603,      2549,      2548,      1590,      1596
      4604,      1603,      1596,      1589,      1595
      4605,      1602,      1595,      1587,      1594
      4606,      1600,      1594,      1588,      1593
      4607,      1599,      1593,      1586,      1592
      4608,      2709,      2708,      1597,      1591
      4609,      1585,      1591,      1598,      1592
      4610,      2548,      2547,      1584,      1590
      4611,      1596,      1590,      1582,      1589
      4612,      1594,      1587,      1583,      1588
      4613,      1595,      1589,      1580,      1587
      4614,      1593,      1588,      1581,      1586
      4615,      2710,      2709,      1591,      1585
      4616,      1592,      1586,      1579,      1585
      4617,      2547,      2546,      1576,      1584
      4618,      1587,      1580,      1578,      1583
      4619,      1588,      1583,      1577,      1581
      4620,      1590,      1584,      1575,      1582
      4621,      1585,      1579,      2711,      2710
      4622,      1589,      1582,      1572,      1580
      4623,      1586,      1581,      1573,      1579
      4624,      1577,      1583,      1578,      1574
      4625,      2546,      2545,      1571,      1576
      4626,      1570,      1574,      1578,      1580
      4627,      1584,      1576,      1568,      1575
      4628,      1581,      1577,      1569,      1573
      4629,      1579,      1573,      2712,      2711
      4630,      1582,      1575,      1567,      1572
      4631,      1565,      1571,      2545,      2544
      4632,      1580,      1572,      1564,      1570
      4633,      1566,      1569,      1577,      1574
      4634,      1573,      1569,      2713,      2712
      4635,      1576,      1571,      1563,      1568
      4636,      1562,      1566,      1574,      1570
      4637,      1575,      1568,      1561,      1567
      4638,      2544,      2543,      1560,      1565
      4639,      2714,      2713,      1569,      1566
      4640,      1572,      1567,      1559,      1564
      4641,      1558,      1563,      1571,      1565
      4642,      1570,      1564,      1555,      1562
      4643,      1568,      1563,      1556,      1561
      4644,      2715,      2714,      1566,      1562
      4645,      1560,      2543,      2542,      1557
      4646,      1567,      1561,      1554,      1559
      4647,      1565,      1560,      1553,      1558
      4648,      1564,      1559,      1551,      1555
      4649,      1552,      1556,      1563,      1558
      4650,      1562,      1555,      2716,      2715
      4651,      2541,      1549,      1557,      2542
      4652,      1550,      1554,      1561,      1556
      4653,      1553,      1560,      1557,      1549
      4654,      1558,      1553,      1548,      1552
      4655,      1559,      1554,      1547,      1551
      4656,      1555,      1551,      2717,      2716
      4657,      1546,      1550,      1556,      1552
      4658,      2541,      2540,      1545,      1549
      4659,      1553,      1549,      1544,      1548
      4660,      1543,      1547,      1554,      1550
      4661,      1551,      1547,      2718,      2717
      4662,      1552,      1548,      1542,      1546
      4663,      2540,      2539,      1541,      1545
      4664,      1540,      1543,      1550,      1546
      4665,      1549,      1545,      1539,      1544
      4666,      1547,      1543,      2719,      2718
      4667,      1548,      1544,      1538,      1542
      4668,      1537,      1541,      2539,      2538
      4669,      1546,      1542,      1536,      1540
      4670,      1545,      1541,      1535,      1539
      4671,      1543,      1540,      2720,      2719
      4672,      1544,      1539,      1534,      1538
      4673,      2538,      2537,      1533,      1537
      4674,      1542,      1538,      1532,      1536
      4675,      1540,      1536,      2721,      2720
      4676,      1531,      1535,      1541,      1537
      4677,      1539,      1535,      1530,      1534
      4678,      1538,      1534,      1529,      1532
      4679,      2537,      2536,      1528,      1533
      4680,      1536,      1532,      2722,      2721
      4681,      1537,      1533,      1527,      1531
      4682,      1535,      1531,      1526,      1530
      4683,      1534,      1530,      1525,      1529
      4684,      1524,      1528,      2536,      2535
      4685,      1532,      1529,      2723,      2722
      4686,      1533,      1528,      1522,      1527
      4687,      1526,      1531,      1527,      1523
      4688,      1530,      1526,      1521,      1525
      4689,      1529,      1525,      2724,      2723
      4690,      1520,      1524,      2535,      2534
      4691,      1519,      1522,      1528,      1524
      4692,      1522,      1518,      1523,      1527
      4693,      1521,      1526,      1523,      1518
      4694,      1525,      1521,      2725,      2724
      4695,      2534,      2533,      1517,      1520
      4696,      1516,      1519,      1524,      1520
      4697,      1515,      1518,      1522,      1519
      4698,      1521,      1518,      2726,      2725
      4699,      2533,      2532,      1514,      1517
      4700,      1520,      1517,      1513,      1516
      4701,      1512,      1515,      1519,      1516
      4702,      2727,      2726,      1518,      1515
      4703,      1511,      1514,      2532,      2531
      4704,      1517,      1514,      1510,      1513
      4705,      1516,      1513,      1509,      1512
      4706,      2728,      2727,      1515,      1512
      4707,      1508,      1511,      2531,      2530
      4708,      1507,      1510,      1514,      1511
      4709,      1513,      1510,      1506,      1509
      4710,      1512,      1509,      2729,      2728
      4711,      1505,      1508,      2530,      2529
      4712,      1504,      1507,      1511,      1508
      4713,      1503,      1506,      1510,      1507
      4714,      1509,      1506,      2730,      2729
      4715,      2529,      2528,      1502,      1505
      4716,      1501,      1504,      1508,      1505
      4717,      1500,      1503,      1507,      1504
      4718,      2731,      2730,      1506,      1503
      4719,      2528,      2527,      1499,      1502
      4720,      1505,      1502,      1498,      1501
      4721,      1497,      1500,      1504,      1501
      4722,      2732,      2731,      1503,      1500
      4723,      1496,      1499,      2527,      2526
      4724,      1502,      1499,      1495,      1498
      4725,      1501,      1498,      1494,      1497
      4726,      2733,      2732,      1500,      1497
      4727,      1493,      1496,      2526,      2525
      4728,      1492,      1495,      1499,      1496
      4729,      1498,      1495,      1491,      1494
      4730,      1497,      1494,      2734,      2733
      4731,      1490,      1493,      2525,      2524
      4732,      1489,      1492,      1496,      1493
      4733,      1488,      1491,      1495,      1492
      4734,      1494,      1491,      2735,      2734
      4735,      2524,      2523,      1487,      1490
      4736,      1486,      1489,      1493,      1490
      4737,      1485,      1488,      1492,      1489
      4738,      2736,      2735,      1491,      1488
      4739,      2523,      2522,      1484,      1487
      4740,      1490,      1487,      1483,      1486
      4741,      2737,      2736,      1488,      1485
      4742,      1482,      1485,      1489,      1486
      4743,      2738,      2737,      1485,      1482
      4744,      1481,      1484,      2522,      2521
      4745,      1487,      1484,      1480,      1483
      4746,      1486,      1483,      1479,      1482
      4747,      1482,      1479,      2739,      2738
      4748,      1478,      1481,      2521,      2520
      4749,      1477,      1480,      1484,      1481
      4750,      1483,      1480,      1476,      1479
      4751,      1479,      1476,      2740,      2739
      4752,      1475,      1477,      1481,      1478
      4753,      1474,      1478,      2520,      2519
      4754,      1473,      1476,      1480,      1477
      4755,      2741,      2740,      1476,      1473
      4756,      1472,      1475,      1478,      1474
      4757,      1471,      1473,      1477,      1475
      4758,      1470,      1474,      2519,      2518
      4759,      2742,      2741,      1473,      1471
      4760,      1469,      1471,      1475,      1472
      4761,      1468,      1472,      1474,      1470
      4762,      1467,      1470,      2518,      2517
      4763,      2743,      2742,      1471,      1469
      4764,      1466,      1469,      1472,      1468
      4765,      1465,      1468,      1470,      1467
      4766,      1464,      1467,      2517,      2516
      4767,      2744,      2743,      1469,      1466
      4768,      1463,      1466,      1468,      1465
      4769,      1462,      1465,      1467,      1464
      4770,      1461,      1464,      2516,      2515
      4771,      2745,      2744,      1466,      1463
      4772,      1460,      1463,      1465,      1462
      4773,      1459,      1462,      1464,      1461
      4774,      1458,      1461,      2515,      2514
      4775,      2746,      2745,      1463,      1460
      4776,      2514,      2513,      1457,      1458
      4777,      1456,      1460,      1462,      1459
      4778,      1455,      1459,      1461,      1458
      4779,      2747,      2746,      1460,      1456
      4780,      1455,      1458,      1457,      1454
      4781,      1453,      1456,      1459,      1455
      4782,      1452,      1454,      1457,      2513
      4783,      1451,      1452,      2513,      2512
      4784,      2748,      2747,      1456,      1453
      4785,      1455,      1454,      1450,      1453
      4786,      1448,      1451,      2512,      2511
      4787,      1454,      1452,      1449,      1450
      4788,      1453,      1450,      2749,      2748
      4789,      1447,      1449,      1452,      1451
      4790,      1446,      1448,      2511,      2510
      4791,      1450,      1449,      2750,      2749
      4792,      1445,      1447,      1451,      1448
      4793,      2751,      2750,      1449,      1447
      4794,      1444,      1446,      2510,      2509
      4795,      1443,      1445,      1448,      1446
      4796,      2752,      2751,      1447,      1445
      4797,      1442,      1444,      2509,      2508
      4798,      1446,      1444,      1441,      1443
      4799,      2753,      2752,      1445,      1443
      4800,      1440,      1442,      2508,      2507
      4801,      1444,      1442,      1439,      1441
      4802,      1443,      1441,      2754,      2753
      4803,      1438,      1440,      2507,      2506
      4804,      1437,      1439,      1442,      1440
      4805,      1441,      1439,      2755,      2754
      4806,      1436,      1438,      2506,      2505
      4807,      1435,      1437,      1440,      1438
      4808,      2756,      2755,      1439,      1437
      4809,      1434,      1436,      2505,      2504
      4810,      1433,      1435,      1438,      1436
      4811,      2757,      2756,      1437,      1435
      4812,      1432,      1434,      2504,      2503
      4813,      1436,      1434,      1431,      1433
      4814,      2758,      2757,      1435,      1433
      4815,      1430,      1432,      2503,      2502
      4816,      1434,      1432,      1429,      1431
      4817,      1433,      1431,      2759,      2758
      4818,      1428,      1430,      2502,      2501
      4819,      1427,      1429,      1432,      1430
      4820,      1431,      1429,      2760,      2759
      4821,      1426,      1428,      2501,      2500
      4822,      1425,      1427,      1430,      1428
      4823,      2761,      2760,      1429,      1427
      4824,      1424,      1426,      2500,      2499
      4825,      1423,      1425,      1428,      1426
      4826,      2762,      2761,      1427,      1425
      4827,      1422,      1424,      2499,      2498
      4828,      1426,      1424,      1421,      1423
      4829,      2763,      2762,      1425,      1423
      4830,      1420,      1422,      2498,      2497
      4831,      1424,      1422,      1419,      1421
      4832,      1423,      1421,      2764,      2763
      4833,      1418,      1420,      2497,      2496
      4834,      1417,      1419,      1422,      1420
      4835,      1421,      1419,      2765,      2764
      4836,      1416,      1418,      2496,      2495
      4837,      1415,      1417,      1420,      1418
      4838,      2766,      2765,      1419,      1417
      4839,      1414,      1416,      2495,      2494
      4840,      1413,      1415,      1418,      1416
      4841,      2767,      2766,      1417,      1415
      4842,      1412,      1414,      2494,      2493
      4843,      1416,      1414,      1411,      1413
      4844,      2768,      2767,      1415,      1413
      4845,      1410,      1412,      2493,      2492
      4846,      1414,      1412,      1409,      1411
      4847,      1413,      1411,      2769,      2768
      4848,      1408,      1410,      2492,      2491
      4849,      1407,      1409,      1412,      1410
      4850,      1411,      1409,      2770,      2769
      4851,      1406,      1408,      2491,      2490
      4852,      1405,      1407,      1410,      1408
      4853,      2771,      2770,      1409,      1407
      4854,      1404,      1406,      2490,      2489
      4855,      1403,      1405,      1408,      1406
      4856,      2784,      2771,      1407,      1405
      4857,      1402,      1404,      2489,      2488
      4858,      1406,      1404,      1401,      1403
      4859,      2785,      2784,      1405,      1403
      4860,      1400,      1402,      2488,      2487
      4861,      1404,      1402,      1399,      1401
      4862,      1403,      1401,      2786,      2785
      4863,      1398,      1400,      2487,      2486
      4864,      1397,      1399,      1402,      1400
      4865,      1401,      1399,      2787,      2786
      4866,      1396,      1398,      2486,      2485
      4867,      1395,      1397,      1400,      1398
      4868,      2788,      2787,      1399,      1397
      4869,      2485,      2484,      1394,      1396
      4870,      1393,      1395,      1398,      1396
      4871,      2789,      2788,      1397,      1395
      4872,      1392,      1394,      2484,      2483
      4873,      1396,      1394,      1391,      1393
      4874,      2790,      2789,      1395,      1393
      4875,      1390,      1392,      2483,      2482
      4876,      1389,      1391,      1394,      1392
      4877,      1393,      1391,      2791,      2790
      4878,      1388,      1390,      2482,      2481
      4879,      1387,      1389,      1392,      1390
      4880,      2792,      2791,      1391,      1389
      4881,      1386,      1388,      2481,      2480
      4882,      1385,      1387,      1390,      1388
      4883,      2793,      2792,      1389,      1387
      4884,      2480,      2479,      1384,      1386
      4885,      1383,      1385,      1388,      1386
      4886,      2794,      2793,      1387,      1385
      4887,      1382,      1384,      2479,      2478
      4888,      1386,      1384,      1381,      1383
      4889,      2795,      2794,      1385,      1383
      4890,      1380,      1382,      2478,      2477
      4891,      1379,      1381,      1384,      1382
      4892,      1383,      1381,      2796,      2795
      4893,      1378,      1380,      2477,      2476
      4894,      1377,      1379,      1382,      1380
      4895,      2797,      2796,      1381,      1379
      4896,      1376,      1378,      2476,      2475
      4897,      2798,      2797,      1379,      1377
      4898,      1375,      1377,      1380,      1378
      4899,      2475,      2474,      1374,      1376
      4900,      2799,      2798,      1377,      1375
      4901,      1373,      1375,      1378,      1376
      4902,      1372,      1374,      2474,      2473
      4903,      2800,      2799,      1375,      1373
      4904,      1376,      1374,      1371,      1373
      4905,      1370,      1372,      2473,      2472
      4906,      1373,      1371,      2801,      2800
      4907,      1369,      1371,      1374,      1372
      4908,      1368,      1370,      2472,      2471
      4909,      2802,      2801,      1371,      1369
      4910,      1367,      1369,      1372,      1370
      4911,      1366,      1368,      2471,      2470
      4912,      2803,      2802,      1369,      1367
      4913,      1365,      1367,      1370,      1368
      4914,      2470,      2469,      1364,      1366
      4915,      2804,      2803,      1367,      1365
      4916,      1363,      1365,      1368,      1366
      4917,      1362,      1364,      2469,      2468
      4918,      2805,      2804,      1365,      1363
      4919,      1366,      1364,      1361,      1363
      4920,      1360,      1362,      2468,      2467
      4921,      1363,      1361,      2806,      2805
      4922,      1359,      1361,      1364,      1362
      4923,      1358,      1360,      2467,      2466
      4924,      2807,      2806,      1361,      1359
      4925,      1357,      1359,      1362,      1360
      4926,      1356,      1358,      2466,      2465
      4927,      2808,      2807,      1359,      1357
      4928,      1355,      1357,      1360,      1358
      4929,      2809,      2808,      1357,      1355
      4930,      2465,      2464,      1354,      1356
      4931,      1353,      1355,      1358,      1356
      4932,      2810,      2809,      1355,      1353
      4933,      1352,      1354,      2464,      2463
      4934,      1356,      1354,      1351,      1353
      4935,      1353,      1351,      2811,      2810
      4936,      1350,      1352,      2463,      2462
      4937,      1349,      1351,      1354,      1352
      4938,      2812,      2811,      1351,      1349
      4939,      1348,      1350,      2462,      2461
      4940,      1347,      1349,      1352,      1350
      4941,      2813,      2812,      1349,      1347
      4942,      1345,      1348,      2461,      2460
      4943,      1346,      1347,      1350,      1348
      4944,      2814,      2813,      1347,      1346
      4945,      1344,      1346,      1348,      1345
      4946,      2460,      2459,      1343,      1345
      4947,      2815,      2814,      1346,      1344
      4948,      1345,      1343,      1342,      1344
      4949,      1341,      1343,      2459,      2458
      4950,      1344,      1342,      2816,      2815
      4951,      1340,      1342,      1343,      1341
      4952,      1339,      1341,      2458,      2457
      4953,      2817,      2816,      1342,      1340
      4954,      1338,      1340,      1341,      1339
      4955,      2457,      2456,      1337,      1339
      4956,      2818,      2817,      1340,      1338
      4957,      1339,      1337,      1335,      1338
      4958,      1337,      2456,      2455,      1336
      4959,      1338,      1335,      2819,      2818
      4960,      1335,      1337,      1336,      1334
      4961,      2454,      1334,      1336,      2455
      4962,      1335,      1334,      2820,      2819
      4963,      2454,      2453,      1333,      1334
      4964,      1334,      1333,      2821,      2820
      4965,      2453,      2452,      1332,      1333
      4966,      1333,      1332,      2822,      2821
      4967,      2452,      2451,      2450,      1332
      4968,      1332,      2450,      2823,      2822
      4969,       544,       512,       492,       525
      4970,       523,       496,       516,       545
      4971,       498,       503,       540,       528
      4972,       542,       524,       493,       506
      4973,       490,       521,       536,       508
      4974,       502,       538,       516,       488
      4975,       489,       518,       532,       504
      4976,       539,       507,       484,       512
      4977,       486,       505,       535,       519
      4978,       487,       498,       528,       514
      4979,       529,       509,       481,       501
      4980,       531,      2585,      2586,       507
      4981,       513,       477,       497,       533
      4982,       499,       526,       517,       479
      4983,       482,       508,       527,       500
      4984,       494,       530,       510,       475
      4985,       188,       187,       511,       505
      4986,       524,       502,       478,       493
      4987,       485,       480,       515,       520
      4988,       474,       504,       525,       492
      4989,       480,       479,       517,       515
      4990,       476,       487,       514,       506
      4991,       513,       503,       483,       477
      4992,       496,       523,       495,       470
      4993,       518,       489,       473,       500
      4994,       495,       522,       491,       469
      4995,       491,       521,       490,       466
      4996,       520,       501,       468,       485
      4997,       496,       471,       488,       516
      4998,       463,       486,       519,       499
      4999,       498,       472,       483,       503
      5000,       512,       484,       461,       492
      5001,       509,       494,       462,       481
      5002,       465,       490,       508,       482
      5003,       506,       493,       464,       476
      5004,       497,       459,       475,       510
      5005,       488,       467,       478,       502
      5006,       507,      2586,      2587,       484
      5007,       189,       188,       505,       486
      5008,       457,       489,       504,       474
      5009,       498,       487,       460,       472
      5010,       458,       482,       500,       473
      5011,       501,       481,       454,       468
      5012,       493,       478,       455,       464
      5013,       450,       463,       499,       479
      5014,       494,       475,       452,       462
      5015,       451,       477,       483,       472
      5016,       471,       496,       470,       448
      5017,       470,       495,       469,       446
      5018,       469,       491,       466,       445
      5019,       443,       474,       492,       461
      5020,       480,       485,       456,       453
      5021,       471,       447,       467,       488
      5022,       477,       440,       459,       497
      5023,       466,       490,       465,       444
      5024,       487,       476,       449,       460
      5025,       489,       457,       442,       473
      5026,       479,       480,       453,       450
      5027,       439,       456,       485,       468
      5028,       455,       478,       467,       447
      5029,       441,       465,       482,       458
      5030,       190,       189,       486,       463
      5031,       484,      2587,      2588,       461
      5032,       481,       462,       437,       454
      5033,       438,       449,       476,       464
      5034,       475,       459,       434,       452
      5035,       472,       460,       436,       451
      5036,       433,       458,       473,       442
      5037,       427,       457,       474,       443
      5038,       435,       438,       464,       455
      5039,       428,       440,       477,       451
      5040,       429,       439,       468,       454
      5041,       447,       471,       448,       426
      5042,       448,       470,       446,       425
      5043,       446,       469,       445,       423
      5044,       445,       466,       444,       422
      5045,       444,       465,       441,       420
      5046,       462,       452,       421,       437
      5047,       431,       432,       453,       456
      5048,       191,       190,       463,       450
      5049,       460,       449,       418,       436
      5050,       424,       435,       455,       447
      5051,       461,      2588,      2589,       443
      5052,       419,       441,       458,       433
      5053,       456,       439,       430,       431
      5054,       459,       440,       417,       434
      5055,       457,       427,       416,       442
      5056,       413,       429,       454,       437
      5057,       412,       428,       451,       436
      5058,       410,       418,       449,       438
      5059,       452,       434,       409,       421
      5060,       429,       414,       430,       439
      5061,       450,       453,       192,       191
      5062,       408,       433,       442,       416
      5063,       426,       448,       425,       406
      5064,       424,       447,       426,       407
      5065,       423,       404,       425,       446
      5066,       438,       435,       415,       410
      5067,       423,       445,       422,       403
      5068,       422,       444,       420,       401
      5069,       420,       441,       419,       398
      5070,       440,       428,       399,       417
      5071,       453,       432,       411,       192
      5072,       443,      2589,      2590,       427
      5073,       424,       405,       415,       435
      5074,       396,       413,       437,       421
      5075,       400,       431,       430,       414
      5076,       402,       411,       432,       431
      5077,       397,       419,       433,       408
      5078,       394,       412,       436,       418
      5079,       434,       417,       395,       409
      5080,       429,       413,       393,       414
      5081,       428,       412,       390,       399
      5082,       407,       426,       406,       389
      5083,       405,       424,       407,       388
      5084,       404,       387,       406,       425
      5085,       427,      2590,      2591,       416
      5086,       391,       396,       421,       409
      5087,       403,       385,       404,       423
      5088,       431,       400,       381,       402
      5089,       403,       422,       401,       384
      5090,       386,       410,       415,       405
      5091,       401,       420,       398,       383
      5092,       380,       394,       418,       410
      5093,       398,       419,       397,       382
      5094,       417,       399,       377,       395
      5095,       416,      2591,       392,       408
      5096,       193,       192,       411,       402
      5097,       414,       393,       376,       400
      5098,       413,       396,       379,       393
      5099,       397,       408,       392,       378
      5100,       412,       394,       375,       390
      5101,       374,       391,       409,       395
      5102,       388,       407,       389,       371
      5103,       389,       406,       387,       370
      5104,       386,       405,       388,       369
      5105,       367,       380,       410,       386
      5106,       385,       368,       387,       404
      5107,       385,       403,       384,       365
      5108,       383,       364,       384,       401
      5109,       396,       391,       372,       379
      5110,       383,       398,       382,       363
      5111,       399,       390,       359,       377
      5112,       402,       381,       194,       193
      5113,       382,       397,       378,       362
      5114,       400,       376,       358,       381
      5115,       394,       380,       366,       375
      5116,       393,       379,       360,       376
      5117,      2592,       378,       392,      2591
      5118,       377,       357,       373,       395
      5119,       374,       395,       373,       356
      5120,       390,       375,       361,       359
      5121,       391,       374,       355,       372
      5122,       371,       389,       370,       353
      5123,       369,       388,       371,       352
      5124,       370,       387,       368,       351
      5125,       367,       386,       369,       350
      5126,       368,       385,       365,       348
      5127,       364,       346,       365,       384
      5128,       380,       367,       349,       366
      5129,       363,       345,       364,       383
      5130,       379,       372,       347,       360
      5131,       366,       354,       361,       375
      5132,       363,       382,       362,       344
      5133,       362,       378,      2592,      2593
      5134,       345,       330,       346,       364
      5135,       345,       363,       344,       328
      5136,       360,       347,       329,       343
      5137,       344,       362,      2593,      2594
      5138,       358,       343,       196,       195
      5139,       359,       341,       327,       342
      5140,       357,       342,       325,       340
      5141,       326,       339,       356,       340
      5142,       324,       338,       355,       339
      5143,       354,       332,       316,       341
      5144,       337,       353,       336,       323
      5145,       335,       352,       337,       320
      5146,       347,       338,       321,       329
      5147,       334,       350,       335,       322
      5148,       336,       351,       333,       319
      5149,       332,       349,       334,       318
      5150,       333,       348,       331,       317
      5151,       330,       315,       331,       346
      5152,       330,       345,       328,       314
      5153,       328,       344,      2594,      2595
      5154,       343,       329,       197,       196
      5155,       342,       327,       311,       325
      5156,       340,       325,       313,       326
      5157,       312,       324,       339,       326
      5158,       341,       316,       303,       327
      5159,       308,       321,       338,       324
      5160,       320,       337,       323,       307
      5161,       322,       335,       320,       310
      5162,       323,       336,       319,       306
      5163,       318,       334,       322,       309
      5164,       319,       333,       317,       304
      5165,       316,       332,       318,       305
      5166,       317,       331,       315,       302
      5167,       315,       330,       314,       301
      5168,       329,       321,       198,       197
      5169,       314,       328,      2595,      2596
      5170,       326,       313,       300,       312
      5171,       325,       311,       299,       313
      5172,       295,       308,       324,       312
      5173,       327,       303,       290,       311
      5174,       309,       322,       310,       298
      5175,       310,       320,       307,       297
      5176,       307,       323,       306,       294
      5177,       305,       318,       309,       296
      5178,       306,       319,       304,       293
      5179,       305,       292,       303,       316
      5180,       304,       317,       302,       291
      5181,       199,       198,       321,       308
      5182,       302,       315,       301,       289
      5183,       301,       314,      2596,      2597
      5184,       313,       299,       285,       300
      5185,       312,       300,       282,       295
      5186,       298,       310,       297,       288
      5187,       296,       309,       298,       287
      5188,       297,       307,       294,       286
      5189,       311,       290,       279,       299
      5190,       294,       306,       293,       283
      5191,       296,       284,       292,       305
      5192,       293,       304,       291,       280
      5193,       292,       281,       290,       303
      5194,       291,       302,       289,       278
      5195,       200,       199,       308,       295
      5196,       289,       301,      2597,      2598
      5197,       287,       298,       288,       277
      5198,       288,       297,       286,       276
      5199,       287,       275,       284,       296
      5200,       300,       285,       270,       282
      5201,       286,       294,       283,       274
      5202,       284,       273,       281,       292
      5203,       299,       279,       268,       285
      5204,       283,       293,       280,       272
      5205,       279,       290,       281,       271
      5206,       280,       291,       278,       269
      5207,       295,       282,       201,       200
      5208,       278,       289,      2598,      2599
      5209,       277,       288,       276,       266
      5210,       277,       267,       275,       287
      5211,       276,       286,       274,       264
      5212,       275,       265,       273,       284
      5213,       274,       283,       272,       262
      5214,       271,       281,       273,       263
      5215,       285,       268,       259,       270
      5216,       272,       280,       269,       260
      5217,       268,       279,       271,       261
      5218,       282,       270,       202,       201
      5219,       269,       278,      2599,      2600
      5220,       267,       277,       266,       257
      5221,       267,       258,       265,       275
      5222,       264,       256,       266,       276
      5223,       263,       273,       265,       255
      5224,       264,       274,       262,       254
      5225,       261,       271,       263,       253
      5226,       262,       272,       260,       252
      5227,       259,       268,       261,       251
      5228,       260,       269,      2600,      2601
      5229,       270,       259,       203,       202
      5230,       258,       267,       257,       248
      5231,       256,       247,       257,       266
      5232,       254,       245,       256,       264
      5233,       253,       263,       255,       244
      5234,       254,       262,       252,       243
      5235,       251,       261,       253,       242
      5236,       252,       260,      2601,      2602
      5237,       203,       259,       251,       204
      5238,       258,       249,       250,       265
      5239,       255,       265,       250,       246
      5240,       249,       258,       248,       241
      5241,       247,       239,       248,       257
      5242,       245,       238,       247,       256
      5243,       246,       237,       244,       255
      5244,       245,       254,       243,       236
      5245,       242,       253,       244,       235
      5246,       243,       252,      2602,      2603
      5247,       204,       251,       242,       205
      5248,       240,       246,       250,       249
      5249,       240,       249,       241,       234
      5250,       241,       248,       239,       233
      5251,       238,       231,       239,       247
      5252,       240,       232,       237,       246
      5253,       238,       245,       236,       230
      5254,       237,       229,       235,       244
      5255,       236,       243,      2603,      2604
      5256,       205,       242,       235,       206
      5257,       234,       241,       233,       228
      5258,       232,       240,       234,       227
      5259,       233,       239,       231,       226
      5260,       231,       238,       230,       224
      5261,       232,       225,       229,       237
      5262,       230,       236,      2604,      2605
      5263,       229,       207,       206,       235
      5264,       228,       223,       227,       234
      5265,       228,       233,       226,       222
      5266,       225,       232,       227,       221
      5267,       226,       231,       224,       220
      5268,       224,       230,      2605,      2606
      5269,       225,       208,       207,       229
      5270,       222,       219,       223,       228
      5271,       223,       218,       221,       227
      5272,       222,       226,       220,       217
      5273,       208,       225,       221,       209
      5274,       220,       224,      2606,      2607
      5275,       219,       216,       218,       223
      5276,       219,       222,       217,       215
      5277,       218,       210,       209,       221
      5278,       217,       220,      2607,      2608
      5279,       216,       219,       215,       214
      5280,       216,       211,       210,       218
      5281,       215,       217,      2608,      2609
      5282,       211,       216,       214,       212
      5283,       214,       215,      2609,      2610
      5284,       212,       214,      2610,      2611
      5285,       381,       358,       195,       194
      5286,       376,       360,       343,       358
      5287,       377,       359,       342,       357
      5288,       356,       373,       357,       340
      5289,       339,       355,       374,       356
      5290,       341,       359,       361,       354
      5291,       372,       355,       338,       347
      5292,       366,       349,       332,       354
      5293,       352,       371,       353,       337
      5294,       353,       370,       351,       336
      5295,       350,       369,       352,       335
      5296,       351,       368,       348,       333
      5297,       349,       367,       350,       334
      5298,       346,       331,       348,       365
      5299,       522,       547,       521,       491
      5300,       523,       548,       522,       495
      5301,       530,       494,       509,       549
      5302,       543,       518,       500,       527
      5303,       535,       505,       511,       537
      5304,       541,       537,       511,       187
      5305,       533,       497,       510,       554
      5306,       550,       529,       501,       520
      5307,       519,       559,       526,       499
      5308,       514,       546,       534,       506
      5309,       503,       513,       553,       540
      5310,       504,       532,       555,       525
      5311,      2585,       531,       558,      2584
      5312,       524,       560,       538,       502
      5313,       186,       557,       541,       187
      5314,       508,       536,       556,       527
      5315,       520,       515,       551,       550
      5316,       515,       517,       552,       551
      5317,       563,       531,       507,       539
      5318,       542,       506,       534,       561
      5319,       514,       528,       562,       546
      5320,       552,       517,       526,       559
      5321,       529,       568,       549,       509
      5322,       518,       543,       564,       532
      5323,       569,       539,       512,       544
      5324,       538,       570,       545,       516
      5325,       521,       547,       566,       536
      5326,       513,       533,       567,       553
      5327,       530,       572,       554,       510
      5328,       565,       559,       519,       535
      5329,       548,       523,       545,       574
      5330,       548,       576,       547,       522
      5331,       573,       543,       527,       556
      5332,       575,       544,       525,       555
      5333,       560,       524,       542,       580
      5334,       577,       562,       528,       540
      5335,       571,       565,       535,       537
      5336,       561,       534,       546,       578
      5337,      2584,       558,       581,      2583
      5338,       185,       589,       557,       186
      5339,       579,       571,       537,       541
      5340,       550,       583,       568,       529
      5341,       532,       564,       585,       555
      5342,       572,       530,       549,       587
      5343,       536,       566,       582,       556
      5344,       531,       563,       588,       558
      5345,       560,       594,       570,       538
      5346,       554,       605,       567,       533
      5347,       591,       563,       539,       569
      5348,       579,       541,       557,       589
      5349,       592,       577,       540,       553
      5350,       550,       551,       584,       583
      5351,       593,       564,       543,       573
      5352,       551,       552,       586,       584
      5353,       580,       542,       561,       599
      5354,       546,       562,       595,       578
      5355,       597,       566,       547,       576
      5356,       598,       569,       544,       575
      5357,       552,       559,       590,       586
      5358,       570,       601,       574,       545
      5359,       568,       602,       587,       549
      5360,       576,       548,       574,       606
      5361,       559,       565,       596,       590
      5362,       600,       573,       556,       582
      5363,       592,       553,       567,       605
      5364,       607,       575,       555,       585
      5365,       608,      2582,      2583,       581
      5366,       613,       589,       185,       184
      5367,       604,       596,       565,       571
      5368,       561,       578,       603,       599
      5369,       558,       588,       612,       581
      5370,       572,       615,       605,       554
      5371,       611,       595,       562,       577
      5372,       594,       560,       580,       616
      5373,       591,       609,       588,       563
      5374,       614,       585,       564,       593
      5375,       610,       604,       571,       579
      5376,       618,       582,       566,       597
      5377,       583,       617,       602,       568
      5378,       622,       591,       569,       598
      5379,       621,       593,       573,       600
      5380,       594,       628,       601,       570
      5381,       615,       572,       587,       626
      5382,       625,       603,       578,       595
      5383,       624,       610,       579,       589
      5384,       583,       584,       619,       617
      5385,       629,       597,       576,       606
      5386,       584,       586,       620,       619
      5387,       630,       598,       575,       607
      5388,       631,       611,       577,       592
      5389,       601,       633,       606,       574
      5390,       586,       590,       623,       620
      5391,      2582,       608,       634,      2581
      5392,       616,       580,       599,       640
      5393,       639,       613,       184,       183
      5394,       582,       618,       632,       600
      5395,       590,       596,       627,       623
      5396,       636,       607,       585,       614
      5397,       638,       608,       581,       612
      5398,       602,       637,       626,       587
      5399,       612,       588,       609,       643
      5400,       635,       627,       596,       604
      5401,       622,       643,       609,       591
      5402,       642,       614,       593,       621
      5403,       645,       624,       589,       613
      5404,       605,       646,       631,       592
      5405,       651,       599,       603,       625
      5406,       611,       653,       625,       595
      5407,       628,       594,       616,       656
      5408,       648,       618,       597,       629
      5409,       644,       635,       604,       610
      5410,       652,       622,       598,       630
      5411,       606,       633,       641,       629
      5412,       617,       647,       637,       602
      5413,       600,       632,       649,       621
      5414,       615,       654,       646,       605
      5415,       628,       663,       633,       601
      5416,       660,      2580,      2581,       634
      5417,       661,       630,       607,       636
      5418,       665,       639,       183,       182
      5419,       650,       647,       617,       619
      5420,       658,       644,       610,       624
      5421,       655,       650,       619,       620
      5422,       608,       638,       664,       634
      5423,       657,       655,       620,       623
      5424,       654,       615,       626,       662
      5425,       668,       636,       614,       642
      5426,       659,       657,       623,       627
      5427,       670,       638,       612,       643
      5428,       618,       648,       666,       632
      5429,       675,       645,       613,       639
      5430,       673,       642,       621,       649
      5431,       656,       616,       640,       680
      5432,       707,       640,       599,       651
      5433,       676,       643,       622,       652
      5434,       669,       683,       611,       631
      5435,       662,       626,       637,       674
      5436,       677,       659,       627,       635
      5437,       663,       667,       641,       633
      5438,       671,       629,       641,       667
      5439,       679,       658,       624,       645
      5440,       631,       646,       672,       669
      5441,       682,       652,       630,       661
      5442,       684,      2579,      2580,       660
      5443,       611,       683,       678,       653
      5444,       653,       706,       651,       625
      5445,       632,       666,       681,       649
      5446,       686,       648,       629,       671
      5447,       663,       628,       656,       696
      5448,       691,       665,       182,       181
      5449,       647,       685,       674,       637
      5450,       693,       660,       634,       664
      5451,       688,       677,       635,       644
      5452,       694,       661,       636,       668
      5453,       638,       670,       699,       664
      5454,       687,       685,       647,       650
      5455,       705,       675,       639,       665
      5456,       689,       687,       650,       655
      5457,       700,       668,       642,       673
      5458,       654,       690,       697,       646
      5459,       692,       689,       655,       657
      5460,       698,       688,       644,       658
      5461,       704,       670,       643,       676
      5462,       695,       692,       657,       659
      5463,       648,       686,       701,       666
      5464,       690,       654,       662,       702
      5465,       711,       679,       645,       675
      5466,       708,       673,       649,       681
      5467,       697,       703,       672,       646
      5468,       713,       676,       652,       682
      5469,       663,       696,       709,       667
      5470,      2579,       684,       717,      2578
      5471,       715,       691,       181,       180
      5472,       678,       710,       706,       653
      5473,       678,       683,       669,       712
      5474,       669,       672,       703,       712
      5475,       702,       662,       674,       714
      5476,       719,       682,       661,       694
      5477,       721,       698,       658,       679
      5478,       667,       709,       716,       671
      5479,       640,       707,       740,       680
      5480,       696,       656,       680,       730
      5481,       722,       684,       660,       693
      5482,       728,       695,       659,       677
      5483,       666,       701,       718,       681
      5484,       664,       699,       726,       693
      5485,       724,       694,       668,       700
      5486,       733,       705,       665,       691
      5487,       723,       686,       671,       716
      5488,       685,       725,       714,       674
      5489,       670,       704,       735,       699
      5490,       675,       705,       720,       711
      5491,       736,       700,       673,       708
      5492,       770,       707,       651,       706
      5493,       744,       704,       676,       713
      5494,       731,       710,       678,       712
      5495,       727,       725,       685,       687
      5496,       737,       728,       677,       688
      5497,       729,       727,       687,       689
      5498,       179,       738,       715,       180
      5499,       734,       729,       689,       692
      5500,       746,       708,       681,       718
      5501,       739,       734,       692,       695
      5502,       686,       723,       742,       701
      5503,       747,       721,       679,       711
      5504,      2578,       717,       752,      2577
      5505,       690,       732,       743,       697
      5506,       745,       737,       688,       698
      5507,       690,       702,       741,       732
      5508,       751,       713,       682,       719
      5509,       750,       709,       696,       730
      5510,       684,       722,       757,       717
      5511,       749,       703,       697,       743
      5512,       753,       733,       691,       715
      5513,       759,       719,       694,       724
      5514,       706,       710,       731,       760
      5515,       693,       726,       761,       722
      5516,       695,       728,       748,       739
      5517,       721,       754,       745,       698
      5518,       756,       712,       703,       749
      5519,       701,       742,       758,       718
      5520,       680,       740,       768,       730
      5521,       714,       164,       741,       702
      5522,       763,       724,       700,       736
      5523,       699,       735,       767,       726
      5524,       747,       711,       720,       755
      5525,       762,       716,       709,       750
      5526,       764,       755,       720,       705
      5527,       704,       744,       772,       735
      5528,       771,       736,       708,       746
      5529,       178,       769,       738,       179
      5530,       756,       766,       731,       712
      5531,       753,       715,       738,       769
      5532,       725,       165,       164,       714
      5533,       774,       764,       705,       733
      5534,       776,       744,       713,       751
      5535,      2577,       752,       779,      2576
      5536,       166,       165,       725,       727
      5537,       167,       166,       727,       729
      5538,       778,       723,       716,       762
      5539,       168,       167,       729,       734
      5540,       775,       746,       718,       758
      5541,       169,       168,       734,       739
      5542,       707,       770,       783,       740
      5543,       163,       732,       741,       164
      5544,       747,       174,       754,       721
      5545,       717,       757,       782,       752
      5546,       706,       760,       777,       770
      5547,       172,       171,       728,       737
      5548,       781,       751,       719,       759
      5549,       723,       778,       765,       742
      5550,       169,       739,       748,       170
      5551,       171,       170,       748,       728
      5552,       732,       163,       162,       743
      5553,       730,       768,       773,       750
      5554,       173,       172,       737,       745
      5555,       722,       761,       785,       757
      5556,       161,       749,       743,       162
      5557,       786,       759,       724,       763
      5558,       758,       742,       765,       780
      5559,       733,       753,       784,       774
      5560,       731,       766,       159,       760
      5561,       787,       761,       726,       767
      5562,       173,       745,       754,       174
      5563,       160,       756,       749,       161
      5564,       788,       763,       736,       771
      5565,       735,       772,       790,       767
      5566,       175,       174,       747,       755
      5567,       794,       771,       746,       775
      5568,       159,       766,       756,       160
      5569,       740,       783,       793,       768
      5570,       744,       776,       795,       772
      5571,       178,       177,       801,       769
      5572,       753,       769,       789,       784
      5573,       798,      2575,      2576,       779
      5574,       176,       175,       755,       764
      5575,       799,       776,       751,       781
      5576,       797,       775,       758,       780
      5577,       159,       158,       777,       760
      5578,       791,       750,       773,       792
      5579,       750,       791,       800,       762
      5580,       752,       782,       802,       779
      5581,       796,       780,       765,       778
      5582,        41,       176,       764,       774
      5583,       793,       792,       773,       768
      5584,       157,       770,       777,       158
      5585,       757,       785,       805,       782
      5586,       804,       781,       759,       786
      5587,       761,       787,       808,       785
      5588,       770,       157,       156,       783
      5589,       809,       786,       763,       788
      5590,       762,       800,       807,       778
      5591,       774,       784,        42,        41
      5592,       810,       787,       767,       790
      5593,       769,       801,       803,       789
      5594,       811,       788,       771,       794
      5595,       775,       797,       806,       794
      5596,       772,       795,       813,       790
      5597,        52,       812,       801,       177
      5598,       784,       789,        43,        42
      5599,       783,       156,       155,       793
      5600,       814,      2574,      2575,       798
      5601,       776,       799,       815,       795
      5602,       816,       797,       780,       796
      5603,       817,       798,       779,       802
      5604,       819,       796,       778,       807
      5605,       818,       799,       781,       804
      5606,       793,       155,       154,       792
      5607,       782,       805,       820,       802
      5608,        43,       789,       803,        44
      5609,       792,       154,       153,       791
      5610,       822,       804,       786,       809
      5611,       785,       808,       824,       805
      5612,        45,        44,       803,       801
      5613,       787,       810,       826,       808
      5614,       825,       809,       788,       811
      5615,       791,       153,       152,       800
      5616,       816,       821,       806,       797
      5617,        51,       823,       812,        52
      5618,       828,       810,       790,       813
      5619,       827,       794,       806,       821
      5620,      2574,       814,       829,      2573
      5621,       812,        46,        45,       801
      5622,       795,       815,       830,       813
      5623,       800,       152,       151,       807
      5624,       833,       814,       798,       817
      5625,       832,       816,       796,       819
      5626,       799,       818,       835,       815
      5627,       834,       811,       794,       827
      5628,       836,       817,       802,       820
      5629,       837,       818,       804,       822
      5630,       805,       824,       838,       820
      5631,       823,        47,        46,       812
      5632,        50,       831,       823,        51
      5633,       839,       822,       809,       825
      5634,       150,       819,       807,       151
      5635,       808,       826,       841,       824
      5636,       810,       828,       842,       826
      5637,       816,       832,       840,       821
      5638,       843,      2572,      2573,       829
      5639,       845,       825,       811,       834
      5640,       844,       828,       813,       830
      5641,       831,        48,        47,       823
      5642,       814,       833,       846,       829
      5643,       815,       835,       848,       830
      5644,       149,       832,       819,       150
      5645,       849,       833,       817,       836
      5646,        49,        48,       831,        50
      5647,       821,       840,       847,       827
      5648,       818,       837,       850,       835
      5649,       820,       838,       851,       836
      5650,       852,       837,       822,       839
      5651,       824,       841,       854,       838
      5652,       853,       834,       827,       847
      5653,       826,       842,       855,       841
      5654,       856,       839,       825,       845
      5655,       832,       149,       148,       840
      5656,       857,      2571,      2572,       843
      5657,       828,       844,       858,       842
      5658,       859,       843,       829,       846
      5659,       861,       844,       830,       848
      5660,       833,       849,       862,       846
      5661,       835,       850,       863,       848
      5662,       840,       148,       147,       847
      5663,       834,       853,       864,       845
      5664,       837,       852,       865,       850
      5665,       836,       851,       866,       849
      5666,       841,       855,       860,       854
      5667,       838,       854,       868,       851
      5668,       867,       852,       839,       856
      5669,       146,       853,       847,       147
      5670,       869,      2570,      2571,       857
      5671,       842,       858,       870,       855
      5672,       873,       857,       843,       859
      5673,       844,       861,       874,       858
      5674,       845,       864,       871,       856
      5675,       876,       859,       846,       862
      5676,       878,       861,       848,       863
      5677,       850,       865,       877,       863
      5678,       853,       146,       145,       864
      5679,       849,       866,       880,       862
      5680,       870,       872,       860,       855
      5681,       852,       867,       879,       865
      5682,       875,       854,       860,       872
      5683,       851,       868,       881,       866
      5684,       883,      2569,      2570,       869
      5685,       882,       867,       856,       871
      5686,       884,       868,       854,       875
      5687,       864,       145,       144,       871
      5688,       886,       869,       857,       873
      5689,       858,       874,       885,       870
      5690,       889,       873,       859,       876
      5691,       861,       878,       890,       874
      5692,       863,       877,       887,       878
      5693,       865,       879,       888,       877
      5694,       862,       880,       892,       876
      5695,       866,       881,       894,       880
      5696,       867,       882,       893,       879
      5697,       891,       872,       870,       885
      5698,       143,       882,       871,       144
      5699,       896,       881,       868,       884
      5700,      2569,       883,       897,      2568
      5701,       895,       875,       872,       891
      5702,       900,       883,       869,       886
      5703,       873,       889,       898,       886
      5704,       874,       890,       902,       885
      5705,       877,       888,       899,       887
      5706,       878,       887,       903,       890
      5707,       882,       143,       142,       893
      5708,       876,       892,       904,       889
      5709,       879,       893,       901,       888
      5710,       905,       884,       875,       895
      5711,       880,       894,       907,       892
      5712,       881,       896,       910,       894
      5713,      2568,       897,       912,      2567
      5714,       908,       891,       885,       902
      5715,       886,       898,       906,       900
      5716,       893,       142,       141,       901
      5717,       883,       900,       914,       897
      5718,       888,       901,       911,       899
      5719,       889,       904,       909,       898
      5720,       913,       896,       884,       905
      5721,       887,       899,       915,       903
      5722,       890,       903,       918,       902
      5723,       916,       895,       891,       908
      5724,       892,       907,       919,       904
      5725,       901,       141,       140,       911
      5726,       909,       917,       906,       898
      5727,       920,       907,       894,       910
      5728,      2567,       912,       925,      2566
      5729,       923,       905,       895,       916
      5730,       921,       900,       906,       917
      5731,       896,       913,       926,       910
      5732,       899,       911,       922,       915
      5733,       924,       908,       902,       918
      5734,       897,       914,       928,       912
      5735,       904,       919,       927,       909
      5736,       911,       140,       139,       922
      5737,       903,       915,       931,       918
      5738,       900,       921,       933,       914
      5739,       929,       913,       905,       923
      5740,       932,       916,       908,       924
      5741,       934,       919,       907,       920
      5742,       909,       927,       935,       917
      5743,       936,      2565,      2566,       925
      5744,       937,       920,       910,       926
      5745,       915,       922,       930,       931
      5746,       139,       138,       930,       922
      5747,       912,       928,       940,       925
      5748,       938,       923,       916,       932
      5749,       939,       924,       918,       931
      5750,       913,       929,       941,       926
      5751,       917,       935,       943,       921
      5752,       919,       934,       942,       927
      5753,       914,       933,       944,       928
      5754,       137,       931,       930,       138
      5755,       945,       929,       923,       938
      5756,       948,      2564,      2565,       936
      5757,       946,       932,       924,       939
      5758,       947,       934,       920,       937
      5759,       136,       939,       931,       137
      5760,       921,       943,       950,       933
      5761,       927,       942,       949,       935
      5762,       952,       936,       925,       940
      5763,       926,       941,       951,       937
      5764,       953,       938,       932,       946
      5765,       928,       944,       956,       940
      5766,       929,       945,       954,       941
      5767,       934,       947,       955,       942
      5768,       135,       946,       939,       136
      5769,      2564,       948,       958,      2563
      5770,       957,       943,       935,       949
      5771,       933,       950,       959,       944
      5772,       960,       945,       938,       953
      5773,       937,       951,       962,       947
      5774,       963,       948,       936,       952
      5775,       954,       961,       951,       941
      5776,       942,       955,       964,       949
      5777,       134,       953,       946,       135
      5778,       966,       952,       940,       956
      5779,       943,       957,       965,       950
      5780,       945,       960,       967,       954
      5781,       944,       959,       969,       956
      5782,       970,      2562,      2563,       958
      5783,       947,       962,       968,       955
      5784,       971,       957,       949,       964
      5785,       133,       960,       953,       134
      5786,       948,       963,       972,       958
      5787,       962,       951,       961,       974
      5788,       950,       965,       973,       959
      5789,       967,       974,       961,       954
      5790,       976,       963,       952,       966
      5791,       975,       964,       955,       968
      5792,       978,       966,       956,       969
      5793,       960,       133,       132,       967
      5794,       957,       971,       977,       965
      5795,       979,      2561,      2562,       970
      5796,       962,       974,       980,       968
      5797,       981,       970,       958,       972
      5798,       959,       973,       982,       969
      5799,       983,       971,       964,       975
      5800,       963,       976,       984,       972
      5801,       967,       132,       131,       974
      5802,       965,       977,       985,       973
      5803,       986,       975,       968,       980
      5804,       987,       976,       966,       978
      5805,      2561,       979,       988,      2560
      5806,       990,       978,       969,       982
      5807,       971,       983,       989,       977
      5808,       991,       979,       970,       981
      5809,       974,       131,       130,       980
      5810,       992,       981,       972,       984
      5811,       973,       985,       993,       982
      5812,       994,       983,       975,       986
      5813,       976,       987,       995,       984
      5814,       997,      2559,      2560,       988
      5815,       977,       989,       996,       985
      5816,       980,       130,       129,       986
      5817,       998,       987,       978,       990
      5818,       979,       991,       999,       988
      5819,       983,       994,      1000,       989
      5820,      1001,       990,       982,       993
      5821,      1002,       991,       981,       992
      5822,      1003,       992,       984,       995
      5823,       986,       129,       128,       994
      5824,       985,       996,      1004,       993
      5825,      1005,      2558,      2559,       997
      5826,       987,       998,      1006,       995
      5827,      1008,       997,       988,       999
      5828,       989,      1000,      1007,       996
      5829,      1009,       998,       990,      1001
      5830,       991,      1002,      1010,       999
      5831,       994,       128,       127,      1000
      5832,       993,      1004,      1011,      1001
      5833,      1013,      1002,       992,      1003
      5834,      2558,      1005,      1014,      2557
      5835,      1006,      1012,      1003,       995
      5836,       996,      1007,      1015,      1004
      5837,      1017,      1005,       997,      1008
      5838,       998,      1009,      1018,      1006
      5839,      1010,      1016,      1008,       999
      5840,      1000,       127,       126,      1007
      5841,      1001,      1011,      1019,      1009
      5842,      1002,      1013,      1020,      1010
      5843,      2557,      1014,      1021,      2556
      5844,      1013,      1003,      1012,      1023
      5845,      1004,      1015,      1022,      1011
      5846,      1018,      1023,      1012,      1006
      5847,      1005,      1017,      1024,      1014
      5848,      1007,       126,       125,      1015
      5849,      1017,      1008,      1016,      1026
      5850,      1009,      1019,      1025,      1018
      5851,      1020,      1026,      1016,      1010
      5852,      1011,      1022,      1027,      1019
      5853,      2556,      1021,      1028,      2555
      5854,      1029,      1020,      1013,      1023
      5855,      1015,       125,       124,      1022
      5856,      1014,      1024,      1030,      1021
      5857,      1018,      1025,      1031,      1023
      5858,      1017,      1026,      1032,      1024
      5859,      1019,      1027,      1033,      1025
      5860,      1034,      1026,      1020,      1029
      5861,      1022,       124,       123,      1027
      5862,      1035,      2554,      2555,      1028
      5863,      1021,      1030,      1036,      1028
      5864,      1037,      1029,      1023,      1031
      5865,      1024,      1032,      1038,      1030
      5866,      1025,      1033,      1039,      1031
      5867,      1040,      1032,      1026,      1034
      5868,      1027,       123,       122,      1033
      5869,      1041,      2553,      2554,      1035
      5870,      1042,      1034,      1029,      1037
      5871,      1043,      1035,      1028,      1036
      5872,      1030,      1038,      1044,      1036
      5873,      1031,      1039,      1045,      1037
      5874,      1033,       122,       121,      1039
      5875,      1046,      1038,      1032,      1040
      5876,      2553,      1041,      1047,      2552
      5877,      1048,      1040,      1034,      1042
      5878,      1049,      1041,      1035,      1043
      5879,      1036,      1044,      1050,      1043
      5880,      1037,      1045,      1051,      1042
      5881,      1039,       121,       120,      1045
      5882,      1038,      1046,      1052,      1044
      5883,      1053,      1046,      1040,      1048
      5884,      2552,      1047,      1054,      2551
      5885,      1041,      1049,      1055,      1047
      5886,      1042,      1051,      1056,      1048
      5887,      1045,       120,       119,      1051
      5888,      1043,      1050,      1057,      1049
      5889,      1058,      1050,      1044,      1052
      5890,      1046,      1053,      1059,      1052
      5891,      2551,      1054,      1060,      2550
      5892,      1047,      1055,      1061,      1054
      5893,      1048,      1056,      1062,      1053
      5894,      1051,       119,       118,      1056
      5895,      1049,      1057,      1063,      1055
      5896,      1064,      1057,      1050,      1058
      5897,      1065,      1058,      1052,      1059
      5898,      2550,      1060,      1067,      2549
      5899,      1056,       118,       117,      1062
      5900,      1053,      1062,      1066,      1059
      5901,      1054,      1061,      1068,      1060
      5902,      1055,      1063,      1069,      1061
      5903,      1057,      1064,      1070,      1063
      5904,      1071,      1064,      1058,      1065
      5905,      1062,       117,       116,      1066
      5906,      1072,      1065,      1059,      1066
      5907,      2549,      1067,      1073,      2548
      5908,      1060,      1068,      1074,      1067
      5909,      1061,      1069,      1076,      1068
      5910,      1063,      1070,      1075,      1069
      5911,      1064,      1071,      1077,      1070
      5912,       115,      1072,      1066,       116
      5913,      1078,      1071,      1065,      1072
      5914,      2548,      1073,      1079,      2547
      5915,      1067,      1074,      1081,      1073
      5916,      1069,      1075,      1080,      1076
      5917,      1068,      1076,      1083,      1074
      5918,      1070,      1077,      1082,      1075
      5919,       114,      1078,      1072,       115
      5920,      1071,      1078,      1084,      1077
      5921,      2547,      1079,      1087,      2546
      5922,      1076,      1080,      1085,      1083
      5923,      1075,      1082,      1086,      1080
      5924,      1073,      1081,      1088,      1079
      5925,      1078,       114,       113,      1084
      5926,      1074,      1083,      1091,      1081
      5927,      1077,      1084,      1090,      1082
      5928,      1086,      1089,      1085,      1080
      5929,      2546,      1087,      1092,      2545
      5930,      1093,      1083,      1085,      1089
      5931,      1079,      1088,      1095,      1087
      5932,      1082,      1090,      1094,      1086
      5933,      1084,       113,       112,      1090
      5934,      1081,      1091,      1096,      1088
      5935,      1098,      2544,      2545,      1092
      5936,      1083,      1093,      1099,      1091
      5937,      1097,      1089,      1086,      1094
      5938,      1090,       112,       111,      1094
      5939,      1087,      1095,      1100,      1092
      5940,      1101,      1093,      1089,      1097
      5941,      1088,      1096,      1102,      1095
      5942,      2544,      1098,      1103,      2543
      5943,       110,      1097,      1094,       111
      5944,      1091,      1099,      1104,      1096
      5945,      1105,      1098,      1092,      1100
      5946,      1093,      1101,      1108,      1099
      5947,      1095,      1102,      1107,      1100
      5948,       109,      1101,      1097,       110
      5949,      1103,      1106,      2542,      2543
      5950,      1096,      1104,      1109,      1102
      5951,      1098,      1105,      1110,      1103
      5952,      1099,      1108,      1112,      1104
      5953,      1111,      1105,      1100,      1107
      5954,      1101,       109,       108,      1108
      5955,      2541,      2542,      1106,      1114
      5956,      1113,      1107,      1102,      1109
      5957,      1110,      1114,      1106,      1103
      5958,      1105,      1111,      1115,      1110
      5959,      1104,      1112,      1116,      1109
      5960,      1108,       108,       107,      1112
      5961,      1117,      1111,      1107,      1113
      5962,      2541,      1114,      1118,      2540
      5963,      1110,      1115,      1119,      1114
      5964,      1120,      1113,      1109,      1116
      5965,      1112,       107,       106,      1116
      5966,      1111,      1117,      1121,      1115
      5967,      2540,      1118,      1122,      2539
      5968,      1123,      1117,      1113,      1120
      5969,      1114,      1119,      1124,      1118
      5970,      1116,       106,       105,      1120
      5971,      1115,      1121,      1125,      1119
      5972,      1126,      2538,      2539,      1122
      5973,      1117,      1123,      1127,      1121
      5974,      1118,      1124,      1128,      1122
      5975,      1120,       105,       104,      1123
      5976,      1119,      1125,      1129,      1124
      5977,      2538,      1126,      1130,      2537
      5978,      1121,      1127,      1131,      1125
      5979,      1123,       104,       103,      1127
      5980,      1132,      1126,      1122,      1128
      5981,      1124,      1129,      1133,      1128
      5982,      1125,      1131,      1134,      1129
      5983,      2537,      1130,      1135,      2536
      5984,      1127,       103,       102,      1131
      5985,      1126,      1132,      1136,      1130
      5986,      1128,      1133,      1137,      1132
      5987,      1129,      1134,      1138,      1133
      5988,      1139,      2535,      2536,      1135
      5989,      1131,       102,       101,      1134
      5990,      1130,      1136,      1141,      1135
      5991,      1137,      1140,      1136,      1132
      5992,      1133,      1138,      1142,      1137
      5993,      1134,       101,       100,      1138
      5994,      1143,      2534,      2535,      1139
      5995,      1144,      1139,      1135,      1141
      5996,      1141,      1136,      1140,      1145
      5997,      1142,      1145,      1140,      1137
      5998,      1138,       100,        99,      1142
      5999,      2534,      1143,      1146,      2533
      6000,      1147,      1143,      1139,      1144
      6001,      1148,      1144,      1141,      1145
      6002,      1142,        99,        98,      1145
      6003,      2533,      1146,      1149,      2532
      6004,      1143,      1147,      1150,      1146
      6005,      1151,      1147,      1144,      1148
      6006,        97,      1148,      1145,        98
      6007,      1152,      2531,      2532,      1149
      6008,      1146,      1150,      1153,      1149
      6009,      1147,      1151,      1154,      1150
      6010,        96,      1151,      1148,        97
      6011,      1155,      2530,      2531,      1152
      6012,      1156,      1152,      1149,      1153
      6013,      1150,      1154,      1157,      1153
      6014,      1151,        96,        95,      1154
      6015,      1158,      2529,      2530,      1155
      6016,      1159,      1155,      1152,      1156
      6017,      1160,      1156,      1153,      1157
      6018,      1154,        95,        94,      1157
      6019,      2529,      1158,      1161,      2528
      6020,      1162,      1158,      1155,      1159
      6021,      1163,      1159,      1156,      1160
      6022,        93,      1160,      1157,        94
      6023,      2528,      1161,      1164,      2527
      6024,      1158,      1162,      1165,      1161
      6025,      1166,      1162,      1159,      1163
      6026,        92,      1163,      1160,        93
      6027,      1167,      2526,      2527,      1164
      6028,      1161,      1165,      1168,      1164
      6029,      1162,      1166,      1169,      1165
      6030,        91,      1166,      1163,        92
      6031,      1170,      2525,      2526,      1167
      6032,      1171,      1167,      1164,      1168
      6033,      1165,      1169,      1172,      1168
      6034,      1166,        91,        90,      1169
      6035,      1173,      2524,      2525,      1170
      6036,      1174,      1170,      1167,      1171
      6037,      1175,      1171,      1168,      1172
      6038,      1169,        90,        89,      1172
      6039,      2524,      1173,      1176,      2523
      6040,      1177,      1173,      1170,      1174
      6041,      1178,      1174,      1171,      1175
      6042,        88,      1175,      1172,        89
      6043,      2523,      1176,      1179,      2522
      6044,      1173,      1177,      1180,      1176
      6045,        87,      1178,      1175,        88
      6046,      1181,      1177,      1174,      1178
      6047,        86,      1181,      1178,        87
      6048,      1182,      2521,      2522,      1179
      6049,      1176,      1180,      1183,      1179
      6050,      1177,      1181,      1184,      1180
      6051,      1181,        86,        85,      1184
      6052,      1185,      2520,      2521,      1182
      6053,      1186,      1182,      1179,      1183
      6054,      1180,      1184,      1187,      1183
      6055,      1184,        85,        84,      1187
      6056,      1188,      1185,      1182,      1186
      6057,      1189,      2519,      2520,      1185
      6058,      1190,      1186,      1183,      1187
      6059,        83,      1190,      1187,        84
      6060,      1191,      1189,      1185,      1188
      6061,      1192,      1188,      1186,      1190
      6062,      1193,      2518,      2519,      1189
      6063,        82,      1192,      1190,        83
      6064,      1194,      1191,      1188,      1192
      6065,      1195,      1193,      1189,      1191
      6066,      1196,      2517,      2518,      1193
      6067,        81,      1194,      1192,        82
      6068,      1197,      1195,      1191,      1194
      6069,      1198,      1196,      1193,      1195
      6070,      1199,      2516,      2517,      1196
      6071,        80,      1197,      1194,        81
      6072,      1200,      1198,      1195,      1197
      6073,      1201,      1199,      1196,      1198
      6074,      1202,      2515,      2516,      1199
      6075,        79,      1200,      1197,        80
      6076,      1203,      1201,      1198,      1200
      6077,      1204,      1202,      1199,      1201
      6078,      1205,      2514,      2515,      1202
      6079,        78,      1203,      1200,        79
      6080,      2514,      1205,      1206,      2513
      6081,      1207,      1204,      1201,      1203
      6082,      1208,      1205,      1202,      1204
      6083,        77,      1207,      1203,        78
      6084,      1208,      1209,      1206,      1205
      6085,      1210,      1208,      1204,      1207
      6086,      1211,      2513,      1206,      1209
      6087,      1212,      2512,      2513,      1211
      6088,        76,      1210,      1207,        77
      6089,      1208,      1210,      1213,      1209
      6090,      1215,      2511,      2512,      1212
      6091,      1209,      1213,      1214,      1211
      6092,      1210,        76,        75,      1213
      6093,      1216,      1212,      1211,      1214
      6094,      1217,      2510,      2511,      1215
      6095,      1213,        75,        74,      1214
      6096,      1218,      1215,      1212,      1216
      6097,        73,      1216,      1214,        74
      6098,      1219,      2509,      2510,      1217
      6099,      1220,      1217,      1215,      1218
      6100,        72,      1218,      1216,        73
      6101,      1221,      2508,      2509,      1219
      6102,      1217,      1220,      1222,      1219
      6103,        71,      1220,      1218,        72
      6104,      1223,      2507,      2508,      1221
      6105,      1219,      1222,      1224,      1221
      6106,      1220,        71,        70,      1222
      6107,      1225,      2506,      2507,      1223
      6108,      1226,      1223,      1221,      1224
      6109,      1222,        70,        69,      1224
      6110,      1227,      2505,      2506,      1225
      6111,      1228,      1225,      1223,      1226
      6112,        68,      1226,      1224,        69
      6113,      1229,      2504,      2505,      1227
      6114,      1230,      1227,      1225,      1228
      6115,        67,      1228,      1226,        68
      6116,      1231,      2503,      2504,      1229
      6117,      1227,      1230,      1232,      1229
      6118,        66,      1230,      1228,        67
      6119,      1233,      2502,      2503,      1231
      6120,      1229,      1232,      1234,      1231
      6121,      1230,        66,        65,      1232
      6122,      1235,      2501,      2502,      1233
      6123,      1236,      1233,      1231,      1234
      6124,      1232,        65,        64,      1234
      6125,      1237,      2500,      2501,      1235
      6126,      1238,      1235,      1233,      1236
      6127,        63,      1236,      1234,        64
      6128,      1239,      2499,      2500,      1237
      6129,      1240,      1237,      1235,      1238
      6130,        62,      1238,      1236,        63
      6131,      1241,      2498,      2499,      1239
      6132,      1237,      1240,      1242,      1239
      6133,        61,      1240,      1238,        62
      6134,      1243,      2497,      2498,      1241
      6135,      1239,      1242,      1244,      1241
      6136,      1240,        61,        60,      1242
      6137,      1245,      2496,      2497,      1243
      6138,      1246,      1243,      1241,      1244
      6139,      1242,        60,        59,      1244
      6140,      1247,      2495,      2496,      1245
      6141,      1248,      1245,      1243,      1246
      6142,        58,      1246,      1244,        59
      6143,      1249,      2494,      2495,      1247
      6144,      1250,      1247,      1245,      1248
      6145,        57,      1248,      1246,        58
      6146,      1251,      2493,      2494,      1249
      6147,      1247,      1250,      1252,      1249
      6148,        56,      1250,      1248,        57
      6149,      1253,      2492,      2493,      1251
      6150,      1249,      1252,      1254,      1251
      6151,      1250,        56,        55,      1252
      6152,      1255,      2491,      2492,      1253
      6153,      1256,      1253,      1251,      1254
      6154,      1252,        55,        54,      1254
      6155,      1257,      2490,      2491,      1255
      6156,      1258,      1255,      1253,      1256
      6157,        53,      1256,      1254,        54
      6158,      1259,      2489,      2490,      1257
      6159,      1260,      1257,      1255,      1258
      6160,        40,      1258,      1256,        53
      6161,      1261,      2488,      2489,      1259
      6162,      1257,      1260,      1262,      1259
      6163,        39,      1260,      1258,        40
      6164,      1263,      2487,      2488,      1261
      6165,      1259,      1262,      1264,      1261
      6166,      1260,        39,        38,      1262
      6167,      1265,      2486,      2487,      1263
      6168,      1266,      1263,      1261,      1264
      6169,      1262,        38,        37,      1264
      6170,      1267,      2485,      2486,      1265
      6171,      1268,      1265,      1263,      1266
      6172,        36,      1266,      1264,        37
      6173,      2485,      1267,      1269,      2484
      6174,      1270,      1267,      1265,      1268
      6175,        35,      1268,      1266,        36
      6176,      1271,      2483,      2484,      1269
      6177,      1267,      1270,      1272,      1269
      6178,        34,      1270,      1268,        35
      6179,      1273,      2482,      2483,      1271
      6180,      1274,      1271,      1269,      1272
      6181,      1270,        34,        33,      1272
      6182,      1275,      2481,      2482,      1273
      6183,      1276,      1273,      1271,      1274
      6184,        32,      1274,      1272,        33
      6185,      1277,      2480,      2481,      1275
      6186,      1278,      1275,      1273,      1276
      6187,        31,      1276,      1274,        32
      6188,      2480,      1277,      1279,      2479
      6189,      1280,      1277,      1275,      1278
      6190,        30,      1278,      1276,        31
      6191,      1281,      2478,      2479,      1279
      6192,      1277,      1280,      1282,      1279
      6193,        29,      1280,      1278,        30
      6194,      1283,      2477,      2478,      1281
      6195,      1284,      1281,      1279,      1282
      6196,      1280,        29,        28,      1282
      6197,      1285,      2476,      2477,      1283
      6198,      1286,      1283,      1281,      1284
      6199,        27,      1284,      1282,        28
      6200,      1287,      2475,      2476,      1285
      6201,        26,      1286,      1284,        27
      6202,      1288,      1285,      1283,      1286
      6203,      2475,      1287,      1289,      2474
      6204,        25,      1288,      1286,        26
      6205,      1290,      1287,      1285,      1288
      6206,      1291,      2473,      2474,      1289
      6207,        24,      1290,      1288,        25
      6208,      1287,      1290,      1292,      1289
      6209,      1293,      2472,      2473,      1291
      6210,      1290,        24,        23,      1292
      6211,      1294,      1291,      1289,      1292
      6212,      1295,      2471,      2472,      1293
      6213,        22,      1294,      1292,        23
      6214,      1296,      1293,      1291,      1294
      6215,      1297,      2470,      2471,      1295
      6216,        21,      1296,      1294,        22
      6217,      1298,      1295,      1293,      1296
      6218,      2470,      1297,      1299,      2469
      6219,        20,      1298,      1296,        21
      6220,      1300,      1297,      1295,      1298
      6221,      1301,      2468,      2469,      1299
      6222,        19,      1300,      1298,        20
      6223,      1297,      1300,      1302,      1299
      6224,      1303,      2467,      2468,      1301
      6225,      1300,        19,        18,      1302
      6226,      1304,      1301,      1299,      1302
      6227,      1305,      2466,      2467,      1303
      6228,        17,      1304,      1302,        18
      6229,      1306,      1303,      1301,      1304
      6230,      1307,      2465,      2466,      1305
      6231,        16,      1306,      1304,        17
      6232,      1308,      1305,      1303,      1306
      6233,        15,      1308,      1306,        16
      6234,      2465,      1307,      1309,      2464
      6235,      1310,      1307,      1305,      1308
      6236,        14,      1310,      1308,        15
      6237,      1311,      2463,      2464,      1309
      6238,      1307,      1310,      1312,      1309
      6239,      1310,        14,        13,      1312
      6240,      1313,      2462,      2463,      1311
      6241,      1314,      1311,      1309,      1312
      6242,        12,      1314,      1312,        13
      6243,      1315,      2461,      2462,      1313
      6244,      1316,      1313,      1311,      1314
      6245,        11,      1316,      1314,        12
      6246,      1318,      2460,      2461,      1315
      6247,      1317,      1315,      1313,      1316
      6248,        10,      1317,      1316,        11
      6249,      1319,      1318,      1315,      1317
      6250,      2460,      1318,      1320,      2459
      6251,         9,      1319,      1317,        10
      6252,      1318,      1319,      1321,      1320
      6253,      1322,      2458,      2459,      1320
      6254,      1319,         9,         8,      1321
      6255,      1323,      1322,      1320,      1321
      6256,      1324,      2457,      2458,      1322
      6257,         7,      1323,      1321,         8
      6258,      1325,      1324,      1322,      1323
      6259,      2457,      1324,      1326,      2456
      6260,         6,      1325,      1323,         7
      6261,      1324,      1325,      1328,      1326
      6262,      1326,      1327,      2455,      2456
      6263,      1325,         6,         5,      1328
      6264,      1328,      1329,      1327,      1326
      6265,      2454,      2455,      1327,      1329
      6266,      1328,         5,         4,      1329
      6267,      2454,      1329,      1330,      2453
      6268,      1329,         4,         3,      1330
      6269,      2453,      1330,      1331,      2452
      6270,      1330,         3,         2,      1331
      6271,      2452,      1331,       213,      2451
      6272,      1331,         2,         1,       213
*****
