**
**   Template: 2D Helmholtz solver
**
*NODE
         1,  1000.0         ,  -400.0         ,  0.0            
         2,  1025.0         ,  -400.0         ,  0.0            
         3,  1050.0         ,  -400.0         ,  0.0            
         4,  1075.0         ,  -400.0         ,  0.0            
         5,  1100.0         ,  -400.0         ,  0.0            
         6,  1125.0         ,  -400.0         ,  0.0            
         7,  1150.0         ,  -400.0         ,  0.0            
         8,  1175.0         ,  -400.0         ,  0.0            
         9,  1200.0         ,  -400.0         ,  0.0            
        10,  1225.0         ,  -400.0         ,  0.0            
        11,  1250.0         ,  -400.0         ,  0.0            
        12,  1275.0         ,  -400.0         ,  0.0            
        13,  1300.0         ,  -400.0         ,  0.0            
        14,  1325.0         ,  -400.0         ,  0.0            
        15,  1350.0         ,  -400.0         ,  0.0            
        16,  1375.0         ,  -400.0         ,  0.0            
        17,  1400.0         ,  -400.0         ,  0.0            
        18,  1425.0         ,  -400.0         ,  0.0            
        19,  1450.0         ,  -400.0         ,  0.0            
        20,  1475.0         ,  -400.0         ,  0.0            
        21,  1500.0         ,  -400.0         ,  0.0            
        22,  1525.0         ,  -400.0         ,  0.0            
        23,  1550.0         ,  -400.0         ,  0.0            
        24,  1575.0         ,  -400.0         ,  0.0            
        25,  1600.0         ,  -400.0         ,  0.0            
        26,  1625.0         ,  -400.0         ,  0.0            
        27,  1650.0         ,  -400.0         ,  0.0            
        28,  1675.0         ,  -400.0         ,  0.0            
        29,  1700.0         ,  -400.0         ,  0.0            
        30,  1725.0         ,  -400.0         ,  0.0            
        31,  1750.0         ,  -400.0         ,  0.0            
        32,  1775.0         ,  -400.0         ,  0.0            
        33,  1800.0         ,  -400.0         ,  0.0            
        34,  1825.0         ,  -400.0         ,  0.0            
        35,  1850.0         ,  -400.0         ,  0.0            
        36,  1875.0         ,  -400.0         ,  0.0            
        37,  1900.0         ,  -400.0         ,  0.0            
        38,  1925.0         ,  -400.0         ,  0.0            
        39,  1950.0         ,  -400.0         ,  0.0            
        40,  1975.0         ,  -400.0         ,  0.0            
        41,  2000.0         ,  -400.0         ,  0.0            
        42,  2000.0         ,  -375.0         ,  0.0            
        43,  2000.0         ,  -350.0         ,  0.0            
        44,  2000.0         ,  -325.0         ,  0.0            
        45,  2000.0         ,  -300.0         ,  0.0            
        46,  2000.0         ,  -275.0         ,  0.0            
        47,  2000.0         ,  -250.0         ,  0.0            
        48,  2000.0         ,  -225.0         ,  0.0            
        49,  2000.0         ,  -200.0         ,  0.0            
        50,  2000.0         ,  -175.0         ,  0.0            
        51,  2000.0         ,  -150.0         ,  0.0            
        52,  1975.0         ,  -150.0         ,  0.0            
        53,  1950.0         ,  -150.0         ,  0.0            
        54,  1925.0         ,  -150.0         ,  0.0            
        55,  1900.0         ,  -150.0         ,  0.0            
        56,  1875.0         ,  -150.0         ,  0.0            
        57,  1850.0         ,  -150.0         ,  0.0            
        58,  1825.0         ,  -150.0         ,  0.0            
        59,  1800.0         ,  -150.0         ,  0.0            
        60,  1775.0         ,  -150.0         ,  0.0            
        61,  1750.0         ,  -150.0         ,  0.0            
        62,  1725.0         ,  -150.0         ,  0.0            
        63,  1700.0         ,  -150.0         ,  0.0            
        64,  1675.0         ,  -150.0         ,  0.0            
        65,  1650.0         ,  -150.0         ,  0.0            
        66,  1625.0         ,  -150.0         ,  0.0            
        67,  1600.0         ,  -150.0         ,  0.0            
        68,  1575.0         ,  -150.0         ,  0.0            
        69,  1550.0         ,  -150.0         ,  0.0            
        70,  1525.0         ,  -150.0         ,  0.0            
        71,  1500.0         ,  -150.0         ,  0.0            
        72,  1475.0         ,  -150.0         ,  0.0            
        73,  1450.0         ,  -150.0         ,  0.0            
        74,  1425.0         ,  -150.0         ,  0.0            
        75,  1400.0         ,  -150.0         ,  0.0            
        76,  1375.0         ,  -150.0         ,  0.0            
        77,  1350.0         ,  -150.0         ,  0.0            
        78,  1325.0         ,  -150.0         ,  0.0            
        79,  1300.0         ,  -150.0         ,  0.0            
        80,  1275.0         ,  -150.0         ,  0.0            
        81,  1250.0         ,  -150.0         ,  0.0            
        82,  1225.0         ,  -150.0         ,  0.0            
        83,  1200.0         ,  -150.0         ,  0.0            
        84,  1175.0         ,  -150.0         ,  0.0            
        85,  1150.0         ,  -150.0         ,  0.0            
        86,  1125.0         ,  -150.0         ,  0.0            
        87,  1100.0         ,  -150.0         ,  0.0            
        88,  1075.0         ,  -150.0         ,  0.0            
        89,  1050.0         ,  -150.0         ,  0.0            
        90,  1025.0         ,  -150.0         ,  0.0            
        91,  1000.0         ,  -150.0         ,  0.0            
        92,  1000.0         ,  -175.0         ,  0.0            
        93,  1000.0         ,  -200.0         ,  0.0            
        94,  1000.0         ,  -225.0         ,  0.0            
        95,  1000.0         ,  -250.0         ,  0.0            
        96,  1000.0         ,  -275.0         ,  0.0            
        97,  1000.0         ,  -300.0         ,  0.0            
        98,  1000.0         ,  -325.0         ,  0.0            
        99,  1000.0         ,  -350.0         ,  0.0            
       100,  1000.0         ,  -375.0         ,  0.0            
       101,  1500.0         ,  -175.0         ,  0.0            
       102,  1500.0         ,  -200.0         ,  0.0            
       103,  1500.0         ,  -225.0         ,  0.0            
       104,  1500.0         ,  -250.0         ,  0.0            
       105,  1500.0         ,  -275.0         ,  0.0            
       106,  1500.0         ,  -300.0         ,  0.0            
       107,  1500.0         ,  -325.0         ,  0.0            
       108,  1500.0         ,  -350.0         ,  0.0            
       109,  1500.0         ,  -375.0         ,  0.0            
       110,  1750.0         ,  -175.0         ,  0.0            
       111,  1750.0         ,  -200.0         ,  0.0            
       112,  1750.0         ,  -225.0         ,  0.0            
       113,  1750.0         ,  -250.0         ,  0.0            
       114,  1750.0         ,  -275.0         ,  0.0            
       115,  1750.0         ,  -300.0         ,  0.0            
       116,  1750.0         ,  -325.0         ,  0.0            
       117,  1750.0         ,  -350.0         ,  0.0            
       118,  1750.0         ,  -375.0         ,  0.0            
       119,  1775.0         ,  -275.0         ,  0.0            
       120,  1800.0         ,  -275.0         ,  0.0            
       121,  1825.0         ,  -275.0         ,  0.0            
       122,  1850.0         ,  -275.0         ,  0.0            
       123,  1875.0         ,  -275.0         ,  0.0            
       124,  1900.0         ,  -275.0         ,  0.0            
       125,  1925.0         ,  -275.0         ,  0.0            
       126,  1950.0         ,  -275.0         ,  0.0            
       127,  1975.0         ,  -275.0         ,  0.0            
       128,  1875.0         ,  -250.0         ,  0.0            
       129,  1875.0         ,  -225.0         ,  0.0            
       130,  1875.0         ,  -200.0         ,  0.0            
       131,  1875.0         ,  -175.0         ,  0.0            
       132,  1850.0         ,  -225.0         ,  0.0            
       133,  1825.0         ,  -225.0         ,  0.0            
       134,  1800.0         ,  -225.0         ,  0.0            
       135,  1775.0         ,  -225.0         ,  0.0            
       136,  1825.0         ,  -250.0         ,  0.0            
       137,  1850.0         ,  -250.0         ,  0.0            
       138,  1800.0         ,  -250.0         ,  0.0            
       139,  1775.0         ,  -250.0         ,  0.0            
       140,  1825.0         ,  -175.0         ,  0.0            
       141,  1825.0         ,  -200.0         ,  0.0            
       142,  1850.0         ,  -175.0         ,  0.0            
       143,  1850.0         ,  -200.0         ,  0.0            
       144,  1800.0         ,  -175.0         ,  0.0            
       145,  1800.0         ,  -200.0         ,  0.0            
       146,  1775.0         ,  -175.0         ,  0.0            
       147,  1775.0         ,  -200.0         ,  0.0            
       148,  1975.0         ,  -225.0         ,  0.0            
       149,  1950.0         ,  -225.0         ,  0.0            
       150,  1925.0         ,  -225.0         ,  0.0            
       151,  1900.0         ,  -225.0         ,  0.0            
       152,  1950.0         ,  -250.0         ,  0.0            
       153,  1975.0         ,  -250.0         ,  0.0            
       154,  1925.0         ,  -250.0         ,  0.0            
       155,  1900.0         ,  -250.0         ,  0.0            
       156,  1950.0         ,  -175.0         ,  0.0            
       157,  1950.0         ,  -200.0         ,  0.0            
       158,  1975.0         ,  -175.0         ,  0.0            
       159,  1975.0         ,  -200.0         ,  0.0            
       160,  1900.0         ,  -175.0         ,  0.0            
       161,  1925.0         ,  -175.0         ,  0.0            
       162,  1900.0         ,  -200.0         ,  0.0            
       163,  1925.0         ,  -200.0         ,  0.0            
       164,  1875.0         ,  -375.0         ,  0.0            
       165,  1875.0         ,  -350.0         ,  0.0            
       166,  1875.0         ,  -325.0         ,  0.0            
       167,  1875.0         ,  -300.0         ,  0.0            
       168,  1850.0         ,  -350.0         ,  0.0            
       169,  1825.0         ,  -350.0         ,  0.0            
       170,  1800.0         ,  -350.0         ,  0.0            
       171,  1775.0         ,  -350.0         ,  0.0            
       172,  1825.0         ,  -375.0         ,  0.0            
       173,  1850.0         ,  -375.0         ,  0.0            
       174,  1800.0         ,  -375.0         ,  0.0            
       175,  1775.0         ,  -375.0         ,  0.0            
       176,  1825.0         ,  -300.0         ,  0.0            
       177,  1825.0         ,  -325.0         ,  0.0            
       178,  1850.0         ,  -300.0         ,  0.0            
       179,  1850.0         ,  -325.0         ,  0.0            
       180,  1775.0         ,  -300.0         ,  0.0            
       181,  1800.0         ,  -300.0         ,  0.0            
       182,  1775.0         ,  -325.0         ,  0.0            
       183,  1800.0         ,  -325.0         ,  0.0            
       184,  1975.0         ,  -350.0         ,  0.0            
       185,  1950.0         ,  -350.0         ,  0.0            
       186,  1925.0         ,  -350.0         ,  0.0            
       187,  1900.0         ,  -350.0         ,  0.0            
       188,  1950.0         ,  -375.0         ,  0.0            
       189,  1975.0         ,  -375.0         ,  0.0            
       190,  1925.0         ,  -375.0         ,  0.0            
       191,  1900.0         ,  -375.0         ,  0.0            
       192,  1950.0         ,  -300.0         ,  0.0            
       193,  1950.0         ,  -325.0         ,  0.0            
       194,  1975.0         ,  -300.0         ,  0.0            
       195,  1975.0         ,  -325.0         ,  0.0            
       196,  1925.0         ,  -300.0         ,  0.0            
       197,  1925.0         ,  -325.0         ,  0.0            
       198,  1900.0         ,  -300.0         ,  0.0            
       199,  1900.0         ,  -325.0         ,  0.0            
       200,  1525.0         ,  -275.0         ,  0.0            
       201,  1550.0         ,  -275.0         ,  0.0            
       202,  1575.0         ,  -275.0         ,  0.0            
       203,  1600.0         ,  -275.0         ,  0.0            
       204,  1625.0         ,  -275.0         ,  0.0            
       205,  1650.0         ,  -275.0         ,  0.0            
       206,  1675.0         ,  -275.0         ,  0.0            
       207,  1700.0         ,  -275.0         ,  0.0            
       208,  1725.0         ,  -275.0         ,  0.0            
       209,  1625.0         ,  -250.0         ,  0.0            
       210,  1625.0         ,  -225.0         ,  0.0            
       211,  1625.0         ,  -200.0         ,  0.0            
       212,  1625.0         ,  -175.0         ,  0.0            
       213,  1600.0         ,  -225.0         ,  0.0            
       214,  1575.0         ,  -225.0         ,  0.0            
       215,  1550.0         ,  -225.0         ,  0.0            
       216,  1525.0         ,  -225.0         ,  0.0            
       217,  1575.0         ,  -250.0         ,  0.0            
       218,  1600.0         ,  -250.0         ,  0.0            
       219,  1550.0         ,  -250.0         ,  0.0            
       220,  1525.0         ,  -250.0         ,  0.0            
       221,  1575.0         ,  -175.0         ,  0.0            
       222,  1575.0         ,  -200.0         ,  0.0            
       223,  1600.0         ,  -175.0         ,  0.0            
       224,  1600.0         ,  -200.0         ,  0.0            
       225,  1525.0         ,  -175.0         ,  0.0            
       226,  1550.0         ,  -175.0         ,  0.0            
       227,  1525.0         ,  -200.0         ,  0.0            
       228,  1550.0         ,  -200.0         ,  0.0            
       229,  1725.0         ,  -225.0         ,  0.0            
       230,  1700.0         ,  -225.0         ,  0.0            
       231,  1675.0         ,  -225.0         ,  0.0            
       232,  1650.0         ,  -225.0         ,  0.0            
       233,  1700.0         ,  -250.0         ,  0.0            
       234,  1725.0         ,  -250.0         ,  0.0            
       235,  1675.0         ,  -250.0         ,  0.0            
       236,  1650.0         ,  -250.0         ,  0.0            
       237,  1700.0         ,  -175.0         ,  0.0            
       238,  1700.0         ,  -200.0         ,  0.0            
       239,  1725.0         ,  -175.0         ,  0.0            
       240,  1725.0         ,  -200.0         ,  0.0            
       241,  1650.0         ,  -175.0         ,  0.0            
       242,  1675.0         ,  -175.0         ,  0.0            
       243,  1650.0         ,  -200.0         ,  0.0            
       244,  1675.0         ,  -200.0         ,  0.0            
       245,  1625.0         ,  -375.0         ,  0.0            
       246,  1625.0         ,  -350.0         ,  0.0            
       247,  1625.0         ,  -325.0         ,  0.0            
       248,  1625.0         ,  -300.0         ,  0.0            
       249,  1600.0         ,  -350.0         ,  0.0            
       250,  1575.0         ,  -350.0         ,  0.0            
       251,  1550.0         ,  -350.0         ,  0.0            
       252,  1525.0         ,  -350.0         ,  0.0            
       253,  1575.0         ,  -375.0         ,  0.0            
       254,  1600.0         ,  -375.0         ,  0.0            
       255,  1550.0         ,  -375.0         ,  0.0            
       256,  1525.0         ,  -375.0         ,  0.0            
       257,  1575.0         ,  -300.0         ,  0.0            
       258,  1575.0         ,  -325.0         ,  0.0            
       259,  1600.0         ,  -300.0         ,  0.0            
       260,  1600.0         ,  -325.0         ,  0.0            
       261,  1550.0         ,  -300.0         ,  0.0            
       262,  1550.0         ,  -325.0         ,  0.0            
       263,  1525.0         ,  -300.0         ,  0.0            
       264,  1525.0         ,  -325.0         ,  0.0            
       265,  1725.0         ,  -350.0         ,  0.0            
       266,  1700.0         ,  -350.0         ,  0.0            
       267,  1675.0         ,  -350.0         ,  0.0            
       268,  1650.0         ,  -350.0         ,  0.0            
       269,  1700.0         ,  -375.0         ,  0.0            
       270,  1725.0         ,  -375.0         ,  0.0            
       271,  1675.0         ,  -375.0         ,  0.0            
       272,  1650.0         ,  -375.0         ,  0.0            
       273,  1700.0         ,  -300.0         ,  0.0            
       274,  1700.0         ,  -325.0         ,  0.0            
       275,  1725.0         ,  -300.0         ,  0.0            
       276,  1725.0         ,  -325.0         ,  0.0            
       277,  1675.0         ,  -300.0         ,  0.0            
       278,  1675.0         ,  -325.0         ,  0.0            
       279,  1650.0         ,  -300.0         ,  0.0            
       280,  1650.0         ,  -325.0         ,  0.0            
       281,  1250.0         ,  -175.0         ,  0.0            
       282,  1250.0         ,  -200.0         ,  0.0            
       283,  1250.0         ,  -225.0         ,  0.0            
       284,  1250.0         ,  -250.0         ,  0.0            
       285,  1250.0         ,  -275.0         ,  0.0            
       286,  1250.0         ,  -300.0         ,  0.0            
       287,  1250.0         ,  -325.0         ,  0.0            
       288,  1250.0         ,  -350.0         ,  0.0            
       289,  1250.0         ,  -375.0         ,  0.0            
       290,  1275.0         ,  -275.0         ,  0.0            
       291,  1300.0         ,  -275.0         ,  0.0            
       292,  1325.0         ,  -275.0         ,  0.0            
       293,  1350.0         ,  -275.0         ,  0.0            
       294,  1375.0         ,  -275.0         ,  0.0            
       295,  1400.0         ,  -275.0         ,  0.0            
       296,  1425.0         ,  -275.0         ,  0.0            
       297,  1450.0         ,  -275.0         ,  0.0            
       298,  1475.0         ,  -275.0         ,  0.0            
       299,  1375.0         ,  -250.0         ,  0.0            
       300,  1375.0         ,  -225.0         ,  0.0            
       301,  1375.0         ,  -200.0         ,  0.0            
       302,  1375.0         ,  -175.0         ,  0.0            
       303,  1350.0         ,  -225.0         ,  0.0            
       304,  1325.0         ,  -225.0         ,  0.0            
       305,  1300.0         ,  -225.0         ,  0.0            
       306,  1275.0         ,  -225.0         ,  0.0            
       307,  1325.0         ,  -250.0         ,  0.0            
       308,  1350.0         ,  -250.0         ,  0.0            
       309,  1300.0         ,  -250.0         ,  0.0            
       310,  1275.0         ,  -250.0         ,  0.0            
       311,  1325.0         ,  -175.0         ,  0.0            
       312,  1325.0         ,  -200.0         ,  0.0            
       313,  1350.0         ,  -175.0         ,  0.0            
       314,  1350.0         ,  -200.0         ,  0.0            
       315,  1275.0         ,  -175.0         ,  0.0            
       316,  1300.0         ,  -175.0         ,  0.0            
       317,  1275.0         ,  -200.0         ,  0.0            
       318,  1300.0         ,  -200.0         ,  0.0            
       319,  1475.0         ,  -225.0         ,  0.0            
       320,  1450.0         ,  -225.0         ,  0.0            
       321,  1425.0         ,  -225.0         ,  0.0            
       322,  1400.0         ,  -225.0         ,  0.0            
       323,  1450.0         ,  -250.0         ,  0.0            
       324,  1475.0         ,  -250.0         ,  0.0            
       325,  1425.0         ,  -250.0         ,  0.0            
       326,  1400.0         ,  -250.0         ,  0.0            
       327,  1450.0         ,  -175.0         ,  0.0            
       328,  1450.0         ,  -200.0         ,  0.0            
       329,  1475.0         ,  -175.0         ,  0.0            
       330,  1475.0         ,  -200.0         ,  0.0            
       331,  1400.0         ,  -175.0         ,  0.0            
       332,  1425.0         ,  -175.0         ,  0.0            
       333,  1400.0         ,  -200.0         ,  0.0            
       334,  1425.0         ,  -200.0         ,  0.0            
       335,  1375.0         ,  -375.0         ,  0.0            
       336,  1375.0         ,  -350.0         ,  0.0            
       337,  1375.0         ,  -325.0         ,  0.0            
       338,  1375.0         ,  -300.0         ,  0.0            
       339,  1350.0         ,  -350.0         ,  0.0            
       340,  1325.0         ,  -350.0         ,  0.0            
       341,  1300.0         ,  -350.0         ,  0.0            
       342,  1275.0         ,  -350.0         ,  0.0            
       343,  1325.0         ,  -375.0         ,  0.0            
       344,  1350.0         ,  -375.0         ,  0.0            
       345,  1300.0         ,  -375.0         ,  0.0            
       346,  1275.0         ,  -375.0         ,  0.0            
       347,  1325.0         ,  -300.0         ,  0.0            
       348,  1325.0         ,  -325.0         ,  0.0            
       349,  1350.0         ,  -300.0         ,  0.0            
       350,  1350.0         ,  -325.0         ,  0.0            
       351,  1275.0         ,  -300.0         ,  0.0            
       352,  1300.0         ,  -300.0         ,  0.0            
       353,  1275.0         ,  -325.0         ,  0.0            
       354,  1300.0         ,  -325.0         ,  0.0            
       355,  1475.0         ,  -350.0         ,  0.0            
       356,  1450.0         ,  -350.0         ,  0.0            
       357,  1425.0         ,  -350.0         ,  0.0            
       358,  1400.0         ,  -350.0         ,  0.0            
       359,  1450.0         ,  -375.0         ,  0.0            
       360,  1475.0         ,  -375.0         ,  0.0            
       361,  1425.0         ,  -375.0         ,  0.0            
       362,  1400.0         ,  -375.0         ,  0.0            
       363,  1450.0         ,  -300.0         ,  0.0            
       364,  1450.0         ,  -325.0         ,  0.0            
       365,  1475.0         ,  -300.0         ,  0.0            
       366,  1475.0         ,  -325.0         ,  0.0            
       367,  1400.0         ,  -300.0         ,  0.0            
       368,  1425.0         ,  -300.0         ,  0.0            
       369,  1400.0         ,  -325.0         ,  0.0            
       370,  1425.0         ,  -325.0         ,  0.0            
       371,  1025.0         ,  -275.0         ,  0.0            
       372,  1050.0         ,  -275.0         ,  0.0            
       373,  1075.0         ,  -275.0         ,  0.0            
       374,  1100.0         ,  -275.0         ,  0.0            
       375,  1125.0         ,  -275.0         ,  0.0            
       376,  1150.0         ,  -275.0         ,  0.0            
       377,  1175.0         ,  -275.0         ,  0.0            
       378,  1200.0         ,  -275.0         ,  0.0            
       379,  1225.0         ,  -275.0         ,  0.0            
       380,  1125.0         ,  -250.0         ,  0.0            
       381,  1125.0         ,  -225.0         ,  0.0            
       382,  1125.0         ,  -200.0         ,  0.0            
       383,  1125.0         ,  -175.0         ,  0.0            
       384,  1100.0         ,  -225.0         ,  0.0            
       385,  1075.0         ,  -225.0         ,  0.0            
       386,  1050.0         ,  -225.0         ,  0.0            
       387,  1025.0         ,  -225.0         ,  0.0            
       388,  1075.0         ,  -250.0         ,  0.0            
       389,  1100.0         ,  -250.0         ,  0.0            
       390,  1050.0         ,  -250.0         ,  0.0            
       391,  1025.0         ,  -250.0         ,  0.0            
       392,  1075.0         ,  -175.0         ,  0.0            
       393,  1075.0         ,  -200.0         ,  0.0            
       394,  1100.0         ,  -175.0         ,  0.0            
       395,  1100.0         ,  -200.0         ,  0.0            
       396,  1025.0         ,  -175.0         ,  0.0            
       397,  1050.0         ,  -175.0         ,  0.0            
       398,  1025.0         ,  -200.0         ,  0.0            
       399,  1050.0         ,  -200.0         ,  0.0            
       400,  1225.0         ,  -225.0         ,  0.0            
       401,  1200.0         ,  -225.0         ,  0.0            
       402,  1175.0         ,  -225.0         ,  0.0            
       403,  1150.0         ,  -225.0         ,  0.0            
       404,  1200.0         ,  -250.0         ,  0.0            
       405,  1225.0         ,  -250.0         ,  0.0            
       406,  1175.0         ,  -250.0         ,  0.0            
       407,  1150.0         ,  -250.0         ,  0.0            
       408,  1200.0         ,  -175.0         ,  0.0            
       409,  1200.0         ,  -200.0         ,  0.0            
       410,  1225.0         ,  -175.0         ,  0.0            
       411,  1225.0         ,  -200.0         ,  0.0            
       412,  1150.0         ,  -175.0         ,  0.0            
       413,  1175.0         ,  -175.0         ,  0.0            
       414,  1150.0         ,  -200.0         ,  0.0            
       415,  1175.0         ,  -200.0         ,  0.0            
       416,  1125.0         ,  -375.0         ,  0.0            
       417,  1125.0         ,  -350.0         ,  0.0            
       418,  1125.0         ,  -325.0         ,  0.0            
       419,  1125.0         ,  -300.0         ,  0.0            
       420,  1100.0         ,  -350.0         ,  0.0            
       421,  1075.0         ,  -350.0         ,  0.0            
       422,  1050.0         ,  -350.0         ,  0.0            
       423,  1025.0         ,  -350.0         ,  0.0            
       424,  1075.0         ,  -375.0         ,  0.0            
       425,  1100.0         ,  -375.0         ,  0.0            
       426,  1050.0         ,  -375.0         ,  0.0            
       427,  1025.0         ,  -375.0         ,  0.0            
       428,  1075.0         ,  -300.0         ,  0.0            
       429,  1075.0         ,  -325.0         ,  0.0            
       430,  1100.0         ,  -300.0         ,  0.0            
       431,  1100.0         ,  -325.0         ,  0.0            
       432,  1025.0         ,  -300.0         ,  0.0            
       433,  1050.0         ,  -300.0         ,  0.0            
       434,  1025.0         ,  -325.0         ,  0.0            
       435,  1050.0         ,  -325.0         ,  0.0            
       436,  1225.0         ,  -350.0         ,  0.0            
       437,  1200.0         ,  -350.0         ,  0.0            
       438,  1175.0         ,  -350.0         ,  0.0            
       439,  1150.0         ,  -350.0         ,  0.0            
       440,  1200.0         ,  -375.0         ,  0.0            
       441,  1225.0         ,  -375.0         ,  0.0            
       442,  1175.0         ,  -375.0         ,  0.0            
       443,  1150.0         ,  -375.0         ,  0.0            
       444,  1200.0         ,  -300.0         ,  0.0            
       445,  1200.0         ,  -325.0         ,  0.0            
       446,  1225.0         ,  -300.0         ,  0.0            
       447,  1225.0         ,  -325.0         ,  0.0            
       448,  1150.0         ,  -300.0         ,  0.0            
       449,  1175.0         ,  -300.0         ,  0.0            
       450,  1150.0         ,  -325.0         ,  0.0            
       451,  1175.0         ,  -325.0         ,  0.0            
       452,  3000.0         ,  150.0          ,  0.0            
       453,  2975.0         ,  150.0          ,  0.0            
       454,  2950.0         ,  150.0          ,  0.0            
       455,  2925.0         ,  150.0          ,  0.0            
       456,  2900.0         ,  150.0          ,  0.0            
       457,  2875.0         ,  150.0          ,  0.0            
       458,  2850.0         ,  150.0          ,  0.0            
       459,  2825.0         ,  150.0          ,  0.0            
       460,  2800.0         ,  150.0          ,  0.0            
       461,  2775.0         ,  150.0          ,  0.0            
       462,  2750.0         ,  150.0          ,  0.0            
       463,  2725.0         ,  150.0          ,  0.0            
       464,  2700.0         ,  150.0          ,  0.0            
       465,  2675.0         ,  150.0          ,  0.0            
       466,  2650.0         ,  150.0          ,  0.0            
       467,  2625.0         ,  150.0          ,  0.0            
       468,  2600.0         ,  150.0          ,  0.0            
       469,  2575.0         ,  150.0          ,  0.0            
       470,  2550.0         ,  150.0          ,  0.0            
       471,  2525.0         ,  150.0          ,  0.0            
       472,  2500.0         ,  150.0          ,  0.0            
       473,  2475.0         ,  150.0          ,  0.0            
       474,  2450.0         ,  150.0          ,  0.0            
       475,  2425.0         ,  150.0          ,  0.0            
       476,  2400.0         ,  150.0          ,  0.0            
       477,  2375.0         ,  150.0          ,  0.0            
       478,  2350.0         ,  150.0          ,  0.0            
       479,  2325.0         ,  150.0          ,  0.0            
       480,  2300.0         ,  150.0          ,  0.0            
       481,  2275.0         ,  150.0          ,  0.0            
       482,  2250.0         ,  150.0          ,  0.0            
       483,  2225.0         ,  150.0          ,  0.0            
       484,  2200.0         ,  150.0          ,  0.0            
       485,  2175.0         ,  150.0          ,  0.0            
       486,  2150.0         ,  150.0          ,  0.0            
       487,  2125.0         ,  150.0          ,  0.0            
       488,  2100.0         ,  150.0          ,  0.0            
       489,  2075.0         ,  150.0          ,  0.0            
       490,  2050.0         ,  150.0          ,  0.0            
       491,  2025.0         ,  150.0          ,  0.0            
       492,  2000.0         ,  150.0          ,  0.0            
       493,  2000.0         ,  125.0          ,  0.0            
       494,  2000.0         ,  100.0          ,  0.0            
       495,  2000.0         ,  75.0           ,  0.0            
       496,  2000.0         ,  50.0           ,  0.0            
       497,  2000.0         ,  25.0           ,  0.0            
       498,  2000.0         ,  0.0            ,  0.0            
       499,  2000.0         ,  -25.0          ,  0.0            
       500,  2000.0         ,  -50.0          ,  0.0            
       501,  2000.0         ,  -75.0          ,  0.0            
       502,  2000.0         ,  -100.0         ,  0.0            
       503,  2000.0         ,  -125.0         ,  0.0            
       504,  2025.0         ,  -150.0         ,  0.0            
       505,  2050.0         ,  -150.0         ,  0.0            
       506,  2075.0         ,  -150.0         ,  0.0            
       507,  2100.0         ,  -150.0         ,  0.0            
       508,  2125.0         ,  -150.0         ,  0.0            
       509,  2150.0         ,  -150.0         ,  0.0            
       510,  2175.0         ,  -150.0         ,  0.0            
       511,  2200.0         ,  -150.0         ,  0.0            
       512,  2225.0         ,  -150.0         ,  0.0            
       513,  2250.0         ,  -150.0         ,  0.0            
       514,  2275.0         ,  -150.0         ,  0.0            
       515,  2300.0         ,  -150.0         ,  0.0            
       516,  2325.0         ,  -150.0         ,  0.0            
       517,  2350.0         ,  -150.0         ,  0.0            
       518,  2375.0         ,  -150.0         ,  0.0            
       519,  2400.0         ,  -150.0         ,  0.0            
       520,  2425.0         ,  -150.0         ,  0.0            
       521,  2450.0         ,  -150.0         ,  0.0            
       522,  2475.0         ,  -150.0         ,  0.0            
       523,  2500.0         ,  -150.0         ,  0.0            
       524,  2525.0         ,  -150.0         ,  0.0            
       525,  2550.0         ,  -150.0         ,  0.0            
       526,  2575.0         ,  -150.0         ,  0.0            
       527,  2600.0         ,  -150.0         ,  0.0            
       528,  2625.0         ,  -150.0         ,  0.0            
       529,  2650.0         ,  -150.0         ,  0.0            
       530,  2675.0         ,  -150.0         ,  0.0            
       531,  2700.0         ,  -150.0         ,  0.0            
       532,  2725.0         ,  -150.0         ,  0.0            
       533,  2750.0         ,  -150.0         ,  0.0            
       534,  2775.0         ,  -150.0         ,  0.0            
       535,  2800.0         ,  -150.0         ,  0.0            
       536,  2825.0         ,  -150.0         ,  0.0            
       537,  2850.0         ,  -150.0         ,  0.0            
       538,  2875.0         ,  -150.0         ,  0.0            
       539,  2900.0         ,  -150.0         ,  0.0            
       540,  2925.0         ,  -150.0         ,  0.0            
       541,  2950.0         ,  -150.0         ,  0.0            
       542,  2975.0         ,  -150.0         ,  0.0            
       543,  3000.0         ,  -150.0         ,  0.0            
       544,  3000.0         ,  -125.0         ,  0.0            
       545,  3000.0         ,  -100.0         ,  0.0            
       546,  3000.0         ,  -75.0          ,  0.0            
       547,  3000.0         ,  -50.0          ,  0.0            
       548,  3000.0         ,  -25.0          ,  0.0            
       549,  3000.0         ,  0.0            ,  0.0            
       550,  3000.0         ,  25.0           ,  0.0            
       551,  3000.0         ,  50.0           ,  0.0            
       552,  3000.0         ,  75.0           ,  0.0            
       553,  3000.0         ,  100.0          ,  0.0            
       554,  3000.0         ,  125.0          ,  0.0            
       555,  2500.0         ,  -125.0         ,  0.0            
       556,  2500.0         ,  -100.0         ,  0.0            
       557,  2500.0         ,  -75.0          ,  0.0            
       558,  2500.0         ,  -50.0          ,  0.0            
       559,  2500.0         ,  -25.0          ,  0.0            
       560,  2500.0         ,  0.0            ,  0.0            
       561,  2500.0         ,  25.0           ,  0.0            
       562,  2500.0         ,  50.0           ,  0.0            
       563,  2500.0         ,  75.0           ,  0.0            
       564,  2500.0         ,  100.0          ,  0.0            
       565,  2500.0         ,  125.0          ,  0.0            
       566,  2250.0         ,  -125.0         ,  0.0            
       567,  2250.0         ,  -100.0         ,  0.0            
       568,  2250.0         ,  -75.0          ,  0.0            
       569,  2250.0         ,  -50.0          ,  0.0            
       570,  2250.0         ,  -25.0          ,  0.0            
       571,  2250.0         ,  0.0            ,  0.0            
       572,  2250.0         ,  25.0           ,  0.0            
       573,  2250.0         ,  50.0           ,  0.0            
       574,  2250.0         ,  75.0           ,  0.0            
       575,  2250.0         ,  100.0          ,  0.0            
       576,  2250.0         ,  125.0          ,  0.0            
       577,  2225.0         ,  0.0            ,  0.0            
       578,  2200.0         ,  0.0            ,  0.0            
       579,  2175.0         ,  0.0            ,  0.0            
       580,  2150.0         ,  0.0            ,  0.0            
       581,  2125.0         ,  0.0            ,  0.0            
       582,  2100.0         ,  0.0            ,  0.0            
       583,  2075.0         ,  0.0            ,  0.0            
       584,  2050.0         ,  0.0            ,  0.0            
       585,  2025.0         ,  0.0            ,  0.0            
       586,  2125.0         ,  -25.0          ,  0.0            
       587,  2125.0         ,  -50.0          ,  0.0            
       588,  2125.0         ,  -75.0          ,  0.0            
       589,  2125.0         ,  -100.0         ,  0.0            
       590,  2125.0         ,  -125.0         ,  0.0            
       591,  2150.0         ,  -75.0          ,  0.0            
       592,  2175.0         ,  -75.0          ,  0.0            
       593,  2200.0         ,  -75.0          ,  0.0            
       594,  2225.0         ,  -75.0          ,  0.0            
       595,  2175.0         ,  -50.0          ,  0.0            
       596,  2175.0         ,  -25.0          ,  0.0            
       597,  2150.0         ,  -50.0          ,  0.0            
       598,  2150.0         ,  -25.0          ,  0.0            
       599,  2225.0         ,  -50.0          ,  0.0            
       600,  2200.0         ,  -50.0          ,  0.0            
       601,  2225.0         ,  -25.0          ,  0.0            
       602,  2200.0         ,  -25.0          ,  0.0            
       603,  2175.0         ,  -125.0         ,  0.0            
       604,  2175.0         ,  -100.0         ,  0.0            
       605,  2150.0         ,  -125.0         ,  0.0            
       606,  2150.0         ,  -100.0         ,  0.0            
       607,  2200.0         ,  -125.0         ,  0.0            
       608,  2200.0         ,  -100.0         ,  0.0            
       609,  2225.0         ,  -125.0         ,  0.0            
       610,  2225.0         ,  -100.0         ,  0.0            
       611,  2025.0         ,  -75.0          ,  0.0            
       612,  2050.0         ,  -75.0          ,  0.0            
       613,  2075.0         ,  -75.0          ,  0.0            
       614,  2100.0         ,  -75.0          ,  0.0            
       615,  2050.0         ,  -50.0          ,  0.0            
       616,  2050.0         ,  -25.0          ,  0.0            
       617,  2025.0         ,  -50.0          ,  0.0            
       618,  2025.0         ,  -25.0          ,  0.0            
       619,  2100.0         ,  -50.0          ,  0.0            
       620,  2075.0         ,  -50.0          ,  0.0            
       621,  2100.0         ,  -25.0          ,  0.0            
       622,  2075.0         ,  -25.0          ,  0.0            
       623,  2050.0         ,  -125.0         ,  0.0            
       624,  2050.0         ,  -100.0         ,  0.0            
       625,  2025.0         ,  -125.0         ,  0.0            
       626,  2025.0         ,  -100.0         ,  0.0            
       627,  2100.0         ,  -125.0         ,  0.0            
       628,  2075.0         ,  -125.0         ,  0.0            
       629,  2100.0         ,  -100.0         ,  0.0            
       630,  2075.0         ,  -100.0         ,  0.0            
       631,  2125.0         ,  125.0          ,  0.0            
       632,  2125.0         ,  100.0          ,  0.0            
       633,  2125.0         ,  75.0           ,  0.0            
       634,  2125.0         ,  50.0           ,  0.0            
       635,  2125.0         ,  25.0           ,  0.0            
       636,  2150.0         ,  75.0           ,  0.0            
       637,  2175.0         ,  75.0           ,  0.0            
       638,  2200.0         ,  75.0           ,  0.0            
       639,  2225.0         ,  75.0           ,  0.0            
       640,  2175.0         ,  100.0          ,  0.0            
       641,  2175.0         ,  125.0          ,  0.0            
       642,  2150.0         ,  100.0          ,  0.0            
       643,  2150.0         ,  125.0          ,  0.0            
       644,  2225.0         ,  100.0          ,  0.0            
       645,  2200.0         ,  100.0          ,  0.0            
       646,  2225.0         ,  125.0          ,  0.0            
       647,  2200.0         ,  125.0          ,  0.0            
       648,  2175.0         ,  25.0           ,  0.0            
       649,  2175.0         ,  50.0           ,  0.0            
       650,  2150.0         ,  25.0           ,  0.0            
       651,  2150.0         ,  50.0           ,  0.0            
       652,  2225.0         ,  25.0           ,  0.0            
       653,  2200.0         ,  25.0           ,  0.0            
       654,  2225.0         ,  50.0           ,  0.0            
       655,  2200.0         ,  50.0           ,  0.0            
       656,  2025.0         ,  75.0           ,  0.0            
       657,  2050.0         ,  75.0           ,  0.0            
       658,  2075.0         ,  75.0           ,  0.0            
       659,  2100.0         ,  75.0           ,  0.0            
       660,  2050.0         ,  100.0          ,  0.0            
       661,  2050.0         ,  125.0          ,  0.0            
       662,  2025.0         ,  100.0          ,  0.0            
       663,  2025.0         ,  125.0          ,  0.0            
       664,  2100.0         ,  100.0          ,  0.0            
       665,  2075.0         ,  100.0          ,  0.0            
       666,  2100.0         ,  125.0          ,  0.0            
       667,  2075.0         ,  125.0          ,  0.0            
       668,  2050.0         ,  25.0           ,  0.0            
       669,  2050.0         ,  50.0           ,  0.0            
       670,  2025.0         ,  25.0           ,  0.0            
       671,  2025.0         ,  50.0           ,  0.0            
       672,  2100.0         ,  25.0           ,  0.0            
       673,  2075.0         ,  25.0           ,  0.0            
       674,  2100.0         ,  50.0           ,  0.0            
       675,  2075.0         ,  50.0           ,  0.0            
       676,  2475.0         ,  0.0            ,  0.0            
       677,  2450.0         ,  0.0            ,  0.0            
       678,  2425.0         ,  0.0            ,  0.0            
       679,  2400.0         ,  0.0            ,  0.0            
       680,  2375.0         ,  0.0            ,  0.0            
       681,  2350.0         ,  0.0            ,  0.0            
       682,  2325.0         ,  0.0            ,  0.0            
       683,  2300.0         ,  0.0            ,  0.0            
       684,  2275.0         ,  0.0            ,  0.0            
       685,  2375.0         ,  -25.0          ,  0.0            
       686,  2375.0         ,  -50.0          ,  0.0            
       687,  2375.0         ,  -75.0          ,  0.0            
       688,  2375.0         ,  -100.0         ,  0.0            
       689,  2375.0         ,  -125.0         ,  0.0            
       690,  2400.0         ,  -75.0          ,  0.0            
       691,  2425.0         ,  -75.0          ,  0.0            
       692,  2450.0         ,  -75.0          ,  0.0            
       693,  2475.0         ,  -75.0          ,  0.0            
       694,  2425.0         ,  -50.0          ,  0.0            
       695,  2425.0         ,  -25.0          ,  0.0            
       696,  2400.0         ,  -50.0          ,  0.0            
       697,  2400.0         ,  -25.0          ,  0.0            
       698,  2475.0         ,  -50.0          ,  0.0            
       699,  2450.0         ,  -50.0          ,  0.0            
       700,  2475.0         ,  -25.0          ,  0.0            
       701,  2450.0         ,  -25.0          ,  0.0            
       702,  2425.0         ,  -125.0         ,  0.0            
       703,  2425.0         ,  -100.0         ,  0.0            
       704,  2400.0         ,  -125.0         ,  0.0            
       705,  2400.0         ,  -100.0         ,  0.0            
       706,  2475.0         ,  -125.0         ,  0.0            
       707,  2450.0         ,  -125.0         ,  0.0            
       708,  2475.0         ,  -100.0         ,  0.0            
       709,  2450.0         ,  -100.0         ,  0.0            
       710,  2275.0         ,  -75.0          ,  0.0            
       711,  2300.0         ,  -75.0          ,  0.0            
       712,  2325.0         ,  -75.0          ,  0.0            
       713,  2350.0         ,  -75.0          ,  0.0            
       714,  2300.0         ,  -50.0          ,  0.0            
       715,  2300.0         ,  -25.0          ,  0.0            
       716,  2275.0         ,  -50.0          ,  0.0            
       717,  2275.0         ,  -25.0          ,  0.0            
       718,  2350.0         ,  -50.0          ,  0.0            
       719,  2325.0         ,  -50.0          ,  0.0            
       720,  2350.0         ,  -25.0          ,  0.0            
       721,  2325.0         ,  -25.0          ,  0.0            
       722,  2300.0         ,  -125.0         ,  0.0            
       723,  2300.0         ,  -100.0         ,  0.0            
       724,  2275.0         ,  -125.0         ,  0.0            
       725,  2275.0         ,  -100.0         ,  0.0            
       726,  2350.0         ,  -125.0         ,  0.0            
       727,  2325.0         ,  -125.0         ,  0.0            
       728,  2350.0         ,  -100.0         ,  0.0            
       729,  2325.0         ,  -100.0         ,  0.0            
       730,  2375.0         ,  125.0          ,  0.0            
       731,  2375.0         ,  100.0          ,  0.0            
       732,  2375.0         ,  75.0           ,  0.0            
       733,  2375.0         ,  50.0           ,  0.0            
       734,  2375.0         ,  25.0           ,  0.0            
       735,  2400.0         ,  75.0           ,  0.0            
       736,  2425.0         ,  75.0           ,  0.0            
       737,  2450.0         ,  75.0           ,  0.0            
       738,  2475.0         ,  75.0           ,  0.0            
       739,  2425.0         ,  100.0          ,  0.0            
       740,  2425.0         ,  125.0          ,  0.0            
       741,  2400.0         ,  100.0          ,  0.0            
       742,  2400.0         ,  125.0          ,  0.0            
       743,  2475.0         ,  100.0          ,  0.0            
       744,  2450.0         ,  100.0          ,  0.0            
       745,  2475.0         ,  125.0          ,  0.0            
       746,  2450.0         ,  125.0          ,  0.0            
       747,  2425.0         ,  25.0           ,  0.0            
       748,  2425.0         ,  50.0           ,  0.0            
       749,  2400.0         ,  25.0           ,  0.0            
       750,  2400.0         ,  50.0           ,  0.0            
       751,  2475.0         ,  25.0           ,  0.0            
       752,  2450.0         ,  25.0           ,  0.0            
       753,  2475.0         ,  50.0           ,  0.0            
       754,  2450.0         ,  50.0           ,  0.0            
       755,  2275.0         ,  75.0           ,  0.0            
       756,  2300.0         ,  75.0           ,  0.0            
       757,  2325.0         ,  75.0           ,  0.0            
       758,  2350.0         ,  75.0           ,  0.0            
       759,  2300.0         ,  100.0          ,  0.0            
       760,  2300.0         ,  125.0          ,  0.0            
       761,  2275.0         ,  100.0          ,  0.0            
       762,  2275.0         ,  125.0          ,  0.0            
       763,  2350.0         ,  100.0          ,  0.0            
       764,  2325.0         ,  100.0          ,  0.0            
       765,  2350.0         ,  125.0          ,  0.0            
       766,  2325.0         ,  125.0          ,  0.0            
       767,  2300.0         ,  25.0           ,  0.0            
       768,  2300.0         ,  50.0           ,  0.0            
       769,  2275.0         ,  25.0           ,  0.0            
       770,  2275.0         ,  50.0           ,  0.0            
       771,  2350.0         ,  25.0           ,  0.0            
       772,  2325.0         ,  25.0           ,  0.0            
       773,  2350.0         ,  50.0           ,  0.0            
       774,  2325.0         ,  50.0           ,  0.0            
       775,  2750.0         ,  -125.0         ,  0.0            
       776,  2750.0         ,  -100.0         ,  0.0            
       777,  2750.0         ,  -75.0          ,  0.0            
       778,  2750.0         ,  -50.0          ,  0.0            
       779,  2750.0         ,  -25.0          ,  0.0            
       780,  2750.0         ,  0.0            ,  0.0            
       781,  2750.0         ,  25.0           ,  0.0            
       782,  2750.0         ,  50.0           ,  0.0            
       783,  2750.0         ,  75.000000000001,  0.0            
       784,  2750.0         ,  100.0          ,  0.0            
       785,  2750.0         ,  125.0          ,  0.0            
       786,  2725.0         ,  4.263256415E-13,  0.0            
       787,  2700.0         ,  0.0            ,  0.0            
       788,  2675.0         ,  4.263256415E-13,  0.0            
       789,  2650.0         ,  0.0            ,  0.0            
       790,  2625.0         ,  0.0            ,  0.0            
       791,  2600.0         ,  0.0            ,  0.0            
       792,  2575.0         ,  6.536993169E-13,  0.0            
       793,  2550.0         ,  2.273736754E-13,  0.0            
       794,  2525.0         ,  2.273736754E-13,  0.0            
       795,  2625.0         ,  -25.0          ,  0.0            
       796,  2625.0         ,  -50.0          ,  0.0            
       797,  2625.0         ,  -75.0          ,  0.0            
       798,  2625.0         ,  -100.0         ,  0.0            
       799,  2625.0         ,  -125.0         ,  0.0            
       800,  2650.0         ,  -75.0          ,  0.0            
       801,  2675.0         ,  -75.0          ,  0.0            
       802,  2700.0         ,  -75.0          ,  0.0            
       803,  2725.0         ,  -75.0          ,  0.0            
       804,  2675.0         ,  -50.0          ,  0.0            
       805,  2675.0         ,  -25.0          ,  0.0            
       806,  2650.0         ,  -50.0          ,  0.0            
       807,  2650.0         ,  -25.0          ,  0.0            
       808,  2725.0         ,  -50.0          ,  0.0            
       809,  2700.0         ,  -50.0          ,  0.0            
       810,  2725.0         ,  -25.0          ,  0.0            
       811,  2700.0         ,  -25.0          ,  0.0            
       812,  2675.0         ,  -125.0         ,  0.0            
       813,  2675.0         ,  -100.0         ,  0.0            
       814,  2650.0         ,  -125.0         ,  0.0            
       815,  2650.0         ,  -100.0         ,  0.0            
       816,  2725.0         ,  -125.0         ,  0.0            
       817,  2700.0         ,  -125.0         ,  0.0            
       818,  2725.0         ,  -100.0         ,  0.0            
       819,  2700.0         ,  -100.0         ,  0.0            
       820,  2525.0         ,  -75.0          ,  0.0            
       821,  2550.0         ,  -75.0          ,  0.0            
       822,  2575.0         ,  -75.0          ,  0.0            
       823,  2600.0         ,  -75.0          ,  0.0            
       824,  2550.0         ,  -50.0          ,  0.0            
       825,  2550.0         ,  -25.0          ,  0.0            
       826,  2525.0         ,  -50.0          ,  0.0            
       827,  2525.0         ,  -25.0          ,  0.0            
       828,  2600.0         ,  -50.0          ,  0.0            
       829,  2575.0         ,  -50.0          ,  0.0            
       830,  2600.0         ,  -25.0          ,  0.0            
       831,  2575.0         ,  -25.0          ,  0.0            
       832,  2550.0         ,  -125.0         ,  0.0            
       833,  2550.0         ,  -100.0         ,  0.0            
       834,  2525.0         ,  -125.0         ,  0.0            
       835,  2525.0         ,  -100.0         ,  0.0            
       836,  2600.0         ,  -125.0         ,  0.0            
       837,  2575.0         ,  -125.0         ,  0.0            
       838,  2600.0         ,  -100.0         ,  0.0            
       839,  2575.0         ,  -100.0         ,  0.0            
       840,  2625.0         ,  125.0          ,  0.0            
       841,  2625.0         ,  100.0          ,  0.0            
       842,  2625.0         ,  75.0           ,  0.0            
       843,  2625.0         ,  50.0           ,  0.0            
       844,  2625.0         ,  25.0           ,  0.0            
       845,  2650.0         ,  75.0           ,  0.0            
       846,  2675.0         ,  75.0           ,  0.0            
       847,  2700.0         ,  75.0           ,  0.0            
       848,  2725.0         ,  75.0           ,  0.0            
       849,  2675.0         ,  100.0          ,  0.0            
       850,  2675.0         ,  125.0          ,  0.0            
       851,  2650.0         ,  100.0          ,  0.0            
       852,  2650.0         ,  125.0          ,  0.0            
       853,  2725.0         ,  100.0          ,  0.0            
       854,  2700.0         ,  100.0          ,  0.0            
       855,  2725.0         ,  125.0          ,  0.0            
       856,  2700.0         ,  125.0          ,  0.0            
       857,  2675.0         ,  25.0           ,  0.0            
       858,  2675.0         ,  50.0           ,  0.0            
       859,  2650.0         ,  25.0           ,  0.0            
       860,  2650.0         ,  50.0           ,  0.0            
       861,  2725.0         ,  25.0           ,  0.0            
       862,  2700.0         ,  25.0           ,  0.0            
       863,  2725.0         ,  50.0           ,  0.0            
       864,  2700.0         ,  50.0           ,  0.0            
       865,  2525.0         ,  75.0           ,  0.0            
       866,  2550.0         ,  75.0           ,  0.0            
       867,  2575.0         ,  75.0           ,  0.0            
       868,  2600.0         ,  75.0           ,  0.0            
       869,  2550.0         ,  100.0          ,  0.0            
       870,  2550.0         ,  125.0          ,  0.0            
       871,  2525.0         ,  100.0          ,  0.0            
       872,  2525.0         ,  125.0          ,  0.0            
       873,  2600.0         ,  100.0          ,  0.0            
       874,  2575.0         ,  100.0          ,  0.0            
       875,  2600.0         ,  125.0          ,  0.0            
       876,  2575.0         ,  125.0          ,  0.0            
       877,  2550.0         ,  25.0           ,  0.0            
       878,  2550.0         ,  50.0           ,  0.0            
       879,  2525.0         ,  25.0           ,  0.0            
       880,  2525.0         ,  50.0           ,  0.0            
       881,  2600.0         ,  25.0           ,  0.0            
       882,  2575.0         ,  25.0           ,  0.0            
       883,  2600.0         ,  50.0           ,  0.0            
       884,  2575.0         ,  50.0           ,  0.0            
       885,  2975.0         ,  4.263256415E-13,  0.0            
       886,  2950.0         ,  0.0            ,  0.0            
       887,  2925.0         ,  0.0            ,  0.0            
       888,  2900.0         ,  0.0            ,  0.0            
       889,  2875.0         ,  4.263256415E-13,  0.0            
       890,  2850.0         ,  0.0            ,  0.0            
       891,  2825.0         ,  0.0            ,  0.0            
       892,  2800.0         ,  0.0            ,  0.0            
       893,  2775.0         ,  4.263256415E-13,  0.0            
       894,  2875.0         ,  -25.0          ,  0.0            
       895,  2875.0         ,  -50.0          ,  0.0            
       896,  2875.0         ,  -75.0          ,  0.0            
       897,  2875.0         ,  -100.0         ,  0.0            
       898,  2875.0         ,  -125.0         ,  0.0            
       899,  2900.0         ,  -75.0          ,  0.0            
       900,  2925.0         ,  -75.0          ,  0.0            
       901,  2950.0         ,  -75.0          ,  0.0            
       902,  2975.0         ,  -75.0          ,  0.0            
       903,  2925.0         ,  -50.0          ,  0.0            
       904,  2925.0         ,  -25.0          ,  0.0            
       905,  2900.0         ,  -50.0          ,  0.0            
       906,  2900.0         ,  -25.0          ,  0.0            
       907,  2975.0         ,  -50.0          ,  0.0            
       908,  2950.0         ,  -50.0          ,  0.0            
       909,  2975.0         ,  -25.0          ,  0.0            
       910,  2950.0         ,  -25.0          ,  0.0            
       911,  2925.0         ,  -125.0         ,  0.0            
       912,  2925.0         ,  -100.0         ,  0.0            
       913,  2900.0         ,  -125.0         ,  0.0            
       914,  2900.0         ,  -100.0         ,  0.0            
       915,  2975.0         ,  -125.0         ,  0.0            
       916,  2950.0         ,  -125.0         ,  0.0            
       917,  2975.0         ,  -100.0         ,  0.0            
       918,  2950.0         ,  -100.0         ,  0.0            
       919,  2775.0         ,  -75.0          ,  0.0            
       920,  2800.0         ,  -75.0          ,  0.0            
       921,  2825.0         ,  -75.0          ,  0.0            
       922,  2850.0         ,  -75.0          ,  0.0            
       923,  2800.0         ,  -50.0          ,  0.0            
       924,  2800.0         ,  -25.0          ,  0.0            
       925,  2775.0         ,  -50.0          ,  0.0            
       926,  2775.0         ,  -25.0          ,  0.0            
       927,  2850.0         ,  -50.0          ,  0.0            
       928,  2825.0         ,  -50.0          ,  0.0            
       929,  2850.0         ,  -25.0          ,  0.0            
       930,  2825.0         ,  -25.0          ,  0.0            
       931,  2800.0         ,  -125.0         ,  0.0            
       932,  2800.0         ,  -100.0         ,  0.0            
       933,  2775.0         ,  -125.0         ,  0.0            
       934,  2775.0         ,  -100.0         ,  0.0            
       935,  2850.0         ,  -125.0         ,  0.0            
       936,  2825.0         ,  -125.0         ,  0.0            
       937,  2850.0         ,  -100.0         ,  0.0            
       938,  2825.0         ,  -100.0         ,  0.0            
       939,  2875.0         ,  125.0          ,  0.0            
       940,  2875.0         ,  100.0          ,  0.0            
       941,  2875.0         ,  75.0           ,  0.0            
       942,  2875.0         ,  50.0           ,  0.0            
       943,  2875.0         ,  25.0           ,  0.0            
       944,  2900.0         ,  75.0           ,  0.0            
       945,  2925.0         ,  75.0           ,  0.0            
       946,  2950.0         ,  75.0           ,  0.0            
       947,  2975.0         ,  75.0           ,  0.0            
       948,  2925.0         ,  100.0          ,  0.0            
       949,  2925.0         ,  125.0          ,  0.0            
       950,  2900.0         ,  100.0          ,  0.0            
       951,  2900.0         ,  125.0          ,  0.0            
       952,  2975.0         ,  100.0          ,  0.0            
       953,  2950.0         ,  100.0          ,  0.0            
       954,  2975.0         ,  125.0          ,  0.0            
       955,  2950.0         ,  125.0          ,  0.0            
       956,  2925.0         ,  25.0           ,  0.0            
       957,  2925.0         ,  50.0           ,  0.0            
       958,  2900.0         ,  25.0           ,  0.0            
       959,  2900.0         ,  50.0           ,  0.0            
       960,  2975.0         ,  25.0           ,  0.0            
       961,  2950.0         ,  25.0           ,  0.0            
       962,  2975.0         ,  50.0           ,  0.0            
       963,  2950.0         ,  50.0           ,  0.0            
       964,  2775.0         ,  75.0           ,  0.0            
       965,  2800.0         ,  75.0           ,  0.0            
       966,  2825.0         ,  75.0           ,  0.0            
       967,  2850.0         ,  75.0           ,  0.0            
       968,  2800.0         ,  100.0          ,  0.0            
       969,  2800.0         ,  125.0          ,  0.0            
       970,  2775.0         ,  100.0          ,  0.0            
       971,  2775.0         ,  125.0          ,  0.0            
       972,  2850.0         ,  100.0          ,  0.0            
       973,  2825.0         ,  100.0          ,  0.0            
       974,  2850.0         ,  125.0          ,  0.0            
       975,  2825.0         ,  125.0          ,  0.0            
       976,  2800.0         ,  25.0           ,  0.0            
       977,  2800.0         ,  50.0           ,  0.0            
       978,  2775.0         ,  25.0           ,  0.0            
       979,  2775.0         ,  50.0           ,  0.0            
       980,  2850.0         ,  25.0           ,  0.0            
       981,  2825.0         ,  25.0           ,  0.0            
       982,  2850.0         ,  50.0           ,  0.0            
       983,  2825.0         ,  50.0           ,  0.0            
       984,  0.0            ,  150.0          ,  0.0            
       985,  0.0            ,  125.0          ,  0.0            
       986,  0.0            ,  100.0          ,  0.0            
       987,  0.0            ,  75.0           ,  0.0            
       988,  0.0            ,  50.0           ,  0.0            
       989,  0.0            ,  25.0           ,  0.0            
       990,  0.0            ,  0.0            ,  0.0            
       991,  0.0            ,  -25.0          ,  0.0            
       992,  0.0            ,  -50.0          ,  0.0            
       993,  0.0            ,  -75.0          ,  0.0            
       994,  0.0            ,  -100.0         ,  0.0            
       995,  0.0            ,  -125.0         ,  0.0            
       996,  0.0            ,  -150.0         ,  0.0            
       997,  25.0           ,  -150.0         ,  0.0            
       998,  50.0           ,  -150.0         ,  0.0            
       999,  75.0           ,  -150.0         ,  0.0            
      1000,  100.0          ,  -150.0         ,  0.0            
      1001,  125.0          ,  -150.0         ,  0.0            
      1002,  150.0          ,  -150.0         ,  0.0            
      1003,  175.0          ,  -150.0         ,  0.0            
      1004,  200.0          ,  -150.0         ,  0.0            
      1005,  225.0          ,  -150.0         ,  0.0            
      1006,  250.0          ,  -150.0         ,  0.0            
      1007,  275.0          ,  -150.0         ,  0.0            
      1008,  300.0          ,  -150.0         ,  0.0            
      1009,  325.0          ,  -150.0         ,  0.0            
      1010,  350.0          ,  -150.0         ,  0.0            
      1011,  375.0          ,  -150.0         ,  0.0            
      1012,  400.0          ,  -150.0         ,  0.0            
      1013,  425.0          ,  -150.0         ,  0.0            
      1014,  450.0          ,  -150.0         ,  0.0            
      1015,  475.0          ,  -150.0         ,  0.0            
      1016,  500.0          ,  -150.0         ,  0.0            
      1017,  525.0          ,  -150.0         ,  0.0            
      1018,  550.0          ,  -150.0         ,  0.0            
      1019,  575.0          ,  -150.0         ,  0.0            
      1020,  600.0          ,  -150.0         ,  0.0            
      1021,  625.0          ,  -150.0         ,  0.0            
      1022,  650.0          ,  -150.0         ,  0.0            
      1023,  675.0          ,  -150.0         ,  0.0            
      1024,  700.0          ,  -150.0         ,  0.0            
      1025,  725.0          ,  -150.0         ,  0.0            
      1026,  750.0          ,  -150.0         ,  0.0            
      1027,  775.0          ,  -150.0         ,  0.0            
      1028,  800.0          ,  -150.0         ,  0.0            
      1029,  825.0          ,  -150.0         ,  0.0            
      1030,  850.0          ,  -150.0         ,  0.0            
      1031,  875.0          ,  -150.0         ,  0.0            
      1032,  900.0          ,  -150.0         ,  0.0            
      1033,  925.0          ,  -150.0         ,  0.0            
      1034,  950.0          ,  -150.0         ,  0.0            
      1035,  975.0          ,  -150.0         ,  0.0            
      1036,  1000.0         ,  -125.0         ,  0.0            
      1037,  1000.0         ,  -100.0         ,  0.0            
      1038,  1000.0         ,  -75.0          ,  0.0            
      1039,  1000.0         ,  -50.0          ,  0.0            
      1040,  1000.0         ,  -25.0          ,  0.0            
      1041,  1000.0         ,  0.0            ,  0.0            
      1042,  1000.0         ,  25.0           ,  0.0            
      1043,  1000.0         ,  50.0           ,  0.0            
      1044,  1000.0         ,  75.0           ,  0.0            
      1045,  1000.0         ,  100.0          ,  0.0            
      1046,  1000.0         ,  125.0          ,  0.0            
      1047,  1000.0         ,  150.0          ,  0.0            
      1048,  975.0          ,  150.0          ,  0.0            
      1049,  950.0          ,  150.0          ,  0.0            
      1050,  925.0          ,  150.0          ,  0.0            
      1051,  900.0          ,  150.0          ,  0.0            
      1052,  875.0          ,  150.0          ,  0.0            
      1053,  850.0          ,  150.0          ,  0.0            
      1054,  825.0          ,  150.0          ,  0.0            
      1055,  800.0          ,  150.0          ,  0.0            
      1056,  775.0          ,  150.0          ,  0.0            
      1057,  750.0          ,  150.0          ,  0.0            
      1058,  725.0          ,  150.0          ,  0.0            
      1059,  700.0          ,  150.0          ,  0.0            
      1060,  675.0          ,  150.0          ,  0.0            
      1061,  650.0          ,  150.0          ,  0.0            
      1062,  625.0          ,  150.0          ,  0.0            
      1063,  600.0          ,  150.0          ,  0.0            
      1064,  575.0          ,  150.0          ,  0.0            
      1065,  550.0          ,  150.0          ,  0.0            
      1066,  525.0          ,  150.0          ,  0.0            
      1067,  500.0          ,  150.0          ,  0.0            
      1068,  475.0          ,  150.0          ,  0.0            
      1069,  450.0          ,  150.0          ,  0.0            
      1070,  425.0          ,  150.0          ,  0.0            
      1071,  400.0          ,  150.0          ,  0.0            
      1072,  375.0          ,  150.0          ,  0.0            
      1073,  350.0          ,  150.0          ,  0.0            
      1074,  325.0          ,  150.0          ,  0.0            
      1075,  300.0          ,  150.0          ,  0.0            
      1076,  275.0          ,  150.0          ,  0.0            
      1077,  250.0          ,  150.0          ,  0.0            
      1078,  225.0          ,  150.0          ,  0.0            
      1079,  200.0          ,  150.0          ,  0.0            
      1080,  175.0          ,  150.0          ,  0.0            
      1081,  150.0          ,  150.0          ,  0.0            
      1082,  125.0          ,  150.0          ,  0.0            
      1083,  100.0          ,  150.0          ,  0.0            
      1084,  75.0           ,  150.0          ,  0.0            
      1085,  50.0           ,  150.0          ,  0.0            
      1086,  25.0           ,  150.0          ,  0.0            
      1087,  500.0          ,  -125.0         ,  0.0            
      1088,  500.0          ,  -100.0         ,  0.0            
      1089,  500.0          ,  -75.0          ,  0.0            
      1090,  500.0          ,  -50.0          ,  0.0            
      1091,  500.0          ,  -25.0          ,  0.0            
      1092,  500.0          ,  0.0            ,  0.0            
      1093,  500.0          ,  25.0           ,  0.0            
      1094,  500.0          ,  50.0           ,  0.0            
      1095,  500.0          ,  75.0           ,  0.0            
      1096,  500.0          ,  100.0          ,  0.0            
      1097,  500.0          ,  125.0          ,  0.0            
      1098,  250.0          ,  -125.0         ,  0.0            
      1099,  250.0          ,  -100.0         ,  0.0            
      1100,  250.0          ,  -75.0          ,  0.0            
      1101,  250.0          ,  -50.0          ,  0.0            
      1102,  250.0          ,  -25.0          ,  0.0            
      1103,  250.0          ,  0.0            ,  0.0            
      1104,  250.0          ,  25.0           ,  0.0            
      1105,  250.0          ,  50.0           ,  0.0            
      1106,  250.0          ,  75.0           ,  0.0            
      1107,  250.0          ,  100.0          ,  0.0            
      1108,  250.0          ,  125.0          ,  0.0            
      1109,  225.0          ,  0.0            ,  0.0            
      1110,  200.0          ,  0.0            ,  0.0            
      1111,  175.0          ,  0.0            ,  0.0            
      1112,  150.0          ,  0.0            ,  0.0            
      1113,  125.0          ,  0.0            ,  0.0            
      1114,  100.0          ,  -2.84217094E-14,  0.0            
      1115,  75.0           ,  0.0            ,  0.0            
      1116,  50.0           ,  0.0            ,  0.0            
      1117,  25.0           ,  0.0            ,  0.0            
      1118,  125.0          ,  -25.0          ,  0.0            
      1119,  125.0          ,  -50.0          ,  0.0            
      1120,  125.0          ,  -75.0          ,  0.0            
      1121,  125.0          ,  -100.0         ,  0.0            
      1122,  125.0          ,  -125.0         ,  0.0            
      1123,  150.0          ,  -75.0          ,  0.0            
      1124,  175.0          ,  -75.0          ,  0.0            
      1125,  200.0          ,  -75.0          ,  0.0            
      1126,  225.0          ,  -75.0          ,  0.0            
      1127,  175.0          ,  -50.0          ,  0.0            
      1128,  175.0          ,  -25.0          ,  0.0            
      1129,  150.0          ,  -50.0          ,  0.0            
      1130,  150.0          ,  -25.0          ,  0.0            
      1131,  225.0          ,  -50.0          ,  0.0            
      1132,  200.0          ,  -50.0          ,  0.0            
      1133,  225.0          ,  -25.0          ,  0.0            
      1134,  200.0          ,  -25.0          ,  0.0            
      1135,  175.0          ,  -125.0         ,  0.0            
      1136,  175.0          ,  -100.0         ,  0.0            
      1137,  150.0          ,  -125.0         ,  0.0            
      1138,  150.0          ,  -100.0         ,  0.0            
      1139,  225.0          ,  -125.0         ,  0.0            
      1140,  200.0          ,  -125.0         ,  0.0            
      1141,  225.0          ,  -100.0         ,  0.0            
      1142,  200.0          ,  -100.0         ,  0.0            
      1143,  25.0           ,  -75.0          ,  0.0            
      1144,  50.0           ,  -75.0          ,  0.0            
      1145,  75.0           ,  -75.0          ,  0.0            
      1146,  100.0          ,  -75.0          ,  0.0            
      1147,  50.0           ,  -50.0          ,  0.0            
      1148,  50.0           ,  -25.0          ,  0.0            
      1149,  25.0           ,  -50.0          ,  0.0            
      1150,  25.0           ,  -25.0          ,  0.0            
      1151,  75.0           ,  -50.0          ,  0.0            
      1152,  75.0           ,  -25.0          ,  0.0            
      1153,  100.0          ,  -50.0          ,  0.0            
      1154,  100.0          ,  -25.0          ,  0.0            
      1155,  50.0           ,  -125.0         ,  0.0            
      1156,  50.0           ,  -100.0         ,  0.0            
      1157,  25.0           ,  -125.0         ,  0.0            
      1158,  25.0           ,  -100.0         ,  0.0            
      1159,  75.0           ,  -125.0         ,  0.0            
      1160,  75.0           ,  -100.0         ,  0.0            
      1161,  100.0          ,  -125.0         ,  0.0            
      1162,  100.0          ,  -100.0         ,  0.0            
      1163,  125.0          ,  125.0          ,  0.0            
      1164,  125.0          ,  100.0          ,  0.0            
      1165,  125.0          ,  75.0           ,  0.0            
      1166,  125.0          ,  50.0           ,  0.0            
      1167,  125.0          ,  25.0           ,  0.0            
      1168,  150.0          ,  75.0           ,  0.0            
      1169,  175.0          ,  75.0           ,  0.0            
      1170,  200.0          ,  75.0           ,  0.0            
      1171,  225.0          ,  75.0           ,  0.0            
      1172,  175.0          ,  100.0          ,  0.0            
      1173,  175.0          ,  125.0          ,  0.0            
      1174,  150.0          ,  100.0          ,  0.0            
      1175,  150.0          ,  125.0          ,  0.0            
      1176,  225.0          ,  100.0          ,  0.0            
      1177,  200.0          ,  100.0          ,  0.0            
      1178,  225.0          ,  125.0          ,  0.0            
      1179,  200.0          ,  125.0          ,  0.0            
      1180,  175.0          ,  25.0           ,  0.0            
      1181,  175.0          ,  50.0           ,  0.0            
      1182,  150.0          ,  25.0           ,  0.0            
      1183,  150.0          ,  50.0           ,  0.0            
      1184,  225.0          ,  25.0           ,  0.0            
      1185,  200.0          ,  25.0           ,  0.0            
      1186,  225.0          ,  50.0           ,  0.0            
      1187,  200.0          ,  50.0           ,  0.0            
      1188,  25.0           ,  75.0           ,  0.0            
      1189,  50.0           ,  75.0           ,  0.0            
      1190,  75.0           ,  75.0           ,  0.0            
      1191,  100.0          ,  75.0           ,  0.0            
      1192,  50.0           ,  100.0          ,  0.0            
      1193,  50.0           ,  125.0          ,  0.0            
      1194,  25.0           ,  100.0          ,  0.0            
      1195,  25.0           ,  125.0          ,  0.0            
      1196,  100.0          ,  100.0          ,  0.0            
      1197,  75.0           ,  100.0          ,  0.0            
      1198,  100.0          ,  125.0          ,  0.0            
      1199,  75.0           ,  125.0          ,  0.0            
      1200,  50.0           ,  25.0           ,  0.0            
      1201,  50.0           ,  50.0           ,  0.0            
      1202,  25.0           ,  25.0           ,  0.0            
      1203,  25.0           ,  50.0           ,  0.0            
      1204,  75.0           ,  25.0           ,  0.0            
      1205,  75.0           ,  50.0           ,  0.0            
      1206,  100.0          ,  25.0           ,  0.0            
      1207,  100.0          ,  50.0           ,  0.0            
      1208,  475.0          ,  0.0            ,  0.0            
      1209,  450.0          ,  0.0            ,  0.0            
      1210,  425.0          ,  0.0            ,  0.0            
      1211,  400.0          ,  -2.84217094E-14,  0.0            
      1212,  375.0          ,  0.0            ,  0.0            
      1213,  350.0          ,  0.0            ,  0.0            
      1214,  325.0          ,  0.0            ,  0.0            
      1215,  300.0          ,  0.0            ,  0.0            
      1216,  275.0          ,  0.0            ,  0.0            
      1217,  375.0          ,  -25.0          ,  0.0            
      1218,  375.0          ,  -50.0          ,  0.0            
      1219,  375.0          ,  -75.0          ,  0.0            
      1220,  375.0          ,  -100.0         ,  0.0            
      1221,  375.0          ,  -125.0         ,  0.0            
      1222,  400.0          ,  -75.0          ,  0.0            
      1223,  425.0          ,  -75.0          ,  0.0            
      1224,  450.0          ,  -75.0          ,  0.0            
      1225,  475.0          ,  -75.0          ,  0.0            
      1226,  425.0          ,  -50.0          ,  0.0            
      1227,  425.0          ,  -25.0          ,  0.0            
      1228,  400.0          ,  -50.0          ,  0.0            
      1229,  400.0          ,  -25.0          ,  0.0            
      1230,  475.0          ,  -50.0          ,  0.0            
      1231,  450.0          ,  -50.0          ,  0.0            
      1232,  475.0          ,  -25.0          ,  0.0            
      1233,  450.0          ,  -25.0          ,  0.0            
      1234,  425.0          ,  -125.0         ,  0.0            
      1235,  425.0          ,  -100.0         ,  0.0            
      1236,  400.0          ,  -125.0         ,  0.0            
      1237,  400.0          ,  -100.0         ,  0.0            
      1238,  475.0          ,  -125.0         ,  0.0            
      1239,  450.0          ,  -125.0         ,  0.0            
      1240,  475.0          ,  -100.0         ,  0.0            
      1241,  450.0          ,  -100.0         ,  0.0            
      1242,  275.0          ,  -75.0          ,  0.0            
      1243,  300.0          ,  -75.0          ,  0.0            
      1244,  325.0          ,  -75.0          ,  0.0            
      1245,  350.0          ,  -75.0          ,  0.0            
      1246,  300.0          ,  -50.0          ,  0.0            
      1247,  300.0          ,  -25.0          ,  0.0            
      1248,  275.0          ,  -50.0          ,  0.0            
      1249,  275.0          ,  -25.0          ,  0.0            
      1250,  350.0          ,  -50.0          ,  0.0            
      1251,  325.0          ,  -50.0          ,  0.0            
      1252,  350.0          ,  -25.0          ,  0.0            
      1253,  325.0          ,  -25.0          ,  0.0            
      1254,  300.0          ,  -125.0         ,  0.0            
      1255,  300.0          ,  -100.0         ,  0.0            
      1256,  275.0          ,  -125.0         ,  0.0            
      1257,  275.0          ,  -100.0         ,  0.0            
      1258,  325.0          ,  -125.0         ,  0.0            
      1259,  325.0          ,  -100.0         ,  0.0            
      1260,  350.0          ,  -125.0         ,  0.0            
      1261,  350.0          ,  -100.0         ,  0.0            
      1262,  375.0          ,  125.0          ,  0.0            
      1263,  375.0          ,  100.0          ,  0.0            
      1264,  375.0          ,  75.0           ,  0.0            
      1265,  375.0          ,  50.0           ,  0.0            
      1266,  375.0          ,  25.0           ,  0.0            
      1267,  400.0          ,  75.0           ,  0.0            
      1268,  425.0          ,  75.0           ,  0.0            
      1269,  450.0          ,  75.0           ,  0.0            
      1270,  475.0          ,  75.0           ,  0.0            
      1271,  425.0          ,  100.0          ,  0.0            
      1272,  425.0          ,  125.0          ,  0.0            
      1273,  400.0          ,  100.0          ,  0.0            
      1274,  400.0          ,  125.0          ,  0.0            
      1275,  475.0          ,  100.0          ,  0.0            
      1276,  450.0          ,  100.0          ,  0.0            
      1277,  475.0          ,  125.0          ,  0.0            
      1278,  450.0          ,  125.0          ,  0.0            
      1279,  425.0          ,  25.0           ,  0.0            
      1280,  425.0          ,  50.0           ,  0.0            
      1281,  400.0          ,  25.0           ,  0.0            
      1282,  400.0          ,  50.0           ,  0.0            
      1283,  475.0          ,  25.0           ,  0.0            
      1284,  450.0          ,  25.0           ,  0.0            
      1285,  475.0          ,  50.0           ,  0.0            
      1286,  450.0          ,  50.0           ,  0.0            
      1287,  275.0          ,  75.0           ,  0.0            
      1288,  300.0          ,  75.0           ,  0.0            
      1289,  325.0          ,  75.0           ,  0.0            
      1290,  350.0          ,  75.0           ,  0.0            
      1291,  300.0          ,  100.0          ,  0.0            
      1292,  300.0          ,  125.0          ,  0.0            
      1293,  275.0          ,  100.0          ,  0.0            
      1294,  275.0          ,  125.0          ,  0.0            
      1295,  350.0          ,  100.0          ,  0.0            
      1296,  325.0          ,  100.0          ,  0.0            
      1297,  350.0          ,  125.0          ,  0.0            
      1298,  325.0          ,  125.0          ,  0.0            
      1299,  300.0          ,  25.0           ,  0.0            
      1300,  300.0          ,  50.0           ,  0.0            
      1301,  275.0          ,  25.0           ,  0.0            
      1302,  275.0          ,  50.0           ,  0.0            
      1303,  350.0          ,  25.0           ,  0.0            
      1304,  325.0          ,  25.0           ,  0.0            
      1305,  350.0          ,  50.0           ,  0.0            
      1306,  325.0          ,  50.0           ,  0.0            
      1307,  750.0          ,  -125.0         ,  0.0            
      1308,  750.0          ,  -100.0         ,  0.0            
      1309,  750.0          ,  -75.0          ,  0.0            
      1310,  750.0          ,  -50.0          ,  0.0            
      1311,  750.0          ,  -25.0          ,  0.0            
      1312,  750.0          ,  0.0            ,  0.0            
      1313,  750.0          ,  25.0           ,  0.0            
      1314,  750.0          ,  50.0           ,  0.0            
      1315,  750.0          ,  75.0           ,  0.0            
      1316,  750.0          ,  100.0          ,  0.0            
      1317,  750.0          ,  125.0          ,  0.0            
      1318,  725.0          ,  0.0            ,  0.0            
      1319,  700.0          ,  0.0            ,  0.0            
      1320,  675.0          ,  0.0            ,  0.0            
      1321,  650.0          ,  0.0            ,  0.0            
      1322,  625.0          ,  0.0            ,  0.0            
      1323,  600.0          ,  0.0            ,  0.0            
      1324,  575.0          ,  0.0            ,  0.0            
      1325,  550.0          ,  0.0            ,  0.0            
      1326,  525.0          ,  0.0            ,  0.0            
      1327,  625.0          ,  -25.0          ,  0.0            
      1328,  625.0          ,  -50.0          ,  0.0            
      1329,  625.0          ,  -75.0          ,  0.0            
      1330,  625.0          ,  -100.0         ,  0.0            
      1331,  625.0          ,  -125.0         ,  0.0            
      1332,  650.0          ,  -75.0          ,  0.0            
      1333,  675.0          ,  -75.0          ,  0.0            
      1334,  700.0          ,  -75.0          ,  0.0            
      1335,  725.0          ,  -75.0          ,  0.0            
      1336,  675.0          ,  -50.0          ,  0.0            
      1337,  675.0          ,  -25.0          ,  0.0            
      1338,  650.0          ,  -50.0          ,  0.0            
      1339,  650.0          ,  -25.0          ,  0.0            
      1340,  725.0          ,  -50.0          ,  0.0            
      1341,  700.0          ,  -50.0          ,  0.0            
      1342,  725.0          ,  -25.0          ,  0.0            
      1343,  700.0          ,  -25.0          ,  0.0            
      1344,  675.0          ,  -125.0         ,  0.0            
      1345,  675.0          ,  -100.0         ,  0.0            
      1346,  650.0          ,  -125.0         ,  0.0            
      1347,  650.0          ,  -100.0         ,  0.0            
      1348,  725.0          ,  -125.0         ,  0.0            
      1349,  700.0          ,  -125.0         ,  0.0            
      1350,  725.0          ,  -100.0         ,  0.0            
      1351,  700.0          ,  -100.0         ,  0.0            
      1352,  525.0          ,  -75.0          ,  0.0            
      1353,  550.0          ,  -75.0          ,  0.0            
      1354,  575.0          ,  -75.0          ,  0.0            
      1355,  600.0          ,  -75.0          ,  0.0            
      1356,  550.0          ,  -50.0          ,  0.0            
      1357,  550.0          ,  -25.0          ,  0.0            
      1358,  525.0          ,  -50.0          ,  0.0            
      1359,  525.0          ,  -25.0          ,  0.0            
      1360,  600.0          ,  -50.0          ,  0.0            
      1361,  575.0          ,  -50.0          ,  0.0            
      1362,  600.0          ,  -25.0          ,  0.0            
      1363,  575.0          ,  -25.0          ,  0.0            
      1364,  550.0          ,  -125.0         ,  0.0            
      1365,  550.0          ,  -100.0         ,  0.0            
      1366,  525.0          ,  -125.0         ,  0.0            
      1367,  525.0          ,  -100.0         ,  0.0            
      1368,  600.0          ,  -125.0         ,  0.0            
      1369,  575.0          ,  -125.0         ,  0.0            
      1370,  600.0          ,  -100.0         ,  0.0            
      1371,  575.0          ,  -100.0         ,  0.0            
      1372,  625.0          ,  125.0          ,  0.0            
      1373,  625.0          ,  100.0          ,  0.0            
      1374,  625.0          ,  75.0           ,  0.0            
      1375,  625.0          ,  50.0           ,  0.0            
      1376,  625.0          ,  25.0           ,  0.0            
      1377,  650.0          ,  75.0           ,  0.0            
      1378,  675.0          ,  75.0           ,  0.0            
      1379,  700.0          ,  75.0           ,  0.0            
      1380,  725.0          ,  75.0           ,  0.0            
      1381,  675.0          ,  100.0          ,  0.0            
      1382,  675.0          ,  125.0          ,  0.0            
      1383,  650.0          ,  100.0          ,  0.0            
      1384,  650.0          ,  125.0          ,  0.0            
      1385,  725.0          ,  100.0          ,  0.0            
      1386,  700.0          ,  100.0          ,  0.0            
      1387,  725.0          ,  125.0          ,  0.0            
      1388,  700.0          ,  125.0          ,  0.0            
      1389,  675.0          ,  25.0           ,  0.0            
      1390,  675.0          ,  50.0           ,  0.0            
      1391,  650.0          ,  25.0           ,  0.0            
      1392,  650.0          ,  50.0           ,  0.0            
      1393,  725.0          ,  25.0           ,  0.0            
      1394,  700.0          ,  25.0           ,  0.0            
      1395,  725.0          ,  50.0           ,  0.0            
      1396,  700.0          ,  50.0           ,  0.0            
      1397,  525.0          ,  75.0           ,  0.0            
      1398,  550.0          ,  75.0           ,  0.0            
      1399,  575.0          ,  75.0           ,  0.0            
      1400,  600.0          ,  75.0           ,  0.0            
      1401,  550.0          ,  100.0          ,  0.0            
      1402,  550.0          ,  125.0          ,  0.0            
      1403,  525.0          ,  100.0          ,  0.0            
      1404,  525.0          ,  125.0          ,  0.0            
      1405,  600.0          ,  100.0          ,  0.0            
      1406,  575.0          ,  100.0          ,  0.0            
      1407,  600.0          ,  125.0          ,  0.0            
      1408,  575.0          ,  125.0          ,  0.0            
      1409,  550.0          ,  25.0           ,  0.0            
      1410,  550.0          ,  50.0           ,  0.0            
      1411,  525.0          ,  25.0           ,  0.0            
      1412,  525.0          ,  50.0           ,  0.0            
      1413,  600.0          ,  25.0           ,  0.0            
      1414,  575.0          ,  25.0           ,  0.0            
      1415,  600.0          ,  50.0           ,  0.0            
      1416,  575.0          ,  50.0           ,  0.0            
      1417,  975.0          ,  0.0            ,  0.0            
      1418,  950.0          ,  -2.84217094E-14,  0.0            
      1419,  925.0          ,  0.0            ,  0.0            
      1420,  900.0          ,  0.0            ,  0.0            
      1421,  875.0          ,  0.0            ,  0.0            
      1422,  850.0          ,  0.0            ,  0.0            
      1423,  825.0          ,  0.0            ,  0.0            
      1424,  800.0          ,  0.0            ,  0.0            
      1425,  775.0          ,  0.0            ,  0.0            
      1426,  875.0          ,  -25.0          ,  0.0            
      1427,  875.0          ,  -50.0          ,  0.0            
      1428,  875.0          ,  -75.0          ,  0.0            
      1429,  875.0          ,  -100.0         ,  0.0            
      1430,  875.0          ,  -125.0         ,  0.0            
      1431,  900.0          ,  -75.0          ,  0.0            
      1432,  925.0          ,  -75.0          ,  0.0            
      1433,  950.0          ,  -75.0          ,  0.0            
      1434,  975.0          ,  -75.0          ,  0.0            
      1435,  925.0          ,  -50.0          ,  0.0            
      1436,  925.0          ,  -25.0          ,  0.0            
      1437,  900.0          ,  -50.0          ,  0.0            
      1438,  900.0          ,  -25.0          ,  0.0            
      1439,  950.0          ,  -50.0          ,  0.0            
      1440,  950.0          ,  -25.0          ,  0.0            
      1441,  975.0          ,  -50.0          ,  0.0            
      1442,  975.0          ,  -25.0          ,  0.0            
      1443,  925.0          ,  -125.0         ,  0.0            
      1444,  925.0          ,  -100.0         ,  0.0            
      1445,  900.0          ,  -125.0         ,  0.0            
      1446,  900.0          ,  -100.0         ,  0.0            
      1447,  975.0          ,  -125.0         ,  0.0            
      1448,  950.0          ,  -125.0         ,  0.0            
      1449,  975.0          ,  -100.0         ,  0.0            
      1450,  950.0          ,  -100.0         ,  0.0            
      1451,  775.0          ,  -75.0          ,  0.0            
      1452,  800.0          ,  -75.0          ,  0.0            
      1453,  825.0          ,  -75.0          ,  0.0            
      1454,  850.0          ,  -75.0          ,  0.0            
      1455,  800.0          ,  -50.0          ,  0.0            
      1456,  800.0          ,  -25.0          ,  0.0            
      1457,  775.0          ,  -50.0          ,  0.0            
      1458,  775.0          ,  -25.0          ,  0.0            
      1459,  825.0          ,  -50.0          ,  0.0            
      1460,  825.0          ,  -25.0          ,  0.0            
      1461,  850.0          ,  -50.0          ,  0.0            
      1462,  850.0          ,  -25.0          ,  0.0            
      1463,  800.0          ,  -125.0         ,  0.0            
      1464,  800.0          ,  -100.0         ,  0.0            
      1465,  775.0          ,  -125.0         ,  0.0            
      1466,  775.0          ,  -100.0         ,  0.0            
      1467,  850.0          ,  -125.0         ,  0.0            
      1468,  825.0          ,  -125.0         ,  0.0            
      1469,  850.0          ,  -100.0         ,  0.0            
      1470,  825.0          ,  -100.0         ,  0.0            
      1471,  875.0          ,  125.0          ,  0.0            
      1472,  875.0          ,  100.0          ,  0.0            
      1473,  875.0          ,  75.0           ,  0.0            
      1474,  875.0          ,  50.0           ,  0.0            
      1475,  875.0          ,  25.0           ,  0.0            
      1476,  900.0          ,  75.0           ,  0.0            
      1477,  925.0          ,  75.0           ,  0.0            
      1478,  950.0          ,  75.0           ,  0.0            
      1479,  975.0          ,  75.0           ,  0.0            
      1480,  925.0          ,  100.0          ,  0.0            
      1481,  925.0          ,  125.0          ,  0.0            
      1482,  900.0          ,  100.0          ,  0.0            
      1483,  900.0          ,  125.0          ,  0.0            
      1484,  975.0          ,  100.0          ,  0.0            
      1485,  950.0          ,  100.0          ,  0.0            
      1486,  975.0          ,  125.0          ,  0.0            
      1487,  950.0          ,  125.0          ,  0.0            
      1488,  925.0          ,  25.0           ,  0.0            
      1489,  925.0          ,  50.0           ,  0.0            
      1490,  900.0          ,  25.0           ,  0.0            
      1491,  900.0          ,  50.0           ,  0.0            
      1492,  950.0          ,  25.0           ,  0.0            
      1493,  950.0          ,  50.0           ,  0.0            
      1494,  975.0          ,  25.0           ,  0.0            
      1495,  975.0          ,  50.0           ,  0.0            
      1496,  775.0          ,  75.0           ,  0.0            
      1497,  800.0          ,  75.0           ,  0.0            
      1498,  825.0          ,  75.0           ,  0.0            
      1499,  850.0          ,  75.0           ,  0.0            
      1500,  800.0          ,  100.0          ,  0.0            
      1501,  800.0          ,  125.0          ,  0.0            
      1502,  775.0          ,  100.0          ,  0.0            
      1503,  775.0          ,  125.0          ,  0.0            
      1504,  825.0          ,  100.0          ,  0.0            
      1505,  825.0          ,  125.0          ,  0.0            
      1506,  850.0          ,  100.0          ,  0.0            
      1507,  850.0          ,  125.0          ,  0.0            
      1508,  800.0          ,  25.0           ,  0.0            
      1509,  800.0          ,  50.0           ,  0.0            
      1510,  775.0          ,  25.0           ,  0.0            
      1511,  775.0          ,  50.0           ,  0.0            
      1512,  825.0          ,  25.0           ,  0.0            
      1513,  825.0          ,  50.0           ,  0.0            
      1514,  850.0          ,  25.0           ,  0.0            
      1515,  850.0          ,  50.0           ,  0.0            
      1516,  2000.0         ,  400.0          ,  0.0            
      1517,  1975.0         ,  400.0          ,  0.0            
      1518,  1950.0         ,  400.0          ,  0.0            
      1519,  1925.0         ,  400.0          ,  0.0            
      1520,  1900.0         ,  400.0          ,  0.0            
      1521,  1875.0         ,  400.0          ,  0.0            
      1522,  1850.0         ,  400.0          ,  0.0            
      1523,  1825.0         ,  400.0          ,  0.0            
      1524,  1800.0         ,  400.0          ,  0.0            
      1525,  1775.0         ,  400.0          ,  0.0            
      1526,  1750.0         ,  400.0          ,  0.0            
      1527,  1725.0         ,  400.0          ,  0.0            
      1528,  1700.0         ,  400.0          ,  0.0            
      1529,  1675.0         ,  400.0          ,  0.0            
      1530,  1650.0         ,  400.0          ,  0.0            
      1531,  1625.0         ,  400.0          ,  0.0            
      1532,  1600.0         ,  400.0          ,  0.0            
      1533,  1575.0         ,  400.0          ,  0.0            
      1534,  1550.0         ,  400.0          ,  0.0            
      1535,  1525.0         ,  400.0          ,  0.0            
      1536,  1500.0         ,  400.0          ,  0.0            
      1537,  1475.0         ,  400.0          ,  0.0            
      1538,  1450.0         ,  400.0          ,  0.0            
      1539,  1425.0         ,  400.0          ,  0.0            
      1540,  1400.0         ,  400.0          ,  0.0            
      1541,  1375.0         ,  400.0          ,  0.0            
      1542,  1350.0         ,  400.0          ,  0.0            
      1543,  1325.0         ,  400.0          ,  0.0            
      1544,  1300.0         ,  400.0          ,  0.0            
      1545,  1275.0         ,  400.0          ,  0.0            
      1546,  1250.0         ,  400.0          ,  0.0            
      1547,  1225.0         ,  400.0          ,  0.0            
      1548,  1200.0         ,  400.0          ,  0.0            
      1549,  1175.0         ,  400.0          ,  0.0            
      1550,  1150.0         ,  400.0          ,  0.0            
      1551,  1125.0         ,  400.0          ,  0.0            
      1552,  1100.0         ,  400.0          ,  0.0            
      1553,  1075.0         ,  400.0          ,  0.0            
      1554,  1050.0         ,  400.0          ,  0.0            
      1555,  1025.0         ,  400.0          ,  0.0            
      1556,  1000.0         ,  400.0          ,  0.0            
      1557,  1000.0         ,  375.0          ,  0.0            
      1558,  1000.0         ,  350.0          ,  0.0            
      1559,  1000.0         ,  325.0          ,  0.0            
      1560,  1000.0         ,  300.0          ,  0.0            
      1561,  1000.0         ,  275.0          ,  0.0            
      1562,  1000.0         ,  250.0          ,  0.0            
      1563,  1000.0         ,  225.0          ,  0.0            
      1564,  1000.0         ,  200.0          ,  0.0            
      1565,  1000.0         ,  175.0          ,  0.0            
      1566,  1025.0         ,  150.0          ,  0.0            
      1567,  1050.0         ,  150.0          ,  0.0            
      1568,  1075.0         ,  150.0          ,  0.0            
      1569,  1100.0         ,  150.0          ,  0.0            
      1570,  1125.0         ,  150.0          ,  0.0            
      1571,  1150.0         ,  150.0          ,  0.0            
      1572,  1175.0         ,  150.0          ,  0.0            
      1573,  1200.0         ,  150.0          ,  0.0            
      1574,  1225.0         ,  150.0          ,  0.0            
      1575,  1250.0         ,  150.0          ,  0.0            
      1576,  1275.0         ,  150.0          ,  0.0            
      1577,  1300.0         ,  150.0          ,  0.0            
      1578,  1325.0         ,  150.0          ,  0.0            
      1579,  1350.0         ,  150.0          ,  0.0            
      1580,  1375.0         ,  150.0          ,  0.0            
      1581,  1400.0         ,  150.0          ,  0.0            
      1582,  1425.0         ,  150.0          ,  0.0            
      1583,  1450.0         ,  150.0          ,  0.0            
      1584,  1475.0         ,  150.0          ,  0.0            
      1585,  1500.0         ,  150.0          ,  0.0            
      1586,  1525.0         ,  150.0          ,  0.0            
      1587,  1550.0         ,  150.0          ,  0.0            
      1588,  1575.0         ,  150.0          ,  0.0            
      1589,  1600.0         ,  150.0          ,  0.0            
      1590,  1625.0         ,  150.0          ,  0.0            
      1591,  1650.0         ,  150.0          ,  0.0            
      1592,  1675.0         ,  150.0          ,  0.0            
      1593,  1700.0         ,  150.0          ,  0.0            
      1594,  1725.0         ,  150.0          ,  0.0            
      1595,  1750.0         ,  150.0          ,  0.0            
      1596,  1775.0         ,  150.0          ,  0.0            
      1597,  1800.0         ,  150.0          ,  0.0            
      1598,  1825.0         ,  150.0          ,  0.0            
      1599,  1850.0         ,  150.0          ,  0.0            
      1600,  1875.0         ,  150.0          ,  0.0            
      1601,  1900.0         ,  150.0          ,  0.0            
      1602,  1925.0         ,  150.0          ,  0.0            
      1603,  1950.0         ,  150.0          ,  0.0            
      1604,  1975.0         ,  150.0          ,  0.0            
      1605,  2000.0         ,  175.0          ,  0.0            
      1606,  2000.0         ,  200.0          ,  0.0            
      1607,  2000.0         ,  225.0          ,  0.0            
      1608,  2000.0         ,  250.0          ,  0.0            
      1609,  2000.0         ,  275.0          ,  0.0            
      1610,  2000.0         ,  300.0          ,  0.0            
      1611,  2000.0         ,  325.0          ,  0.0            
      1612,  2000.0         ,  350.0          ,  0.0            
      1613,  2000.0         ,  375.0          ,  0.0            
      1614,  1500.0         ,  175.0          ,  0.0            
      1615,  1500.0         ,  200.0          ,  0.0            
      1616,  1500.0         ,  225.0          ,  0.0            
      1617,  1500.0         ,  250.0          ,  0.0            
      1618,  1500.0         ,  275.0          ,  0.0            
      1619,  1500.0         ,  300.0          ,  0.0            
      1620,  1500.0         ,  325.0          ,  0.0            
      1621,  1500.0         ,  350.0          ,  0.0            
      1622,  1500.0         ,  375.0          ,  0.0            
      1623,  1250.0         ,  175.0          ,  0.0            
      1624,  1250.0         ,  200.0          ,  0.0            
      1625,  1250.0         ,  225.0          ,  0.0            
      1626,  1250.0         ,  250.0          ,  0.0            
      1627,  1250.0         ,  275.0          ,  0.0            
      1628,  1250.0         ,  300.0          ,  0.0            
      1629,  1250.0         ,  325.0          ,  0.0            
      1630,  1250.0         ,  350.0          ,  0.0            
      1631,  1250.0         ,  375.0          ,  0.0            
      1632,  1225.0         ,  275.0          ,  0.0            
      1633,  1200.0         ,  275.0          ,  0.0            
      1634,  1175.0         ,  275.0          ,  0.0            
      1635,  1150.0         ,  275.0          ,  0.0            
      1636,  1125.0         ,  275.0          ,  0.0            
      1637,  1100.0         ,  275.0          ,  0.0            
      1638,  1075.0         ,  275.0          ,  0.0            
      1639,  1050.0         ,  275.0          ,  0.0            
      1640,  1025.0         ,  275.0          ,  0.0            
      1641,  1125.0         ,  250.0          ,  0.0            
      1642,  1125.0         ,  225.0          ,  0.0            
      1643,  1125.0         ,  200.0          ,  0.0            
      1644,  1125.0         ,  175.0          ,  0.0            
      1645,  1150.0         ,  225.0          ,  0.0            
      1646,  1175.0         ,  225.0          ,  0.0            
      1647,  1200.0         ,  225.0          ,  0.0            
      1648,  1225.0         ,  225.0          ,  0.0            
      1649,  1175.0         ,  250.0          ,  0.0            
      1650,  1150.0         ,  250.0          ,  0.0            
      1651,  1200.0         ,  250.0          ,  0.0            
      1652,  1225.0         ,  250.0          ,  0.0            
      1653,  1175.0         ,  175.0          ,  0.0            
      1654,  1175.0         ,  200.0          ,  0.0            
      1655,  1150.0         ,  175.0          ,  0.0            
      1656,  1150.0         ,  200.0          ,  0.0            
      1657,  1225.0         ,  175.0          ,  0.0            
      1658,  1200.0         ,  175.0          ,  0.0            
      1659,  1225.0         ,  200.0          ,  0.0            
      1660,  1200.0         ,  200.0          ,  0.0            
      1661,  1025.0         ,  225.0          ,  0.0            
      1662,  1050.0         ,  225.0          ,  0.0            
      1663,  1075.0         ,  225.0          ,  0.0            
      1664,  1100.0         ,  225.0          ,  0.0            
      1665,  1050.0         ,  250.0          ,  0.0            
      1666,  1025.0         ,  250.0          ,  0.0            
      1667,  1075.0         ,  250.0          ,  0.0            
      1668,  1100.0         ,  250.0          ,  0.0            
      1669,  1050.0         ,  175.0          ,  0.0            
      1670,  1050.0         ,  200.0          ,  0.0            
      1671,  1025.0         ,  175.0          ,  0.0            
      1672,  1025.0         ,  200.0          ,  0.0            
      1673,  1100.0         ,  175.0          ,  0.0            
      1674,  1075.0         ,  175.0          ,  0.0            
      1675,  1100.0         ,  200.0          ,  0.0            
      1676,  1075.0         ,  200.0          ,  0.0            
      1677,  1125.0         ,  375.0          ,  0.0            
      1678,  1125.0         ,  350.0          ,  0.0            
      1679,  1125.0         ,  325.0          ,  0.0            
      1680,  1125.0         ,  300.0          ,  0.0            
      1681,  1150.0         ,  350.0          ,  0.0            
      1682,  1175.0         ,  350.0          ,  0.0            
      1683,  1200.0         ,  350.0          ,  0.0            
      1684,  1225.0         ,  350.0          ,  0.0            
      1685,  1175.0         ,  375.0          ,  0.0            
      1686,  1150.0         ,  375.0          ,  0.0            
      1687,  1200.0         ,  375.0          ,  0.0            
      1688,  1225.0         ,  375.0          ,  0.0            
      1689,  1175.0         ,  300.0          ,  0.0            
      1690,  1175.0         ,  325.0          ,  0.0            
      1691,  1150.0         ,  300.0          ,  0.0            
      1692,  1150.0         ,  325.0          ,  0.0            
      1693,  1225.0         ,  300.0          ,  0.0            
      1694,  1200.0         ,  300.0          ,  0.0            
      1695,  1225.0         ,  325.0          ,  0.0            
      1696,  1200.0         ,  325.0          ,  0.0            
      1697,  1025.0         ,  350.0          ,  0.0            
      1698,  1050.0         ,  350.0          ,  0.0            
      1699,  1075.0         ,  350.0          ,  0.0            
      1700,  1100.0         ,  350.0          ,  0.0            
      1701,  1050.0         ,  375.0          ,  0.0            
      1702,  1025.0         ,  375.0          ,  0.0            
      1703,  1075.0         ,  375.0          ,  0.0            
      1704,  1100.0         ,  375.0          ,  0.0            
      1705,  1050.0         ,  300.0          ,  0.0            
      1706,  1050.0         ,  325.0          ,  0.0            
      1707,  1025.0         ,  300.0          ,  0.0            
      1708,  1025.0         ,  325.0          ,  0.0            
      1709,  1100.0         ,  300.0          ,  0.0            
      1710,  1075.0         ,  300.0          ,  0.0            
      1711,  1100.0         ,  325.0          ,  0.0            
      1712,  1075.0         ,  325.0          ,  0.0            
      1713,  1475.0         ,  275.0          ,  0.0            
      1714,  1450.0         ,  275.0          ,  0.0            
      1715,  1425.0         ,  275.0          ,  0.0            
      1716,  1400.0         ,  275.0          ,  0.0            
      1717,  1375.0         ,  275.0          ,  0.0            
      1718,  1350.0         ,  275.0          ,  0.0            
      1719,  1325.0         ,  275.0          ,  0.0            
      1720,  1300.0         ,  275.0          ,  0.0            
      1721,  1275.0         ,  275.0          ,  0.0            
      1722,  1375.0         ,  250.0          ,  0.0            
      1723,  1375.0         ,  225.0          ,  0.0            
      1724,  1375.0         ,  200.0          ,  0.0            
      1725,  1375.0         ,  175.0          ,  0.0            
      1726,  1400.0         ,  225.0          ,  0.0            
      1727,  1425.0         ,  225.0          ,  0.0            
      1728,  1450.0         ,  225.0          ,  0.0            
      1729,  1475.0         ,  225.0          ,  0.0            
      1730,  1425.0         ,  250.0          ,  0.0            
      1731,  1400.0         ,  250.0          ,  0.0            
      1732,  1450.0         ,  250.0          ,  0.0            
      1733,  1475.0         ,  250.0          ,  0.0            
      1734,  1425.0         ,  175.0          ,  0.0            
      1735,  1425.0         ,  200.0          ,  0.0            
      1736,  1400.0         ,  175.0          ,  0.0            
      1737,  1400.0         ,  200.0          ,  0.0            
      1738,  1475.0         ,  175.0          ,  0.0            
      1739,  1450.0         ,  175.0          ,  0.0            
      1740,  1475.0         ,  200.0          ,  0.0            
      1741,  1450.0         ,  200.0          ,  0.0            
      1742,  1275.0         ,  225.0          ,  0.0            
      1743,  1300.0         ,  225.0          ,  0.0            
      1744,  1325.0         ,  225.0          ,  0.0            
      1745,  1350.0         ,  225.0          ,  0.0            
      1746,  1300.0         ,  250.0          ,  0.0            
      1747,  1275.0         ,  250.0          ,  0.0            
      1748,  1325.0         ,  250.0          ,  0.0            
      1749,  1350.0         ,  250.0          ,  0.0            
      1750,  1300.0         ,  175.0          ,  0.0            
      1751,  1300.0         ,  200.0          ,  0.0            
      1752,  1275.0         ,  175.0          ,  0.0            
      1753,  1275.0         ,  200.0          ,  0.0            
      1754,  1350.0         ,  175.0          ,  0.0            
      1755,  1325.0         ,  175.0          ,  0.0            
      1756,  1350.0         ,  200.0          ,  0.0            
      1757,  1325.0         ,  200.0          ,  0.0            
      1758,  1375.0         ,  375.0          ,  0.0            
      1759,  1375.0         ,  350.0          ,  0.0            
      1760,  1375.0         ,  325.0          ,  0.0            
      1761,  1375.0         ,  300.0          ,  0.0            
      1762,  1400.0         ,  350.0          ,  0.0            
      1763,  1425.0         ,  350.0          ,  0.0            
      1764,  1450.0         ,  350.0          ,  0.0            
      1765,  1475.0         ,  350.0          ,  0.0            
      1766,  1425.0         ,  375.0          ,  0.0            
      1767,  1400.0         ,  375.0          ,  0.0            
      1768,  1450.0         ,  375.0          ,  0.0            
      1769,  1475.0         ,  375.0          ,  0.0            
      1770,  1425.0         ,  300.0          ,  0.0            
      1771,  1425.0         ,  325.0          ,  0.0            
      1772,  1400.0         ,  300.0          ,  0.0            
      1773,  1400.0         ,  325.0          ,  0.0            
      1774,  1475.0         ,  300.0          ,  0.0            
      1775,  1450.0         ,  300.0          ,  0.0            
      1776,  1475.0         ,  325.0          ,  0.0            
      1777,  1450.0         ,  325.0          ,  0.0            
      1778,  1275.0         ,  350.0          ,  0.0            
      1779,  1300.0         ,  350.0          ,  0.0            
      1780,  1325.0         ,  350.0          ,  0.0            
      1781,  1350.0         ,  350.0          ,  0.0            
      1782,  1300.0         ,  375.0          ,  0.0            
      1783,  1275.0         ,  375.0          ,  0.0            
      1784,  1325.0         ,  375.0          ,  0.0            
      1785,  1350.0         ,  375.0          ,  0.0            
      1786,  1300.0         ,  300.0          ,  0.0            
      1787,  1300.0         ,  325.0          ,  0.0            
      1788,  1275.0         ,  300.0          ,  0.0            
      1789,  1275.0         ,  325.0          ,  0.0            
      1790,  1350.0         ,  300.0          ,  0.0            
      1791,  1325.0         ,  300.0          ,  0.0            
      1792,  1350.0         ,  325.0          ,  0.0            
      1793,  1325.0         ,  325.0          ,  0.0            
      1794,  1750.0         ,  175.0          ,  0.0            
      1795,  1750.0         ,  200.0          ,  0.0            
      1796,  1750.0         ,  225.0          ,  0.0            
      1797,  1750.0         ,  250.0          ,  0.0            
      1798,  1750.0         ,  275.0          ,  0.0            
      1799,  1750.0         ,  300.0          ,  0.0            
      1800,  1750.0         ,  325.0          ,  0.0            
      1801,  1750.0         ,  350.0          ,  0.0            
      1802,  1750.0         ,  375.0          ,  0.0            
      1803,  1725.0         ,  275.0          ,  0.0            
      1804,  1700.0         ,  275.0          ,  0.0            
      1805,  1675.0         ,  275.0          ,  0.0            
      1806,  1650.0         ,  275.0          ,  0.0            
      1807,  1625.0         ,  275.0          ,  0.0            
      1808,  1600.0         ,  275.0          ,  0.0            
      1809,  1575.0         ,  275.0          ,  0.0            
      1810,  1550.0         ,  275.0          ,  0.0            
      1811,  1525.0         ,  275.0          ,  0.0            
      1812,  1625.0         ,  250.0          ,  0.0            
      1813,  1625.0         ,  225.0          ,  0.0            
      1814,  1625.0         ,  200.0          ,  0.0            
      1815,  1625.0         ,  175.0          ,  0.0            
      1816,  1650.0         ,  225.0          ,  0.0            
      1817,  1675.0         ,  225.0          ,  0.0            
      1818,  1700.0         ,  225.0          ,  0.0            
      1819,  1725.0         ,  225.0          ,  0.0            
      1820,  1675.0         ,  250.0          ,  0.0            
      1821,  1650.0         ,  250.0          ,  0.0            
      1822,  1700.0         ,  250.0          ,  0.0            
      1823,  1725.0         ,  250.0          ,  0.0            
      1824,  1675.0         ,  175.0          ,  0.0            
      1825,  1675.0         ,  200.0          ,  0.0            
      1826,  1650.0         ,  175.0          ,  0.0            
      1827,  1650.0         ,  200.0          ,  0.0            
      1828,  1725.0         ,  175.0          ,  0.0            
      1829,  1700.0         ,  175.0          ,  0.0            
      1830,  1725.0         ,  200.0          ,  0.0            
      1831,  1700.0         ,  200.0          ,  0.0            
      1832,  1525.0         ,  225.0          ,  0.0            
      1833,  1550.0         ,  225.0          ,  0.0            
      1834,  1575.0         ,  225.0          ,  0.0            
      1835,  1600.0         ,  225.0          ,  0.0            
      1836,  1550.0         ,  250.0          ,  0.0            
      1837,  1525.0         ,  250.0          ,  0.0            
      1838,  1575.0         ,  250.0          ,  0.0            
      1839,  1600.0         ,  250.0          ,  0.0            
      1840,  1550.0         ,  175.0          ,  0.0            
      1841,  1550.0         ,  200.0          ,  0.0            
      1842,  1525.0         ,  175.0          ,  0.0            
      1843,  1525.0         ,  200.0          ,  0.0            
      1844,  1600.0         ,  175.0          ,  0.0            
      1845,  1575.0         ,  175.0          ,  0.0            
      1846,  1600.0         ,  200.0          ,  0.0            
      1847,  1575.0         ,  200.0          ,  0.0            
      1848,  1625.0         ,  375.0          ,  0.0            
      1849,  1625.0         ,  350.0          ,  0.0            
      1850,  1625.0         ,  325.0          ,  0.0            
      1851,  1625.0         ,  300.0          ,  0.0            
      1852,  1650.0         ,  350.0          ,  0.0            
      1853,  1675.0         ,  350.0          ,  0.0            
      1854,  1700.0         ,  350.0          ,  0.0            
      1855,  1725.0         ,  350.0          ,  0.0            
      1856,  1675.0         ,  375.0          ,  0.0            
      1857,  1650.0         ,  375.0          ,  0.0            
      1858,  1700.0         ,  375.0          ,  0.0            
      1859,  1725.0         ,  375.0          ,  0.0            
      1860,  1675.0         ,  300.0          ,  0.0            
      1861,  1675.0         ,  325.0          ,  0.0            
      1862,  1650.0         ,  300.0          ,  0.0            
      1863,  1650.0         ,  325.0          ,  0.0            
      1864,  1725.0         ,  300.0          ,  0.0            
      1865,  1700.0         ,  300.0          ,  0.0            
      1866,  1725.0         ,  325.0          ,  0.0            
      1867,  1700.0         ,  325.0          ,  0.0            
      1868,  1525.0         ,  350.0          ,  0.0            
      1869,  1550.0         ,  350.0          ,  0.0            
      1870,  1575.0         ,  350.0          ,  0.0            
      1871,  1600.0         ,  350.0          ,  0.0            
      1872,  1550.0         ,  375.0          ,  0.0            
      1873,  1525.0         ,  375.0          ,  0.0            
      1874,  1575.0         ,  375.0          ,  0.0            
      1875,  1600.0         ,  375.0          ,  0.0            
      1876,  1550.0         ,  300.0          ,  0.0            
      1877,  1550.0         ,  325.0          ,  0.0            
      1878,  1525.0         ,  300.0          ,  0.0            
      1879,  1525.0         ,  325.0          ,  0.0            
      1880,  1600.0         ,  300.0          ,  0.0            
      1881,  1575.0         ,  300.0          ,  0.0            
      1882,  1600.0         ,  325.0          ,  0.0            
      1883,  1575.0         ,  325.0          ,  0.0            
      1884,  1975.0         ,  275.0          ,  0.0            
      1885,  1950.0         ,  275.0          ,  0.0            
      1886,  1925.0         ,  275.0          ,  0.0            
      1887,  1900.0         ,  275.0          ,  0.0            
      1888,  1875.0         ,  275.0          ,  0.0            
      1889,  1850.0         ,  275.0          ,  0.0            
      1890,  1825.0         ,  275.0          ,  0.0            
      1891,  1800.0         ,  275.0          ,  0.0            
      1892,  1775.0         ,  275.0          ,  0.0            
      1893,  1875.0         ,  250.0          ,  0.0            
      1894,  1875.0         ,  225.0          ,  0.0            
      1895,  1875.0         ,  200.0          ,  0.0            
      1896,  1875.0         ,  175.0          ,  0.0            
      1897,  1900.0         ,  225.0          ,  0.0            
      1898,  1925.0         ,  225.0          ,  0.0            
      1899,  1950.0         ,  225.0          ,  0.0            
      1900,  1975.0         ,  225.0          ,  0.0            
      1901,  1925.0         ,  250.0          ,  0.0            
      1902,  1900.0         ,  250.0          ,  0.0            
      1903,  1950.0         ,  250.0          ,  0.0            
      1904,  1975.0         ,  250.0          ,  0.0            
      1905,  1925.0         ,  175.0          ,  0.0            
      1906,  1925.0         ,  200.0          ,  0.0            
      1907,  1900.0         ,  175.0          ,  0.0            
      1908,  1900.0         ,  200.0          ,  0.0            
      1909,  1975.0         ,  175.0          ,  0.0            
      1910,  1950.0         ,  175.0          ,  0.0            
      1911,  1975.0         ,  200.0          ,  0.0            
      1912,  1950.0         ,  200.0          ,  0.0            
      1913,  1775.0         ,  225.0          ,  0.0            
      1914,  1800.0         ,  225.0          ,  0.0            
      1915,  1825.0         ,  225.0          ,  0.0            
      1916,  1850.0         ,  225.0          ,  0.0            
      1917,  1800.0         ,  250.0          ,  0.0            
      1918,  1775.0         ,  250.0          ,  0.0            
      1919,  1825.0         ,  250.0          ,  0.0            
      1920,  1850.0         ,  250.0          ,  0.0            
      1921,  1800.0         ,  175.0          ,  0.0            
      1922,  1800.0         ,  200.0          ,  0.0            
      1923,  1775.0         ,  175.0          ,  0.0            
      1924,  1775.0         ,  200.0          ,  0.0            
      1925,  1850.0         ,  175.0          ,  0.0            
      1926,  1825.0         ,  175.0          ,  0.0            
      1927,  1850.0         ,  200.0          ,  0.0            
      1928,  1825.0         ,  200.0          ,  0.0            
      1929,  1875.0         ,  375.0          ,  0.0            
      1930,  1875.0         ,  350.0          ,  0.0            
      1931,  1875.0         ,  325.0          ,  0.0            
      1932,  1875.0         ,  300.0          ,  0.0            
      1933,  1900.0         ,  350.0          ,  0.0            
      1934,  1925.0         ,  350.0          ,  0.0            
      1935,  1950.0         ,  350.0          ,  0.0            
      1936,  1975.0         ,  350.0          ,  0.0            
      1937,  1925.0         ,  375.0          ,  0.0            
      1938,  1900.0         ,  375.0          ,  0.0            
      1939,  1950.0         ,  375.0          ,  0.0            
      1940,  1975.0         ,  375.0          ,  0.0            
      1941,  1925.0         ,  300.0          ,  0.0            
      1942,  1925.0         ,  325.0          ,  0.0            
      1943,  1900.0         ,  300.0          ,  0.0            
      1944,  1900.0         ,  325.0          ,  0.0            
      1945,  1975.0         ,  300.0          ,  0.0            
      1946,  1950.0         ,  300.0          ,  0.0            
      1947,  1975.0         ,  325.0          ,  0.0            
      1948,  1950.0         ,  325.0          ,  0.0            
      1949,  1775.0         ,  350.0          ,  0.0            
      1950,  1800.0         ,  350.0          ,  0.0            
      1951,  1825.0         ,  350.0          ,  0.0            
      1952,  1850.0         ,  350.0          ,  0.0            
      1953,  1800.0         ,  375.0          ,  0.0            
      1954,  1775.0         ,  375.0          ,  0.0            
      1955,  1825.0         ,  375.0          ,  0.0            
      1956,  1850.0         ,  375.0          ,  0.0            
      1957,  1800.0         ,  300.0          ,  0.0            
      1958,  1800.0         ,  325.0          ,  0.0            
      1959,  1775.0         ,  300.0          ,  0.0            
      1960,  1775.0         ,  325.0          ,  0.0            
      1961,  1825.0         ,  300.0          ,  0.0            
      1962,  1825.0         ,  325.0          ,  0.0            
      1963,  1850.0         ,  300.0          ,  0.0            
      1964,  1850.0         ,  325.0          ,  0.0            
      1965,  1500.0         ,  125.0          ,  0.0            
      1966,  1500.0         ,  100.0          ,  0.0            
      1967,  1500.0         ,  75.0           ,  0.0            
      1968,  1500.0         ,  50.0           ,  0.0            
      1969,  1500.0         ,  25.0           ,  0.0            
      1970,  1500.0         ,  0.0            ,  0.0            
      1971,  1500.0         ,  -25.0          ,  0.0            
      1972,  1500.0         ,  -50.0          ,  0.0            
      1973,  1500.0         ,  -75.0          ,  0.0            
      1974,  1500.0         ,  -100.0         ,  0.0            
      1975,  1500.0         ,  -125.0         ,  0.0            
      1976,  1750.0         ,  125.0          ,  0.0            
      1977,  1750.0         ,  100.0          ,  0.0            
      1978,  1750.0         ,  75.0           ,  0.0            
      1979,  1750.0         ,  50.0           ,  0.0            
      1980,  1750.0         ,  25.0           ,  0.0            
      1981,  1750.0         ,  0.0            ,  0.0            
      1982,  1750.0         ,  -25.0          ,  0.0            
      1983,  1750.0         ,  -50.0          ,  0.0            
      1984,  1750.0         ,  -75.0          ,  0.0            
      1985,  1750.0         ,  -100.0         ,  0.0            
      1986,  1750.0         ,  -125.0         ,  0.0            
      1987,  1775.0         ,  0.0            ,  0.0            
      1988,  1800.0         ,  0.0            ,  0.0            
      1989,  1825.0         ,  0.0            ,  0.0            
      1990,  1850.0         ,  0.0            ,  0.0            
      1991,  1875.0         ,  0.0            ,  0.0            
      1992,  1900.0         ,  0.0            ,  0.0            
      1993,  1925.0         ,  0.0            ,  0.0            
      1994,  1950.0         ,  0.0            ,  0.0            
      1995,  1975.0         ,  0.0            ,  0.0            
      1996,  1875.0         ,  25.0           ,  0.0            
      1997,  1875.0         ,  50.0           ,  0.0            
      1998,  1875.0         ,  75.0           ,  0.0            
      1999,  1875.0         ,  100.0          ,  0.0            
      2000,  1875.0         ,  125.0          ,  0.0            
      2001,  1850.0         ,  75.0           ,  0.0            
      2002,  1825.0         ,  75.0           ,  0.0            
      2003,  1800.0         ,  75.0           ,  0.0            
      2004,  1775.0         ,  75.0           ,  0.0            
      2005,  1825.0         ,  50.0           ,  0.0            
      2006,  1825.0         ,  25.0           ,  0.0            
      2007,  1850.0         ,  50.0           ,  0.0            
      2008,  1850.0         ,  25.0           ,  0.0            
      2009,  1775.0         ,  50.0           ,  0.0            
      2010,  1800.0         ,  50.0           ,  0.0            
      2011,  1775.0         ,  25.0           ,  0.0            
      2012,  1800.0         ,  25.0           ,  0.0            
      2013,  1825.0         ,  125.0          ,  0.0            
      2014,  1825.0         ,  100.0          ,  0.0            
      2015,  1850.0         ,  125.0          ,  0.0            
      2016,  1850.0         ,  100.0          ,  0.0            
      2017,  1800.0         ,  125.0          ,  0.0            
      2018,  1800.0         ,  100.0          ,  0.0            
      2019,  1775.0         ,  125.0          ,  0.0            
      2020,  1775.0         ,  100.0          ,  0.0            
      2021,  1975.0         ,  75.0           ,  0.0            
      2022,  1950.0         ,  75.0           ,  0.0            
      2023,  1925.0         ,  75.0           ,  0.0            
      2024,  1900.0         ,  75.0           ,  0.0            
      2025,  1950.0         ,  50.0           ,  0.0            
      2026,  1950.0         ,  25.0           ,  0.0            
      2027,  1975.0         ,  50.0           ,  0.0            
      2028,  1975.0         ,  25.0           ,  0.0            
      2029,  1900.0         ,  50.0           ,  0.0            
      2030,  1925.0         ,  50.0           ,  0.0            
      2031,  1900.0         ,  25.0           ,  0.0            
      2032,  1925.0         ,  25.0           ,  0.0            
      2033,  1950.0         ,  125.0          ,  0.0            
      2034,  1950.0         ,  100.0          ,  0.0            
      2035,  1975.0         ,  125.0          ,  0.0            
      2036,  1975.0         ,  100.0          ,  0.0            
      2037,  1925.0         ,  125.0          ,  0.0            
      2038,  1925.0         ,  100.0          ,  0.0            
      2039,  1900.0         ,  125.0          ,  0.0            
      2040,  1900.0         ,  100.0          ,  0.0            
      2041,  1875.0         ,  -125.0         ,  0.0            
      2042,  1875.0         ,  -100.0         ,  0.0            
      2043,  1875.0         ,  -75.0          ,  0.0            
      2044,  1875.0         ,  -50.0          ,  0.0            
      2045,  1875.0         ,  -25.0          ,  0.0            
      2046,  1850.0         ,  -75.0          ,  0.0            
      2047,  1825.0         ,  -75.0          ,  0.0            
      2048,  1800.0         ,  -75.0          ,  0.0            
      2049,  1775.0         ,  -75.0          ,  0.0            
      2050,  1825.0         ,  -100.0         ,  0.0            
      2051,  1825.0         ,  -125.0         ,  0.0            
      2052,  1850.0         ,  -100.0         ,  0.0            
      2053,  1850.0         ,  -125.0         ,  0.0            
      2054,  1800.0         ,  -100.0         ,  0.0            
      2055,  1800.0         ,  -125.0         ,  0.0            
      2056,  1775.0         ,  -100.0         ,  0.0            
      2057,  1775.0         ,  -125.0         ,  0.0            
      2058,  1825.0         ,  -25.0          ,  0.0            
      2059,  1825.0         ,  -50.0          ,  0.0            
      2060,  1850.0         ,  -25.0          ,  0.0            
      2061,  1850.0         ,  -50.0          ,  0.0            
      2062,  1775.0         ,  -25.0          ,  0.0            
      2063,  1800.0         ,  -25.0          ,  0.0            
      2064,  1775.0         ,  -50.0          ,  0.0            
      2065,  1800.0         ,  -50.0          ,  0.0            
      2066,  1975.0         ,  -75.0          ,  0.0            
      2067,  1950.0         ,  -75.0          ,  0.0            
      2068,  1925.0         ,  -75.0          ,  0.0            
      2069,  1900.0         ,  -75.0          ,  0.0            
      2070,  1950.0         ,  -100.0         ,  0.0            
      2071,  1950.0         ,  -125.0         ,  0.0            
      2072,  1975.0         ,  -100.0         ,  0.0            
      2073,  1975.0         ,  -125.0         ,  0.0            
      2074,  1925.0         ,  -100.0         ,  0.0            
      2075,  1925.0         ,  -125.0         ,  0.0            
      2076,  1900.0         ,  -100.0         ,  0.0            
      2077,  1900.0         ,  -125.0         ,  0.0            
      2078,  1950.0         ,  -25.0          ,  0.0            
      2079,  1950.0         ,  -50.0          ,  0.0            
      2080,  1975.0         ,  -25.0          ,  0.0            
      2081,  1975.0         ,  -50.0          ,  0.0            
      2082,  1900.0         ,  -25.0          ,  0.0            
      2083,  1925.0         ,  -25.0          ,  0.0            
      2084,  1900.0         ,  -50.0          ,  0.0            
      2085,  1925.0         ,  -50.0          ,  0.0            
      2086,  1525.0         ,  0.0            ,  0.0            
      2087,  1550.0         ,  0.0            ,  0.0            
      2088,  1575.0         ,  0.0            ,  0.0            
      2089,  1600.0         ,  0.0            ,  0.0            
      2090,  1625.0         ,  0.0            ,  0.0            
      2091,  1650.0         ,  0.0            ,  0.0            
      2092,  1675.0         ,  0.0            ,  0.0            
      2093,  1700.0         ,  0.0            ,  0.0            
      2094,  1725.0         ,  0.0            ,  0.0            
      2095,  1625.0         ,  25.0           ,  0.0            
      2096,  1625.0         ,  50.0           ,  0.0            
      2097,  1625.0         ,  75.0           ,  0.0            
      2098,  1625.0         ,  100.0          ,  0.0            
      2099,  1625.0         ,  125.0          ,  0.0            
      2100,  1600.0         ,  75.0           ,  0.0            
      2101,  1575.0         ,  75.0           ,  0.0            
      2102,  1550.0         ,  75.0           ,  0.0            
      2103,  1525.0         ,  75.0           ,  0.0            
      2104,  1575.0         ,  50.0           ,  0.0            
      2105,  1575.0         ,  25.0           ,  0.0            
      2106,  1600.0         ,  50.0           ,  0.0            
      2107,  1600.0         ,  25.0           ,  0.0            
      2108,  1525.0         ,  50.0           ,  0.0            
      2109,  1550.0         ,  50.0           ,  0.0            
      2110,  1525.0         ,  25.0           ,  0.0            
      2111,  1550.0         ,  25.0           ,  0.0            
      2112,  1575.0         ,  125.0          ,  0.0            
      2113,  1575.0         ,  100.0          ,  0.0            
      2114,  1600.0         ,  125.0          ,  0.0            
      2115,  1600.0         ,  100.0          ,  0.0            
      2116,  1525.0         ,  125.0          ,  0.0            
      2117,  1550.0         ,  125.0          ,  0.0            
      2118,  1525.0         ,  100.0          ,  0.0            
      2119,  1550.0         ,  100.0          ,  0.0            
      2120,  1725.0         ,  75.0           ,  0.0            
      2121,  1700.0         ,  75.0           ,  0.0            
      2122,  1675.0         ,  75.0           ,  0.0            
      2123,  1650.0         ,  75.0           ,  0.0            
      2124,  1700.0         ,  50.0           ,  0.0            
      2125,  1700.0         ,  25.0           ,  0.0            
      2126,  1725.0         ,  50.0           ,  0.0            
      2127,  1725.0         ,  25.0           ,  0.0            
      2128,  1650.0         ,  50.0           ,  0.0            
      2129,  1675.0         ,  50.0           ,  0.0            
      2130,  1650.0         ,  25.0           ,  0.0            
      2131,  1675.0         ,  25.0           ,  0.0            
      2132,  1700.0         ,  125.0          ,  0.0            
      2133,  1700.0         ,  100.0          ,  0.0            
      2134,  1725.0         ,  125.0          ,  0.0            
      2135,  1725.0         ,  100.0          ,  0.0            
      2136,  1675.0         ,  125.0          ,  0.0            
      2137,  1675.0         ,  100.0          ,  0.0            
      2138,  1650.0         ,  125.0          ,  0.0            
      2139,  1650.0         ,  100.0          ,  0.0            
      2140,  1625.0         ,  -125.0         ,  0.0            
      2141,  1625.0         ,  -100.0         ,  0.0            
      2142,  1625.0         ,  -75.0          ,  0.0            
      2143,  1625.0         ,  -50.0          ,  0.0            
      2144,  1625.0         ,  -25.0          ,  0.0            
      2145,  1600.0         ,  -75.0          ,  0.0            
      2146,  1575.0         ,  -75.0          ,  0.0            
      2147,  1550.0         ,  -75.0          ,  0.0            
      2148,  1525.0         ,  -75.0          ,  0.0            
      2149,  1575.0         ,  -100.0         ,  0.0            
      2150,  1575.0         ,  -125.0         ,  0.0            
      2151,  1600.0         ,  -100.0         ,  0.0            
      2152,  1600.0         ,  -125.0         ,  0.0            
      2153,  1525.0         ,  -100.0         ,  0.0            
      2154,  1550.0         ,  -100.0         ,  0.0            
      2155,  1525.0         ,  -125.0         ,  0.0            
      2156,  1550.0         ,  -125.0         ,  0.0            
      2157,  1575.0         ,  -25.0          ,  0.0            
      2158,  1575.0         ,  -50.0          ,  0.0            
      2159,  1600.0         ,  -25.0          ,  0.0            
      2160,  1600.0         ,  -50.0          ,  0.0            
      2161,  1525.0         ,  -25.0          ,  0.0            
      2162,  1550.0         ,  -25.0          ,  0.0            
      2163,  1525.0         ,  -50.0          ,  0.0            
      2164,  1550.0         ,  -50.0          ,  0.0            
      2165,  1725.0         ,  -75.0          ,  0.0            
      2166,  1700.0         ,  -75.0          ,  0.0            
      2167,  1675.0         ,  -75.0          ,  0.0            
      2168,  1650.0         ,  -75.0          ,  0.0            
      2169,  1700.0         ,  -100.0         ,  0.0            
      2170,  1700.0         ,  -125.0         ,  0.0            
      2171,  1725.0         ,  -100.0         ,  0.0            
      2172,  1725.0         ,  -125.0         ,  0.0            
      2173,  1675.0         ,  -100.0         ,  0.0            
      2174,  1675.0         ,  -125.0         ,  0.0            
      2175,  1650.0         ,  -100.0         ,  0.0            
      2176,  1650.0         ,  -125.0         ,  0.0            
      2177,  1700.0         ,  -25.0          ,  0.0            
      2178,  1700.0         ,  -50.0          ,  0.0            
      2179,  1725.0         ,  -25.0          ,  0.0            
      2180,  1725.0         ,  -50.0          ,  0.0            
      2181,  1650.0         ,  -25.0          ,  0.0            
      2182,  1675.0         ,  -25.0          ,  0.0            
      2183,  1650.0         ,  -50.0          ,  0.0            
      2184,  1675.0         ,  -50.0          ,  0.0            
      2185,  1250.0         ,  125.0          ,  0.0            
      2186,  1250.0         ,  100.0          ,  0.0            
      2187,  1250.0         ,  75.0           ,  0.0            
      2188,  1250.0         ,  50.0           ,  0.0            
      2189,  1250.0         ,  25.0           ,  0.0            
      2190,  1250.0         ,  0.0            ,  0.0            
      2191,  1250.0         ,  -25.0          ,  0.0            
      2192,  1250.0         ,  -50.0          ,  0.0            
      2193,  1250.0         ,  -75.0          ,  0.0            
      2194,  1250.0         ,  -100.0         ,  0.0            
      2195,  1250.0         ,  -125.0         ,  0.0            
      2196,  1275.0         ,  0.0            ,  0.0            
      2197,  1300.0         ,  0.0            ,  0.0            
      2198,  1325.0         ,  0.0            ,  0.0            
      2199,  1350.0         ,  0.0            ,  0.0            
      2200,  1375.0         ,  0.0            ,  0.0            
      2201,  1400.0         ,  -2.84217094E-14,  0.0            
      2202,  1425.0         ,  0.0            ,  0.0            
      2203,  1450.0         ,  0.0            ,  0.0            
      2204,  1475.0         ,  0.0            ,  0.0            
      2205,  1375.0         ,  25.0           ,  0.0            
      2206,  1375.0         ,  50.0           ,  0.0            
      2207,  1375.0         ,  75.0           ,  0.0            
      2208,  1375.0         ,  100.0          ,  0.0            
      2209,  1375.0         ,  125.0          ,  0.0            
      2210,  1350.0         ,  75.0           ,  0.0            
      2211,  1325.0         ,  75.0           ,  0.0            
      2212,  1300.0         ,  75.0           ,  0.0            
      2213,  1275.0         ,  75.0           ,  0.0            
      2214,  1325.0         ,  50.0           ,  0.0            
      2215,  1325.0         ,  25.0           ,  0.0            
      2216,  1350.0         ,  50.0           ,  0.0            
      2217,  1350.0         ,  25.0           ,  0.0            
      2218,  1275.0         ,  50.0           ,  0.0            
      2219,  1300.0         ,  50.0           ,  0.0            
      2220,  1275.0         ,  25.0           ,  0.0            
      2221,  1300.0         ,  25.0           ,  0.0            
      2222,  1325.0         ,  125.0          ,  0.0            
      2223,  1325.0         ,  100.0          ,  0.0            
      2224,  1350.0         ,  125.0          ,  0.0            
      2225,  1350.0         ,  100.0          ,  0.0            
      2226,  1275.0         ,  125.0          ,  0.0            
      2227,  1300.0         ,  125.0          ,  0.0            
      2228,  1275.0         ,  100.0          ,  0.0            
      2229,  1300.0         ,  100.0          ,  0.0            
      2230,  1475.0         ,  75.0           ,  0.0            
      2231,  1450.0         ,  75.0           ,  0.0            
      2232,  1425.0         ,  75.0           ,  0.0            
      2233,  1400.0         ,  75.0           ,  0.0            
      2234,  1450.0         ,  50.0           ,  0.0            
      2235,  1450.0         ,  25.0           ,  0.0            
      2236,  1475.0         ,  50.0           ,  0.0            
      2237,  1475.0         ,  25.0           ,  0.0            
      2238,  1400.0         ,  50.0           ,  0.0            
      2239,  1425.0         ,  50.0           ,  0.0            
      2240,  1400.0         ,  25.0           ,  0.0            
      2241,  1425.0         ,  25.0           ,  0.0            
      2242,  1450.0         ,  125.0          ,  0.0            
      2243,  1450.0         ,  100.0          ,  0.0            
      2244,  1475.0         ,  125.0          ,  0.0            
      2245,  1475.0         ,  100.0          ,  0.0            
      2246,  1400.0         ,  125.0          ,  0.0            
      2247,  1425.0         ,  125.0          ,  0.0            
      2248,  1400.0         ,  100.0          ,  0.0            
      2249,  1425.0         ,  100.0          ,  0.0            
      2250,  1375.0         ,  -125.0         ,  0.0            
      2251,  1375.0         ,  -100.0         ,  0.0            
      2252,  1375.0         ,  -75.0          ,  0.0            
      2253,  1375.0         ,  -50.0          ,  0.0            
      2254,  1375.0         ,  -25.0          ,  0.0            
      2255,  1350.0         ,  -75.0          ,  0.0            
      2256,  1325.0         ,  -75.0          ,  0.0            
      2257,  1300.0         ,  -75.0          ,  0.0            
      2258,  1275.0         ,  -75.0          ,  0.0            
      2259,  1325.0         ,  -100.0         ,  0.0            
      2260,  1325.0         ,  -125.0         ,  0.0            
      2261,  1350.0         ,  -100.0         ,  0.0            
      2262,  1350.0         ,  -125.0         ,  0.0            
      2263,  1275.0         ,  -100.0         ,  0.0            
      2264,  1300.0         ,  -100.0         ,  0.0            
      2265,  1275.0         ,  -125.0         ,  0.0            
      2266,  1300.0         ,  -125.0         ,  0.0            
      2267,  1325.0         ,  -25.0          ,  0.0            
      2268,  1325.0         ,  -50.0          ,  0.0            
      2269,  1350.0         ,  -25.0          ,  0.0            
      2270,  1350.0         ,  -50.0          ,  0.0            
      2271,  1275.0         ,  -25.0          ,  0.0            
      2272,  1300.0         ,  -25.0          ,  0.0            
      2273,  1275.0         ,  -50.0          ,  0.0            
      2274,  1300.0         ,  -50.0          ,  0.0            
      2275,  1475.0         ,  -75.0          ,  0.0            
      2276,  1450.0         ,  -75.0          ,  0.0            
      2277,  1425.0         ,  -75.0          ,  0.0            
      2278,  1400.0         ,  -75.0          ,  0.0            
      2279,  1450.0         ,  -100.0         ,  0.0            
      2280,  1450.0         ,  -125.0         ,  0.0            
      2281,  1475.0         ,  -100.0         ,  0.0            
      2282,  1475.0         ,  -125.0         ,  0.0            
      2283,  1400.0         ,  -100.0         ,  0.0            
      2284,  1425.0         ,  -100.0         ,  0.0            
      2285,  1400.0         ,  -125.0         ,  0.0            
      2286,  1425.0         ,  -125.0         ,  0.0            
      2287,  1450.0         ,  -25.0          ,  0.0            
      2288,  1450.0         ,  -50.0          ,  0.0            
      2289,  1475.0         ,  -25.0          ,  0.0            
      2290,  1475.0         ,  -50.0          ,  0.0            
      2291,  1400.0         ,  -25.0          ,  0.0            
      2292,  1425.0         ,  -25.0          ,  0.0            
      2293,  1400.0         ,  -50.0          ,  0.0            
      2294,  1425.0         ,  -50.0          ,  0.0            
      2295,  1025.0         ,  0.0            ,  0.0            
      2296,  1050.0         ,  0.0            ,  0.0            
      2297,  1075.0         ,  0.0            ,  0.0            
      2298,  1100.0         ,  -2.84217094E-14,  0.0            
      2299,  1125.0         ,  0.0            ,  0.0            
      2300,  1150.0         ,  0.0            ,  0.0            
      2301,  1175.0         ,  0.0            ,  0.0            
      2302,  1200.0         ,  0.0            ,  0.0            
      2303,  1225.0         ,  0.0            ,  0.0            
      2304,  1125.0         ,  25.0           ,  0.0            
      2305,  1125.0         ,  50.0           ,  0.0            
      2306,  1125.0         ,  75.0           ,  0.0            
      2307,  1125.0         ,  100.0          ,  0.0            
      2308,  1125.0         ,  125.0          ,  0.0            
      2309,  1100.0         ,  75.0           ,  0.0            
      2310,  1075.0         ,  75.0           ,  0.0            
      2311,  1050.0         ,  75.0           ,  0.0            
      2312,  1025.0         ,  75.0           ,  0.0            
      2313,  1075.0         ,  50.0           ,  0.0            
      2314,  1075.0         ,  25.0           ,  0.0            
      2315,  1100.0         ,  50.0           ,  0.0            
      2316,  1100.0         ,  25.0           ,  0.0            
      2317,  1050.0         ,  50.0           ,  0.0            
      2318,  1050.0         ,  25.0           ,  0.0            
      2319,  1025.0         ,  50.0           ,  0.0            
      2320,  1025.0         ,  25.0           ,  0.0            
      2321,  1075.0         ,  125.0          ,  0.0            
      2322,  1075.0         ,  100.0          ,  0.0            
      2323,  1100.0         ,  125.0          ,  0.0            
      2324,  1100.0         ,  100.0          ,  0.0            
      2325,  1025.0         ,  125.0          ,  0.0            
      2326,  1050.0         ,  125.0          ,  0.0            
      2327,  1025.0         ,  100.0          ,  0.0            
      2328,  1050.0         ,  100.0          ,  0.0            
      2329,  1225.0         ,  75.0           ,  0.0            
      2330,  1200.0         ,  75.0           ,  0.0            
      2331,  1175.0         ,  75.0           ,  0.0            
      2332,  1150.0         ,  75.0           ,  0.0            
      2333,  1200.0         ,  50.0           ,  0.0            
      2334,  1200.0         ,  25.0           ,  0.0            
      2335,  1225.0         ,  50.0           ,  0.0            
      2336,  1225.0         ,  25.0           ,  0.0            
      2337,  1175.0         ,  50.0           ,  0.0            
      2338,  1175.0         ,  25.0           ,  0.0            
      2339,  1150.0         ,  50.0           ,  0.0            
      2340,  1150.0         ,  25.0           ,  0.0            
      2341,  1200.0         ,  125.0          ,  0.0            
      2342,  1200.0         ,  100.0          ,  0.0            
      2343,  1225.0         ,  125.0          ,  0.0            
      2344,  1225.0         ,  100.0          ,  0.0            
      2345,  1150.0         ,  125.0          ,  0.0            
      2346,  1175.0         ,  125.0          ,  0.0            
      2347,  1150.0         ,  100.0          ,  0.0            
      2348,  1175.0         ,  100.0          ,  0.0            
      2349,  1125.0         ,  -125.0         ,  0.0            
      2350,  1125.0         ,  -100.0         ,  0.0            
      2351,  1125.0         ,  -75.0          ,  0.0            
      2352,  1125.0         ,  -50.0          ,  0.0            
      2353,  1125.0         ,  -25.0          ,  0.0            
      2354,  1100.0         ,  -75.0          ,  0.0            
      2355,  1075.0         ,  -75.0          ,  0.0            
      2356,  1050.0         ,  -75.0          ,  0.0            
      2357,  1025.0         ,  -75.0          ,  0.0            
      2358,  1075.0         ,  -100.0         ,  0.0            
      2359,  1075.0         ,  -125.0         ,  0.0            
      2360,  1100.0         ,  -100.0         ,  0.0            
      2361,  1100.0         ,  -125.0         ,  0.0            
      2362,  1025.0         ,  -100.0         ,  0.0            
      2363,  1050.0         ,  -100.0         ,  0.0            
      2364,  1025.0         ,  -125.0         ,  0.0            
      2365,  1050.0         ,  -125.0         ,  0.0            
      2366,  1075.0         ,  -25.0          ,  0.0            
      2367,  1075.0         ,  -50.0          ,  0.0            
      2368,  1100.0         ,  -25.0          ,  0.0            
      2369,  1100.0         ,  -50.0          ,  0.0            
      2370,  1050.0         ,  -25.0          ,  0.0            
      2371,  1050.0         ,  -50.0          ,  0.0            
      2372,  1025.0         ,  -25.0          ,  0.0            
      2373,  1025.0         ,  -50.0          ,  0.0            
      2374,  1225.0         ,  -75.0          ,  0.0            
      2375,  1200.0         ,  -75.0          ,  0.0            
      2376,  1175.0         ,  -75.0          ,  0.0            
      2377,  1150.0         ,  -75.0          ,  0.0            
      2378,  1200.0         ,  -100.0         ,  0.0            
      2379,  1200.0         ,  -125.0         ,  0.0            
      2380,  1225.0         ,  -100.0         ,  0.0            
      2381,  1225.0         ,  -125.0         ,  0.0            
      2382,  1150.0         ,  -100.0         ,  0.0            
      2383,  1175.0         ,  -100.0         ,  0.0            
      2384,  1150.0         ,  -125.0         ,  0.0            
      2385,  1175.0         ,  -125.0         ,  0.0            
      2386,  1200.0         ,  -25.0          ,  0.0            
      2387,  1200.0         ,  -50.0          ,  0.0            
      2388,  1225.0         ,  -25.0          ,  0.0            
      2389,  1225.0         ,  -50.0          ,  0.0            
      2390,  1175.0         ,  -25.0          ,  0.0            
      2391,  1175.0         ,  -50.0          ,  0.0            
      2392,  1150.0         ,  -25.0          ,  0.0            
      2393,  1150.0         ,  -50.0          ,  0.0            
*ELEMENT,TYPE=S4
         1,       136,       137,       132,       133
         2,       137,       128,       129,       132
         3,       121,       122,       137,       136
         4,       122,       123,       128,       137
         5,       133,       134,       138,       136
         6,       136,       138,       120,       121
         7,       134,       135,       139,       138
         8,       138,       139,       119,       120
         9,       135,       112,       113,       139
        10,       139,       113,       114,       119
        11,       140,       142,        57,        58
        12,       142,       131,        56,        57
        13,       141,       143,       142,       140
        14,       143,       130,       131,       142
        15,       133,       132,       143,       141
        16,       132,       129,       130,       143
        17,        58,        59,       144,       140
        18,       140,       144,       145,       141
        19,       141,       145,       134,       133
        20,       110,       146,        60,        61
        21,       146,       144,        59,        60
        22,       111,       147,       146,       110
        23,       147,       145,       144,       146
        24,       112,       135,       147,       111
        25,       135,       134,       145,       147
        26,       152,       153,       148,       149
        27,       153,        47,        48,       148
        28,       126,       127,       153,       152
        29,       127,        46,        47,       153
        30,       149,       150,       154,       152
        31,       152,       154,       125,       126
        32,       150,       151,       155,       154
        33,       154,       155,       124,       125
        34,       151,       129,       128,       155
        35,       155,       128,       123,       124
        36,       156,       158,        52,        53
        37,       158,        50,        51,        52
        38,       157,       159,       158,       156
        39,       159,        49,        50,       158
        40,       149,       148,       159,       157
        41,       148,        48,        49,       159
        42,       131,       160,        55,        56
        43,       160,       161,        54,        55
        44,       161,       156,        53,        54
        45,       129,       151,       162,       130
        46,       130,       162,       160,       131
        47,       157,       163,       150,       149
        48,       163,       162,       151,       150
        49,       156,       161,       163,       157
        50,       161,       160,       162,       163
        51,       172,       173,       168,       169
        52,       173,       164,       165,       168
        53,        34,        35,       173,       172
        54,        35,        36,       164,       173
        55,       169,       170,       174,       172
        56,       172,       174,        33,        34
        57,       170,       171,       175,       174
        58,       174,       175,        32,        33
        59,       171,       117,       118,       175
        60,       175,       118,        31,        32
        61,       176,       178,       122,       121
        62,       178,       167,       123,       122
        63,       177,       179,       178,       176
        64,       179,       166,       167,       178
        65,       169,       168,       179,       177
        66,       168,       165,       166,       179
        67,       115,       180,       119,       114
        68,       180,       181,       120,       119
        69,       181,       176,       121,       120
        70,       117,       171,       182,       116
        71,       116,       182,       180,       115
        72,       177,       183,       170,       169
        73,       183,       182,       171,       170
        74,       176,       181,       183,       177
        75,       181,       180,       182,       183
        76,       188,       189,       184,       185
        77,       189,        42,        43,       184
        78,        39,        40,       189,       188
        79,        40,        41,        42,       189
        80,       185,       186,       190,       188
        81,       188,       190,        38,        39
        82,       186,       187,       191,       190
        83,       190,       191,        37,        38
        84,       187,       165,       164,       191
        85,       191,       164,        36,        37
        86,       192,       194,       127,       126
        87,       194,        45,        46,       127
        88,       185,       184,       195,       193
        89,       193,       195,       194,       192
        90,       184,        43,        44,       195
        91,       195,        44,        45,       194
        92,       126,       125,       196,       192
        93,       192,       196,       197,       193
        94,       193,       197,       186,       185
        95,       167,       198,       124,       123
        96,       198,       196,       125,       124
        97,       166,       199,       198,       167
        98,       199,       197,       196,       198
        99,       165,       187,       199,       166
       100,       187,       186,       197,       199
       101,       217,       218,       213,       214
       102,       218,       209,       210,       213
       103,       202,       203,       218,       217
       104,       203,       204,       209,       218
       105,       214,       215,       219,       217
       106,       217,       219,       201,       202
       107,       104,       220,       216,       103
       108,       220,       219,       215,       216
       109,       105,       200,       220,       104
       110,       200,       201,       219,       220
       111,       221,       223,        67,        68
       112,       223,       212,        66,        67
       113,       222,       224,       223,       221
       114,       224,       211,       212,       223
       115,       214,       213,       224,       222
       116,       213,       210,       211,       224
       117,       101,       225,        70,        71
       118,       225,       226,        69,        70
       119,       226,       221,        68,        69
       120,       103,       216,       227,       102
       121,       102,       227,       225,       101
       122,       222,       228,       215,       214
       123,       228,       227,       216,       215
       124,       221,       226,       228,       222
       125,       226,       225,       227,       228
       126,       233,       234,       229,       230
       127,       234,       113,       112,       229
       128,       207,       208,       234,       233
       129,       208,       114,       113,       234
       130,       230,       231,       235,       233
       131,       233,       235,       206,       207
       132,       209,       236,       232,       210
       133,       236,       235,       231,       232
       134,       204,       205,       236,       209
       135,       205,       206,       235,       236
       136,       237,       239,        62,        63
       137,       239,       110,        61,        62
       138,       230,       229,       240,       238
       139,       238,       240,       239,       237
       140,       229,       112,       111,       240
       141,       240,       111,       110,       239
       142,       212,       241,        65,        66
       143,       241,       242,        64,        65
       144,       242,       237,        63,        64
       145,       210,       232,       243,       211
       146,       211,       243,       241,       212
       147,       238,       244,       231,       230
       148,       244,       243,       232,       231
       149,       237,       242,       244,       238
       150,       242,       241,       243,       244
       151,       253,       254,       249,       250
       152,       254,       245,       246,       249
       153,        24,        25,       254,       253
       154,        25,        26,       245,       254
       155,       250,       251,       255,       253
       156,       253,       255,        23,        24
       157,       251,       252,       256,       255
       158,       255,       256,        22,        23
       159,       252,       108,       109,       256
       160,       256,       109,        21,        22
       161,       257,       259,       203,       202
       162,       259,       248,       204,       203
       163,       258,       260,       259,       257
       164,       260,       247,       248,       259
       165,       250,       249,       260,       258
       166,       249,       246,       247,       260
       167,       202,       201,       261,       257
       168,       257,       261,       262,       258
       169,       258,       262,       251,       250
       170,       106,       263,       200,       105
       171,       263,       261,       201,       200
       172,       107,       264,       263,       106
       173,       264,       262,       261,       263
       174,       108,       252,       264,       107
       175,       252,       251,       262,       264
       176,       269,       270,       265,       266
       177,       270,       118,       117,       265
       178,        29,        30,       270,       269
       179,        30,        31,       118,       270
       180,       266,       267,       271,       269
       181,       269,       271,        28,        29
       182,       245,       272,       268,       246
       183,       272,       271,       267,       268
       184,        26,        27,       272,       245
       185,        27,        28,       271,       272
       186,       273,       275,       208,       207
       187,       275,       115,       114,       208
       188,       274,       276,       275,       273
       189,       276,       116,       115,       275
       190,       266,       265,       276,       274
       191,       265,       117,       116,       276
       192,       207,       206,       277,       273
       193,       273,       277,       278,       274
       194,       274,       278,       267,       266
       195,       248,       279,       205,       204
       196,       279,       277,       206,       205
       197,       246,       268,       280,       247
       198,       247,       280,       279,       248
       199,       268,       267,       278,       280
       200,       280,       278,       277,       279
       201,       307,       308,       303,       304
       202,       308,       299,       300,       303
       203,       292,       293,       308,       307
       204,       293,       294,       299,       308
       205,       304,       305,       309,       307
       206,       307,       309,       291,       292
       207,       284,       310,       306,       283
       208,       310,       309,       305,       306
       209,       285,       290,       310,       284
       210,       290,       291,       309,       310
       211,       311,       313,        77,        78
       212,       313,       302,        76,        77
       213,       304,       303,       314,       312
       214,       312,       314,       313,       311
       215,       303,       300,       301,       314
       216,       314,       301,       302,       313
       217,       281,       315,        80,        81
       218,       315,       316,        79,        80
       219,       316,       311,        78,        79
       220,       283,       306,       317,       282
       221,       282,       317,       315,       281
       222,       312,       318,       305,       304
       223,       318,       317,       306,       305
       224,       311,       316,       318,       312
       225,       316,       315,       317,       318
       226,       323,       324,       319,       320
       227,       324,       104,       103,       319
       228,       297,       298,       324,       323
       229,       298,       105,       104,       324
       230,       320,       321,       325,       323
       231,       323,       325,       296,       297
       232,       299,       326,       322,       300
       233,       326,       325,       321,       322
       234,       294,       295,       326,       299
       235,       295,       296,       325,       326
       236,       327,       329,        72,        73
       237,       329,       101,        71,        72
       238,       320,       319,       330,       328
       239,       328,       330,       329,       327
       240,       319,       103,       102,       330
       241,       330,       102,       101,       329
       242,       302,       331,        75,        76
       243,       331,       332,        74,        75
       244,       332,       327,        73,        74
       245,       300,       322,       333,       301
       246,       301,       333,       331,       302
       247,       328,       334,       321,       320
       248,       334,       333,       322,       321
       249,       327,       332,       334,       328
       250,       332,       331,       333,       334
       251,       343,       344,       339,       340
       252,       344,       335,       336,       339
       253,        14,        15,       344,       343
       254,        15,        16,       335,       344
       255,       340,       341,       345,       343
       256,       343,       345,        13,        14
       257,       289,       346,       342,       288
       258,       346,       345,       341,       342
       259,        11,        12,       346,       289
       260,        12,        13,       345,       346
       261,       347,       349,       293,       292
       262,       349,       338,       294,       293
       263,       340,       339,       350,       348
       264,       348,       350,       349,       347
       265,       339,       336,       337,       350
       266,       350,       337,       338,       349
       267,       286,       351,       290,       285
       268,       351,       352,       291,       290
       269,       352,       347,       292,       291
       270,       288,       342,       353,       287
       271,       287,       353,       351,       286
       272,       348,       354,       341,       340
       273,       354,       353,       342,       341
       274,       347,       352,       354,       348
       275,       352,       351,       353,       354
       276,       359,       360,       355,       356
       277,       360,       109,       108,       355
       278,        19,        20,       360,       359
       279,        20,        21,       109,       360
       280,       356,       357,       361,       359
       281,       359,       361,        18,        19
       282,       335,       362,       358,       336
       283,       362,       361,       357,       358
       284,        16,        17,       362,       335
       285,        17,        18,       361,       362
       286,       363,       365,       298,       297
       287,       365,       106,       105,       298
       288,       356,       355,       366,       364
       289,       364,       366,       365,       363
       290,       355,       108,       107,       366
       291,       366,       107,       106,       365
       292,       338,       367,       295,       294
       293,       367,       368,       296,       295
       294,       368,       363,       297,       296
       295,       336,       358,       369,       337
       296,       337,       369,       367,       338
       297,       364,       370,       357,       356
       298,       370,       369,       358,       357
       299,       363,       368,       370,       364
       300,       368,       367,       369,       370
       301,       388,       389,       384,       385
       302,       389,       380,       381,       384
       303,       373,       374,       389,       388
       304,       374,       375,       380,       389
       305,       385,       386,       390,       388
       306,       388,       390,       372,       373
       307,        95,       391,       387,        94
       308,       391,       390,       386,       387
       309,        96,       371,       391,        95
       310,       371,       372,       390,       391
       311,       392,       394,        87,        88
       312,       394,       383,        86,        87
       313,       393,       395,       394,       392
       314,       395,       382,       383,       394
       315,       385,       384,       395,       393
       316,       384,       381,       382,       395
       317,        92,       396,        90,        91
       318,       396,       397,        89,        90
       319,       397,       392,        88,        89
       320,        94,       387,       398,        93
       321,        93,       398,       396,        92
       322,       393,       399,       386,       385
       323,       399,       398,       387,       386
       324,       392,       397,       399,       393
       325,       397,       396,       398,       399
       326,       404,       405,       400,       401
       327,       405,       284,       283,       400
       328,       378,       379,       405,       404
       329,       379,       285,       284,       405
       330,       401,       402,       406,       404
       331,       404,       406,       377,       378
       332,       380,       407,       403,       381
       333,       407,       406,       402,       403
       334,       375,       376,       407,       380
       335,       376,       377,       406,       407
       336,       408,       410,        82,        83
       337,       410,       281,        81,        82
       338,       409,       411,       410,       408
       339,       411,       282,       281,       410
       340,       401,       400,       411,       409
       341,       400,       283,       282,       411
       342,       383,       412,        85,        86
       343,       412,       413,        84,        85
       344,       413,       408,        83,        84
       345,       381,       403,       414,       382
       346,       382,       414,       412,       383
       347,       409,       415,       402,       401
       348,       415,       414,       403,       402
       349,       408,       413,       415,       409
       350,       413,       412,       414,       415
       351,       424,       425,       420,       421
       352,       425,       416,       417,       420
       353,         4,         5,       425,       424
       354,         5,         6,       416,       425
       355,       421,       422,       426,       424
       356,       424,       426,         3,         4
       357,       422,       423,       427,       426
       358,       426,       427,         2,         3
       359,       423,        99,       100,       427
       360,       427,       100,         1,         2
       361,       428,       430,       374,       373
       362,       430,       419,       375,       374
       363,       421,       420,       431,       429
       364,       429,       431,       430,       428
       365,       420,       417,       418,       431
       366,       431,       418,       419,       430
       367,        97,       432,       371,        96
       368,       432,       433,       372,       371
       369,       433,       428,       373,       372
       370,        99,       423,       434,        98
       371,        98,       434,       432,        97
       372,       429,       435,       422,       421
       373,       435,       434,       423,       422
       374,       428,       433,       435,       429
       375,       433,       432,       434,       435
       376,       440,       441,       436,       437
       377,       441,       289,       288,       436
       378,         9,        10,       441,       440
       379,        10,        11,       289,       441
       380,       437,       438,       442,       440
       381,       440,       442,         8,         9
       382,       416,       443,       439,       417
       383,       443,       442,       438,       439
       384,         6,         7,       443,       416
       385,         7,         8,       442,       443
       386,       444,       446,       379,       378
       387,       446,       286,       285,       379
       388,       437,       436,       447,       445
       389,       445,       447,       446,       444
       390,       436,       288,       287,       447
       391,       447,       287,       286,       446
       392,       419,       448,       376,       375
       393,       448,       449,       377,       376
       394,       449,       444,       378,       377
       395,       417,       439,       450,       418
       396,       418,       450,       448,       419
       397,       445,       451,       438,       437
       398,       451,       450,       439,       438
       399,       444,       449,       451,       445
       400,       449,       448,       450,       451
       401,       595,       597,       591,       592
       402,       597,       587,       588,       591
       403,       596,       598,       597,       595
       404,       598,       586,       587,       597
       405,       579,       580,       598,       596
       406,       580,       581,       586,       598
       407,       569,       599,       594,       568
       408,       599,       600,       593,       594
       409,       600,       595,       592,       593
       410,       571,       577,       601,       570
       411,       570,       601,       599,       569
       412,       596,       602,       578,       579
       413,       602,       601,       577,       578
       414,       595,       600,       602,       596
       415,       600,       599,       601,       602
       416,       603,       605,       509,       510
       417,       605,       590,       508,       509
       418,       592,       591,       606,       604
       419,       604,       606,       605,       603
       420,       591,       588,       589,       606
       421,       606,       589,       590,       605
       422,       510,       511,       607,       603
       423,       603,       607,       608,       604
       424,       604,       608,       593,       592
       425,       566,       609,       512,       513
       426,       609,       607,       511,       512
       427,       568,       594,       610,       567
       428,       567,       610,       609,       566
       429,       594,       593,       608,       610
       430,       610,       608,       607,       609
       431,       615,       617,       611,       612
       432,       617,       500,       501,       611
       433,       616,       618,       617,       615
       434,       618,       499,       500,       617
       435,       584,       585,       618,       616
       436,       585,       498,       499,       618
       437,       587,       619,       614,       588
       438,       619,       620,       613,       614
       439,       620,       615,       612,       613
       440,       581,       582,       621,       586
       441,       586,       621,       619,       587
       442,       616,       622,       583,       584
       443,       622,       621,       582,       583
       444,       615,       620,       622,       616
       445,       620,       619,       621,       622
       446,       623,       625,       504,       505
       447,       625,       503,        51,       504
       448,       612,       611,       626,       624
       449,       624,       626,       625,       623
       450,       611,       501,       502,       626
       451,       626,       502,       503,       625
       452,       590,       627,       507,       508
       453,       627,       628,       506,       507
       454,       628,       623,       505,       506
       455,       588,       614,       629,       589
       456,       589,       629,       627,       590
       457,       624,       630,       613,       612
       458,       630,       629,       614,       613
       459,       623,       628,       630,       624
       460,       628,       627,       629,       630
       461,       640,       642,       636,       637
       462,       642,       632,       633,       636
       463,       641,       643,       642,       640
       464,       643,       631,       632,       642
       465,       485,       486,       643,       641
       466,       486,       487,       631,       643
       467,       575,       644,       639,       574
       468,       644,       645,       638,       639
       469,       645,       640,       637,       638
       470,       482,       483,       646,       576
       471,       576,       646,       644,       575
       472,       641,       647,       484,       485
       473,       647,       646,       483,       484
       474,       640,       645,       647,       641
       475,       645,       644,       646,       647
       476,       648,       650,       580,       579
       477,       650,       635,       581,       580
       478,       637,       636,       651,       649
       479,       649,       651,       650,       648
       480,       636,       633,       634,       651
       481,       651,       634,       635,       650
       482,       572,       652,       577,       571
       483,       652,       653,       578,       577
       484,       653,       648,       579,       578
       485,       574,       639,       654,       573
       486,       573,       654,       652,       572
       487,       649,       655,       638,       637
       488,       655,       654,       639,       638
       489,       648,       653,       655,       649
       490,       653,       652,       654,       655
       491,       660,       662,       656,       657
       492,       662,       494,       495,       656
       493,       490,       491,       663,       661
       494,       661,       663,       662,       660
       495,       491,       492,       493,       663
       496,       663,       493,       494,       662
       497,       632,       664,       659,       633
       498,       664,       665,       658,       659
       499,       665,       660,       657,       658
       500,       487,       488,       666,       631
       501,       631,       666,       664,       632
       502,       661,       667,       489,       490
       503,       667,       666,       488,       489
       504,       660,       665,       667,       661
       505,       665,       664,       666,       667
       506,       668,       670,       585,       584
       507,       670,       497,       498,       585
       508,       657,       656,       671,       669
       509,       669,       671,       670,       668
       510,       656,       495,       496,       671
       511,       671,       496,       497,       670
       512,       635,       672,       582,       581
       513,       672,       673,       583,       582
       514,       673,       668,       584,       583
       515,       633,       659,       674,       634
       516,       634,       674,       672,       635
       517,       659,       658,       675,       674
       518,       674,       675,       673,       672
       519,       658,       657,       669,       675
       520,       675,       669,       668,       673
       521,       694,       696,       690,       691
       522,       696,       686,       687,       690
       523,       695,       697,       696,       694
       524,       697,       685,       686,       696
       525,       678,       679,       697,       695
       526,       679,       680,       685,       697
       527,       558,       698,       693,       557
       528,       698,       699,       692,       693
       529,       699,       694,       691,       692
       530,       560,       676,       700,       559
       531,       559,       700,       698,       558
       532,       695,       701,       677,       678
       533,       701,       700,       676,       677
       534,       694,       699,       701,       695
       535,       699,       698,       700,       701
       536,       702,       704,       519,       520
       537,       704,       689,       518,       519
       538,       703,       705,       704,       702
       539,       705,       688,       689,       704
       540,       691,       690,       705,       703
       541,       690,       687,       688,       705
       542,       555,       706,       522,       523
       543,       706,       707,       521,       522
       544,       707,       702,       520,       521
       545,       557,       693,       708,       556
       546,       556,       708,       706,       555
       547,       703,       709,       692,       691
       548,       709,       708,       693,       692
       549,       702,       707,       709,       703
       550,       707,       706,       708,       709
       551,       714,       716,       710,       711
       552,       716,       569,       568,       710
       553,       715,       717,       716,       714
       554,       717,       570,       569,       716
       555,       683,       684,       717,       715
       556,       684,       571,       570,       717
       557,       686,       718,       713,       687
       558,       718,       719,       712,       713
       559,       719,       714,       711,       712
       560,       680,       681,       720,       685
       561,       685,       720,       718,       686
       562,       715,       721,       682,       683
       563,       721,       720,       681,       682
       564,       714,       719,       721,       715
       565,       719,       718,       720,       721
       566,       722,       724,       514,       515
       567,       724,       566,       513,       514
       568,       711,       710,       725,       723
       569,       723,       725,       724,       722
       570,       710,       568,       567,       725
       571,       725,       567,       566,       724
       572,       689,       726,       517,       518
       573,       726,       727,       516,       517
       574,       727,       722,       515,       516
       575,       687,       713,       728,       688
       576,       688,       728,       726,       689
       577,       723,       729,       712,       711
       578,       729,       728,       713,       712
       579,       722,       727,       729,       723
       580,       727,       726,       728,       729
       581,       739,       741,       735,       736
       582,       741,       731,       732,       735
       583,       475,       476,       742,       740
       584,       740,       742,       741,       739
       585,       476,       477,       730,       742
       586,       742,       730,       731,       741
       587,       564,       743,       738,       563
       588,       743,       744,       737,       738
       589,       744,       739,       736,       737
       590,       472,       473,       745,       565
       591,       565,       745,       743,       564
       592,       740,       746,       474,       475
       593,       746,       745,       473,       474
       594,       739,       744,       746,       740
       595,       744,       743,       745,       746
       596,       747,       749,       679,       678
       597,       749,       734,       680,       679
       598,       736,       735,       750,       748
       599,       748,       750,       749,       747
       600,       735,       732,       733,       750
       601,       750,       733,       734,       749
       602,       561,       751,       676,       560
       603,       751,       752,       677,       676
       604,       752,       747,       678,       677
       605,       563,       738,       753,       562
       606,       562,       753,       751,       561
       607,       748,       754,       737,       736
       608,       754,       753,       738,       737
       609,       747,       752,       754,       748
       610,       752,       751,       753,       754
       611,       759,       761,       755,       756
       612,       761,       575,       574,       755
       613,       480,       481,       762,       760
       614,       760,       762,       761,       759
       615,       481,       482,       576,       762
       616,       762,       576,       575,       761
       617,       731,       763,       758,       732
       618,       763,       764,       757,       758
       619,       764,       759,       756,       757
       620,       477,       478,       765,       730
       621,       730,       765,       763,       731
       622,       760,       766,       479,       480
       623,       766,       765,       478,       479
       624,       759,       764,       766,       760
       625,       764,       763,       765,       766
       626,       767,       769,       684,       683
       627,       769,       572,       571,       684
       628,       768,       770,       769,       767
       629,       770,       573,       572,       769
       630,       756,       755,       770,       768
       631,       755,       574,       573,       770
       632,       734,       771,       681,       680
       633,       771,       772,       682,       681
       634,       772,       767,       683,       682
       635,       732,       758,       773,       733
       636,       733,       773,       771,       734
       637,       768,       774,       757,       756
       638,       774,       773,       758,       757
       639,       767,       772,       774,       768
       640,       772,       771,       773,       774
       641,       804,       806,       800,       801
       642,       806,       796,       797,       800
       643,       788,       789,       807,       805
       644,       805,       807,       806,       804
       645,       789,       790,       795,       807
       646,       807,       795,       796,       806
       647,       778,       808,       803,       777
       648,       808,       809,       802,       803
       649,       809,       804,       801,       802
       650,       780,       786,       810,       779
       651,       779,       810,       808,       778
       652,       805,       811,       787,       788
       653,       811,       810,       786,       787
       654,       804,       809,       811,       805
       655,       809,       808,       810,       811
       656,       812,       814,       529,       530
       657,       814,       799,       528,       529
       658,       801,       800,       815,       813
       659,       813,       815,       814,       812
       660,       800,       797,       798,       815
       661,       815,       798,       799,       814
       662,       775,       816,       532,       533
       663,       816,       817,       531,       532
       664,       817,       812,       530,       531
       665,       777,       803,       818,       776
       666,       776,       818,       816,       775
       667,       813,       819,       802,       801
       668,       819,       818,       803,       802
       669,       812,       817,       819,       813
       670,       817,       816,       818,       819
       671,       824,       826,       820,       821
       672,       826,       558,       557,       820
       673,       825,       827,       826,       824
       674,       827,       559,       558,       826
       675,       793,       794,       827,       825
       676,       794,       560,       559,       827
       677,       796,       828,       823,       797
       678,       828,       829,       822,       823
       679,       829,       824,       821,       822
       680,       790,       791,       830,       795
       681,       795,       830,       828,       796
       682,       791,       792,       831,       830
       683,       830,       831,       829,       828
       684,       792,       793,       825,       831
       685,       831,       825,       824,       829
       686,       832,       834,       524,       525
       687,       834,       555,       523,       524
       688,       821,       820,       835,       833
       689,       833,       835,       834,       832
       690,       820,       557,       556,       835
       691,       835,       556,       555,       834
       692,       799,       836,       527,       528
       693,       836,       837,       526,       527
       694,       837,       832,       525,       526
       695,       797,       823,       838,       798
       696,       798,       838,       836,       799
       697,       823,       822,       839,       838
       698,       838,       839,       837,       836
       699,       822,       821,       833,       839
       700,       839,       833,       832,       837
       701,       849,       851,       845,       846
       702,       851,       841,       842,       845
       703,       465,       466,       852,       850
       704,       850,       852,       851,       849
       705,       466,       467,       840,       852
       706,       852,       840,       841,       851
       707,       784,       853,       848,       783
       708,       853,       854,       847,       848
       709,       854,       849,       846,       847
       710,       462,       463,       855,       785
       711,       785,       855,       853,       784
       712,       850,       856,       464,       465
       713,       856,       855,       463,       464
       714,       849,       854,       856,       850
       715,       854,       853,       855,       856
       716,       857,       859,       789,       788
       717,       859,       844,       790,       789
       718,       858,       860,       859,       857
       719,       860,       843,       844,       859
       720,       846,       845,       860,       858
       721,       845,       842,       843,       860
       722,       781,       861,       786,       780
       723,       861,       862,       787,       786
       724,       862,       857,       788,       787
       725,       783,       848,       863,       782
       726,       782,       863,       861,       781
       727,       858,       864,       847,       846
       728,       864,       863,       848,       847
       729,       857,       862,       864,       858
       730,       862,       861,       863,       864
       731,       869,       871,       865,       866
       732,       871,       564,       563,       865
       733,       870,       872,       871,       869
       734,       872,       565,       564,       871
       735,       470,       471,       872,       870
       736,       471,       472,       565,       872
       737,       841,       873,       868,       842
       738,       873,       874,       867,       868
       739,       874,       869,       866,       867
       740,       467,       468,       875,       840
       741,       840,       875,       873,       841
       742,       870,       876,       469,       470
       743,       876,       875,       468,       469
       744,       869,       874,       876,       870
       745,       874,       873,       875,       876
       746,       877,       879,       794,       793
       747,       879,       561,       560,       794
       748,       878,       880,       879,       877
       749,       880,       562,       561,       879
       750,       866,       865,       880,       878
       751,       865,       563,       562,       880
       752,       844,       881,       791,       790
       753,       881,       882,       792,       791
       754,       882,       877,       793,       792
       755,       842,       868,       883,       843
       756,       843,       883,       881,       844
       757,       878,       884,       867,       866
       758,       884,       883,       868,       867
       759,       877,       882,       884,       878
       760,       882,       881,       883,       884
       761,       903,       905,       899,       900
       762,       905,       895,       896,       899
       763,       887,       888,       906,       904
       764,       904,       906,       905,       903
       765,       888,       889,       894,       906
       766,       906,       894,       895,       905
       767,       547,       907,       902,       546
       768,       907,       908,       901,       902
       769,       908,       903,       900,       901
       770,       549,       885,       909,       548
       771,       548,       909,       907,       547
       772,       904,       910,       886,       887
       773,       910,       909,       885,       886
       774,       903,       908,       910,       904
       775,       908,       907,       909,       910
       776,       911,       913,       539,       540
       777,       913,       898,       538,       539
       778,       912,       914,       913,       911
       779,       914,       897,       898,       913
       780,       900,       899,       914,       912
       781,       899,       896,       897,       914
       782,       544,       915,       542,       543
       783,       915,       916,       541,       542
       784,       916,       911,       540,       541
       785,       546,       902,       917,       545
       786,       545,       917,       915,       544
       787,       912,       918,       901,       900
       788,       918,       917,       902,       901
       789,       911,       916,       918,       912
       790,       916,       915,       917,       918
       791,       923,       925,       919,       920
       792,       925,       778,       777,       919
       793,       892,       893,       926,       924
       794,       924,       926,       925,       923
       795,       893,       780,       779,       926
       796,       926,       779,       778,       925
       797,       895,       927,       922,       896
       798,       927,       928,       921,       922
       799,       928,       923,       920,       921
       800,       889,       890,       929,       894
       801,       894,       929,       927,       895
       802,       924,       930,       891,       892
       803,       930,       929,       890,       891
       804,       923,       928,       930,       924
       805,       928,       927,       929,       930
       806,       931,       933,       534,       535
       807,       933,       775,       533,       534
       808,       932,       934,       933,       931
       809,       934,       776,       775,       933
       810,       920,       919,       934,       932
       811,       919,       777,       776,       934
       812,       898,       935,       537,       538
       813,       935,       936,       536,       537
       814,       936,       931,       535,       536
       815,       896,       922,       937,       897
       816,       897,       937,       935,       898
       817,       932,       938,       921,       920
       818,       938,       937,       922,       921
       819,       931,       936,       938,       932
       820,       936,       935,       937,       938
       821,       948,       950,       944,       945
       822,       950,       940,       941,       944
       823,       949,       951,       950,       948
       824,       951,       939,       940,       950
       825,       455,       456,       951,       949
       826,       456,       457,       939,       951
       827,       553,       952,       947,       552
       828,       952,       953,       946,       947
       829,       953,       948,       945,       946
       830,       452,       453,       954,       554
       831,       554,       954,       952,       553
       832,       949,       955,       454,       455
       833,       955,       954,       453,       454
       834,       948,       953,       955,       949
       835,       953,       952,       954,       955
       836,       956,       958,       888,       887
       837,       958,       943,       889,       888
       838,       957,       959,       958,       956
       839,       959,       942,       943,       958
       840,       945,       944,       959,       957
       841,       944,       941,       942,       959
       842,       550,       960,       885,       549
       843,       960,       961,       886,       885
       844,       961,       956,       887,       886
       845,       552,       947,       962,       551
       846,       551,       962,       960,       550
       847,       957,       963,       946,       945
       848,       963,       962,       947,       946
       849,       956,       961,       963,       957
       850,       961,       960,       962,       963
       851,       968,       970,       964,       965
       852,       970,       784,       783,       964
       853,       969,       971,       970,       968
       854,       971,       785,       784,       970
       855,       460,       461,       971,       969
       856,       461,       462,       785,       971
       857,       940,       972,       967,       941
       858,       972,       973,       966,       967
       859,       973,       968,       965,       966
       860,       457,       458,       974,       939
       861,       939,       974,       972,       940
       862,       969,       975,       459,       460
       863,       975,       974,       458,       459
       864,       968,       973,       975,       969
       865,       973,       972,       974,       975
       866,       976,       978,       893,       892
       867,       978,       781,       780,       893
       868,       965,       964,       979,       977
       869,       977,       979,       978,       976
       870,       964,       783,       782,       979
       871,       979,       782,       781,       978
       872,       943,       980,       890,       889
       873,       980,       981,       891,       890
       874,       981,       976,       892,       891
       875,       941,       967,       982,       942
       876,       942,       982,       980,       943
       877,       967,       966,       983,       982
       878,       982,       983,       981,       980
       879,       966,       965,       977,       983
       880,       983,       977,       976,       981
       881,      1124,      1127,      1129,      1123
       882,      1123,      1129,      1119,      1120
       883,      1127,      1128,      1130,      1129
       884,      1129,      1130,      1118,      1119
       885,      1128,      1111,      1112,      1130
       886,      1130,      1112,      1113,      1118
       887,      1100,      1101,      1131,      1126
       888,      1126,      1131,      1132,      1125
       889,      1125,      1132,      1127,      1124
       890,      1109,      1133,      1102,      1103
       891,      1133,      1131,      1101,      1102
       892,      1111,      1128,      1134,      1110
       893,      1110,      1134,      1133,      1109
       894,      1128,      1127,      1132,      1134
       895,      1134,      1132,      1131,      1133
       896,      1003,      1135,      1137,      1002
       897,      1002,      1137,      1122,      1001
       898,      1135,      1136,      1138,      1137
       899,      1137,      1138,      1121,      1122
       900,      1136,      1124,      1123,      1138
       901,      1138,      1123,      1120,      1121
       902,      1006,      1098,      1139,      1005
       903,      1005,      1139,      1140,      1004
       904,      1004,      1140,      1135,      1003
       905,      1126,      1141,      1099,      1100
       906,      1141,      1139,      1098,      1099
       907,      1124,      1136,      1142,      1125
       908,      1125,      1142,      1141,      1126
       909,      1136,      1135,      1140,      1142
       910,      1142,      1140,      1139,      1141
       911,      1144,      1147,      1149,      1143
       912,      1143,      1149,       992,       993
       913,      1147,      1148,      1150,      1149
       914,      1149,      1150,       991,       992
       915,      1148,      1116,      1117,      1150
       916,      1150,      1117,       990,       991
       917,      1145,      1151,      1147,      1144
       918,      1151,      1152,      1148,      1147
       919,      1152,      1115,      1116,      1148
       920,      1120,      1119,      1153,      1146
       921,      1146,      1153,      1151,      1145
       922,      1119,      1118,      1154,      1153
       923,      1153,      1154,      1152,      1151
       924,      1118,      1113,      1114,      1154
       925,      1154,      1114,      1115,      1152
       926,       998,      1155,      1157,       997
       927,       997,      1157,       995,       996
       928,      1155,      1156,      1158,      1157
       929,      1157,      1158,       994,       995
       930,      1156,      1144,      1143,      1158
       931,      1158,      1143,       993,       994
       932,       999,      1159,      1155,       998
       933,      1159,      1160,      1156,      1155
       934,      1160,      1145,      1144,      1156
       935,      1001,      1122,      1161,      1000
       936,      1000,      1161,      1159,       999
       937,      1122,      1121,      1162,      1161
       938,      1161,      1162,      1160,      1159
       939,      1121,      1120,      1146,      1162
       940,      1162,      1146,      1145,      1160
       941,      1169,      1172,      1174,      1168
       942,      1168,      1174,      1164,      1165
       943,      1081,      1175,      1173,      1080
       944,      1175,      1174,      1172,      1173
       945,      1082,      1163,      1175,      1081
       946,      1163,      1164,      1174,      1175
       947,      1106,      1107,      1176,      1171
       948,      1171,      1176,      1177,      1170
       949,      1170,      1177,      1172,      1169
       950,      1078,      1178,      1108,      1077
       951,      1178,      1176,      1107,      1108
       952,      1080,      1173,      1179,      1079
       953,      1079,      1179,      1178,      1078
       954,      1173,      1172,      1177,      1179
       955,      1179,      1177,      1176,      1178
       956,      1111,      1180,      1182,      1112
       957,      1112,      1182,      1167,      1113
       958,      1168,      1183,      1181,      1169
       959,      1183,      1182,      1180,      1181
       960,      1165,      1166,      1183,      1168
       961,      1166,      1167,      1182,      1183
       962,      1103,      1104,      1184,      1109
       963,      1109,      1184,      1185,      1110
       964,      1110,      1185,      1180,      1111
       965,      1171,      1186,      1105,      1106
       966,      1186,      1184,      1104,      1105
       967,      1169,      1181,      1187,      1170
       968,      1170,      1187,      1186,      1171
       969,      1181,      1180,      1185,      1187
       970,      1187,      1185,      1184,      1186
       971,      1189,      1192,      1194,      1188
       972,      1188,      1194,       986,       987
       973,      1086,      1195,      1193,      1085
       974,      1195,      1194,      1192,      1193
       975,       984,       985,      1195,      1086
       976,       985,       986,      1194,      1195
       977,      1165,      1164,      1196,      1191
       978,      1191,      1196,      1197,      1190
       979,      1190,      1197,      1192,      1189
       980,      1083,      1198,      1163,      1082
       981,      1198,      1196,      1164,      1163
       982,      1085,      1193,      1199,      1084
       983,      1084,      1199,      1198,      1083
       984,      1193,      1192,      1197,      1199
       985,      1199,      1197,      1196,      1198
       986,      1116,      1200,      1202,      1117
       987,      1117,      1202,       989,       990
       988,      1200,      1201,      1203,      1202
       989,      1202,      1203,       988,       989
       990,      1201,      1189,      1188,      1203
       991,      1203,      1188,       987,       988
       992,      1115,      1204,      1200,      1116
       993,      1204,      1205,      1201,      1200
       994,      1205,      1190,      1189,      1201
       995,      1113,      1167,      1206,      1114
       996,      1114,      1206,      1204,      1115
       997,      1167,      1166,      1207,      1206
       998,      1206,      1207,      1205,      1204
       999,      1166,      1165,      1191,      1207
      1000,      1207,      1191,      1190,      1205
      1001,      1223,      1226,      1228,      1222
      1002,      1222,      1228,      1218,      1219
      1003,      1226,      1227,      1229,      1228
      1004,      1228,      1229,      1217,      1218
      1005,      1227,      1210,      1211,      1229
      1006,      1229,      1211,      1212,      1217
      1007,      1089,      1090,      1230,      1225
      1008,      1225,      1230,      1231,      1224
      1009,      1224,      1231,      1226,      1223
      1010,      1208,      1232,      1091,      1092
      1011,      1232,      1230,      1090,      1091
      1012,      1210,      1227,      1233,      1209
      1013,      1209,      1233,      1232,      1208
      1014,      1227,      1226,      1231,      1233
      1015,      1233,      1231,      1230,      1232
      1016,      1013,      1234,      1236,      1012
      1017,      1012,      1236,      1221,      1011
      1018,      1222,      1237,      1235,      1223
      1019,      1237,      1236,      1234,      1235
      1020,      1219,      1220,      1237,      1222
      1021,      1220,      1221,      1236,      1237
      1022,      1016,      1087,      1238,      1015
      1023,      1015,      1238,      1239,      1014
      1024,      1014,      1239,      1234,      1013
      1025,      1225,      1240,      1088,      1089
      1026,      1240,      1238,      1087,      1088
      1027,      1224,      1241,      1240,      1225
      1028,      1241,      1239,      1238,      1240
      1029,      1223,      1235,      1241,      1224
      1030,      1235,      1234,      1239,      1241
      1031,      1243,      1246,      1248,      1242
      1032,      1242,      1248,      1101,      1100
      1033,      1246,      1247,      1249,      1248
      1034,      1248,      1249,      1102,      1101
      1035,      1247,      1215,      1216,      1249
      1036,      1249,      1216,      1103,      1102
      1037,      1219,      1218,      1250,      1245
      1038,      1245,      1250,      1251,      1244
      1039,      1244,      1251,      1246,      1243
      1040,      1213,      1252,      1217,      1212
      1041,      1252,      1250,      1218,      1217
      1042,      1215,      1247,      1253,      1214
      1043,      1214,      1253,      1252,      1213
      1044,      1247,      1246,      1251,      1253
      1045,      1253,      1251,      1250,      1252
      1046,      1008,      1254,      1256,      1007
      1047,      1007,      1256,      1098,      1006
      1048,      1242,      1257,      1255,      1243
      1049,      1257,      1256,      1254,      1255
      1050,      1100,      1099,      1257,      1242
      1051,      1099,      1098,      1256,      1257
      1052,      1009,      1258,      1254,      1008
      1053,      1258,      1259,      1255,      1254
      1054,      1259,      1244,      1243,      1255
      1055,      1011,      1221,      1260,      1010
      1056,      1010,      1260,      1258,      1009
      1057,      1221,      1220,      1261,      1260
      1058,      1260,      1261,      1259,      1258
      1059,      1220,      1219,      1245,      1261
      1060,      1261,      1245,      1244,      1259
      1061,      1268,      1271,      1273,      1267
      1062,      1267,      1273,      1263,      1264
      1063,      1271,      1272,      1274,      1273
      1064,      1273,      1274,      1262,      1263
      1065,      1272,      1070,      1071,      1274
      1066,      1274,      1071,      1072,      1262
      1067,      1095,      1096,      1275,      1270
      1068,      1270,      1275,      1276,      1269
      1069,      1269,      1276,      1271,      1268
      1070,      1068,      1277,      1097,      1067
      1071,      1277,      1275,      1096,      1097
      1072,      1069,      1278,      1277,      1068
      1073,      1278,      1276,      1275,      1277
      1074,      1070,      1272,      1278,      1069
      1075,      1272,      1271,      1276,      1278
      1076,      1210,      1279,      1281,      1211
      1077,      1211,      1281,      1266,      1212
      1078,      1279,      1280,      1282,      1281
      1079,      1281,      1282,      1265,      1266
      1080,      1280,      1268,      1267,      1282
      1081,      1282,      1267,      1264,      1265
      1082,      1092,      1093,      1283,      1208
      1083,      1208,      1283,      1284,      1209
      1084,      1209,      1284,      1279,      1210
      1085,      1270,      1285,      1094,      1095
      1086,      1285,      1283,      1093,      1094
      1087,      1269,      1286,      1285,      1270
      1088,      1286,      1284,      1283,      1285
      1089,      1268,      1280,      1286,      1269
      1090,      1280,      1279,      1284,      1286
      1091,      1288,      1291,      1293,      1287
      1092,      1287,      1293,      1107,      1106
      1093,      1076,      1294,      1292,      1075
      1094,      1294,      1293,      1291,      1292
      1095,      1077,      1108,      1294,      1076
      1096,      1108,      1107,      1293,      1294
      1097,      1264,      1263,      1295,      1290
      1098,      1290,      1295,      1296,      1289
      1099,      1289,      1296,      1291,      1288
      1100,      1073,      1297,      1262,      1072
      1101,      1297,      1295,      1263,      1262
      1102,      1075,      1292,      1298,      1074
      1103,      1074,      1298,      1297,      1073
      1104,      1292,      1291,      1296,      1298
      1105,      1298,      1296,      1295,      1297
      1106,      1215,      1299,      1301,      1216
      1107,      1216,      1301,      1104,      1103
      1108,      1287,      1302,      1300,      1288
      1109,      1302,      1301,      1299,      1300
      1110,      1106,      1105,      1302,      1287
      1111,      1105,      1104,      1301,      1302
      1112,      1212,      1266,      1303,      1213
      1113,      1213,      1303,      1304,      1214
      1114,      1214,      1304,      1299,      1215
      1115,      1290,      1305,      1265,      1264
      1116,      1305,      1303,      1266,      1265
      1117,      1288,      1300,      1306,      1289
      1118,      1289,      1306,      1305,      1290
      1119,      1300,      1299,      1304,      1306
      1120,      1306,      1304,      1303,      1305
      1121,      1333,      1336,      1338,      1332
      1122,      1332,      1338,      1328,      1329
      1123,      1321,      1339,      1337,      1320
      1124,      1339,      1338,      1336,      1337
      1125,      1322,      1327,      1339,      1321
      1126,      1327,      1328,      1338,      1339
      1127,      1309,      1310,      1340,      1335
      1128,      1335,      1340,      1341,      1334
      1129,      1334,      1341,      1336,      1333
      1130,      1318,      1342,      1311,      1312
      1131,      1342,      1340,      1310,      1311
      1132,      1320,      1337,      1343,      1319
      1133,      1319,      1343,      1342,      1318
      1134,      1337,      1336,      1341,      1343
      1135,      1343,      1341,      1340,      1342
      1136,      1023,      1344,      1346,      1022
      1137,      1022,      1346,      1331,      1021
      1138,      1344,      1345,      1347,      1346
      1139,      1346,      1347,      1330,      1331
      1140,      1345,      1333,      1332,      1347
      1141,      1347,      1332,      1329,      1330
      1142,      1026,      1307,      1348,      1025
      1143,      1025,      1348,      1349,      1024
      1144,      1024,      1349,      1344,      1023
      1145,      1335,      1350,      1308,      1309
      1146,      1350,      1348,      1307,      1308
      1147,      1333,      1345,      1351,      1334
      1148,      1334,      1351,      1350,      1335
      1149,      1345,      1344,      1349,      1351
      1150,      1351,      1349,      1348,      1350
      1151,      1353,      1356,      1358,      1352
      1152,      1352,      1358,      1090,      1089
      1153,      1356,      1357,      1359,      1358
      1154,      1358,      1359,      1091,      1090
      1155,      1357,      1325,      1326,      1359
      1156,      1359,      1326,      1092,      1091
      1157,      1329,      1328,      1360,      1355
      1158,      1355,      1360,      1361,      1354
      1159,      1354,      1361,      1356,      1353
      1160,      1323,      1362,      1327,      1322
      1161,      1362,      1360,      1328,      1327
      1162,      1325,      1357,      1363,      1324
      1163,      1324,      1363,      1362,      1323
      1164,      1357,      1356,      1361,      1363
      1165,      1363,      1361,      1360,      1362
      1166,      1018,      1364,      1366,      1017
      1167,      1017,      1366,      1087,      1016
      1168,      1352,      1367,      1365,      1353
      1169,      1367,      1366,      1364,      1365
      1170,      1089,      1088,      1367,      1352
      1171,      1088,      1087,      1366,      1367
      1172,      1021,      1331,      1368,      1020
      1173,      1020,      1368,      1369,      1019
      1174,      1019,      1369,      1364,      1018
      1175,      1355,      1370,      1330,      1329
      1176,      1370,      1368,      1331,      1330
      1177,      1353,      1365,      1371,      1354
      1178,      1354,      1371,      1370,      1355
      1179,      1365,      1364,      1369,      1371
      1180,      1371,      1369,      1368,      1370
      1181,      1378,      1381,      1383,      1377
      1182,      1377,      1383,      1373,      1374
      1183,      1381,      1382,      1384,      1383
      1184,      1383,      1384,      1372,      1373
      1185,      1382,      1060,      1061,      1384
      1186,      1384,      1061,      1062,      1372
      1187,      1315,      1316,      1385,      1380
      1188,      1380,      1385,      1386,      1379
      1189,      1379,      1386,      1381,      1378
      1190,      1058,      1387,      1317,      1057
      1191,      1387,      1385,      1316,      1317
      1192,      1060,      1382,      1388,      1059
      1193,      1059,      1388,      1387,      1058
      1194,      1382,      1381,      1386,      1388
      1195,      1388,      1386,      1385,      1387
      1196,      1320,      1389,      1391,      1321
      1197,      1321,      1391,      1376,      1322
      1198,      1389,      1390,      1392,      1391
      1199,      1391,      1392,      1375,      1376
      1200,      1390,      1378,      1377,      1392
      1201,      1392,      1377,      1374,      1375
      1202,      1312,      1313,      1393,      1318
      1203,      1318,      1393,      1394,      1319
      1204,      1319,      1394,      1389,      1320
      1205,      1380,      1395,      1314,      1315
      1206,      1395,      1393,      1313,      1314
      1207,      1378,      1390,      1396,      1379
      1208,      1379,      1396,      1395,      1380
      1209,      1390,      1389,      1394,      1396
      1210,      1396,      1394,      1393,      1395
      1211,      1398,      1401,      1403,      1397
      1212,      1397,      1403,      1096,      1095
      1213,      1066,      1404,      1402,      1065
      1214,      1404,      1403,      1401,      1402
      1215,      1067,      1097,      1404,      1066
      1216,      1097,      1096,      1403,      1404
      1217,      1374,      1373,      1405,      1400
      1218,      1400,      1405,      1406,      1399
      1219,      1399,      1406,      1401,      1398
      1220,      1063,      1407,      1372,      1062
      1221,      1407,      1405,      1373,      1372
      1222,      1065,      1402,      1408,      1064
      1223,      1064,      1408,      1407,      1063
      1224,      1402,      1401,      1406,      1408
      1225,      1408,      1406,      1405,      1407
      1226,      1325,      1409,      1411,      1326
      1227,      1326,      1411,      1093,      1092
      1228,      1397,      1412,      1410,      1398
      1229,      1412,      1411,      1409,      1410
      1230,      1095,      1094,      1412,      1397
      1231,      1094,      1093,      1411,      1412
      1232,      1322,      1376,      1413,      1323
      1233,      1323,      1413,      1414,      1324
      1234,      1324,      1414,      1409,      1325
      1235,      1400,      1415,      1375,      1374
      1236,      1415,      1413,      1376,      1375
      1237,      1399,      1416,      1415,      1400
      1238,      1416,      1414,      1413,      1415
      1239,      1398,      1410,      1416,      1399
      1240,      1410,      1409,      1414,      1416
      1241,      1432,      1435,      1437,      1431
      1242,      1431,      1437,      1427,      1428
      1243,      1435,      1436,      1438,      1437
      1244,      1437,      1438,      1426,      1427
      1245,      1436,      1419,      1420,      1438
      1246,      1438,      1420,      1421,      1426
      1247,      1433,      1439,      1435,      1432
      1248,      1439,      1440,      1436,      1435
      1249,      1440,      1418,      1419,      1436
      1250,      1038,      1039,      1441,      1434
      1251,      1434,      1441,      1439,      1433
      1252,      1417,      1442,      1040,      1041
      1253,      1442,      1441,      1039,      1040
      1254,      1418,      1440,      1442,      1417
      1255,      1440,      1439,      1441,      1442
      1256,      1033,      1443,      1445,      1032
      1257,      1032,      1445,      1430,      1031
      1258,      1443,      1444,      1446,      1445
      1259,      1445,      1446,      1429,      1430
      1260,      1444,      1432,      1431,      1446
      1261,      1446,      1431,      1428,      1429
      1262,        91,      1036,      1447,      1035
      1263,      1035,      1447,      1448,      1034
      1264,      1034,      1448,      1443,      1033
      1265,      1434,      1449,      1037,      1038
      1266,      1449,      1447,      1036,      1037
      1267,      1433,      1450,      1449,      1434
      1268,      1450,      1448,      1447,      1449
      1269,      1432,      1444,      1450,      1433
      1270,      1444,      1443,      1448,      1450
      1271,      1452,      1455,      1457,      1451
      1272,      1451,      1457,      1310,      1309
      1273,      1455,      1456,      1458,      1457
      1274,      1457,      1458,      1311,      1310
      1275,      1456,      1424,      1425,      1458
      1276,      1458,      1425,      1312,      1311
      1277,      1453,      1459,      1455,      1452
      1278,      1459,      1460,      1456,      1455
      1279,      1460,      1423,      1424,      1456
      1280,      1428,      1427,      1461,      1454
      1281,      1454,      1461,      1459,      1453
      1282,      1427,      1426,      1462,      1461
      1283,      1461,      1462,      1460,      1459
      1284,      1426,      1421,      1422,      1462
      1285,      1462,      1422,      1423,      1460
      1286,      1028,      1463,      1465,      1027
      1287,      1027,      1465,      1307,      1026
      1288,      1463,      1464,      1466,      1465
      1289,      1465,      1466,      1308,      1307
      1290,      1464,      1452,      1451,      1466
      1291,      1466,      1451,      1309,      1308
      1292,      1031,      1430,      1467,      1030
      1293,      1030,      1467,      1468,      1029
      1294,      1029,      1468,      1463,      1028
      1295,      1454,      1469,      1429,      1428
      1296,      1469,      1467,      1430,      1429
      1297,      1453,      1470,      1469,      1454
      1298,      1470,      1468,      1467,      1469
      1299,      1452,      1464,      1470,      1453
      1300,      1464,      1463,      1468,      1470
      1301,      1477,      1480,      1482,      1476
      1302,      1476,      1482,      1472,      1473
      1303,      1051,      1483,      1481,      1050
      1304,      1483,      1482,      1480,      1481
      1305,      1052,      1471,      1483,      1051
      1306,      1471,      1472,      1482,      1483
      1307,      1044,      1045,      1484,      1479
      1308,      1479,      1484,      1485,      1478
      1309,      1478,      1485,      1480,      1477
      1310,      1048,      1486,      1046,      1047
      1311,      1486,      1484,      1045,      1046
      1312,      1050,      1481,      1487,      1049
      1313,      1049,      1487,      1486,      1048
      1314,      1481,      1480,      1485,      1487
      1315,      1487,      1485,      1484,      1486
      1316,      1419,      1488,      1490,      1420
      1317,      1420,      1490,      1475,      1421
      1318,      1488,      1489,      1491,      1490
      1319,      1490,      1491,      1474,      1475
      1320,      1489,      1477,      1476,      1491
      1321,      1491,      1476,      1473,      1474
      1322,      1418,      1492,      1488,      1419
      1323,      1492,      1493,      1489,      1488
      1324,      1493,      1478,      1477,      1489
      1325,      1041,      1042,      1494,      1417
      1326,      1417,      1494,      1492,      1418
      1327,      1042,      1043,      1495,      1494
      1328,      1494,      1495,      1493,      1492
      1329,      1043,      1044,      1479,      1495
      1330,      1495,      1479,      1478,      1493
      1331,      1497,      1500,      1502,      1496
      1332,      1496,      1502,      1316,      1315
      1333,      1500,      1501,      1503,      1502
      1334,      1502,      1503,      1317,      1316
      1335,      1501,      1055,      1056,      1503
      1336,      1503,      1056,      1057,      1317
      1337,      1498,      1504,      1500,      1497
      1338,      1504,      1505,      1501,      1500
      1339,      1505,      1054,      1055,      1501
      1340,      1473,      1472,      1506,      1499
      1341,      1499,      1506,      1504,      1498
      1342,      1472,      1471,      1507,      1506
      1343,      1506,      1507,      1505,      1504
      1344,      1471,      1052,      1053,      1507
      1345,      1507,      1053,      1054,      1505
      1346,      1424,      1508,      1510,      1425
      1347,      1425,      1510,      1313,      1312
      1348,      1508,      1509,      1511,      1510
      1349,      1510,      1511,      1314,      1313
      1350,      1509,      1497,      1496,      1511
      1351,      1511,      1496,      1315,      1314
      1352,      1423,      1512,      1508,      1424
      1353,      1512,      1513,      1509,      1508
      1354,      1513,      1498,      1497,      1509
      1355,      1421,      1475,      1514,      1422
      1356,      1422,      1514,      1512,      1423
      1357,      1475,      1474,      1515,      1514
      1358,      1514,      1515,      1513,      1512
      1359,      1474,      1473,      1499,      1515
      1360,      1515,      1499,      1498,      1513
      1361,      1649,      1650,      1645,      1646
      1362,      1650,      1641,      1642,      1645
      1363,      1634,      1635,      1650,      1649
      1364,      1635,      1636,      1641,      1650
      1365,      1646,      1647,      1651,      1649
      1366,      1649,      1651,      1633,      1634
      1367,      1626,      1652,      1648,      1625
      1368,      1652,      1651,      1647,      1648
      1369,      1627,      1632,      1652,      1626
      1370,      1632,      1633,      1651,      1652
      1371,      1653,      1655,      1571,      1572
      1372,      1655,      1644,      1570,      1571
      1373,      1646,      1645,      1656,      1654
      1374,      1654,      1656,      1655,      1653
      1375,      1645,      1642,      1643,      1656
      1376,      1656,      1643,      1644,      1655
      1377,      1623,      1657,      1574,      1575
      1378,      1657,      1658,      1573,      1574
      1379,      1658,      1653,      1572,      1573
      1380,      1625,      1648,      1659,      1624
      1381,      1624,      1659,      1657,      1623
      1382,      1654,      1660,      1647,      1646
      1383,      1660,      1659,      1648,      1647
      1384,      1653,      1658,      1660,      1654
      1385,      1658,      1657,      1659,      1660
      1386,      1665,      1666,      1661,      1662
      1387,      1666,      1562,      1563,      1661
      1388,      1639,      1640,      1666,      1665
      1389,      1640,      1561,      1562,      1666
      1390,      1662,      1663,      1667,      1665
      1391,      1665,      1667,      1638,      1639
      1392,      1663,      1664,      1668,      1667
      1393,      1667,      1668,      1637,      1638
      1394,      1664,      1642,      1641,      1668
      1395,      1668,      1641,      1636,      1637
      1396,      1669,      1671,      1566,      1567
      1397,      1671,      1565,      1047,      1566
      1398,      1670,      1672,      1671,      1669
      1399,      1672,      1564,      1565,      1671
      1400,      1662,      1661,      1672,      1670
      1401,      1661,      1563,      1564,      1672
      1402,      1644,      1673,      1569,      1570
      1403,      1673,      1674,      1568,      1569
      1404,      1674,      1669,      1567,      1568
      1405,      1642,      1664,      1675,      1643
      1406,      1643,      1675,      1673,      1644
      1407,      1670,      1676,      1663,      1662
      1408,      1676,      1675,      1664,      1663
      1409,      1669,      1674,      1676,      1670
      1410,      1674,      1673,      1675,      1676
      1411,      1685,      1686,      1681,      1682
      1412,      1686,      1677,      1678,      1681
      1413,      1549,      1550,      1686,      1685
      1414,      1550,      1551,      1677,      1686
      1415,      1682,      1683,      1687,      1685
      1416,      1685,      1687,      1548,      1549
      1417,      1631,      1688,      1684,      1630
      1418,      1688,      1687,      1683,      1684
      1419,      1546,      1547,      1688,      1631
      1420,      1547,      1548,      1687,      1688
      1421,      1689,      1691,      1635,      1634
      1422,      1691,      1680,      1636,      1635
      1423,      1682,      1681,      1692,      1690
      1424,      1690,      1692,      1691,      1689
      1425,      1681,      1678,      1679,      1692
      1426,      1692,      1679,      1680,      1691
      1427,      1628,      1693,      1632,      1627
      1428,      1693,      1694,      1633,      1632
      1429,      1694,      1689,      1634,      1633
      1430,      1630,      1684,      1695,      1629
      1431,      1629,      1695,      1693,      1628
      1432,      1690,      1696,      1683,      1682
      1433,      1696,      1695,      1684,      1683
      1434,      1689,      1694,      1696,      1690
      1435,      1694,      1693,      1695,      1696
      1436,      1701,      1702,      1697,      1698
      1437,      1702,      1557,      1558,      1697
      1438,      1554,      1555,      1702,      1701
      1439,      1555,      1556,      1557,      1702
      1440,      1698,      1699,      1703,      1701
      1441,      1701,      1703,      1553,      1554
      1442,      1677,      1704,      1700,      1678
      1443,      1704,      1703,      1699,      1700
      1444,      1551,      1552,      1704,      1677
      1445,      1552,      1553,      1703,      1704
      1446,      1705,      1707,      1640,      1639
      1447,      1707,      1560,      1561,      1640
      1448,      1698,      1697,      1708,      1706
      1449,      1706,      1708,      1707,      1705
      1450,      1697,      1558,      1559,      1708
      1451,      1708,      1559,      1560,      1707
      1452,      1680,      1709,      1637,      1636
      1453,      1709,      1710,      1638,      1637
      1454,      1710,      1705,      1639,      1638
      1455,      1678,      1700,      1711,      1679
      1456,      1679,      1711,      1709,      1680
      1457,      1706,      1712,      1699,      1698
      1458,      1712,      1711,      1700,      1699
      1459,      1705,      1710,      1712,      1706
      1460,      1710,      1709,      1711,      1712
      1461,      1730,      1731,      1726,      1727
      1462,      1731,      1722,      1723,      1726
      1463,      1715,      1716,      1731,      1730
      1464,      1716,      1717,      1722,      1731
      1465,      1727,      1728,      1732,      1730
      1466,      1730,      1732,      1714,      1715
      1467,      1617,      1733,      1729,      1616
      1468,      1733,      1732,      1728,      1729
      1469,      1618,      1713,      1733,      1617
      1470,      1713,      1714,      1732,      1733
      1471,      1734,      1736,      1581,      1582
      1472,      1736,      1725,      1580,      1581
      1473,      1727,      1726,      1737,      1735
      1474,      1735,      1737,      1736,      1734
      1475,      1726,      1723,      1724,      1737
      1476,      1737,      1724,      1725,      1736
      1477,      1614,      1738,      1584,      1585
      1478,      1738,      1739,      1583,      1584
      1479,      1739,      1734,      1582,      1583
      1480,      1616,      1729,      1740,      1615
      1481,      1615,      1740,      1738,      1614
      1482,      1735,      1741,      1728,      1727
      1483,      1741,      1740,      1729,      1728
      1484,      1734,      1739,      1741,      1735
      1485,      1739,      1738,      1740,      1741
      1486,      1746,      1747,      1742,      1743
      1487,      1747,      1626,      1625,      1742
      1488,      1720,      1721,      1747,      1746
      1489,      1721,      1627,      1626,      1747
      1490,      1743,      1744,      1748,      1746
      1491,      1746,      1748,      1719,      1720
      1492,      1722,      1749,      1745,      1723
      1493,      1749,      1748,      1744,      1745
      1494,      1717,      1718,      1749,      1722
      1495,      1718,      1719,      1748,      1749
      1496,      1750,      1752,      1576,      1577
      1497,      1752,      1623,      1575,      1576
      1498,      1743,      1742,      1753,      1751
      1499,      1751,      1753,      1752,      1750
      1500,      1742,      1625,      1624,      1753
      1501,      1753,      1624,      1623,      1752
      1502,      1725,      1754,      1579,      1580
      1503,      1754,      1755,      1578,      1579
      1504,      1755,      1750,      1577,      1578
      1505,      1723,      1745,      1756,      1724
      1506,      1724,      1756,      1754,      1725
      1507,      1751,      1757,      1744,      1743
      1508,      1757,      1756,      1745,      1744
      1509,      1750,      1755,      1757,      1751
      1510,      1755,      1754,      1756,      1757
      1511,      1766,      1767,      1762,      1763
      1512,      1767,      1758,      1759,      1762
      1513,      1539,      1540,      1767,      1766
      1514,      1540,      1541,      1758,      1767
      1515,      1763,      1764,      1768,      1766
      1516,      1766,      1768,      1538,      1539
      1517,      1622,      1769,      1765,      1621
      1518,      1769,      1768,      1764,      1765
      1519,      1536,      1537,      1769,      1622
      1520,      1537,      1538,      1768,      1769
      1521,      1770,      1772,      1716,      1715
      1522,      1772,      1761,      1717,      1716
      1523,      1763,      1762,      1773,      1771
      1524,      1771,      1773,      1772,      1770
      1525,      1762,      1759,      1760,      1773
      1526,      1773,      1760,      1761,      1772
      1527,      1619,      1774,      1713,      1618
      1528,      1774,      1775,      1714,      1713
      1529,      1775,      1770,      1715,      1714
      1530,      1621,      1765,      1776,      1620
      1531,      1620,      1776,      1774,      1619
      1532,      1771,      1777,      1764,      1763
      1533,      1777,      1776,      1765,      1764
      1534,      1770,      1775,      1777,      1771
      1535,      1775,      1774,      1776,      1777
      1536,      1782,      1783,      1778,      1779
      1537,      1783,      1631,      1630,      1778
      1538,      1544,      1545,      1783,      1782
      1539,      1545,      1546,      1631,      1783
      1540,      1779,      1780,      1784,      1782
      1541,      1782,      1784,      1543,      1544
      1542,      1758,      1785,      1781,      1759
      1543,      1785,      1784,      1780,      1781
      1544,      1541,      1542,      1785,      1758
      1545,      1542,      1543,      1784,      1785
      1546,      1786,      1788,      1721,      1720
      1547,      1788,      1628,      1627,      1721
      1548,      1787,      1789,      1788,      1786
      1549,      1789,      1629,      1628,      1788
      1550,      1779,      1778,      1789,      1787
      1551,      1778,      1630,      1629,      1789
      1552,      1761,      1790,      1718,      1717
      1553,      1790,      1791,      1719,      1718
      1554,      1791,      1786,      1720,      1719
      1555,      1759,      1781,      1792,      1760
      1556,      1760,      1792,      1790,      1761
      1557,      1787,      1793,      1780,      1779
      1558,      1793,      1792,      1781,      1780
      1559,      1786,      1791,      1793,      1787
      1560,      1791,      1790,      1792,      1793
      1561,      1820,      1821,      1816,      1817
      1562,      1821,      1812,      1813,      1816
      1563,      1805,      1806,      1821,      1820
      1564,      1806,      1807,      1812,      1821
      1565,      1817,      1818,      1822,      1820
      1566,      1820,      1822,      1804,      1805
      1567,      1797,      1823,      1819,      1796
      1568,      1823,      1822,      1818,      1819
      1569,      1798,      1803,      1823,      1797
      1570,      1803,      1804,      1822,      1823
      1571,      1824,      1826,      1591,      1592
      1572,      1826,      1815,      1590,      1591
      1573,      1817,      1816,      1827,      1825
      1574,      1825,      1827,      1826,      1824
      1575,      1816,      1813,      1814,      1827
      1576,      1827,      1814,      1815,      1826
      1577,      1794,      1828,      1594,      1595
      1578,      1828,      1829,      1593,      1594
      1579,      1829,      1824,      1592,      1593
      1580,      1796,      1819,      1830,      1795
      1581,      1795,      1830,      1828,      1794
      1582,      1825,      1831,      1818,      1817
      1583,      1831,      1830,      1819,      1818
      1584,      1824,      1829,      1831,      1825
      1585,      1829,      1828,      1830,      1831
      1586,      1836,      1837,      1832,      1833
      1587,      1837,      1617,      1616,      1832
      1588,      1810,      1811,      1837,      1836
      1589,      1811,      1618,      1617,      1837
      1590,      1833,      1834,      1838,      1836
      1591,      1836,      1838,      1809,      1810
      1592,      1812,      1839,      1835,      1813
      1593,      1839,      1838,      1834,      1835
      1594,      1807,      1808,      1839,      1812
      1595,      1808,      1809,      1838,      1839
      1596,      1840,      1842,      1586,      1587
      1597,      1842,      1614,      1585,      1586
      1598,      1833,      1832,      1843,      1841
      1599,      1841,      1843,      1842,      1840
      1600,      1832,      1616,      1615,      1843
      1601,      1843,      1615,      1614,      1842
      1602,      1815,      1844,      1589,      1590
      1603,      1844,      1845,      1588,      1589
      1604,      1845,      1840,      1587,      1588
      1605,      1813,      1835,      1846,      1814
      1606,      1814,      1846,      1844,      1815
      1607,      1841,      1847,      1834,      1833
      1608,      1847,      1846,      1835,      1834
      1609,      1840,      1845,      1847,      1841
      1610,      1845,      1844,      1846,      1847
      1611,      1856,      1857,      1852,      1853
      1612,      1857,      1848,      1849,      1852
      1613,      1529,      1530,      1857,      1856
      1614,      1530,      1531,      1848,      1857
      1615,      1853,      1854,      1858,      1856
      1616,      1856,      1858,      1528,      1529
      1617,      1802,      1859,      1855,      1801
      1618,      1859,      1858,      1854,      1855
      1619,      1526,      1527,      1859,      1802
      1620,      1527,      1528,      1858,      1859
      1621,      1860,      1862,      1806,      1805
      1622,      1862,      1851,      1807,      1806
      1623,      1853,      1852,      1863,      1861
      1624,      1861,      1863,      1862,      1860
      1625,      1852,      1849,      1850,      1863
      1626,      1863,      1850,      1851,      1862
      1627,      1799,      1864,      1803,      1798
      1628,      1864,      1865,      1804,      1803
      1629,      1865,      1860,      1805,      1804
      1630,      1801,      1855,      1866,      1800
      1631,      1800,      1866,      1864,      1799
      1632,      1861,      1867,      1854,      1853
      1633,      1867,      1866,      1855,      1854
      1634,      1860,      1865,      1867,      1861
      1635,      1865,      1864,      1866,      1867
      1636,      1872,      1873,      1868,      1869
      1637,      1873,      1622,      1621,      1868
      1638,      1534,      1535,      1873,      1872
      1639,      1535,      1536,      1622,      1873
      1640,      1869,      1870,      1874,      1872
      1641,      1872,      1874,      1533,      1534
      1642,      1848,      1875,      1871,      1849
      1643,      1875,      1874,      1870,      1871
      1644,      1531,      1532,      1875,      1848
      1645,      1532,      1533,      1874,      1875
      1646,      1876,      1878,      1811,      1810
      1647,      1878,      1619,      1618,      1811
      1648,      1869,      1868,      1879,      1877
      1649,      1877,      1879,      1878,      1876
      1650,      1868,      1621,      1620,      1879
      1651,      1879,      1620,      1619,      1878
      1652,      1851,      1880,      1808,      1807
      1653,      1880,      1881,      1809,      1808
      1654,      1881,      1876,      1810,      1809
      1655,      1849,      1871,      1882,      1850
      1656,      1850,      1882,      1880,      1851
      1657,      1877,      1883,      1870,      1869
      1658,      1883,      1882,      1871,      1870
      1659,      1876,      1881,      1883,      1877
      1660,      1881,      1880,      1882,      1883
      1661,      1901,      1902,      1897,      1898
      1662,      1902,      1893,      1894,      1897
      1663,      1886,      1887,      1902,      1901
      1664,      1887,      1888,      1893,      1902
      1665,      1898,      1899,      1903,      1901
      1666,      1901,      1903,      1885,      1886
      1667,      1608,      1904,      1900,      1607
      1668,      1904,      1903,      1899,      1900
      1669,      1609,      1884,      1904,      1608
      1670,      1884,      1885,      1903,      1904
      1671,      1905,      1907,      1601,      1602
      1672,      1907,      1896,      1600,      1601
      1673,      1898,      1897,      1908,      1906
      1674,      1906,      1908,      1907,      1905
      1675,      1897,      1894,      1895,      1908
      1676,      1908,      1895,      1896,      1907
      1677,      1605,      1909,      1604,       492
      1678,      1909,      1910,      1603,      1604
      1679,      1910,      1905,      1602,      1603
      1680,      1607,      1900,      1911,      1606
      1681,      1606,      1911,      1909,      1605
      1682,      1906,      1912,      1899,      1898
      1683,      1912,      1911,      1900,      1899
      1684,      1905,      1910,      1912,      1906
      1685,      1910,      1909,      1911,      1912
      1686,      1917,      1918,      1913,      1914
      1687,      1918,      1797,      1796,      1913
      1688,      1891,      1892,      1918,      1917
      1689,      1892,      1798,      1797,      1918
      1690,      1914,      1915,      1919,      1917
      1691,      1917,      1919,      1890,      1891
      1692,      1893,      1920,      1916,      1894
      1693,      1920,      1919,      1915,      1916
      1694,      1888,      1889,      1920,      1893
      1695,      1889,      1890,      1919,      1920
      1696,      1921,      1923,      1596,      1597
      1697,      1923,      1794,      1595,      1596
      1698,      1922,      1924,      1923,      1921
      1699,      1924,      1795,      1794,      1923
      1700,      1914,      1913,      1924,      1922
      1701,      1913,      1796,      1795,      1924
      1702,      1896,      1925,      1599,      1600
      1703,      1925,      1926,      1598,      1599
      1704,      1926,      1921,      1597,      1598
      1705,      1894,      1916,      1927,      1895
      1706,      1895,      1927,      1925,      1896
      1707,      1922,      1928,      1915,      1914
      1708,      1928,      1927,      1916,      1915
      1709,      1921,      1926,      1928,      1922
      1710,      1926,      1925,      1927,      1928
      1711,      1937,      1938,      1933,      1934
      1712,      1938,      1929,      1930,      1933
      1713,      1519,      1520,      1938,      1937
      1714,      1520,      1521,      1929,      1938
      1715,      1934,      1935,      1939,      1937
      1716,      1937,      1939,      1518,      1519
      1717,      1613,      1940,      1936,      1612
      1718,      1940,      1939,      1935,      1936
      1719,      1516,      1517,      1940,      1613
      1720,      1517,      1518,      1939,      1940
      1721,      1941,      1943,      1887,      1886
      1722,      1943,      1932,      1888,      1887
      1723,      1942,      1944,      1943,      1941
      1724,      1944,      1931,      1932,      1943
      1725,      1934,      1933,      1944,      1942
      1726,      1933,      1930,      1931,      1944
      1727,      1610,      1945,      1884,      1609
      1728,      1945,      1946,      1885,      1884
      1729,      1946,      1941,      1886,      1885
      1730,      1612,      1936,      1947,      1611
      1731,      1611,      1947,      1945,      1610
      1732,      1942,      1948,      1935,      1934
      1733,      1948,      1947,      1936,      1935
      1734,      1941,      1946,      1948,      1942
      1735,      1946,      1945,      1947,      1948
      1736,      1953,      1954,      1949,      1950
      1737,      1954,      1802,      1801,      1949
      1738,      1524,      1525,      1954,      1953
      1739,      1525,      1526,      1802,      1954
      1740,      1950,      1951,      1955,      1953
      1741,      1953,      1955,      1523,      1524
      1742,      1929,      1956,      1952,      1930
      1743,      1956,      1955,      1951,      1952
      1744,      1521,      1522,      1956,      1929
      1745,      1522,      1523,      1955,      1956
      1746,      1957,      1959,      1892,      1891
      1747,      1959,      1799,      1798,      1892
      1748,      1958,      1960,      1959,      1957
      1749,      1960,      1800,      1799,      1959
      1750,      1950,      1949,      1960,      1958
      1751,      1949,      1801,      1800,      1960
      1752,      1891,      1890,      1961,      1957
      1753,      1957,      1961,      1962,      1958
      1754,      1958,      1962,      1951,      1950
      1755,      1932,      1963,      1889,      1888
      1756,      1963,      1961,      1890,      1889
      1757,      1931,      1964,      1963,      1932
      1758,      1964,      1962,      1961,      1963
      1759,      1930,      1952,      1964,      1931
      1760,      1952,      1951,      1962,      1964
      1761,      2005,      2007,      2001,      2002
      1762,      2007,      1997,      1998,      2001
      1763,      2006,      2008,      2007,      2005
      1764,      2008,      1996,      1997,      2007
      1765,      1989,      1990,      2008,      2006
      1766,      1990,      1991,      1996,      2008
      1767,      1979,      2009,      2004,      1978
      1768,      2009,      2010,      2003,      2004
      1769,      2010,      2005,      2002,      2003
      1770,      1981,      1987,      2011,      1980
      1771,      1980,      2011,      2009,      1979
      1772,      2006,      2012,      1988,      1989
      1773,      2012,      2011,      1987,      1988
      1774,      2005,      2010,      2012,      2006
      1775,      2010,      2009,      2011,      2012
      1776,      2013,      2015,      1599,      1598
      1777,      2015,      2000,      1600,      1599
      1778,      2014,      2016,      2015,      2013
      1779,      2016,      1999,      2000,      2015
      1780,      2002,      2001,      2016,      2014
      1781,      2001,      1998,      1999,      2016
      1782,      1598,      1597,      2017,      2013
      1783,      2013,      2017,      2018,      2014
      1784,      2014,      2018,      2003,      2002
      1785,      1976,      2019,      1596,      1595
      1786,      2019,      2017,      1597,      1596
      1787,      1977,      2020,      2019,      1976
      1788,      2020,      2018,      2017,      2019
      1789,      1978,      2004,      2020,      1977
      1790,      2004,      2003,      2018,      2020
      1791,      2025,      2027,      2021,      2022
      1792,      2027,       496,       495,      2021
      1793,      2026,      2028,      2027,      2025
      1794,      2028,       497,       496,      2027
      1795,      1994,      1995,      2028,      2026
      1796,      1995,       498,       497,      2028
      1797,      1997,      2029,      2024,      1998
      1798,      2029,      2030,      2023,      2024
      1799,      2030,      2025,      2022,      2023
      1800,      1991,      1992,      2031,      1996
      1801,      1996,      2031,      2029,      1997
      1802,      2026,      2032,      1993,      1994
      1803,      2032,      2031,      1992,      1993
      1804,      2025,      2030,      2032,      2026
      1805,      2030,      2029,      2031,      2032
      1806,      2033,      2035,      1604,      1603
      1807,      2035,       493,       492,      1604
      1808,      2034,      2036,      2035,      2033
      1809,      2036,       494,       493,      2035
      1810,      2022,      2021,      2036,      2034
      1811,      2021,       495,       494,      2036
      1812,      1603,      1602,      2037,      2033
      1813,      2033,      2037,      2038,      2034
      1814,      2034,      2038,      2023,      2022
      1815,      2000,      2039,      1601,      1600
      1816,      2039,      2037,      1602,      1601
      1817,      1999,      2040,      2039,      2000
      1818,      2040,      2038,      2037,      2039
      1819,      1998,      2024,      2040,      1999
      1820,      2024,      2023,      2038,      2040
      1821,      2050,      2052,      2046,      2047
      1822,      2052,      2042,      2043,      2046
      1823,      2051,      2053,      2052,      2050
      1824,      2053,      2041,      2042,      2052
      1825,        58,        57,      2053,      2051
      1826,        57,        56,      2041,      2053
      1827,      2047,      2048,      2054,      2050
      1828,      2050,      2054,      2055,      2051
      1829,      2051,      2055,        59,        58
      1830,      1985,      2056,      2049,      1984
      1831,      2056,      2054,      2048,      2049
      1832,        61,        60,      2057,      1986
      1833,      1986,      2057,      2056,      1985
      1834,        60,        59,      2055,      2057
      1835,      2057,      2055,      2054,      2056
      1836,      2058,      2060,      1990,      1989
      1837,      2060,      2045,      1991,      1990
      1838,      2059,      2061,      2060,      2058
      1839,      2061,      2044,      2045,      2060
      1840,      2047,      2046,      2061,      2059
      1841,      2046,      2043,      2044,      2061
      1842,      1982,      2062,      1987,      1981
      1843,      2062,      2063,      1988,      1987
      1844,      2063,      2058,      1989,      1988
      1845,      1984,      2049,      2064,      1983
      1846,      1983,      2064,      2062,      1982
      1847,      2049,      2048,      2065,      2064
      1848,      2064,      2065,      2063,      2062
      1849,      2048,      2047,      2059,      2065
      1850,      2065,      2059,      2058,      2063
      1851,      2070,      2072,      2066,      2067
      1852,      2072,       502,       501,      2066
      1853,      2071,      2073,      2072,      2070
      1854,      2073,       503,       502,      2072
      1855,        53,        52,      2073,      2071
      1856,        52,        51,       503,      2073
      1857,      2067,      2068,      2074,      2070
      1858,      2070,      2074,      2075,      2071
      1859,      2071,      2075,        54,        53
      1860,      2042,      2076,      2069,      2043
      1861,      2076,      2074,      2068,      2069
      1862,      2041,      2077,      2076,      2042
      1863,      2077,      2075,      2074,      2076
      1864,        56,        55,      2077,      2041
      1865,        55,        54,      2075,      2077
      1866,      2078,      2080,      1995,      1994
      1867,      2080,       499,       498,      1995
      1868,      2079,      2081,      2080,      2078
      1869,      2081,       500,       499,      2080
      1870,      2067,      2066,      2081,      2079
      1871,      2066,       501,       500,      2081
      1872,      2045,      2082,      1992,      1991
      1873,      2082,      2083,      1993,      1992
      1874,      2083,      2078,      1994,      1993
      1875,      2043,      2069,      2084,      2044
      1876,      2044,      2084,      2082,      2045
      1877,      2069,      2068,      2085,      2084
      1878,      2084,      2085,      2083,      2082
      1879,      2068,      2067,      2079,      2085
      1880,      2085,      2079,      2078,      2083
      1881,      2104,      2106,      2100,      2101
      1882,      2106,      2096,      2097,      2100
      1883,      2105,      2107,      2106,      2104
      1884,      2107,      2095,      2096,      2106
      1885,      2088,      2089,      2107,      2105
      1886,      2089,      2090,      2095,      2107
      1887,      1968,      2108,      2103,      1967
      1888,      2108,      2109,      2102,      2103
      1889,      2109,      2104,      2101,      2102
      1890,      1970,      2086,      2110,      1969
      1891,      1969,      2110,      2108,      1968
      1892,      2105,      2111,      2087,      2088
      1893,      2111,      2110,      2086,      2087
      1894,      2104,      2109,      2111,      2105
      1895,      2109,      2108,      2110,      2111
      1896,      2112,      2114,      1589,      1588
      1897,      2114,      2099,      1590,      1589
      1898,      2113,      2115,      2114,      2112
      1899,      2115,      2098,      2099,      2114
      1900,      2101,      2100,      2115,      2113
      1901,      2100,      2097,      2098,      2115
      1902,      1965,      2116,      1586,      1585
      1903,      2116,      2117,      1587,      1586
      1904,      2117,      2112,      1588,      1587
      1905,      1967,      2103,      2118,      1966
      1906,      1966,      2118,      2116,      1965
      1907,      2113,      2119,      2102,      2101
      1908,      2119,      2118,      2103,      2102
      1909,      2112,      2117,      2119,      2113
      1910,      2117,      2116,      2118,      2119
      1911,      2124,      2126,      2120,      2121
      1912,      2126,      1979,      1978,      2120
      1913,      2125,      2127,      2126,      2124
      1914,      2127,      1980,      1979,      2126
      1915,      2093,      2094,      2127,      2125
      1916,      2094,      1981,      1980,      2127
      1917,      2096,      2128,      2123,      2097
      1918,      2128,      2129,      2122,      2123
      1919,      2129,      2124,      2121,      2122
      1920,      2090,      2091,      2130,      2095
      1921,      2095,      2130,      2128,      2096
      1922,      2125,      2131,      2092,      2093
      1923,      2131,      2130,      2091,      2092
      1924,      2124,      2129,      2131,      2125
      1925,      2129,      2128,      2130,      2131
      1926,      2132,      2134,      1594,      1593
      1927,      2134,      1976,      1595,      1594
      1928,      2133,      2135,      2134,      2132
      1929,      2135,      1977,      1976,      2134
      1930,      2121,      2120,      2135,      2133
      1931,      2120,      1978,      1977,      2135
      1932,      1593,      1592,      2136,      2132
      1933,      2132,      2136,      2137,      2133
      1934,      2133,      2137,      2122,      2121
      1935,      2099,      2138,      1591,      1590
      1936,      2138,      2136,      1592,      1591
      1937,      2098,      2139,      2138,      2099
      1938,      2139,      2137,      2136,      2138
      1939,      2097,      2123,      2139,      2098
      1940,      2123,      2122,      2137,      2139
      1941,      2149,      2151,      2145,      2146
      1942,      2151,      2141,      2142,      2145
      1943,      2150,      2152,      2151,      2149
      1944,      2152,      2140,      2141,      2151
      1945,        68,        67,      2152,      2150
      1946,        67,        66,      2140,      2152
      1947,      1974,      2153,      2148,      1973
      1948,      2153,      2154,      2147,      2148
      1949,      2154,      2149,      2146,      2147
      1950,        71,        70,      2155,      1975
      1951,      1975,      2155,      2153,      1974
      1952,        70,        69,      2156,      2155
      1953,      2155,      2156,      2154,      2153
      1954,        69,        68,      2150,      2156
      1955,      2156,      2150,      2149,      2154
      1956,      2157,      2159,      2089,      2088
      1957,      2159,      2144,      2090,      2089
      1958,      2158,      2160,      2159,      2157
      1959,      2160,      2143,      2144,      2159
      1960,      2146,      2145,      2160,      2158
      1961,      2145,      2142,      2143,      2160
      1962,      1971,      2161,      2086,      1970
      1963,      2161,      2162,      2087,      2086
      1964,      2162,      2157,      2088,      2087
      1965,      1973,      2148,      2163,      1972
      1966,      1972,      2163,      2161,      1971
      1967,      2158,      2164,      2147,      2146
      1968,      2164,      2163,      2148,      2147
      1969,      2157,      2162,      2164,      2158
      1970,      2162,      2161,      2163,      2164
      1971,      2169,      2171,      2165,      2166
      1972,      2171,      1985,      1984,      2165
      1973,      2170,      2172,      2171,      2169
      1974,      2172,      1986,      1985,      2171
      1975,        63,        62,      2172,      2170
      1976,        62,        61,      1986,      2172
      1977,      2166,      2167,      2173,      2169
      1978,      2169,      2173,      2174,      2170
      1979,      2170,      2174,        64,        63
      1980,      2141,      2175,      2168,      2142
      1981,      2175,      2173,      2167,      2168
      1982,        66,        65,      2176,      2140
      1983,      2140,      2176,      2175,      2141
      1984,        65,        64,      2174,      2176
      1985,      2176,      2174,      2173,      2175
      1986,      2177,      2179,      2094,      2093
      1987,      2179,      1982,      1981,      2094
      1988,      2178,      2180,      2179,      2177
      1989,      2180,      1983,      1982,      2179
      1990,      2166,      2165,      2180,      2178
      1991,      2165,      1984,      1983,      2180
      1992,      2144,      2181,      2091,      2090
      1993,      2181,      2182,      2092,      2091
      1994,      2182,      2177,      2093,      2092
      1995,      2142,      2168,      2183,      2143
      1996,      2143,      2183,      2181,      2144
      1997,      2178,      2184,      2167,      2166
      1998,      2184,      2183,      2168,      2167
      1999,      2177,      2182,      2184,      2178
      2000,      2182,      2181,      2183,      2184
      2001,      2214,      2216,      2210,      2211
      2002,      2216,      2206,      2207,      2210
      2003,      2198,      2199,      2217,      2215
      2004,      2215,      2217,      2216,      2214
      2005,      2199,      2200,      2205,      2217
      2006,      2217,      2205,      2206,      2216
      2007,      2188,      2218,      2213,      2187
      2008,      2218,      2219,      2212,      2213
      2009,      2219,      2214,      2211,      2212
      2010,      2190,      2196,      2220,      2189
      2011,      2189,      2220,      2218,      2188
      2012,      2215,      2221,      2197,      2198
      2013,      2221,      2220,      2196,      2197
      2014,      2214,      2219,      2221,      2215
      2015,      2219,      2218,      2220,      2221
      2016,      2222,      2224,      1579,      1578
      2017,      2224,      2209,      1580,      1579
      2018,      2211,      2210,      2225,      2223
      2019,      2223,      2225,      2224,      2222
      2020,      2210,      2207,      2208,      2225
      2021,      2225,      2208,      2209,      2224
      2022,      2185,      2226,      1576,      1575
      2023,      2226,      2227,      1577,      1576
      2024,      2227,      2222,      1578,      1577
      2025,      2187,      2213,      2228,      2186
      2026,      2186,      2228,      2226,      2185
      2027,      2223,      2229,      2212,      2211
      2028,      2229,      2228,      2213,      2212
      2029,      2222,      2227,      2229,      2223
      2030,      2227,      2226,      2228,      2229
      2031,      2234,      2236,      2230,      2231
      2032,      2236,      1968,      1967,      2230
      2033,      2235,      2237,      2236,      2234
      2034,      2237,      1969,      1968,      2236
      2035,      2203,      2204,      2237,      2235
      2036,      2204,      1970,      1969,      2237
      2037,      2206,      2238,      2233,      2207
      2038,      2238,      2239,      2232,      2233
      2039,      2239,      2234,      2231,      2232
      2040,      2200,      2201,      2240,      2205
      2041,      2205,      2240,      2238,      2206
      2042,      2201,      2202,      2241,      2240
      2043,      2240,      2241,      2239,      2238
      2044,      2202,      2203,      2235,      2241
      2045,      2241,      2235,      2234,      2239
      2046,      2242,      2244,      1584,      1583
      2047,      2244,      1965,      1585,      1584
      2048,      2243,      2245,      2244,      2242
      2049,      2245,      1966,      1965,      2244
      2050,      2231,      2230,      2245,      2243
      2051,      2230,      1967,      1966,      2245
      2052,      2209,      2246,      1581,      1580
      2053,      2246,      2247,      1582,      1581
      2054,      2247,      2242,      1583,      1582
      2055,      2207,      2233,      2248,      2208
      2056,      2208,      2248,      2246,      2209
      2057,      2233,      2232,      2249,      2248
      2058,      2248,      2249,      2247,      2246
      2059,      2232,      2231,      2243,      2249
      2060,      2249,      2243,      2242,      2247
      2061,      2259,      2261,      2255,      2256
      2062,      2261,      2251,      2252,      2255
      2063,        78,        77,      2262,      2260
      2064,      2260,      2262,      2261,      2259
      2065,        77,        76,      2250,      2262
      2066,      2262,      2250,      2251,      2261
      2067,      2194,      2263,      2258,      2193
      2068,      2263,      2264,      2257,      2258
      2069,      2264,      2259,      2256,      2257
      2070,        81,        80,      2265,      2195
      2071,      2195,      2265,      2263,      2194
      2072,      2260,      2266,        79,        78
      2073,      2266,      2265,        80,        79
      2074,      2259,      2264,      2266,      2260
      2075,      2264,      2263,      2265,      2266
      2076,      2267,      2269,      2199,      2198
      2077,      2269,      2254,      2200,      2199
      2078,      2256,      2255,      2270,      2268
      2079,      2268,      2270,      2269,      2267
      2080,      2255,      2252,      2253,      2270
      2081,      2270,      2253,      2254,      2269
      2082,      2191,      2271,      2196,      2190
      2083,      2271,      2272,      2197,      2196
      2084,      2272,      2267,      2198,      2197
      2085,      2193,      2258,      2273,      2192
      2086,      2192,      2273,      2271,      2191
      2087,      2268,      2274,      2257,      2256
      2088,      2274,      2273,      2258,      2257
      2089,      2267,      2272,      2274,      2268
      2090,      2272,      2271,      2273,      2274
      2091,      2279,      2281,      2275,      2276
      2092,      2281,      1974,      1973,      2275
      2093,      2280,      2282,      2281,      2279
      2094,      2282,      1975,      1974,      2281
      2095,        73,        72,      2282,      2280
      2096,        72,        71,      1975,      2282
      2097,      2251,      2283,      2278,      2252
      2098,      2283,      2284,      2277,      2278
      2099,      2284,      2279,      2276,      2277
      2100,        76,        75,      2285,      2250
      2101,      2250,      2285,      2283,      2251
      2102,      2280,      2286,        74,        73
      2103,      2286,      2285,        75,        74
      2104,      2279,      2284,      2286,      2280
      2105,      2284,      2283,      2285,      2286
      2106,      2287,      2289,      2204,      2203
      2107,      2289,      1971,      1970,      2204
      2108,      2288,      2290,      2289,      2287
      2109,      2290,      1972,      1971,      2289
      2110,      2276,      2275,      2290,      2288
      2111,      2275,      1973,      1972,      2290
      2112,      2254,      2291,      2201,      2200
      2113,      2291,      2292,      2202,      2201
      2114,      2292,      2287,      2203,      2202
      2115,      2252,      2278,      2293,      2253
      2116,      2253,      2293,      2291,      2254
      2117,      2288,      2294,      2277,      2276
      2118,      2294,      2293,      2278,      2277
      2119,      2287,      2292,      2294,      2288
      2120,      2292,      2291,      2293,      2294
      2121,      2313,      2315,      2309,      2310
      2122,      2315,      2305,      2306,      2309
      2123,      2297,      2298,      2316,      2314
      2124,      2314,      2316,      2315,      2313
      2125,      2298,      2299,      2304,      2316
      2126,      2316,      2304,      2305,      2315
      2127,      2310,      2311,      2317,      2313
      2128,      2313,      2317,      2318,      2314
      2129,      2314,      2318,      2296,      2297
      2130,      1043,      2319,      2312,      1044
      2131,      2319,      2317,      2311,      2312
      2132,      1041,      2295,      2320,      1042
      2133,      1042,      2320,      2319,      1043
      2134,      2295,      2296,      2318,      2320
      2135,      2320,      2318,      2317,      2319
      2136,      2321,      2323,      1569,      1568
      2137,      2323,      2308,      1570,      1569
      2138,      2310,      2309,      2324,      2322
      2139,      2322,      2324,      2323,      2321
      2140,      2309,      2306,      2307,      2324
      2141,      2324,      2307,      2308,      2323
      2142,      1046,      2325,      1566,      1047
      2143,      2325,      2326,      1567,      1566
      2144,      2326,      2321,      1568,      1567
      2145,      1044,      2312,      2327,      1045
      2146,      1045,      2327,      2325,      1046
      2147,      2322,      2328,      2311,      2310
      2148,      2328,      2327,      2312,      2311
      2149,      2321,      2326,      2328,      2322
      2150,      2326,      2325,      2327,      2328
      2151,      2333,      2335,      2329,      2330
      2152,      2335,      2188,      2187,      2329
      2153,      2302,      2303,      2336,      2334
      2154,      2334,      2336,      2335,      2333
      2155,      2303,      2190,      2189,      2336
      2156,      2336,      2189,      2188,      2335
      2157,      2330,      2331,      2337,      2333
      2158,      2333,      2337,      2338,      2334
      2159,      2334,      2338,      2301,      2302
      2160,      2305,      2339,      2332,      2306
      2161,      2339,      2337,      2331,      2332
      2162,      2299,      2300,      2340,      2304
      2163,      2304,      2340,      2339,      2305
      2164,      2300,      2301,      2338,      2340
      2165,      2340,      2338,      2337,      2339
      2166,      2341,      2343,      1574,      1573
      2167,      2343,      2185,      1575,      1574
      2168,      2330,      2329,      2344,      2342
      2169,      2342,      2344,      2343,      2341
      2170,      2329,      2187,      2186,      2344
      2171,      2344,      2186,      2185,      2343
      2172,      2308,      2345,      1571,      1570
      2173,      2345,      2346,      1572,      1571
      2174,      2346,      2341,      1573,      1572
      2175,      2306,      2332,      2347,      2307
      2176,      2307,      2347,      2345,      2308
      2177,      2342,      2348,      2331,      2330
      2178,      2348,      2347,      2332,      2331
      2179,      2341,      2346,      2348,      2342
      2180,      2346,      2345,      2347,      2348
      2181,      2358,      2360,      2354,      2355
      2182,      2360,      2350,      2351,      2354
      2183,      2359,      2361,      2360,      2358
      2184,      2361,      2349,      2350,      2360
      2185,        88,        87,      2361,      2359
      2186,        87,        86,      2349,      2361
      2187,      1037,      2362,      2357,      1038
      2188,      2362,      2363,      2356,      2357
      2189,      2363,      2358,      2355,      2356
      2190,        91,        90,      2364,      1036
      2191,      1036,      2364,      2362,      1037
      2192,      2359,      2365,        89,        88
      2193,      2365,      2364,        90,        89
      2194,      2358,      2363,      2365,      2359
      2195,      2363,      2362,      2364,      2365
      2196,      2366,      2368,      2298,      2297
      2197,      2368,      2353,      2299,      2298
      2198,      2367,      2369,      2368,      2366
      2199,      2369,      2352,      2353,      2368
      2200,      2355,      2354,      2369,      2367
      2201,      2354,      2351,      2352,      2369
      2202,      2297,      2296,      2370,      2366
      2203,      2366,      2370,      2371,      2367
      2204,      2367,      2371,      2356,      2355
      2205,      1040,      2372,      2295,      1041
      2206,      2372,      2370,      2296,      2295
      2207,      1038,      2357,      2373,      1039
      2208,      1039,      2373,      2372,      1040
      2209,      2357,      2356,      2371,      2373
      2210,      2373,      2371,      2370,      2372
      2211,      2378,      2380,      2374,      2375
      2212,      2380,      2194,      2193,      2374
      2213,      2379,      2381,      2380,      2378
      2214,      2381,      2195,      2194,      2380
      2215,        83,        82,      2381,      2379
      2216,        82,        81,      2195,      2381
      2217,      2350,      2382,      2377,      2351
      2218,      2382,      2383,      2376,      2377
      2219,      2383,      2378,      2375,      2376
      2220,        86,        85,      2384,      2349
      2221,      2349,      2384,      2382,      2350
      2222,      2379,      2385,        84,        83
      2223,      2385,      2384,        85,        84
      2224,      2378,      2383,      2385,      2379
      2225,      2383,      2382,      2384,      2385
      2226,      2386,      2388,      2303,      2302
      2227,      2388,      2191,      2190,      2303
      2228,      2375,      2374,      2389,      2387
      2229,      2387,      2389,      2388,      2386
      2230,      2374,      2193,      2192,      2389
      2231,      2389,      2192,      2191,      2388
      2232,      2302,      2301,      2390,      2386
      2233,      2386,      2390,      2391,      2387
      2234,      2387,      2391,      2376,      2375
      2235,      2353,      2392,      2300,      2299
      2236,      2392,      2390,      2301,      2300
      2237,      2352,      2393,      2392,      2353
      2238,      2393,      2391,      2390,      2392
      2239,      2351,      2377,      2393,      2352
      2240,      2377,      2376,      2391,      2393
*****
