**
**   Template:  2D Helmholtz solver
**
*NODE
         1,  -5.850524136724,  -7.378200357318,  0.0            
         2,  -5.705467332728,  -7.852733452439,  0.0            
         3,  -5.209332022616,  -7.844053696839,  0.0            
         4,  -5.341772583474,  -7.352161090518,  0.0            
         5,  -4.833024780716,  -7.326119097548,  0.0            
         6,  -4.713197962669,  -7.835373032516,  0.0            
         7,  -4.217065152886,  -7.826691459469,  0.0            
         8,  -4.324280728451,  -7.300074378407,  0.0            
         9,  -3.815534800089,  -7.274031022339,  0.0            
        10,  -3.720931717738,  -7.81801034078 ,  0.0            
        11,  -3.224797657224,  -7.809329676448,  0.0            
        12,  -3.30678699563 ,  -7.247989029344,  0.0            
        13,  -2.798039191172,  -7.22194703633 ,  0.0            
        14,  -2.72866359671 ,  -7.80064901211 ,  0.0            
        15,  -2.232529536197,  -7.791968347765,  0.0            
        16,  -2.289291386716,  -7.195905043296,  0.0            
        17,  -1.780543582259,  -7.169863050245,  0.0            
        18,  -1.736395475684,  -7.783287683415,  0.0            
        19,  -1.24026141517 ,  -7.774607019059,  0.0            
        20,  -1.271795777803,  -7.143821057177,  0.0            
        21,  -0.763047973348,  -7.117779064092,  0.0            
        22,  -0.744127354658,  -7.765926354697,  0.0            
        23,  -0.247993294144,  -7.75724569033 ,  0.0            
        24,  -0.254300168892,  -7.09173707099 ,  0.0            
        25,  -6.140641495146,  -6.42913144065 ,  0.0            
        26,  -5.995582190864,  -6.903666353389,  0.0            
        27,  -5.474216894759,  -6.860265757772,  0.0            
        28,  -5.606664956473,  -6.368367698599,  0.0            
        29,  -5.072685655307,  -6.307605962187,  0.0            
        30,  -4.952854011595,  -6.816863407438,  0.0            
        31,  -4.431493541371,  -6.773459302389,  0.0            
        32,  -4.538703591646,  -6.246846231414,  0.0            
        33,  -4.004728924868,  -6.186081126352,  0.0            
        34,  -3.910133869133,  -6.73005461753 ,  0.0            
        35,  -3.38877499488 ,  -6.686649352862,  0.0            
        36,  -3.470761654972,  -6.125310647001,  0.0            
        37,  -2.936790373955,  -6.064543081936,  0.0            
        38,  -2.867414783587,  -6.643245059605,  0.0            
        39,  -2.346053235256,  -6.59984173776 ,  0.0            
        40,  -2.402815081819,  -6.003778431156,  0.0            
        41,  -1.868839789685,  -5.943013780352,  0.0            
        42,  -1.824691686926,  -6.556438415891,  0.0            
        43,  -1.303330138598,  -6.513035093998,  0.0            
        44,  -1.334864497554,  -5.882249129524,  0.0            
        45,  -0.800889205423,  -5.821484478673,  0.0            
        46,  -0.78196859027 ,  -6.469631772083,  0.0            
        47,  -0.260607041942,  -6.426228450146,  0.0            
        48,  -0.266913913295,  -5.760719827799,  0.0            
        49,  -6.430758227619,  -5.480062978274,  0.0            
        50,  -6.285700174064,  -5.954596982279,  0.0            
        51,  -5.739111142096,  -5.876471002526,  0.0            
        52,  -5.871555451628,  -5.384575669553,  0.0            
        53,  -5.312351336711,  -5.289089332362,  0.0            
        54,  -5.192518097012,  -5.798347937162,  0.0            
        55,  -4.645921038812,  -5.720227786185,  0.0            
        56,  -4.753145882869,  -5.193603966702,  0.0            
        57,  -4.193936696803,  -5.098121312692,  0.0            
        58,  -4.099329867425,  -5.642103358073,  0.0            
        59,  -3.55274458285 ,  -5.563974652824,  0.0            
        60,  -3.634723778513,  -5.00264137033 ,  0.0            
        61,  -3.075522335807,  -4.90715309027 ,  0.0            
        62,  -3.006159558029,  -5.485845758824,  0.0            
        63,  -2.459574792962,  -5.407716676073,  0.0            
        64,  -2.516332368685,  -4.811656472511,  0.0            
        65,  -1.957135995257,  -4.716164509281,  0.0            
        66,  -1.912987892462,  -5.329589144816,  0.0            
        67,  -1.366398856528,  -5.251463165052,  0.0            
        68,  -1.397933215522,  -4.620677200582,  0.0            
        69,  -0.838730435792,  -4.525189891858,  0.0            
        70,  -0.819809820597,  -5.173337185264,  0.0            
        71,  -0.273220784669,  -5.095211205454,  0.0            
        72,  -0.279527656065,  -4.429702583112,  0.0            
        73,  -6.720874334734,  -4.530994970268,  0.0            
        74,  -6.575816281176,  -5.00552897427 ,  0.0            
        75,  -6.003999761165,  -4.892680336584,  0.0            
        76,  -6.136444070709,  -4.400785003621,  0.0            
        77,  -5.552013805012,  -4.270575037094,  0.0            
        78,  -5.432183239378,  -4.779831699006,  0.0            
        79,  -4.860366715813,  -4.666983061536,  0.0            
        80,  -4.967583537644,  -4.140365070686,  0.0            
        81,  -4.383151134845,  -4.010156655767,  0.0            
        82,  -4.288543785943,  -4.554139078589,  0.0            
        83,  -3.716714449768,  -4.441299750167,  0.0            
        84,  -3.798716596615,  -3.879949792335,  0.0            
        85,  -3.214277267597,  -3.749746409666,  0.0            
        86,  -3.144894905664,  -4.328453307217,  0.0            
        87,  -2.573085153628,  -4.215599749739,  0.0            
        88,  -2.62983314779 ,  -3.619546507758,  0.0            
        89,  -2.045405015888,  -3.489334989693,  0.0            
        90,  -2.001275036399,  -4.102746457574,  0.0            
        91,  -1.429464553976,  -3.989893430721,  0.0            
        92,  -1.46099287189 ,  -3.35911185547 ,  0.0            
        93,  -0.87657166623 ,  -3.22889530505 ,  0.0            
        94,  -0.857651051003,  -3.877042598454,  0.0            
        95,  -0.285834527478,  -3.764193960771,  0.0            
        96,  -0.292141398909,  -3.098685338431,  0.0            
        97,  -7.010990441857,  -3.581926962269,  0.0            
        98,  -6.865932388295,  -4.056460966268,  0.0            
        99,  -6.268888380258,  -3.908889670662,  0.0            
       100,  -6.401332689812,  -3.416994337708,  0.0            
       101,  -5.791674936303,  -3.252061713285,  0.0            
       102,  -5.671844370654,  -3.761318375186,  0.0            
       103,  -5.074800359483,  -3.613747079841,  0.0            
       104,  -5.182017181331,  -3.087129089   ,  0.0            
       105,  -4.572359426366,  -2.922196464685,  0.0            
       106,  -4.477756348319,  -3.466175784465,  0.0            
       107,  -3.880712337162,  -3.31860448906 ,  0.0            
       108,  -3.962701671408,  -2.757263840341,  0.0            
       109,  -3.353040895901,  -2.59233341058 ,  0.0            
       110,  -3.283659264343,  -3.171039777453,  0.0            
       111,  -2.686597129863,  -3.023481649645,  0.0            
       112,  -2.743377099845,  -2.4274051754  ,  0.0            
       113,  -2.13370736771 ,  -2.262481253107,  0.0            
       114,  -2.089549126325,  -2.87591325487 ,  0.0            
       115,  -1.49251525373 ,  -2.72833459313 ,  0.0            
       116,  -1.524031699495,  -2.0975616437  ,  0.0            
       117,  -0.914376965131,  -1.932626824624,  0.0            
       118,  -0.895480304273,  -2.580756713773,  0.0            
       119,  -0.298444277956,  -2.4331796168  ,  0.0            
       120,  -0.304743164617,  -1.767676795878,  0.0            
       121,  -7.301106548985,  -2.632858954276,  0.0            
       122,  -7.15604849542 ,  -3.107392958272,  0.0            
       123,  -6.533776999369,  -2.925099004758,  0.0            
       124,  -6.666221308931,  -2.433203671812,  0.0            
       125,  -6.031336067618,  -2.233548389496,  0.0            
       126,  -5.911505501957,  -2.742805051388,  0.0            
       127,  -5.289234003185,  -2.560511098161,  0.0            
       128,  -5.396450825045,  -2.033893107327,  0.0            
       129,  -4.761565582481,  -1.83423782513 ,  0.0            
       130,  -4.666962504419,  -2.378217144907,  0.0            
       131,  -4.044691005662,  -2.195923191624,  0.0            
       132,  -4.126680339924,  -1.634582542907,  0.0            
       133,  -3.491795097376,  -1.434927260659,  0.0            
       134,  -3.422419506912,  -2.013629238315,  0.0            
       135,  -2.80014800817 ,  -1.831335284981,  0.0            
       136,  -2.856909854836,  -1.235271978386,  0.0            
       137,  -2.222020619906,  -1.0356195968  ,  0.0            
       138,  -2.177864532237,  -1.64905003375 ,  0.0            
       139,  -1.555569079114,  -1.466773484623,  0.0            
       140,  -1.587127392585,  -0.8359701159  ,  0.0            
       141,  -0.952258429108,  -0.636364930482,  0.0            
       142,  -0.933303006742,  -1.284496230194,  0.0            
       143,  -0.311066315123,  -1.102218270461,  0.0            
       144,  -0.317413729474,  -0.436804040549,  0.0            
       145,  5.2094772579534,  -7.844055323982,  0.0            
       146,  5.7056140611732,  -7.85273399482 ,  0.0            
       147,  5.8506693720613,  -7.378201984461,  0.0            
       148,  5.3419133394852,  -7.352165971946,  0.0            
       149,  5.474357648924 ,  -6.860270640492,  0.0            
       150,  5.9957274255851,  -6.903667980962,  0.0            
       151,  6.1407882217446,  -6.429131984324,  0.0            
       152,  5.6068101862698,  -6.36836932962 ,  0.0            
       153,  5.739258609993 ,  -5.876471007598,  0.0            
       154,  6.2858476466965,  -5.95459698397 ,  0.0            
       155,  6.4309057004409,  -5.480062979898,  0.0            
       156,  5.8717029200936,  -5.384575674428,  0.0            
       157,  6.0041472301807,  -4.892680341258,  0.0            
       158,  6.5759637541808,  -5.005528975828,  0.0            
       159,  6.7210218079162,  -4.530994971758,  0.0            
       160,  6.1365915402543,  -4.400785008089,  0.0            
       161,  6.2690358503148,  -3.90888967492 ,  0.0            
       162,  6.8660798616472,  -4.056460967687,  0.0            
       163,  7.0111379153739,  -3.581926963617,  0.0            
       164,  6.4014801603625,  -3.416994341752,  0.0            
       165,  6.5339244703975,  -2.925099008584,  0.0            
       166,  7.1561959690964,  -3.107392959547,  0.0            
       167,  7.3012540228148,  -2.632858955477,  0.0            
       168,  6.6663687804198,  -2.433203675415,  0.0            
       169,  4.2172118791867,  -7.826692002946,  0.0            
       170,  4.7133431972912,  -7.835374660024,  0.0            
       171,  4.833165534582 ,  -7.326123980072,  0.0            
       172,  4.3244259573519,  -7.300076008839,  0.0            
       173,  4.4316339796564,  -6.773464413321,  0.0            
       174,  4.9529931669477,  -6.816869451278,  0.0            
       175,  5.0728260943884,  -6.307611073643,  0.0            
       176,  4.5388359461004,  -6.246857216393,  0.0            
       177,  4.6460541399336,  -5.720238229021,  0.0            
       178,  5.1926607744054,  -5.798351422616,  0.0            
       179,  5.3124972069987,  -5.289090498197,  0.0            
       180,  4.7532885611562,  -5.193607451206,  0.0            
       181,  4.8605141830555,  -4.666983066757,  0.0            
       182,  5.4323307064723,  -4.779831704901,  0.0            
       183,  5.5521612728261,  -4.270575042728,  0.0            
       184,  4.9677310056316,  -4.140365075674,  0.0            
       185,  5.0749478281913,  -3.613747084592,  0.0            
       186,  5.6719918391629,  -3.761318380555,  0.0            
       187,  5.7918224054827,  -3.252061718383,  0.0            
       188,  5.1821646507345,  -3.087129093511,  0.0            
       189,  5.289381473262 ,  -2.56051110243 ,  0.0            
       190,  5.911652971786 ,  -2.742805056212,  0.0            
       191,  6.0314835380729,  -2.23354839404 ,  0.0            
       192,  5.3965982957739,  -2.03389311135 ,  0.0            
       193,  3.2249451293744,  -7.809329677627,  0.0            
       194,  3.7210791898811,  -7.818010342147,  0.0            
       195,  3.8156822665184,  -7.274031026442,  0.0            
       196,  3.3069344620814,  -7.247989032881,  0.0            
       197,  3.3889208628802,  -6.686650517173,  0.0            
       198,  3.9102765449673,  -6.730058101953,  0.0            
       199,  4.0048620252278,  -6.18609156868 ,  0.0            
       200,  3.4709043317708,  -6.125314130503,  0.0            
       201,  3.5528796109861,  -5.563983694244,  0.0            
       202,  4.0994604187938,  -5.642115652897,  0.0            
       203,  4.1940717256653,  -5.098130354605,  0.0            
       204,  3.6348467005262,  -5.002659208395,  0.0            
       205,  3.7168389686662,  -4.441316428368,  0.0            
       206,  4.2886836037868,  -4.554144641246,  0.0            
       207,  4.3832960531583,  -4.01015851282 ,  0.0            
       208,  3.7988564154062,  -3.879955354164,  0.0            
       209,  3.8808598062709,  -3.318604492612,  0.0            
       210,  4.4779038172273,  -3.466175788611,  0.0            
       211,  4.5725068959937,  -2.92219646862 ,  0.0            
       212,  3.9628491412604,  -2.757263843711,  0.0            
       213,  4.0448384762355,  -2.195923194811,  0.0            
       214,  4.6671099747452,  -2.37821714863 ,  0.0            
       215,  4.7617130534818,  -1.83423782864 ,  0.0            
       216,  4.1268278111964,  -1.634582545911,  0.0            
       217,  2.2326770083652,  -7.791968348574,  0.0            
       218,  2.7288110688691,  -7.800649013102,  0.0            
       219,  2.7981866576488,  -7.221947039307,  0.0            
       220,  2.2894388532205,  -7.195905045721,  0.0            
       221,  2.3462006994183,  -6.599841740928,  0.0            
       222,  2.8675622476972,  -6.643245063498,  0.0            
       223,  2.9369378390143,  -6.064543085675,  0.0            
       224,  2.4029625469584,  -6.003778434195,  0.0            
       225,  2.4597197091922,  -5.407718531682,  0.0            
       226,  3.0062993744522,  -5.485851320506,  0.0            
       227,  3.0756468540109,  -4.907169767989,  0.0            
       228,  2.5164721861194,  -4.811662033389,  0.0            
       229,  2.5732141503324,  -4.215613173371,  0.0            
       230,  3.1450158175147,  -4.328472605743,  0.0            
       231,  3.2144062649637,  -3.749759833767,  0.0            
       232,  2.6299456018309,  -3.619571951629,  0.0            
       233,  2.6867121345678,  -3.023505240691,  0.0            
       234,  3.2837959120511,  -3.171047643305,  0.0            
       235,  3.3531847587768,  -2.592336034356,  0.0            
       236,  2.7435137485431,  -2.427413040556,  0.0            
       237,  2.8002954792349,  -1.831335287128,  0.0            
       238,  3.4225669777321,  -2.013629240977,  0.0            
       239,  3.4919425689169,  -1.434927263167,  0.0            
       240,  2.8570573266433,  -1.235271980408,  0.0            
       241,  1.2404088873612,  -7.774607019504,  0.0            
       242,  1.7365429478625,  -7.783287684041,  0.0            
       243,  1.780691048796 ,  -7.169863052123,  0.0            
       244,  1.2719432443751,  -7.143821058512,  0.0            
       245,  1.3034776028757,  -6.513035095742,  0.0            
       246,  1.8248391511445,  -6.556438418343,  0.0            
       247,  1.868987254908 ,  -5.943013782701,  0.0            
       248,  1.335011962863 ,  -5.882249131191,  0.0            
       249,  1.3665463228295,  -5.251463166644,  0.0            
       250,  1.9131353586513,  -5.329589147062,  0.0            
       251,  1.9572834623742,  -4.716164511426,  0.0            
       252,  1.3980806827753,  -4.6206772021  ,  0.0            
       253,  1.4296084149467,  -3.989896053126,  0.0            
       254,  2.0014116828097,  -4.102754322499,  0.0            
       255,  2.0455200199576,  -3.489358580281,  0.0            
       256,  1.4611295193439,  -3.359119719724,  0.0            
       257,  1.4926375977027,  -2.728352850718,  0.0            
       258,  2.0896593631183,  -2.875940309828,  0.0            
       259,  2.1338297122919,  -2.26249951114 ,  0.0            
       260,  1.5241326500232,  -2.09759544611 ,  0.0            
       261,  1.5556736376476,  -1.466804666001,  0.0            
       262,  2.1779976992067,  -1.649060428803,  0.0            
       263,  2.2221633238628,  -1.035623062817,  0.0            
       264,  1.5872605605756,  -0.835980510393,  0.0            
       265,  0.2481407663616,  -7.757245690419,  0.0            
       266,  0.7442748268608,  -7.765926354963,  0.0            
       267,  0.7631954399575,  -7.11777906489 ,  0.0            
       268,  0.254447635543 ,  -7.091737071256,  0.0            
       269,  0.2607545063516,  -6.426228450494,  0.0            
       270,  0.7821160546114,  -6.469631773125,  0.0            
       271,  0.8010366708227,  -5.821484479668,  0.0            
       272,  0.2670613787872,  -5.760719828131,  0.0            
       273,  0.273368251201 ,  -5.095211205771,  0.0            
       274,  0.8199572870127,  -5.173337186214,  0.0            
       275,  0.8388779031815,  -4.525189892762,  0.0            
       276,  0.279675123593 ,  -4.429702583413,  0.0            
       277,  0.2859819959668,  -3.764193961057,  0.0            
       278,  0.8577985193325,  -3.877042599312,  0.0            
       279,  0.8767191354656,  -3.228895305864,  0.0            
       280,  0.2922888683226,  -3.098685338702,  0.0            
       281,  0.2985869801511,  -2.433183081526,  0.0            
       282,  0.895613470047 ,  -2.580767107951,  0.0            
       283,  0.9144815230767,  -1.932658005572,  0.0            
       284,  0.3048763314522,  -1.767687189528,  0.0            
       285,  0.311166924732 ,  -1.102228664096,  0.0            
       286,  0.9333967128226,  -1.284527411099,  0.0            
       287,  0.9523590392848,  -0.636375324532,  0.0            
       288,  0.3174587599904,  -0.436807505232,  0.0            
       289,  9.0702661534063,  2.5306779661486,  0.0            
       290,  9.2318346869169,  2.9998504869191,  0.0            
       291,  8.8253525591355,  3.2844445032664,  0.0            
       292,  8.6433768097365,  2.8086336199969,  0.0            
       293,  8.2164840907734,  3.0865996611494,  0.0            
       294,  8.4188693062564,  3.5690419820483,  0.0            
       295,  8.0123849282796,  3.853642923265 ,  0.0            
       296,  7.7895879965172,  3.3645760896061,  0.0            
       297,  7.3626935898878,  3.6425473245107,  0.0            
       298,  7.6059011128451,  4.1382421332976,  0.0            
       299,  7.1994178599529,  4.4228396121462,  0.0            
       300,  6.9358008708854,  3.920513365863 ,  0.0            
       301,  6.5089081518839,  4.1984794072234,  0.0            
       302,  6.792934607061 ,  4.7074370909975,  0.0            
       303,  6.3864513541693,  4.9920345698514,  0.0            
       304,  6.0820154328831,  4.4764454485919,  0.0            
       305,  5.6551227138828,  4.7544114899671,  0.0            
       306,  5.9799681012778,  5.2766320487076,  0.0            
       307,  5.5734848483864,  5.561229527566 ,  0.0            
       308,  5.2282299948829,  5.0323775313489,  0.0            
       309,  4.8013372758831,  5.3103435727362,  0.0            
       310,  5.1670015954951,  5.8458270064262,  0.0            
       311,  4.7605183426038,  6.1304244852882,  0.0            
       312,  4.3744445568835,  5.5883096141288,  0.0            
       313,  8.7471257110416,  1.5923433117195,  0.0            
       314,  8.9086964947813,  2.0615089077487,  0.0            
       315,  8.4613976849938,  2.3328331238394,  0.0            
       316,  8.2794151849075,  1.857043014794 ,  0.0            
       317,  7.8117071430078,  2.1217350729543,  0.0            
       318,  8.0140967030239,  2.6041640247847,  0.0            
       319,  7.5667935488715,  2.8755016105846,  0.0            
       320,  7.3440015853426,  2.3864194862005,  0.0            
       321,  6.8762893714266,  2.6511243836585,  0.0            
       322,  7.1194896760817,  3.1468414079643,  0.0            
       323,  6.6721850846544,  3.4181834169238,  0.0            
       324,  6.4085705012598,  2.9158497653284,  0.0            
       325,  5.9408552404911,  3.1805640393173,  0.0            
       326,  6.2248816963606,  3.6895217233301,  0.0            
       327,  5.7775795112002,  3.9608563271832,  0.0            
       328,  5.4731435891206,  3.4452672056252,  0.0            
       329,  5.0054319377506,  3.7099703719422,  0.0            
       330,  5.3302773260404,  4.2321909310453,  0.0            
       331,  4.8829751408812,  4.5035255349164,  0.0            
       332,  4.5377202863812,  3.9746735382685,  0.0            
       333,  4.0700086350122,  4.239376704602 ,  0.0            
       334,  4.4356729557222,  4.7748601387948,  0.0            
       335,  3.9883707705634,  5.0461947426803,  0.0            
       336,  3.6022969836434,  4.5040798709426,  0.0            
       337,  8.4239858311677,  0.6540069261067,  0.0            
       338,  8.5855554898371,  1.1231759845055,  0.0            
       339,  8.0974343724265,  1.3812477121942,  0.0            
       340,  7.9154552475507,  0.9054472160399,  0.0            
       341,  7.4069258669758,  1.1568838040243,  0.0            
       342,  7.6093168643251,  1.6393083327009,  0.0            
       343,  7.121202965533 ,  1.8973578460256,  0.0            
       344,  6.8983976894427,  1.40831669006  ,  0.0            
       345,  6.3898728709628,  1.6597392388422,  0.0            
       346,  6.6330837697203,  2.1554236606178,  0.0            
       347,  6.144959276887 ,  2.4135057764775,  0.0            
       348,  5.8813514115362,  1.9111514503709,  0.0            
       349,  5.3728196246112,  2.1625954441425,  0.0            
       350,  5.656834549908 ,  2.6715886129214,  0.0            
       351,  5.1687095887831,  2.9296721699497,  0.0            
       352,  4.8642775101879,  2.414071220157 ,  0.0            
       353,  4.3557411610817,  2.6655292537836,  0.0            
       354,  4.680586549431 ,  3.187749812855 ,  0.0            
       355,  4.1924654318517,  3.4458215416371,  0.0            
       356,  3.8472105772926,  2.9169695450223,  0.0            
       357,  3.3386799935043,  3.1684098362679,  0.0            
       358,  3.7043443142729,  3.7038932704263,  0.0            
       359,  3.2162231966946,  3.9619649992226,  0.0            
       360,  2.830149409717 ,  3.4198501275203,  0.0            
       361,  8.1008465138102,  -0.284331190685,  0.0            
       362,  8.262416172492 ,  0.1848378677099,  0.0            
       363,  7.7334761226564,  0.4296467198917,  0.0            
       364,  7.5514969977434,  -0.04615377625 ,  0.0            
       365,  7.0021474815986,  0.1920236390048,  0.0            
       366,  7.2045360727336,  0.6744555727922,  0.0            
       367,  6.6755960227237,  0.9192644264116,  0.0            
       368,  6.452797965376 ,  0.4302010550805,  0.0            
       369,  5.9034503709282,  0.6683725570406,  0.0            
       370,  6.1466617380321,  1.1640555376497,  0.0            
       371,  5.6177332186589,  1.4088289065067,  0.0            
       372,  5.3541046982553,  0.906538144885 ,  0.0            
       373,  4.804763337424 ,  1.1446904633282,  0.0            
       374,  5.0887958871165,  1.6536293942781,  0.0            
       375,  4.559849743405 ,  1.8984570009638,  0.0            
       376,  4.2554262884345,  1.3828295123701,  0.0            
       377,  3.7060748504521,  1.6210128426477,  0.0            
       378,  4.0309039280887,  2.1432835970478,  0.0            
       379,  3.5019584411677,  2.3881091825303,  0.0            
       380,  3.156709023477 ,  1.859240454161 ,  0.0            
       381,  2.6073513518872,  2.0974429680014,  0.0            
       382,  2.9730156727091,  2.6329264021262,  0.0            
       383,  2.444075622713 ,  2.8777352558356,  0.0            
       384,  2.0580018356827,  2.3356203841687,  0.0            
       385,  7.7777071964292,  -1.222669307469,  0.0            
       386,  7.9392768551226,  -0.753500249078,  0.0            
       387,  7.3695178728131,  -0.521954272387,  0.0            
       388,  7.1875387478654,  -0.997754768519,  0.0            
       389,  6.5973702992587,  -0.772840228548,  0.0            
       390,  6.7997588904404,  -0.290408294775,  0.0            
       391,  6.2299999080044,  -0.058862316242,  0.0            
       392,  6.0072018506089,  -0.547925687556,  0.0            
       393,  5.4170334019634,  -0.323011146546,  0.0            
       394,  5.660240925572 ,  0.1726836623087,  0.0            
       395,  5.090481943143 ,  0.404229640877 ,  0.0            
       396,  4.8268649533222,  -0.098096605517,  0.0            
       397,  4.2366992231457,  0.1268095696317,  0.0            
       398,  4.5207311161004,  0.6357505217794,  0.0            
       399,  3.9509884444441,  0.867246305016 ,  0.0            
       400,  3.646536211434 ,  0.3517073789014,  0.0            
       401,  3.0563785424032,  0.576588746427 ,  0.0            
       402,  3.3812330552236,  1.0987812257741,  0.0            
       403,  2.8114649484388,  1.3303552840537,  0.0            
       404,  2.4662262160532,  0.8014536722082,  0.0            
       405,  1.876055048968 ,  1.0263765791826,  0.0            
       406,  2.2416978106402,  1.5619263603535,  0.0            
       407,  1.6719316418276,  1.7934944546735,  0.0            
       408,  1.2858650411476,  1.25135746735  ,  0.0            
       409,  7.454567879026 ,  -2.161007424247,  0.0            
       410,  7.6161375377303,  -1.691838365859,  0.0            
       411,  7.0055596229015,  -1.473555264646,  0.0            
       412,  6.8235804979212,  -1.94935576077 ,  0.0            
       413,  6.1925931168292,  -1.737704096074,  0.0            
       414,  6.394981708055 ,  -1.255272162314,  0.0            
       415,  5.7844037931908,  -1.036989058862,  0.0            
       416,  5.5616057357502,  -1.52605243016 ,  0.0            
       417,  4.9306183546773,  -1.314400764227,  0.0            
       418,  5.1738258783318,  -0.818705955391,  0.0            
       419,  4.563247963478 ,  -0.600422851901,  0.0            
       420,  4.2996309736105,  -1.102749098274,  0.0            
       421,  3.668643592549 ,  -0.891097432307,  0.0            
       422,  3.9526700486286,  -0.382139748397,  0.0            
       423,  3.3420921337836,  -0.163856644879,  0.0            
       424,  3.0376562114928,  -0.679445766325,  0.0            
       425,  2.4066724236414,  -0.467805158179,  0.0            
       426,  2.7315249985424,  0.0543932851091,  0.0            
       427,  2.1209686429052,  0.2726100415668,  0.0            
       428,  1.7756922289948,  -0.25617560787 ,  0.0            
       429,  1.1446885689199,  -0.044574038786,  0.0            
       430,  1.5103853017279,  0.4908764461359,  0.0            
       431,  0.8997749750106,  0.7091924988164,  0.0            
       432,  0.5136614434166,  0.1669995490726,  0.0            
       433,  0.3963505464758,  9.4084756591303,  0.0            
       434,  7.316721299E-05,  9.7071187477288,  0.0            
       435,  -0.396206493198,  9.4084756591303,  0.0            
       436,  6.860491604E-05,  9.0883727885282,  0.0            
       437,  -0.396209914237,  8.7682699173214,  0.0            
       438,  -0.792485012808,  9.1098325703303,  0.0            
       439,  -1.188762391614,  8.8111894813286,  0.0            
       440,  -0.792485010984,  8.4481670455099,  0.0            
       441,  -1.188761819353,  8.1280641737128,  0.0            
       442,  -1.585040340962,  8.5125463923318,  0.0            
       443,  -1.981318860851,  8.2139033033398,  0.0            
       444,  -1.585040339344,  7.80796130193  ,  0.0            
       445,  -1.981318859339,  7.4878584301495,  0.0            
       446,  -2.37759738074 ,  7.9152602143485,  0.0            
       447,  -2.773875900632,  7.6166171253579,  0.0            
       448,  -2.377597379338,  7.167755558371 ,  0.0            
       449,  -2.77387589934 ,  6.8476526865951,  0.0            
       450,  -3.170154420524,  7.3179740363682,  0.0            
       451,  -3.566432940417,  7.0193309473793,  0.0            
       452,  -3.170154419346,  6.5275498148218,  0.0            
       453,  -3.566432939356,  6.2074469430515,  0.0            
       454,  -3.962711460312,  6.7206878583914,  0.0            
       455,  -4.358989980208,  6.4220447694045,  0.0            
       456,  -3.96271145937 ,  5.8873440712843,  0.0            
       457,  1.1889087274072,  8.8111894813031,  0.0            
       458,  0.7926290665406,  9.1098325703218,  0.0            
       459,  0.3963471254361,  8.7682699172959,  0.0            
       460,  0.7926290683618,  8.4481670454334,  0.0            
       461,  0.3963468896807,  8.0851446088837,  0.0            
       462,  6.738659216E-05,  8.4267072635059,  0.0            
       463,  -0.396210149991,  8.0851446089517,  0.0            
       464,  6.219136403E-05,  7.7221221716542,  0.0            
       465,  -0.396215758142,  7.3590997343798,  0.0            
       466,  -0.792486958413,  7.7435819543954,  0.0            
       467,  -1.188763038674,  7.402019299837 ,  0.0            
       468,  -0.792486958838,  6.9960772970607,  0.0            
       469,  -1.18876181922 ,  6.6330548597742,  0.0            
       470,  -1.585040338833,  7.0604566452914,  0.0            
       471,  -1.98131885889 ,  6.7188939907585,  0.0            
       472,  -1.585040339288,  6.2700324225203,  0.0            
       473,  -1.981318859364,  5.9070099852728,  0.0            
       474,  -2.377597378954,  6.37733133623  ,  0.0            
       475,  -2.773875899023,  6.035768681706 ,  0.0            
       476,  -2.377597379447,  5.5439875480318,  0.0            
       477,  -2.773875899537,  5.1809651107984,  0.0            
       478,  -3.170154419098,  5.6942060271872,  0.0            
       479,  -3.566432939179,  5.3526433726736,  0.0            
       480,  -3.170154419635,  4.8179426735726,  0.0            
       481,  1.9814663375226,  8.2139033032785,  0.0            
       482,  1.5851878177346,  8.5125463922887,  0.0            
       483,  1.1889092996696,  8.1280641735834,  0.0            
       484,  1.5851878193594,  7.8079613017461,  0.0            
       485,  1.1889080803638,  7.4020192996215,  0.0            
       486,  0.7926271209379,  7.7435819542556,  0.0            
       487,  0.3963412815397,  7.3590997343052,  0.0            
       488,  0.7926271205359,  6.9960772969047,  0.0            
       489,  0.396342755405 ,  6.5901352942213,  0.0            
       490,  6.081313040E-05,  6.9746175143218,  0.0            
       491,  -0.39621428429 ,  6.5901352943055,  0.0            
       492,  5.498497109E-05,  6.1841932915712,  0.0            
       493,  -0.396222315212,  5.778251288853 ,  0.0            
       494,  -0.79248914468 ,  6.2056530742948,  0.0            
       495,  -1.18876376804 ,  5.8211708542897,  0.0            
       496,  -0.792489145144,  5.3723092860668,  0.0            
       497,  -1.188761820165,  4.9663672833337,  0.0            
       498,  -1.585040339768,  5.4366886343074,  0.0            
       499,  -1.981318859864,  5.0522064143479,  0.0            
       500,  -1.585040340274,  4.560425280654 ,  0.0            
       501,  -1.981318860394,  4.154483277986 ,  0.0            
       502,  -2.377597379969,  4.667724194398 ,  0.0            
       503,  -2.773875900084,  4.2832419744579,  0.0            
       504,  -2.377597380524,  3.7485412753297,  0.0            
       505,  2.7740233771   ,  7.6166171252585,  0.0            
       506,  2.3777448573111,  7.9152602142684,  0.0            
       507,  1.9814663390506,  7.4878584299093,  0.0            
       508,  2.3777448587431,  7.167755558073 ,  0.0            
       509,  1.9814663395438,  6.7188939903807,  0.0            
       510,  1.5851878198992,  7.0604566449965,  0.0            
       511,  1.1889092998567,  6.6330548595302,  0.0            
       512,  1.5851878195022,  6.2700324221816,  0.0            
       513,  1.1889073510855,  5.8211708540084,  0.0            
       514,  0.7926249347233,  6.2056530741168,  0.0            
       515,  0.396334724499 ,  5.7782512887564,  0.0            
       516,  0.7926249342937,  5.372309285861 ,  0.0            
       517,  0.3963381463949,  4.9234477177579,  0.0            
       518,  5.344847958E-05,  5.3508495033408,  0.0            
       519,  -0.396218893335,  4.92344771787  ,  0.0            
       520,  4.698738910E-05,  4.4745861496993,  0.0            
       521,  -0.39622958437 ,  4.0257245815466,  0.0            
       522,  -0.792491568366,  4.4960459324135,  0.0            
       523,  -1.188764576614,  4.0686441469713,  0.0            
       524,  -0.792491568883,  3.5768630132998,  0.0            
       525,  -1.18876182122 ,  3.1280014451291,  0.0            
       526,  -1.585040340811,  3.641242361563 ,  0.0            
       527,  -1.981318860957,  3.2138405761886,  0.0            
       528,  -1.585040341382,  2.6791398770346,  0.0            
       529,  3.5665804166796,  7.0193309472398,  0.0            
       530,  3.1703018968895,  7.317974036249 ,  0.0            
       531,  2.7740233784375,  6.8476526862378,  0.0            
       532,  3.1703018981337,  6.5275498144037,  0.0            
       533,  2.7740233788423,  6.0357686811516,  0.0            
       534,  2.3777448591916,  6.3773313357657,  0.0            
       535,  1.9814663391517,  5.9070099848328,  0.0            
       536,  2.3777448588054,  5.5439875474838,  0.0            
       537,  1.9814663387475,  5.0522064138303,  0.0            
       538,  1.5851878190935,  5.4366886339129,  0.0            
       539,  1.1889092990169,  4.9663672830059,  0.0            
       540,  1.5851878186684,  4.5604252801912,  0.0            
       541,  1.188906542633 ,  4.0686441465875,  0.0            
       542,  0.7926225111127,  4.4960459321735,  0.0            
       543,  0.3963274553811,  4.0257245814157,  0.0            
       544,  0.7926225106411,  3.5768630130192,  0.0            
       545,  0.3963330626327,  3.0850818795069,  0.0            
       546,  4.529262937E-05,  3.5554032305778,  0.0            
       547,  -0.396223977142,  3.0850818796596,  0.0            
       548,  3.819860772E-05,  2.5933007460509,  0.0            
       549,  -0.39623756563 ,  2.1015196124722,  0.0            
       550,  -0.792494229493,  2.6147605287655,  0.0            
       551,  -1.188765464423,  2.1444391778954,  0.0            
       552,  -0.79249423008 ,  1.6097384787707,  0.0            
       553,  4.3591374562623,  6.4220447692232,  0.0            
       554,  3.9628589364706,  6.7206878582312,  0.0            
       555,  3.5665804178322,  6.2074469425712,  0.0            
       556,  3.9628589375332,  5.8873440707405,  0.0            
       557,  3.5665804181549,  5.3526433719284,  0.0            
       558,  3.1703018984967,  5.6942060265392,  0.0            
       559,  2.7740233784639,  5.1809651101351,  0.0            
       560,  3.1703018981273,  4.817942672787 ,  0.0            
       561,  2.7740233780727,  4.2832419736628,  0.0            
       562,  2.3777448584072,  4.6677241937469,  0.0            
       563,  1.9814663383265,  4.1544832773746,  0.0            
       564,  2.377744857991 ,  3.7485412745558,  0.0            
       565,  1.9814663378845,  3.2138405754664,  0.0            
       566,  1.5851878182236,  3.6412423610185,  0.0            
       567,  1.1889092980985,  3.1280014446787,  0.0            
       568,  1.5851878177531,  2.6791398763945,  0.0            
       569,  1.1889056549745,  2.144439177368 ,  0.0            
       570,  0.7926198500811,  2.614760528437 ,  0.0            
       571,  0.3963194741715,  2.1015196122933,  0.0            
       572,  0.7926198495487,  1.6097384783869,  0.0            
       573,  0.3963250503144,  1.0749876824488,  0.0            
       574,  3.552763927E-05,  1.5882619970332,  0.0            
       575,  -0.396231989516,  1.0749876826568,  0.0            
       576,  2.125727150E-05,  0.5401867895537,  0.0            
       577,  -8.825205410999,  3.2844434975766,  0.0            
       578,  -9.231687320871,  2.9998501516894,  0.0            
       579,  -9.07011900527 ,  2.5306769604589,  0.0            
       580,  -8.643230315327,  2.8086306029273,  0.0            
       581,  -8.461251190687,  2.3328301071517,  0.0            
       582,  -8.908549346679,  2.0615079021863,  0.0            
       583,  -8.746978345099,  1.5923429768716,  0.0            
       584,  -8.27926803708 ,  1.8570420102499,  0.0            
       585,  -8.097286897994,  1.3812477138673,  0.0            
       586,  -8.585408015026,  1.1231759850633,  0.0            
       587,  -8.42383835646 ,  0.6540069267615,  0.0            
       588,  -7.915307773427,  0.9054472180039,  0.0            
       589,  -7.733328648859,  0.4296467221309,  0.0            
       590,  -8.262268697893,  0.1848378684564,  0.0            
       591,  -8.100699039325,  -0.284331189852,  0.0            
       592,  -7.551349524289,  -0.046153773752,  0.0            
       593,  -7.369370399717,  -0.521954269644,  0.0            
       594,  -7.939129380757,  -0.753500248163,  0.0            
       595,  -7.777559722189,  -1.222669306478,  0.0            
       596,  -7.187391275145,  -0.997754765546,  0.0            
       597,  -7.005412150572,  -1.473555261458,  0.0            
       598,  -7.61599006362 ,  -1.691838364796,  0.0            
       599,  -7.454420405052,  -2.161007423117,  0.0            
       600,  -6.823433025998,  -1.949355757379,  0.0            
       601,  -8.012237562054,  3.8536425882548,  0.0            
       602,  -8.41872215806 ,  3.5690409764318,  0.0            
       603,  -8.216337596184,  3.0865966442994,  0.0            
       604,  -7.789440847842,  3.3645750845751,  0.0            
       605,  -7.566647099302,  2.8754984547804,  0.0            
       606,  -8.013950441561,  2.6041602913498,  0.0            
       607,  -7.811560694192,  2.1217319175829,  0.0            
       608,  -7.343856316435,  2.3864126988706,  0.0            
       609,  -7.121057588063,  1.8973513943432,  0.0            
       610,  -7.609170089006,  1.6393061836273,  0.0            
       611,  -7.406778626003,  1.1568830894828,  0.0            
       612,  -6.898250914188,  1.4083145411982,  0.0            
       613,  -6.675448548813,  0.9192644290953,  0.0            
       614,  -7.204388599166,  0.6744555756772,  0.0            
       615,  -7.002000008493,  0.1920236422104,  0.0            
       616,  -6.452650491938,  0.4302010580346,  0.0            
       617,  -6.22985243506 ,  -0.05886231304 ,  0.0            
       618,  -6.799611417818,  -0.29040829127 ,  0.0            
       619,  -6.597222827142,  -0.772840224763,  0.0            
       620,  -6.007054378181,  -0.54792568413 ,  0.0            
       621,  -5.784256321299,  -1.036989055233,  0.0            
       622,  -6.394834236465,  -1.25527215827 ,  0.0            
       623,  -6.192445645787,  -1.73770409179 ,  0.0            
       624,  -5.561458264417,  -1.52605242635 ,  0.0            
       625,  -7.199270384568,  4.42283961243  ,  0.0            
       626,  -7.605753637557,  4.1382421335875,  0.0            
       627,  -7.362546114024,  3.64254732538  ,  0.0            
       628,  -6.935653394731,  3.920513366714 ,  0.0            
       629,  -6.672037841351,  3.4181827011189,  0.0            
       630,  -7.119342899232,  3.1468392580367,  0.0            
       631,  -6.87614399318 ,  2.6511179315578,  0.0            
       632,  -6.408423724429,  2.9158476156446,  0.0            
       633,  -6.144813617109,  2.4135001910325,  0.0            
       634,  -6.632938764098,  2.1554160634782,  0.0            
       635,  -6.389727211984,  1.659733653798 ,  0.0            
       636,  -5.88120751939 ,  1.9111404272825,  0.0            
       637,  -5.61758909395 ,  1.4088186007049,  0.0            
       638,  -6.146515380407,  1.1640521041046,  0.0            
       639,  -5.903303269369,  0.6683714143977,  0.0            
       640,  -5.353958340786,  0.9065347112999,  0.0            
       641,  -5.090334469562,  0.4042296434617,  0.0            
       642,  -5.660093452308,  0.1726836652034,  0.0            
       643,  -5.416885929226,  -0.323011143478,  0.0            
       644,  -4.826717480278,  -0.09809660281 ,  0.0            
       645,  -4.56310049099 ,  -0.600422849096,  0.0            
       646,  -5.173678406141,  -0.818705952175,  0.0            
       647,  -4.930470883055,  -1.314400760886,  0.0            
       648,  -4.2994835017  ,  -1.102749095398,  0.0            
       649,  -6.386303878592,  4.9920345701155,  0.0            
       650,  -6.792787131579,  4.7074370912726,  0.0            
       651,  -6.50876067544 ,  4.1984794080486,  0.0            
       652,  -6.08186795615 ,  4.4764454493838,  0.0            
       653,  -5.777432034103,  3.9608563283441,  0.0            
       654,  -6.224734219642,  3.6895217245547,  0.0            
       655,  -5.940707764185,  3.1805640407909,  0.0            
       656,  -5.472996112449,  3.4452672069965,  0.0            
       657,  -5.168562484769,  2.92967102616  ,  0.0            
       658,  -5.656688190666,  2.6715851785931,  0.0            
       659,  -5.372675499084,  2.1625851379614,  0.0            
       660,  -4.864131151065,  2.4140677858348,  0.0            
       661,  -4.559704964235,  1.8984487065393,  0.0            
       662,  -5.088652288559,  1.6536174681832,  0.0            
       663,  -4.80461855909 ,  1.1446821692585,  0.0            
       664,  -4.25528392428 ,  1.3828137882736,  0.0            
       665,  -3.950845708616,  0.8672317263195,  0.0            
       666,  -4.520585221665,  0.6357456638337,  0.0            
       667,  -4.236552276284,  0.1268079519087,  0.0            
       668,  -3.646390317245,  0.3517025206769,  0.0            
       669,  -3.341944660712,  -0.16385664288 ,  0.0            
       670,  -3.952522575847,  -0.382139745998,  0.0            
       671,  -3.668496120354,  -0.891097429886,  0.0            
       672,  -3.037508739017,  -0.679445764353,  0.0            
       673,  -5.573337372618,  5.5612295278018,  0.0            
       674,  -5.979820625604,  5.2766320489585,  0.0            
       675,  -5.654975236863,  4.7544114907196,  0.0            
       676,  -5.228082517578,  5.0323775320562,  0.0            
       677,  -4.882827663035,  4.5035255359278,  0.0            
       678,  -5.330129848567,  4.2321909321352,  0.0            
       679,  -5.005284460716,  3.7099703732051,  0.0            
       680,  -4.537572808987,  3.9746735394169,  0.0            
       681,  -4.192317954932,  3.4458215428902,  0.0            
       682,  -4.680439072858,  3.187749814259 ,  0.0            
       683,  -4.355593684993,  2.6655292552968,  0.0            
       684,  -3.847063100871,  2.9169695463476,  0.0            
       685,  -3.50181149175 ,  2.3881075638231,  0.0            
       686,  -4.030758031965,  2.1432787384193,  0.0            
       687,  -3.705932113773,  1.6209982636264,  0.0            
       688,  -3.15656312757 ,  1.8592355953169,  0.0            
       689,  -2.811321140693,  1.3303440013311,  0.0            
       690,  -3.381091014959,  1.0987645054853,  0.0            
       691,  -3.056234735524,  0.5765774639959,  0.0            
       692,  -2.46608553112 ,  0.8014327818659,  0.0            
       693,  -2.12082743208 ,  0.2725907712156,  0.0            
       694,  -2.731379612789,  0.0543868628573,  0.0            
       695,  -2.406525646756,  -0.467807297931,  0.0            
       696,  -1.775546843574,  -0.25618203062 ,  0.0            
       697,  -4.760370866648,  6.1304244854892,  0.0            
       698,  -5.166854119633,  5.8458270066454,  0.0            
       699,  -4.801189798296,  5.3103435733935,  0.0            
       700,  -4.374297079016,  5.5883096147316,  0.0            
       701,  -3.988223291982,  5.0461947435187,  0.0            
       702,  -4.435525477506,  4.7748601397224,  0.0            
       703,  -4.069861157263,  4.239376705632 ,  0.0            
       704,  -3.602149505544,  4.5040798718504,  0.0            
       705,  -3.216075719098,  3.9619650001673,  0.0            
       706,  -3.704196837012,  3.7038932715263,  0.0            
       707,  -3.338532516754,  3.1684098374051,  0.0            
       708,  -2.830001932644,  3.4198501284694,  0.0            
       709,  -2.443928146183,  2.8777352567573,  0.0            
       710,  -2.972868196489,  2.6329264032691,  0.0            
       711,  -2.607203876217,  2.0974429691184,  0.0            
       712,  -2.057854359714,  2.3356203850311,  0.0            
       713,  -1.671784862306,  1.7934923141587,  0.0            
       714,  -2.241552423142,  1.5619199375556,  0.0            
       715,  -1.875913837265,  1.0263573085807,  0.0            
       716,  -1.285719653959,  1.2513510441402,  0.0            
       717,  -0.899662146501,  0.7091860754501,  0.0            
       718,  -1.510254943318,  0.4908571754132,  0.0            
       719,  -1.144575741299,  -0.044580461947,  0.0            
       720,  -0.513612339933,  0.1669974080885,  0.0            
       721,  -4.578652754584,  -7.313096737978,  0.0            
       722,  -4.692173776483,  -6.795161354914,  0.0            
       723,  -3.56116089786 ,  -7.261010025842,  0.0            
       724,  -3.649454432006,  -6.708351985196,  0.0            
       725,  -2.543665288944,  -7.208926039813,  0.0            
       726,  -2.606734009422,  -6.621543398682,  0.0            
       727,  -1.526169680031,  -7.156842053711,  0.0            
       728,  -1.564010912762,  -6.534736754945,  0.0            
       729,  -5.540440925616,  -6.614316728185,  0.0            
       730,  -5.012769833451,  -6.562234684813,  0.0            
       731,  -4.485098566509,  -6.510152766902,  0.0            
       732,  -3.957431397   ,  -6.458067871941,  0.0            
       733,  -4.805694623477,  -6.277226096801,  0.0            
       734,  -4.919219567912,  -5.759287861674,  0.0            
       735,  -3.429768324926,  -6.405979999932,  0.0            
       736,  -2.902102578771,  -6.35389407077 ,  0.0            
       737,  -3.73774528992 ,  -6.155695886677,  0.0            
       738,  -3.826037225137,  -5.603039005448,  0.0            
       739,  -2.374434158538,  -6.301810084458,  0.0            
       740,  -1.846765738306,  -6.249726098122,  0.0            
       741,  -2.669802727887,  -6.034160756546,  0.0            
       742,  -2.732867175496,  -5.446781217449,  0.0            
       743,  -1.319097318076,  -6.197642111761,  0.0            
       744,  -0.791428897846,  -6.145558125378,  0.0            
       745,  -1.60185214362 ,  -5.912631454938,  0.0            
       746,  -1.639693374495,  -5.290526154934,  0.0            
       747,  -5.805333296862,  -5.630523336039,  0.0            
       748,  -5.252434716862,  -5.543718634762,  0.0            
       749,  -4.69953346084 ,  -5.456915876444,  0.0            
       750,  -4.146633282114,  -5.370112335382,  0.0            
       751,  -5.03274860979 ,  -5.241346649532,  0.0            
       752,  -5.146274977595,  -4.723407380271,  0.0            
       753,  -3.593734180681,  -5.283308011577,  0.0            
       754,  -3.040840946918,  -5.196499424547,  0.0            
       755,  -3.914330237658,  -5.050381341511,  0.0            
       756,  -4.002629117856,  -4.497719414378,  0.0            
       757,  -2.487953580824,  -5.109686574292,  0.0            
       758,  -1.93506194386 ,  -5.022876827048,  0.0            
       759,  -2.795927352246,  -4.85940478139 ,  0.0            
       760,  -2.858990029646,  -4.272026528478,  0.0            
       761,  -1.382166036026,  -4.936070182817,  0.0            
       762,  -0.829270128194,  -4.849263538562,  0.0            
       763,  -1.67753460539 ,  -4.668420854932,  0.0            
       764,  -1.715369795188,  -4.046319944148,  0.0            
       765,  -6.070221915937,  -4.646732670103,  0.0            
       766,  -5.492098522195,  -4.52520336805 ,  0.0            
       767,  -4.913975126728,  -4.403674066111,  0.0            
       768,  -4.335847460394,  -4.282147867178,  0.0            
       769,  -5.259798671328,  -4.20547005389 ,  0.0            
       770,  -5.373322365069,  -3.687532727514,  0.0            
       771,  -3.757715523192,  -4.160624771251,  0.0            
       772,  -3.17958608663 ,  -4.039099858441,  0.0            
       773,  -4.09093386573 ,  -3.945053224051,  0.0            
       774,  -4.17923434274 ,  -3.392390136763,  0.0            
       775,  -2.601459150709,  -3.917573128748,  0.0            
       776,  -2.023340026144,  -3.796040723633,  0.0            
       777,  -2.922055207694,  -3.684646458712,  0.0            
       778,  -2.985128197103,  -3.097260713549,  0.0            
       779,  -1.445228712933,  -3.674502643096,  0.0            
       780,  -0.867111358617,  -3.552968951752,  0.0            
       781,  -1.753198943889,  -3.424223422582,  0.0            
       782,  -1.791032190027,  -2.802123924   ,  0.0            
       783,  -6.335110535035,  -3.662942004185,  0.0            
       784,  -5.731759653478,  -3.506690044236,  0.0            
       785,  -5.128408770407,  -3.35043808442 ,  0.0            
       786,  -4.525057887342,  -3.194186124575,  0.0            
       787,  -5.486846058817,  -3.169595401142,  0.0            
       788,  -5.600369752571,  -2.651658074775,  0.0            
       789,  -3.921707004284,  -3.037934164701,  0.0            
       790,  -3.318350080122,  -2.881686594016,  0.0            
       791,  -4.267530548886,  -2.839730152513,  0.0            
       792,  -4.35582675504 ,  -2.287070168265,  0.0            
       793,  -2.714987114854,  -2.725443412523,  0.0            
       794,  -2.111628247018,  -2.569197253989,  0.0            
       795,  -3.048208997873,  -2.50986929299 ,  0.0            
       796,  -3.111283757541,  -1.922482261648,  0.0            
       797,  -1.508273476612,  -2.412948118415,  0.0            
       798,  -0.904928634702,  -2.256691769199,  0.0            
       799,  -1.828869533603,  -2.180021448404,  0.0            
       800,  -1.866716805675,  -1.557911759187,  0.0            
       801,  5.5405839175969,  -6.614319985056,  0.0            
       802,  5.0129096306681,  -6.56224026246 ,  0.0            
       803,  5.8054807650433,  -5.630523341013,  0.0            
       804,  5.252578990702 ,  -5.543720960406,  0.0            
       805,  6.0703693852175,  -4.646732674673,  0.0            
       806,  5.4922459896492,  -4.525203373814,  0.0            
       807,  6.3352580053387,  -3.662942008336,  0.0            
       808,  5.7319071223228,  -3.506690049469,  0.0            
       809,  4.578795745967 ,  -7.313099994455,  0.0            
       810,  4.6923135733021,  -6.7951669323  ,  0.0            
       811,  4.8058310202444,  -6.277234145018,  0.0            
       812,  4.9193574571695,  -5.759294825818,  0.0            
       813,  4.4852349628784,  -6.510160814857,  0.0            
       814,  3.9575692850975,  -6.458074835316,  0.0            
       815,  5.0328928840774,  -5.241348974701,  0.0            
       816,  5.1464224447639,  -4.723407385829,  0.0            
       817,  4.6996713505449,  -5.456922840114,  0.0            
       818,  4.1467660722296,  -5.370123003751,  0.0            
       819,  5.2599461392289,  -4.205470059201,  0.0            
       820,  5.3734698336771,  -3.687532732574,  0.0            
       821,  4.9141225943436,  -4.403674071216,  0.0            
       822,  4.3359898284726,  -4.282151577033,  0.0            
       823,  5.4869935281086,  -3.169595405947,  0.0            
       824,  5.600517222524 ,  -2.651658079321,  0.0            
       825,  5.1285562394629,  -3.350438089052,  0.0            
       826,  4.5252053566105,  -3.194186128616,  0.0            
       827,  3.5613083642999,  -7.261010029661,  0.0            
       828,  3.6495987039238,  -6.708354309563,  0.0            
       829,  3.7378831784993,  -6.155702849591,  0.0            
       830,  3.8261700148899,  -5.60304967357 ,  0.0            
       831,  3.4299125973255,  -6.405982323838,  0.0            
       832,  2.9022500433558,  -6.353894074587,  0.0            
       833,  3.9144592130957,  -5.0503947815  ,  0.0            
       834,  4.0027612862265,  -4.497730534807,  0.0            
       835,  3.5938631557561,  -5.283321451319,  0.0            
       836,  3.0409731142315,  -5.196510544247,  0.0            
       837,  4.0910762342823,  -3.945056933492,  0.0            
       838,  4.1793818117491,  -3.392390140611,  0.0            
       839,  3.7578476920362,  -4.160635891266,  0.0            
       840,  3.1797110412392,  -4.039116219755,  0.0            
       841,  4.267678018627 ,  -2.839730156166,  0.0            
       842,  4.3559742254904,  -2.28707017172 ,  0.0            
       843,  3.9218544737656,  -3.037934168162,  0.0            
       844,  3.318490335414 ,  -2.881691838831,  0.0            
       845,  2.5438127554347,  -7.208926042514,  0.0            
       846,  2.6068814735578,  -6.621543402213,  0.0            
       847,  2.6699501929864,  -6.034160759935,  0.0            
       848,  2.7330095418222,  -5.446784926094,  0.0            
       849,  2.3745816231884,  -6.301810087562,  0.0            
       850,  1.8469132030262,  -6.249726100522,  0.0            
       851,  2.7960595200652,  -4.859415900689,  0.0            
       852,  2.8591149839235,  -4.272042889557,  0.0            
       853,  2.4880959476558,  -5.109690282536,  0.0            
       854,  1.9352094105128,  -5.022876829244,  0.0            
       855,  2.9221759333973,  -3.684665892698,  0.0            
       856,  2.9852540233094,  -3.097276441998,  0.0            
       857,  2.6015798760816,  -3.9175925625  ,  0.0            
       858,  2.0234658513836,  -3.79605645139 ,  0.0            
       859,  3.04834925366  ,  -2.509874537456,  0.0            
       860,  3.1114312284835,  -1.922482264052,  0.0            
       861,  2.7151129415554,  -2.725459140623,  0.0            
       862,  2.1117445377051,  -2.569219910484,  0.0            
       863,  1.5263171465855,  -7.156842055318,  0.0            
       864,  1.5641583770101,  -6.534736757042,  0.0            
       865,  1.6019996088855,  -5.912631456946,  0.0            
       866,  1.6398408407404,  -5.290526156853,  0.0            
       867,  1.3192447828694,  -6.197642113466,  0.0            
       868,  0.7915763627171,  -6.145558126397,  0.0            
       869,  1.6776820725748,  -4.668420856763,  0.0            
       870,  1.7155100488782,  -4.046325187813,  0.0            
       871,  1.3823135028024,  -4.936070184372,  0.0            
       872,  0.8294175950971,  -4.849263539488,  0.0            
       873,  1.7533247696508,  -3.424239150003,  0.0            
       874,  1.7911484804105,  -2.802146580273,  0.0            
       875,  1.4453689671453,  -3.674507886425,  0.0            
       876,  0.867258827399 ,  -3.552968952588,  0.0            
       877,  1.8289811811576,  -2.180047478625,  0.0            
       878,  1.8668356684271,  -1.557932547402,  0.0            
       879,  1.508385123863 ,  -2.412974148414,  0.0            
       880,  0.9050474965618,  -2.256712556762,  0.0            
       881,  -0.50867407112 ,  -7.104758067541,  0.0            
       882,  -0.521287816106,  -6.447930111115,  0.0            
       883,  0.5088215377502,  -7.104758068073,  0.0            
       884,  0.5214352804815,  -6.447930111809,  0.0            
       885,  -0.533901559359,  -5.791102153236,  0.0            
       886,  -0.546515302633,  -5.134274195359,  0.0            
       887,  0.5340490248049,  -5.791102153899,  0.0            
       888,  0.5466627691068,  -5.134274195992,  0.0            
       889,  -0.263760477618,  -6.093474138973,  0.0            
       890,  0.2639079425694,  -6.093474139312,  0.0            
       891,  -0.559129045928,  -4.477446237485,  0.0            
       892,  -0.57174278924 ,  -3.820618279612,  0.0            
       893,  0.5592765133872,  -4.477446238088,  0.0            
       894,  0.5718902576496,  -3.820618280185,  0.0            
       895,  -0.276374220367,  -4.762456894283,  0.0            
       896,  0.276521687397 ,  -4.762456894592,  0.0            
       897,  -0.58435653257 ,  -3.16379032174 ,  0.0            
       898,  -0.596962291114,  -2.506968165287,  0.0            
       899,  0.5845040018941,  -3.163790322283,  0.0            
       900,  0.597100225099 ,  -2.506975094738,  0.0            
       901,  -0.288987963194,  -3.431439649601,  0.0            
       902,  0.2891354321447,  -3.43143964988 ,  0.0            
       903,  -0.609560064874,  -1.850151810251,  0.0            
       904,  -0.622184660933,  -1.193357250328,  0.0            
       905,  0.6096789272644,  -1.85017259755 ,  0.0            
       906,  0.6222818187773,  -1.193378037598,  0.0            
       907,  -0.301593721286,  -2.100428206339,  0.0            
       908,  0.3017316558016,  -2.100435135527,  0.0            
       909,  8.0030360436453,  3.2255878753778,  0.0            
       910,  7.7904451259477,  2.7398328176847,  0.0            
       911,  7.1492472303866,  3.7815303451869,  0.0            
       912,  6.895837380368 ,  3.282512412444 ,  0.0            
       913,  6.2954617923835,  4.3374624279077,  0.0            
       914,  6.0012306037804,  3.8251890252566,  0.0            
       915,  5.4416763543828,  4.893394510658 ,  0.0            
       916,  5.1066262334608,  4.3678582329809,  0.0            
       917,  8.3704064349507,  2.0949380693167,  0.0            
       918,  7.9129019230159,  2.3629495488695,  0.0            
       919,  7.4553975671071,  2.6309605483926,  0.0            
       920,  6.9978895237541,  2.8989828958114,  0.0            
       921,  7.5778543641752,  2.2540772795774,  0.0            
       922,  7.3652599149291,  1.7683330893632,  0.0            
       923,  6.5403777929571,  3.1670165911261,  0.0            
       924,  6.0828684684258,  3.4350428813237,  0.0            
       925,  6.6424299363432,  2.7834870744935,  0.0            
       926,  6.3890215233037,  2.2844647185476,  0.0            
       927,  5.6253615501604,  3.7030617664042,  0.0            
       928,  5.1678546318955,  3.9710806514938,  0.0            
       929,  5.7069994148058,  3.3129156224712,  0.0            
       930,  5.4127720693456,  2.8006303914356,  0.0            
       931,  4.7103477136312,  4.2390995365925,  0.0            
       932,  4.2528407953672,  4.5071184216984,  0.0            
       933,  4.7715761120659,  3.8423219551054,  0.0            
       934,  4.4365259906414,  3.316785677246 ,  0.0            
       935,  8.0064448099886,  1.143347464117 ,  0.0            
       936,  7.5081213656504,  1.3980960683626,  0.0            
       937,  7.0098003274879,  1.6528372680428,  0.0            
       938,  6.5114783203416,  1.90758144973  ,  0.0            
       939,  7.1526617782092,  1.2826002470421,  0.0            
       940,  6.9400660477286,  0.7968599996019,  0.0            
       941,  6.0131553442116,  2.1623286134242,  0.0            
       942,  5.5148270872596,  2.417092028532 ,  0.0            
       943,  6.1356121412495,  1.7854453446065,  0.0            
       944,  5.8821974783455,  1.2864422220782,  0.0            
       945,  5.0164935494855,  2.6718716950534,  0.0            
       946,  4.5181638552564,  2.9266395333193,  0.0            
       947,  5.1185485673995,  2.2883333321497,  0.0            
       948,  4.8243228152608,  1.7760431976209,  0.0            
       949,  4.0198380045722,  3.1813955433297,  0.0            
       950,  3.5215121538886,  3.4361515533471,  0.0            
       951,  4.1014758691871,  2.791249399403 ,  0.0            
       952,  3.7664311846282,  2.265696389789 ,  0.0            
       953,  7.6424865601999,  0.1917464718207,  0.0            
       954,  7.1033417771661,  0.4332396058985,  0.0            
       955,  6.5641969940499,  0.674732740746 ,  0.0            
       956,  6.0250560544802,  0.9162140473451,  0.0            
       957,  6.7274727234873,  0.3111123470426,  0.0            
       958,  6.5148793992224,  -0.174635305509,  0.0            
       959,  5.4859189584571,  1.1576835256959,  0.0            
       960,  4.9467796122703,  1.3991599288031,  0.0            
       961,  5.6287775345918,  0.7874553509628,  0.0            
       962,  5.3753614343575,  0.2884566515928,  0.0            
       963,  4.4076380159197,  1.6406432566669,  0.0            
       964,  3.8684893892704,  1.8821482198478,  0.0            
       965,  4.5300948129292,  1.2637599878492,  0.0            
       966,  4.2358597802723,  0.7514984133977,  0.0            
       967,  3.3293337323223,  2.1236748183456,  0.0            
       968,  2.7901835122982,  2.3651846850638,  0.0            
       969,  3.4313919369646,  1.7401266484044,  0.0            
       970,  3.0963490018312,  1.2145682549139,  0.0            
       971,  7.2785283103392,  -0.759854520453,  0.0            
       972,  6.6985645948495,  -0.531624261662,  0.0            
       973,  6.1186008793067,  -0.303394001899,  0.0            
       974,  5.5386371637677,  -0.075163742118,  0.0            
       975,  6.3022860749338,  -0.660382958052,  0.0            
       976,  6.0896927506229,  -1.146130610588,  0.0            
       977,  4.9586734482326,  0.1530665176798,  0.0            
       978,  4.3787151696231,  0.3812800457055,  0.0            
       979,  5.1219491776428,  -0.210553876032,  0.0            
       980,  4.8685369209049,  -0.709564403646,  0.0            
       981,  3.7987623279391,  0.6094768419587,  0.0            
       982,  3.2188057988134,  0.8376849861005,  0.0            
       983,  3.9416177172898,  0.2392584742666,  0.0            
       984,  3.6473810912061,  -0.272998196638,  0.0            
       985,  2.638845582246 ,  1.065904478131 ,  0.0            
       986,  2.0588764298041,  1.294151469768 ,  0.0            
       987,  2.7613023792282,  0.6890212093176,  0.0            
       988,  2.4262468207238,  0.163501663338 ,  0.0            
       989,  6.6001466254087,  -2.679151342   ,  0.0            
       990,  5.9715682549294,  -2.488176725126,  0.0            
       991,  6.9145700604113,  -1.711455512708,  0.0            
       992,  6.2937874124421,  -1.496488129194,  0.0            
       993,  5.342989884518 ,  -2.29720210689 ,  0.0            
       994,  4.7144115141135,  -2.106227488635,  0.0            
       995,  5.6730047644705,  -1.281520744511,  0.0            
       996,  5.0522221165046,  -1.066553359809,  0.0            
       997,  5.7140409169234,  -2.133720752695,  0.0            
       998,  5.8770994262897,  -1.631878263117,  0.0            
       999,  4.0858331437159,  -1.915252870361,  0.0            
      1000,  3.4572547733245,  -1.724278252072,  0.0            
      1001,  4.4314394685442,  -0.851585975088,  0.0            
      1002,  3.8106568205888,  -0.636618590352,  0.0            
      1003,  4.444270432339 ,  -1.734410187276,  0.0            
      1004,  4.6151246641439,  -1.208574931251,  0.0            
      1005,  2.8286764029391,  -1.533303633768,  0.0            
      1006,  2.2000805115348,  -1.34234174581 ,  0.0            
      1007,  3.1898741726382,  -0.421651205602,  0.0            
      1008,  2.5690987110919,  -0.206705936535,  0.0            
      1009,  3.1744999477801,  -1.335099621788,  0.0            
      1010,  3.3531499020209,  -0.785271599316,  0.0            
      1011,  1.5714670991116,  -1.151392588197,  0.0            
      1012,  0.9428778760537,  -0.960451367815,  0.0            
      1013,  1.94833043595  ,  0.0082172168481,  0.0            
      1014,  1.3275369353239,  0.2231512036747,  0.0            
      1015,  1.9047119422192,  -0.935801786605,  0.0            
      1016,  2.0911823263181,  -0.361990383025,  0.0            
      1017,  -0.594347462611,  8.6082184814157,  0.0            
      1018,  -0.198071381699,  8.2559259362288,  0.0            
      1019,  -1.386901079349,  7.9680127378214,  0.0            
      1020,  -0.990624998543,  7.5728006271162,  0.0            
      1021,  -2.179458119339,  7.3278069942602,  0.0            
      1022,  -1.783179598862,  6.8896753180249,  0.0            
      1023,  -2.972015159343,  6.6876012507084,  0.0            
      1024,  -2.575736638988,  6.206550008968 ,  0.0            
      1025,  0.5944880968989,  8.6082184813647,  0.0            
      1026,  0.1982071381364,  8.2559259361948,  0.0            
      1027,  -0.198073979314,  7.903633390303 ,  0.0            
      1028,  -0.594351358278,  7.5513408443876,  0.0            
      1029,  0.1982045405224,  7.903633390269 ,  0.0            
      1030,  0.5944842012388,  7.5513408442804,  0.0            
      1031,  -0.990624998756,  7.1990482984489,  0.0            
      1032,  -1.386901079026,  6.8467557525328,  0.0            
      1033,  -0.59435135849 ,  7.1775885157203,  0.0            
      1034,  -0.19807673558 ,  6.7823764043136,  0.0            
      1035,  -1.783179599089,  6.4944632066394,  0.0            
      1036,  -2.179458119159,  6.1421706607514,  0.0            
      1037,  -1.386901079254,  6.4515436411472,  0.0            
      1038,  -0.99062645636 ,  6.0134119642922,  0.0            
      1039,  -2.575736639235,  5.7898781148689,  0.0            
      1040,  -2.972015159318,  5.4375855689928,  0.0            
      1041,  -2.179458119405,  5.7254987666523,  0.0            
      1042,  -1.783179599816,  5.2444475243276,  0.0            
      1043,  1.3870485595145,  7.9680127376648,  0.0            
      1044,  0.9907676006509,  7.5728006269386,  0.0            
      1045,  0.5944842010378,  7.1775885156049,  0.0            
      1046,  0.1982017842677,  6.7823764042715,  0.0            
      1047,  0.9907676004499,  7.1990482982631,  0.0            
      1048,  1.3870485598779,  6.8467557522634,  0.0            
      1049,  -0.198079649659,  6.3871642929383,  0.0            
      1050,  -0.594355729946,  5.9919521815739,  0.0            
      1051,  0.198198870188 ,  6.3871642928962,  0.0            
      1052,  0.5944798296112,  5.9919521814366,  0.0            
      1053,  -0.990626456592,  5.5967400701782,  0.0            
      1054,  -1.386901079966,  5.2015279588206,  0.0            
      1055,  -0.594355730178,  5.5752802874599,  0.0            
      1056,  -0.198082722428,  5.1371486106054,  0.0            
      1057,  -1.783179600069,  4.8063158475009,  0.0            
      1058,  -2.179458120181,  4.411103736192 ,  0.0            
      1059,  -1.38690108022 ,  4.7633962819939,  0.0            
      1060,  -0.99062807249 ,  4.2823450396924,  0.0            
      1061,  2.1796055988969,  7.3278069939911,  0.0            
      1062,  1.7833270797215,  6.8896753176886,  0.0            
      1063,  1.3870485596794,  6.4515436408559,  0.0            
      1064,  0.9907661429044,  6.0134119640626,  0.0            
      1065,  1.783327079523 ,  6.4944632062812,  0.0            
      1066,  2.1796055991716,  6.1421706602993,  0.0            
      1067,  0.5944798293964,  5.5752802873087,  0.0            
      1068,  0.1981957974372,  5.1371486105494,  0.0            
      1069,  0.9907661426896,  5.5967400699347,  0.0            
      1070,  1.3870485590552,  5.2015279584594,  0.0            
      1071,  -0.198085952973,  4.6990169337846,  0.0            
      1072,  -0.594360576368,  4.26088525698  ,  0.0            
      1073,  0.198192566892 ,  4.6990169337286,  0.0            
      1074,  0.5944749832469,  4.2608852567946,  0.0            
      1075,  -0.990628072748,  3.8227535801356,  0.0            
      1076,  -1.386901081016,  3.3846219033461,  0.0            
      1077,  -0.594360576627,  3.8012937974232,  0.0            
      1078,  -0.198089342256,  3.3202425551187,  0.0            
      1079,  2.9721626382856,  6.6876012503207,  0.0            
      1080,  2.5758841190169,  6.2065500084587,  0.0            
      1081,  2.1796055989786,  5.7254987661583,  0.0            
      1082,  1.7833270789205,  5.2444475238716,  0.0            
      1083,  2.5758841188238,  5.7898781143177,  0.0            
      1084,  2.9721626384803,  5.4375855683372,  0.0            
      1085,  1.3870485588427,  4.7633962815986,  0.0            
      1086,  0.9907645268729,  4.2823450393805,  0.0            
      1087,  1.783327078708 ,  4.8063158470108,  0.0            
      1088,  2.1796055983668,  4.4111037355607,  0.0            
      1089,  0.5944749830111,  3.8012937972174,  0.0            
      1090,  0.198189177631 ,  3.3202425550424,  0.0            
      1091,  0.9907645266371,  3.8227535798034,  0.0            
      1092,  1.387048558161 ,  3.3846219028486,  0.0            
      1093,  -0.198092889267,  2.8391913128553,  0.0            
      1094,  -0.594365897562,  2.3581400706188,  0.0            
      1095,  0.1981856306202,  2.8391913127789,  0.0            
      1096,  0.5944696621263,  2.3581400703652,  0.0            
      1097,  4.5878909163833,  5.4493265934325,  0.0            
      1098,  4.2120218631428,  4.9105274407375,  0.0            
      1099,  3.7647196776827,  6.0473955066559,  0.0            
      1100,  3.3684411583258,  5.5234246992338,  0.0            
      1101,  3.8361528093278,  4.3717282877723,  0.0            
      1102,  3.4602837554837,  3.8329291348244,  0.0            
      1103,  2.9721626382956,  4.999453891461 ,  0.0            
      1104,  2.5758841182399,  4.4754830837048,  0.0            
      1105,  3.7953338771034,  4.7751373068114,  0.0            
      1106,  3.3684411581411,  5.0852930223577,  0.0            
      1107,  3.0844147016107,  3.2941299818941,  0.0            
      1108,  2.7085456477111,  2.7553308289809,  0.0            
      1109,  2.1796055981588,  3.9515122759652,  0.0            
      1110,  1.783327078054 ,  3.4275414682424,  0.0            
      1111,  3.0231863032058,  3.6909075633714,  0.0            
      1112,  2.5758841180319,  4.0158916241093,  0.0            
      1113,  2.3326765937849,  2.216531676085 ,  0.0            
      1114,  1.9568147262339,  1.6777104075135,  0.0            
      1115,  1.3870485579258,  2.9035706605366,  0.0            
      1116,  0.9907627525278,  2.3795998529025,  0.0            
      1117,  2.2510387291979,  2.6066778200022,  0.0            
      1118,  1.7833270778188,  2.9464902259304,  0.0            
      1119,  1.5809600450578,  1.1388670232663,  0.0            
      1120,  1.2050801383693,  0.6000344724761,  0.0            
      1121,  0.5944696618601,  1.8556290453401,  0.0            
      1122,  0.1981802889768,  1.331624839741 ,  0.0            
      1123,  1.4788983414876,  1.5224259610117,  0.0            
      1124,  0.9907627522616,  1.8770888278775,  0.0            
      1125,  -8.370259613884,  2.0949360587008,  0.0            
      1126,  -7.912755567877,  2.3629461044663,  0.0            
      1127,  -8.00629733571 ,  1.1433474659356,  0.0            
      1128,  -7.507974357505,  1.398094636555 ,  0.0            
      1129,  -7.642339086574,  0.1917464741896,  0.0            
      1130,  -7.103194303829,  0.4332396089438,  0.0            
      1131,  -7.278380837431,  -0.759854517595,  0.0            
      1132,  -6.69841712248 ,  -0.531624258016,  0.0            
      1133,  -8.002889222013,  3.2255858644372,  0.0            
      1134,  -7.790298770432,  2.7398293730651,  0.0            
      1135,  -7.577708505313,  2.2540723082268,  0.0            
      1136,  -7.365113838535,  1.7683287889852,  0.0            
      1137,  -7.455251707868,  2.6309555768255,  0.0            
      1138,  -6.997743446206,  2.8989785947973,  0.0            
      1139,  -7.152514770096,  1.2825988153405,  0.0            
      1140,  -6.939918573989,  0.7968600023862,  0.0            
      1141,  -7.009654251126,  1.6528329677707,  0.0            
      1142,  -6.511332988041,  1.9075748586382,  0.0            
      1143,  -6.727325250215,  0.3111123501225,  0.0            
      1144,  -6.514731926439,  -0.174635302155,  0.0            
      1145,  -6.564049520375,  0.6747327435649,  0.0            
      1146,  -6.024909324888,  0.9162117592511,  0.0            
      1147,  -6.302138602661,  -0.660382954446,  0.0            
      1148,  -6.089545278882,  -1.146130606751,  0.0            
      1149,  -6.11845340662 ,  -0.303393998585,  0.0            
      1150,  -5.538489690767,  -0.075163739137,  0.0            
      1151,  -7.149099754377,  3.781530346047 ,  0.0            
      1152,  -6.895690370291,  3.2825109795778,  0.0            
      1153,  -6.642283858805,  2.7834827736012,  0.0            
      1154,  -6.388876190603,  2.2844581272554,  0.0            
      1155,  -6.54023078289 ,  3.1670151583818,  0.0            
      1156,  -6.082720991913,  3.4350428826728,  0.0            
      1157,  -6.135467365687,  1.7854370405403,  0.0            
      1158,  -5.882052237178,  1.2864353524047,  0.0            
      1159,  -6.01301056825 ,  2.1623203091575,  0.0            
      1160,  -5.514681844875,  2.4170851582772,  0.0            
      1161,  -5.628630805077,  0.7874530628488,  0.0            
      1162,  -5.375213960935,  0.2884566543326,  0.0            
      1163,  -5.485773717368,  1.1576766560024,  0.0            
      1164,  -4.946635423824,  1.3991498187208,  0.0            
      1165,  -5.121801704752,  -0.210553873144,  0.0            
      1166,  -4.868389448566,  -0.709564400636,  0.0            
      1167,  -4.95852597492 ,  0.153066520326 ,  0.0            
      1168,  -4.378568748974,  0.3812768078712,  0.0            
      1169,  -6.295314315795,  4.3374624287162,  0.0            
      1170,  -6.001083126872,  3.8251890264494,  0.0            
      1171,  -5.706851938317,  3.3129156238937,  0.0            
      1172,  -5.412625337718,  2.8006281023766,  0.0            
      1173,  -5.625214073276,  3.7030617676703,  0.0            
      1174,  -5.167707154642,  3.9710806526702,  0.0            
      1175,  -5.118403325074,  2.2883264618981,  0.0            
      1176,  -4.824178626397,  1.7760330873612,  0.0            
      1177,  -5.016346817917,  2.6718694059974,  0.0            
      1178,  -4.518016378926,  2.9266395347779,  0.0            
      1179,  -4.529951241685,  1.263747978766 ,  0.0            
      1180,  -4.23571546514 ,  0.7514886950766,  0.0            
      1181,  -4.407494444257,  1.6406312474065,  0.0            
      1182,  -3.868345072869,  1.8821385010228,  0.0            
      1183,  -3.941471296764,  0.2392552362928,  0.0            
      1184,  -3.647233618279,  -0.272998194439,  0.0            
      1185,  -3.79861801293 ,  0.6094671234982,  0.0            
      1186,  -3.218662875241,  0.8376709847406,  0.0            
      1187,  -5.441528877221,  4.8933945113879,  0.0            
      1188,  -5.106478755801,  4.3678582340315,  0.0            
      1189,  -4.771428634852,  3.842321956311 ,  0.0            
      1190,  -4.436378513895,  3.3167856785746,  0.0            
      1191,  -4.710200236011,  4.2390995376724,  0.0            
      1192,  -4.252693317385,  4.5071184226772,  0.0            
      1193,  -4.101328392932,  2.7912494008222,  0.0            
      1194,  -3.766284761857,  2.2656931511212,  0.0            
      1195,  -4.019690527902,  3.1813955446189,  0.0            
      1196,  -3.521364676883,  3.4361515544657,  0.0            
      1197,  -3.431247620671,  1.7401169294716,  0.0            
      1198,  -3.096206077826,  1.2145542534082,  0.0            
      1199,  -3.32918730966 ,  2.12367157957  ,  0.0            
      1200,  -2.790036036353,  2.3651846861938,  0.0            
      1201,  -2.761160133322,  0.6890051229309,  0.0            
      1202,  -2.426103522435,  0.1634888170364,  0.0            
      1203,  -2.638703335907,  1.0658883915985,  0.0            
      1204,  -2.058733130204,  1.2941386230682,  0.0            
      1205,  -6.59999915415 ,  -2.679151338285,  0.0            
      1206,  -5.971420784788,  -2.488176720442,  0.0            
      1207,  -6.914422588285,  -1.711455509418,  0.0            
      1208,  -6.293639941126,  -1.49648812503 ,  0.0            
      1209,  -5.342842414115,  -2.297202102744,  0.0            
      1210,  -4.71426404345 ,  -2.106227485018,  0.0            
      1211,  -5.672857292858,  -1.281520740792,  0.0            
      1212,  -5.052074644598,  -1.066553356531,  0.0            
      1213,  -5.713893446331,  -2.133720748411,  0.0            
      1214,  -5.876951955102,  -1.63187825907 ,  0.0            
      1215,  -4.085685672793,  -1.915252867265,  0.0            
      1216,  -3.457107302144,  -1.724278249487,  0.0            
      1217,  -4.431291996345,  -0.851585972247,  0.0            
      1218,  -3.810509348101,  -0.636618587942,  0.0            
      1219,  -4.444122961202,  -1.734410184018,  0.0            
      1220,  -4.614977192377,  -1.208574928142,  0.0            
      1221,  -2.828528931503,  -1.533303631684,  0.0            
      1222,  -2.199942576071,  -1.342334815275,  0.0            
      1223,  -3.189726699864,  -0.421651203617,  0.0            
      1224,  -2.568952629773,  -0.206710217537,  0.0            
      1225,  -3.174352476106,  -1.335099619522,  0.0            
      1226,  -3.353002429685,  -0.78527159712 ,  0.0            
      1227,  -1.571348235849,  -1.151371800262,  0.0            
      1228,  -0.942780717925,  -0.960430580338,  0.0            
      1229,  -1.948187137827,  0.0082043702978,  0.0            
      1230,  -1.327415342308,  0.2231383567331,  0.0            
      1231,  -1.904574006245,  -0.93579485635 ,  0.0            
      1232,  -2.091036245165,  -0.361994664275,  0.0            
      1233,  -3.764572199363,  6.0473955071679,  0.0            
      1234,  -3.368293679138,  5.5234246999304,  0.0            
      1235,  -4.587743438656,  5.4493265940626,  0.0            
      1236,  -4.211874384744,  4.9105274416205,  0.0            
      1237,  -2.972015159586,  4.9994538921855,  0.0            
      1238,  -2.575736640026,  4.475483084428 ,  0.0            
      1239,  -3.836005331403,  4.3717282887412,  0.0            
      1240,  -3.460136278055,  3.8329291358468,  0.0            
      1241,  -3.368293679407,  5.0852930231231,  0.0            
      1242,  -3.795186398763,  4.7751373076846,  0.0            
      1243,  -2.179458120459,  3.9515122766578,  0.0            
      1244,  -1.783179600884,  3.4275414688758,  0.0            
      1245,  -3.084267224699,  3.2941299829372,  0.0            
      1246,  -2.708398171336,  2.7553308300132,  0.0            
      1247,  -2.575736640304,  4.0158916248938,  0.0            
      1248,  -3.023038825871,  3.6909075643184,  0.0            
      1249,  -1.386901081301,  2.9035706610819,  0.0            
      1250,  -0.990629846958,  2.3795998533304,  0.0            
      1251,  -2.332529117966,  2.2165316770748,  0.0            
      1252,  -1.956668642724,  1.6777061258572,  0.0            
      1253,  -1.78317960117 ,  2.9464902266116,  0.0            
      1254,  -2.250891252949,  2.6066778208942,  0.0            
      1255,  -0.594365897855,  1.8556290456214,  0.0            
      1256,  -0.198098230938,  1.331624839845 ,  0.0            
      1257,  -1.580816745612,  1.1388541763604,  0.0            
      1258,  -1.204958544909,  0.6000216254316,  0.0            
      1259,  -0.990629847252,  1.877088828333 ,  0.0            
      1260,  -1.478752258133,  1.5224216791495,  0.0            
      1261,  -0.314240022298,  -0.769511155505,  0.0            
      1262,  0.3143128423612,  -0.769518084664,  0.0            
      1263,  0.6349088996376,  -0.536591414882,  0.0            
      1264,  0.8291750061683,  0.061212755143 ,  0.0            
      1265,  0.7067182092136,  0.4380960239445,  0.0            
      1266,  0.198173153793 ,  0.8075872360013,  0.0            
      1267,  -0.634836079291,  -0.536584485516,  0.0            
      1268,  -0.829094040616,  0.0612084730708,  0.0            
      1269,  -0.198105366122,  0.8075872361052,  0.0            
      1270,  -0.706637243217,  0.4380917417693,  0.0            
      1271,  -8.856674660298,  2.6696537816931,  0.0            
      1272,  -8.684900268683,  2.197169004669 ,  0.0            
      1273,  -8.51312319109 ,  1.7246924935608,  0.0            
      1274,  -8.34134745651 ,  1.2522118494653,  0.0            
      1275,  -8.827763845889,  1.8269254395289,  0.0            
      1276,  -8.169573064944,  0.7797270723827,  0.0            
      1277,  -7.997798673376,  0.3072422952936,  0.0            
      1278,  -8.504623185743,  0.8885914559124,  0.0            
      1279,  -7.826024281807,  -0.165242481802,  0.0            
      1280,  -7.654249890237,  -0.637727258904,  0.0            
      1281,  -8.181483868609,  -0.049746660698,  0.0            
      1282,  -7.482475498667,  -1.110212036012,  0.0            
      1283,  -7.310701107096,  -1.582696813127,  0.0            
      1284,  -7.858344551473,  -0.988084777321,  0.0            
      1285,  -6.983663928958,  -2.533031313044,  0.0            
      1286,  -7.138926715525,  -2.055181590248,  0.0            
      1287,  -7.535205234336,  -1.926422893956,  0.0            
      1288,  -6.706161565834,  -3.499460649988,  0.0            
      1289,  -6.844912747395,  -3.016245981515,  0.0            
      1290,  -7.228577522203,  -2.870125956274,  0.0            
      1291,  -6.428659202722,  -4.465889986944,  0.0            
      1292,  -6.567410384276,  -3.982675318465,  0.0            
      1293,  -6.938461415076,  -3.819193964268,  0.0            
      1294,  -6.151156839623,  -5.432319323913,  0.0            
      1295,  -6.28990802117 ,  -4.949104655427,  0.0            
      1296,  -6.648345307955,  -4.768261972269,  0.0            
      1297,  -5.87365322581 ,  -6.398749569625,  0.0            
      1298,  -6.01240565808 ,  -5.915533992402,  0.0            
      1299,  -6.358229200842,  -5.717329980276,  0.0            
      1300,  -5.596148360099,  -7.365180723918,  0.0            
      1301,  -5.734899542812,  -6.88196605558 ,  0.0            
      1302,  -6.068111843005,  -6.66639889702 ,  0.0            
      1303,  -5.275552303045,  -7.598107393679,  0.0            
      1304,  -4.773111371693,  -7.580746065032,  0.0            
      1305,  -4.270672940669,  -7.563382918938,  0.0            
      1306,  -3.768233258914,  -7.546020681559,  0.0            
      1307,  -4.465131557778,  -7.831032245992,  0.0            
      1308,  -3.265792326427,  -7.528659352896,  0.0            
      1309,  -2.763351393941,  -7.51129802422 ,  0.0            
      1310,  -3.472864687481,  -7.813670008614,  0.0            
      1311,  -2.260910461456,  -7.493936695531,  0.0            
      1312,  -1.758469528971,  -7.47657536683 ,  0.0            
      1313,  -2.480596566454,  -7.796308679938,  0.0            
      1314,  -1.256028596487,  -7.459214038118,  0.0            
      1315,  -0.753587664003,  -7.441852709394,  0.0            
      1316,  -1.488328445427,  -7.778947351237,  0.0            
      1317,  -0.251146731518,  -7.42449138066 ,  0.0            
      1318,  0.2512942009523,  -7.424491380837,  0.0            
      1319,  -0.496060324401,  -7.761586022514,  0.0            
      1320,  1.2561760658681,  -7.459214039008,  0.0            
      1321,  0.7537351334091,  -7.441852709927,  0.0            
      1322,  0.4962077966112,  -7.761586022691,  0.0            
      1323,  2.2610579307929,  -7.493936697147,  0.0            
      1324,  1.7586169983293,  -7.476575368082,  0.0            
      1325,  1.4884759176118,  -7.778947351772,  0.0            
      1326,  3.2659397957279,  -7.528659355254,  0.0            
      1327,  2.763498863259 ,  -7.511298026205,  0.0            
      1328,  2.4807440386171,  -7.796308680838,  0.0            
      1329,  4.2708189182693,  -7.563384005893,  0.0            
      1330,  3.7683807281998,  -7.546020684295,  0.0            
      1331,  3.4730121596278,  -7.813670009887,  0.0            
      1332,  5.2756952987193,  -7.598110647964,  0.0            
      1333,  4.7732543659366,  -7.580749320048,  0.0            
      1334,  4.465277538239 ,  -7.831033331485,  0.0            
      1335,  5.5962913557732,  -7.365183978203,  0.0            
      1336,  5.7350425372545,  -6.881969310727,  0.0            
      1337,  5.8737992040072,  -6.398750656972,  0.0            
      1338,  6.0125531283448,  -5.915533995784,  0.0            
      1339,  6.0682578236648,  -6.666399982643,  0.0            
      1340,  6.1513043102673,  -5.432319327163,  0.0            
      1341,  6.2900554921807,  -4.949104658543,  0.0            
      1342,  6.3583766735687,  -5.717329981934,  0.0            
      1343,  6.4288066740852,  -4.465889989923,  0.0            
      1344,  6.567557855981 ,  -3.982675321304,  0.0            
      1345,  6.6484927810485,  -4.768261973793,  0.0            
      1346,  6.7063090378682,  -3.499460652685,  0.0            
      1347,  6.845060219747 ,  -3.016245984065,  0.0            
      1348,  6.9386088885106,  -3.819193965652,  0.0            
      1349,  6.9838114016173,  -2.533031315446,  0.0            
      1350,  7.1390741884736,  -2.055181592508,  0.0            
      1351,  7.2287249959556,  -2.870125957512,  0.0            
      1352,  7.4826229721473,  -1.110212037994,  0.0            
      1353,  7.3108485803159,  -1.582696815253,  0.0            
      1354,  7.5353527083782,  -1.926422895053,  0.0            
      1355,  7.8261717557768,  -0.165242483468,  0.0            
      1356,  7.6543973639678,  -0.637727260732,  0.0            
      1357,  7.8584920257759,  -0.988084778274,  0.0            
      1358,  8.1697205393592,  0.7797270710733,  0.0            
      1359,  7.9979461475742,  0.3072422938008,  0.0            
      1360,  8.1816313431511,  -0.049746661487,  0.0            
      1361,  8.5132704479746,  1.7246931632568,  0.0            
      1362,  8.3414949311318,  1.2522118483498,  0.0            
      1363,  8.5047706605024,  0.8885914553061,  0.0            
      1364,  8.8568214815714,  2.6696557930727,  0.0            
      1365,  8.6850470898875,  2.1971710157941,  0.0            
      1366,  8.8279111029114,  1.8269261097341,  0.0            
      1367,  8.734364684436 ,  3.0465390616316,  0.0            
      1368,  8.3176766985149,  3.3278208215988,  0.0            
      1369,  7.9009864623984,  3.6091095064356,  0.0            
      1370,  7.4842973513664,  3.8903947289042,  0.0            
      1371,  8.215627117268 ,  3.7113424526567,  0.0            
      1372,  7.0676093654192,  4.1716764890046,  0.0            
      1373,  6.6509213794724,  4.4529582491105,  0.0            
      1374,  7.402659486399 ,  4.2805408727219,  0.0            
      1375,  6.2342333935262,  4.7342400092217,  0.0            
      1376,  5.8175454075803,  5.0155217693374,  0.0            
      1377,  6.5896929806151,  4.8497358304244,  0.0            
      1378,  5.4008574216346,  5.2968035294575,  0.0            
      1379,  4.9841694356891,  5.5780852895812,  0.0            
      1380,  5.7767264748321,  5.4189307881368,  0.0            
      1381,  4.5674814497436,  5.8593670497085,  0.0            
      1382,  4.1609981968977,  6.1546944199819,  0.0            
      1383,  4.9637599690494,  5.9881257458572,  0.0            
      1384,  3.3684411574067,  6.7734403808218,  0.0            
      1385,  3.7647196771514,  6.4640674004012,  0.0            
      1386,  4.1609981963664,  6.5713663137272,  0.0            
      1387,  2.5758841179216,  7.3921863416657,  0.0            
      1388,  2.9721626376635,  7.0828133612434,  0.0            
      1389,  3.3684411567846,  7.1686524917444,  0.0            
      1390,  1.783327078441 ,  8.0109323025123,  0.0            
      1391,  2.1796055981808,  7.7015593220888,  0.0            
      1392,  2.5758841172055,  7.7659386697634,  0.0            
      1393,  0.9907688978845,  8.6296782633683,  0.0            
      1394,  1.3870485587021,  8.3203052829361,  0.0            
      1395,  1.7833270776286,  8.3632248477836,  0.0            
      1396,  0.1982095756959,  9.2484242238293,  0.0            
      1397,  0.5944880959883,  8.9390512438088,  0.0            
      1398,  0.9907688969739,  8.9605110258124,  0.0            
      1399,  -0.198068944141,  9.2484242238293,  0.0            
      1400,  -0.594347463522,  8.9390512438258,  0.0            
      1401,  -0.990623701299,  8.6296782634193,  0.0            
      1402,  -1.386901080158,  8.3203052830223,  0.0            
      1403,  -0.990623702211,  8.9605110258295,  0.0            
      1404,  -1.783179600098,  8.0109323026349,  0.0            
      1405,  -2.17945812004 ,  7.701559322249 ,  0.0            
      1406,  -1.783179600906,  8.3632248478358,  0.0            
      1407,  -2.575736639985,  7.3921863418645,  0.0            
      1408,  -2.972015159932,  7.0828133614816,  0.0            
      1409,  -2.575736640686,  7.7659386698532,  0.0            
      1410,  -3.368293679882,  6.7734403811005,  0.0            
      1411,  -3.764572199834,  6.4640674007214,  0.0            
      1412,  -3.36829368047 ,  7.1686524918737,  0.0            
      1413,  -4.160850719789,  6.1546944203444,  0.0            
      1414,  -4.567333972832,  5.8593670501104,  0.0            
      1415,  -4.16085072026 ,  6.571366313898 ,  0.0            
      1416,  -5.400709945098,  5.296803529929 ,  0.0            
      1417,  -4.984021958964,  5.5780852900194,  0.0            
      1418,  -4.96361249314 ,  5.9881257460673,  0.0            
      1419,  -6.234085917371,  4.7342400097496,  0.0            
      1420,  -5.817397931234,  5.0155217698391,  0.0            
      1421,  -5.776578999111,  5.4189307883802,  0.0            
      1422,  -7.067461889649,  4.171676489572 ,  0.0            
      1423,  -6.650773903509,  4.4529582496606,  0.0            
      1424,  -6.589545505086,  4.849735830694 ,  0.0            
      1425,  -7.900839204948,  3.6091088364149,  0.0            
      1426,  -7.48414987579 ,  3.8903947294837,  0.0            
      1427,  -7.402512011062,  4.2805408730088,  0.0            
      1428,  -8.734217863163,  3.046537050252 ,  0.0            
      1429,  -8.317529877122,  3.3278188103656,  0.0            
      1430,  -8.215479860057,  3.7113417823433,  0.0            
      1431,  -9.15090316307 ,  2.7652635560741,  0.0            
      1432,  -9.028446365935,  3.142146824633 ,  0.0            
      1433,  0.1982118568444,  9.5577972034296,  0.0            
      1434,  -0.198066662993,  9.5577972034296,  0.0            
      1435,  9.1510504201616,  2.7652642265339,  0.0            
      1436,  9.0285936230262,  3.1421474950927,  0.0            
      1437,  5.4575456595633,  -7.848394659401,  0.0            
      1438,  5.7781417166173,  -7.61546798964 ,  0.0            
      1439,  -5.777995734726,  -7.615466904879,  0.0            
      1440,  -5.457399677672,  -7.848393574639,  0.0            
      1441,  -4.89293818974 ,  -7.071492130064,  0.0            
      1442,  -5.213534246707,  -6.838565459963,  0.0            
      1443,  -5.407992863902,  -7.106214787358,  0.0            
      1444,  -5.087396806848,  -7.339141457118,  0.0            
      1445,  -4.377888516234,  -7.036765837876,  0.0            
      1446,  -3.862836341265,  -7.002041363119,  0.0            
      1447,  -4.170813306259,  -6.751757249864,  0.0            
      1448,  -4.069908702319,  -7.287052018837,  0.0            
      1449,  -3.347781664833,  -6.967318705792,  0.0            
      1450,  -2.832726988403,  -6.93259604844 ,  0.0            
      1451,  -3.128095557753,  -6.664946720528,  0.0            
      1452,  -3.052413093401,  -7.234968032846,  0.0            
      1453,  -2.317672311975,  -6.897873391062,  0.0            
      1454,  -1.802617635547,  -6.86315073366 ,  0.0            
      1455,  -2.085372461091,  -6.578140076837,  0.0            
      1456,  -2.034917484487,  -7.18288404678 ,  0.0            
      1457,  -1.28756295912 ,  -6.828428076235,  0.0            
      1458,  -1.042649364433,  -6.491333433052,  0.0            
      1459,  -0.772508282693,  -6.793705418789,  0.0            
      1460,  -1.017421875576,  -7.130800060642,  0.0            
      1461,  -5.339676687137,  -6.337985827573,  0.0            
      1462,  -5.132601477163,  -6.052977239561,  0.0            
      1463,  -5.465816626112,  -5.83740801265 ,  0.0            
      1464,  -5.67288898733 ,  -6.122418669013,  0.0            
      1465,  -4.271712559816,  -6.216466366028,  0.0            
      1466,  -4.592308616784,  -5.983539695927,  0.0            
      1467,  -4.052026452736,  -5.914094380764,  0.0            
      1468,  -4.372622509712,  -5.681167710697,  0.0            
      1469,  -3.203778020023,  -6.094925407326,  0.0            
      1470,  -3.511754985018,  -5.844641294071,  0.0            
      1471,  -2.971478169139,  -5.775192093101,  0.0            
      1472,  -3.279451940562,  -5.5249103002  ,  0.0            
      1473,  -2.135827435751,  -5.973396105766,  0.0            
      1474,  -2.431196005101,  -5.705746777854,  0.0            
      1475,  -1.890913841065,  -5.636301462583,  0.0            
      1476,  -2.186282410429,  -5.368652134698,  0.0            
      1477,  -1.067876851488,  -5.85186680411 ,  0.0            
      1478,  -1.350631677032,  -5.566856147287,  0.0            
      1479,  -1.093104338562,  -5.21240017517 ,  0.0            
      1480,  -0.810349513   ,  -5.497410831968,  0.0            
      1481,  -5.591954063632,  -5.336832015192,  0.0            
      1482,  -5.37226795656 ,  -5.034460029962,  0.0            
      1483,  -5.71809150116 ,  -4.836256017741,  0.0            
      1484,  -5.937777606393,  -5.138628003066,  0.0            
      1485,  -4.473543155948,  -5.145861283872,  0.0            
      1486,  -4.806758304897,  -4.93029205696 ,  0.0            
      1487,  -4.241240111492,  -4.826130290001,  0.0            
      1488,  -4.57445845403 ,  -4.6105587428  ,  0.0            
      1489,  -3.355117319368,  -4.95490139915 ,  0.0            
      1490,  -3.675713376345,  -4.721974729083,  0.0            
      1491,  -3.110203724697,  -4.617806755993,  0.0            
      1492,  -3.430799781681,  -4.384880085956,  0.0            
      1493,  -2.236737385124,  -4.763908163631,  0.0            
      1494,  -2.544711156547,  -4.51362637073 ,  0.0            
      1495,  -1.979210046654,  -4.409452191514,  0.0            
      1496,  -2.28718027761 ,  -4.159172971   ,  0.0            
      1497,  -1.118331825655,  -4.572933546232,  0.0            
      1498,  -1.413700395019,  -4.305284218347,  0.0            
      1499,  -1.143559312765,  -3.933466917295,  0.0            
      1500,  -0.848190743389,  -4.201116245155,  0.0            
      1501,  -5.844228938696,  -4.335680020297,  0.0            
      1502,  -5.61192908783 ,  -4.015946706137,  0.0            
      1503,  -5.970366376239,  -3.835104022859,  0.0            
      1504,  -6.202666225481,  -4.154837337139,  0.0            
      1505,  -4.67536840396 ,  -4.075260087483,  0.0            
      1506,  -5.02119194856 ,  -3.877056075262,  0.0            
      1507,  -4.430454809296,  -3.738165444356,  0.0            
      1508,  -4.776278353898,  -3.539961432168,  0.0            
      1509,  -3.5064993275  ,  -3.81484636062 ,  0.0            
      1510,  -3.839717670038,  -3.59927481342 ,  0.0            
      1511,  -3.248968448564,  -3.46039296089 ,  0.0            
      1512,  -3.582190331583,  -3.244818841357,  0.0            
      1513,  -2.337611087887,  -3.554446556804,  0.0            
      1514,  -2.658207144872,  -3.321519886767,  0.0            
      1515,  -2.067470005633,  -3.182629255752,  0.0            
      1516,  -2.388066062623,  -2.949702585741,  0.0            
      1517,  -1.168786799891,  -3.294000288359,  0.0            
      1518,  -1.476757030847,  -3.043721067845,  0.0            
      1519,  -1.193998317432,  -2.65454526226 ,  0.0            
      1520,  -0.886031973844,  -2.904821658348,  0.0            
      1521,  -6.096503813789,  -3.334528025427,  0.0            
      1522,  -5.851590219127,  -2.997433382334,  0.0            
      1523,  -6.222641251344,  -2.833952028001,  0.0            
      1524,  -6.467554844588,  -3.171046671231,  0.0            
      1525,  -4.877188303844,  -3.004662776857,  0.0            
      1526,  -5.235625592254,  -2.823820093579,  0.0            
      1527,  -4.619660965389,  -2.650206804795,  0.0            
      1528,  -4.978098253798,  -2.469364121548,  0.0            
      1529,  -3.657872793929,  -2.674797528169,  0.0            
      1530,  -4.003696338531,  -2.476593515982,  0.0            
      1531,  -3.38773171168 ,  -2.302980227143,  0.0            
      1532,  -3.733555256283,  -2.104776214982,  0.0            
      1533,  -2.438545201818,  -2.344941057811,  0.0            
      1534,  -2.771767084836,  -2.129366938278,  0.0            
      1535,  -2.155786488402,  -1.955765252226,  0.0            
      1536,  -2.489012258798,  -1.740188308314,  0.0            
      1537,  -1.219193865388,  -2.015101838997,  0.0            
      1538,  -1.539789922378,  -1.782175168985,  0.0            
      1539,  -0.92382529556 ,  -1.608561880049,  0.0            
      1540,  -1.244421352552,  -1.37563521006 ,  0.0            
      1541,  5.2136727605934,  -6.838571970256,  0.0            
      1542,  4.8930767032274,  -7.071498640096,  0.0            
      1543,  5.0875353231971,  -7.339147965688,  0.0            
      1544,  5.408131380251 ,  -7.106221295928,  0.0            
      1545,  5.3398211685324,  -6.337988002268,  0.0            
      1546,  5.4659640916413,  -5.837408019413,  0.0            
      1547,  5.1327425581087,  -6.052981884825,  0.0            
      1548,  5.6730364549427,  -6.122418674184,  0.0            
      1549,  5.59210152992  ,  -5.336832021692,  0.0            
      1550,  5.7182389681807,  -4.836256023973,  0.0            
      1551,  5.3724154232954,  -5.034460035987,  0.0            
      1552,  5.9379250751439,  -5.138628007842,  0.0            
      1553,  5.8443764064233,  -4.335680026254,  0.0            
      1554,  5.9705138446487,  -3.835104028537,  0.0            
      1555,  5.612076556003 ,  -4.015946711641,  0.0            
      1556,  6.202813695291 ,  -4.154837341504,  0.0            
      1557,  6.0966512828568,  -3.33452803082 ,  0.0            
      1558,  5.8517376886425,  -2.997433387298,  0.0            
      1559,  6.222788721048 ,  -2.833952033102,  0.0            
      1560,  6.4677023153863,  -3.171046675168,  0.0            
      1561,  4.3780329964345,  -7.036768011785,  0.0            
      1562,  4.1709543860108,  -6.751761894343,  0.0            
      1563,  3.862983804837 ,  -7.002041368589,  0.0            
      1564,  4.0700561687368,  -7.287052023222,  0.0            
      1565,  4.5924369293223,  -5.983553617929,  0.0            
      1566,  4.2718408719564,  -6.216480287768,  0.0            
      1567,  4.3727508226977,  -5.681181632224,  0.0            
      1568,  4.0521547653581,  -5.914108302043,  0.0            
      1569,  4.8069057717674,  -4.930292062298,  0.0            
      1570,  4.4736842382349,  -5.145865927711,  0.0            
      1571,  4.5746059213471,  -4.610558747685,  0.0            
      1572,  4.2413773791011,  -4.826137705459,  0.0            
      1573,  5.0213394169197,  -3.877056080133,  0.0            
      1574,  4.6755158720344,  -4.075260092147,  0.0            
      1575,  4.7764258227055,  -3.539961436611,  0.0            
      1576,  4.4306022778441,  -3.738165448606,  0.0            
      1577,  5.235773062006 ,  -2.823820097971,  0.0            
      1578,  4.8773357733604,  -3.004662781075,  0.0            
      1579,  4.6198084353769,  -2.650206808625,  0.0            
      1580,  4.978245724    ,  -2.46936412554 ,  0.0            
      1581,  3.347929128435 ,  -6.967318710508,  0.0            
      1582,  3.1282430218367,  -6.664946724783,  0.0            
      1583,  2.8328744520387,  -6.93259605241 ,  0.0            
      1584,  3.052560559863 ,  -7.2349680361  ,  0.0            
      1585,  3.511896066216 ,  -5.844645937168,  0.0            
      1586,  3.2039254850422,  -6.094925411415,  0.0            
      1587,  3.2795892070822,  -5.524917714917,  0.0            
      1588,  2.9716256346728,  -5.775192096764,  0.0            
      1589,  3.6758302452962,  -4.72199696547 ,  0.0            
      1590,  3.3552341879566,  -4.954923635289,  0.0            
      1591,  3.4309166511059,  -4.384902321929,  0.0            
      1592,  3.1103205937902,  -4.617828991731,  0.0            
      1593,  3.8398651387762,  -3.599274817062,  0.0            
      1594,  3.5066365965301,  -3.814853774836,  0.0            
      1595,  3.5823378007927,  -3.244818844612,  0.0            
      1596,  3.2491014886882,  -3.460403447779,  0.0            
      1597,  4.0038438087551,  -2.476593519261,  0.0            
      1598,  3.6580202638937,  -2.674797531256,  0.0            
      1599,  3.3878791821397,  -2.302980229882,  0.0            
      1600,  3.7337027269807,  -2.104776217901,  0.0            
      1601,  2.3178197756482,  -6.897873394295,  0.0            
      1602,  2.0855199252788,  -6.578140079643,  0.0            
      1603,  1.8027650992627,  -6.863150736164,  0.0            
      1604,  2.0350649510064,  -7.182884048928,  0.0            
      1605,  2.4313434707285,  -5.705746780829,  0.0            
      1606,  2.1359749009305,  -5.973396108456,  0.0            
      1607,  2.1864298765622,  -5.368652137271,  0.0            
      1608,  1.8910613067898,  -5.63630146488 ,  0.0            
      1609,  2.5448484245831,  -4.513633784242,  0.0            
      1610,  2.2368848521737,  -4.763908166089,  0.0            
      1611,  2.2873133167412,  -4.159183457185,  0.0            
      1612,  1.9793575142357,  -4.409452193608,  0.0            
      1613,  2.6583113275802,  -3.321551340758,  0.0            
      1614,  2.3377152702645,  -3.55447801056 ,  0.0            
      1615,  2.3881702458262,  -2.949734039384,  0.0            
      1616,  2.0675741885316,  -3.182660709173,  0.0            
      1617,  2.7719145555307,  -2.129366940488,  0.0            
      1618,  2.4386782434262,  -2.344951543655,  0.0            
      1619,  2.1559148868786,  -1.955779111796,  0.0            
      1620,  2.4891597299863,  -1.740188310204,  0.0            
      1621,  1.2877104228821,  -6.828428078017,  0.0            
      1622,  1.0427968287414,  -6.491333434441,  0.0            
      1623,  0.7726557465058,  -6.793705419854,  0.0            
      1624,  1.0175693421647,  -7.130800061707,  0.0            
      1625,  1.3507791428566,  -5.566856148916,  0.0            
      1626,  1.0680243168405,  -5.851866805437,  0.0            
      1627,  1.0932518049186,  -5.212400176435,  0.0            
      1628,  0.8104969789283,  -5.49741083294 ,  0.0            
      1629,  1.4138478627482,  -4.305284219828,  0.0            
      1630,  1.1184792929758,  -4.572933547437,  0.0            
      1631,  1.1437067810153,  -3.93346691844 ,  0.0            
      1632,  0.8483382112659,  -4.201116246036,  0.0            
      1633,  1.4768900715425,  -3.043731553023,  0.0            
      1634,  1.168934269037 ,  -3.294000289445,  0.0            
      1635,  1.1941267149949,  -2.654559121163,  0.0            
      1636,  0.8861794435321,  -2.90482165914 ,  0.0            
      1637,  1.5398801761835,  -1.782216743805,  0.0            
      1638,  1.2192841188889,  -2.015143413594,  0.0            
      1639,  0.9239155495916,  -1.608603454383,  0.0            
      1640,  1.244511606868 ,  -1.3756767846  ,  0.0            
      1641,  -0.257453606266,  -6.75898276132 ,  0.0            
      1642,  0.2576010701338,  -6.758982761675,  0.0            
      1643,  7.373222162E-05,  -6.404526789178,  0.0            
      1644,  7.373333580E-05,  -7.078716074439,  0.0            
      1645,  -0.270067348971,  -5.427965516625,  0.0            
      1646,  0.270214815005 ,  -5.427965516949,  0.0            
      1647,  7.373276938E-05,  -5.730337502362,  0.0            
      1648,  7.373329506E-05,  -5.056148215549,  0.0            
      1649,  -0.282681091763,  -4.096948271941,  0.0            
      1650,  0.282828559789 ,  -4.096948272234,  0.0            
      1651,  7.373379867E-05,  -4.381958928738,  0.0            
      1652,  7.373428403E-05,  -3.707769641929,  0.0            
      1653,  -0.295294834625,  -2.765931027261,  0.0            
      1654,  0.2954423045005,  -2.765931027525,  0.0            
      1655,  7.373475114E-05,  -3.033580355121,  0.0            
      1656,  7.373520311E-05,  -2.359391068314,  0.0            
      1657,  -0.307892607948,  -1.434925385418,  0.0            
      1658,  0.3080210071028,  -1.434939243529,  0.0            
      1659,  7.373563995E-05,  -1.685201781506,  0.0            
      1660,  5.203068666E-05,  -1.011079290595,  0.0            
      1661,  8.1152914830319,  2.8453785006999,  0.0            
      1662,  8.2377482801001,  2.4684952318848,  0.0            
      1663,  8.552388935037 ,  2.5707281783621,  0.0            
      1664,  8.4299321379016,  2.947611446921 ,  0.0            
      1665,  7.6781895306359,  3.1200426727767,  0.0            
      1666,  7.2410898284092,  3.3946999201172,  0.0            
      1667,  7.3431419717953,  3.0111704034846,  0.0            
      1668,  7.576139949389 ,  3.5035643038345,  0.0            
      1669,  6.8039923763517,  3.6693502427214,  0.0            
      1670,  6.3668949242953,  3.9440005653364,  0.0            
      1671,  6.4485327889408,  3.5538544214035,  0.0            
      1672,  6.7223545113842,  4.0594963865392,  0.0            
      1673,  5.92979747224  ,  4.2186508879622,  0.0            
      1674,  5.4927000201853,  4.4933012105969,  0.0            
      1675,  5.55392841862  ,  4.0965236291097,  0.0            
      1676,  5.8685690733827,  4.6154284692762,  0.0            
      1677,  5.0556025681311,  4.7679515332404,  0.0            
      1678,  4.6593240483016,  4.639192836852 ,  0.0            
      1679,  4.6185051160772,  5.0426018558912,  0.0            
      1680,  5.014783635383 ,  5.1713605520399,  0.0            
      1681,  8.0455599218404,  1.9893928663313,  0.0            
      1682,  7.7105123629998,  1.8805205970391,  0.0            
      1683,  7.8533738137212,  1.5102835760385,  0.0            
      1684,  8.1884239348644,  1.6191479602713,  0.0            
      1685,  7.11014880651  ,  2.5187616928235,  0.0            
      1686,  7.2326056035782,  2.1418784240084,  0.0            
      1687,  6.7546892190991,  2.4032658715056,  0.0            
      1688,  6.877146016137 ,  2.0263826026879,  0.0            
      1689,  6.1747110661764,  3.0482124561634,  0.0            
      1690,  6.2767632095625,  2.6646829395308,  0.0            
      1691,  5.7988420125564,  2.9260851973109,  0.0            
      1692,  5.9008970304704,  2.5425468344073,  0.0            
      1693,  5.2392877634353,  3.5776187887791,  0.0            
      1694,  5.3209256280808,  3.1874726448461,  0.0            
      1695,  4.8430092436057,  3.4488600923907,  0.0            
      1696,  4.9246471082207,  3.0587139484639,  0.0            
      1697,  4.3038644606966,  4.1070251214317,  0.0            
      1698,  4.3650928591313,  3.7102475399446,  0.0            
      1699,  3.9484048730621,  3.5748574060282,  0.0            
      1700,  3.8871764746572,  3.9716349875056,  0.0            
      1701,  7.6611899557423,  1.0311673610065,  0.0            
      1702,  7.3057303683011,  0.915671539686 ,  0.0            
      1703,  7.4690060977385,  0.5520511459826,  0.0            
      1704,  7.8244656851129,  0.6675469679627,  0.0            
      1705,  6.6441336006762,  1.5340331330778,  0.0            
      1706,  6.7869950513975,  1.1637961120771,  0.0            
      1707,  6.2682674215841,  1.4118970279543,  0.0            
      1708,  6.4111259977188,  1.0416688532212,  0.0            
      1709,  5.6270906818228,  2.0368575561352,  0.0            
      1710,  5.7495474788607,  1.6599742873176,  0.0            
      1711,  5.2308121619628,  1.908098859753 ,  0.0            
      1712,  5.3532689589723,  1.5312155909352,  0.0            
      1713,  4.6100064529762,  2.5398091081642,  0.0            
      1714,  4.7120614708903,  2.1562707452606,  0.0            
      1715,  4.193318466907 ,  2.4044189742479,  0.0            
      1716,  4.2953766715492,  2.0208708043066,  0.0            
      1717,  3.592945285398 ,  3.0426896906417,  0.0            
      1718,  3.674583150013 ,  2.6525435467149,  0.0            
      1719,  3.2374856977072,  2.5105219752715,  0.0            
      1720,  3.1558478331201,  2.9006681191887,  0.0            
      1721,  7.27682223971  ,  0.0729349309669,  0.0            
      1722,  6.9009531860312,  -0.049192327889,  0.0            
      1723,  7.0846383816583,  -0.406181284042,  0.0            
      1724,  7.4605074352869,  -0.284054024321,  0.0            
      1725,  6.1781232072647,  0.5492897631183,  0.0            
      1726,  6.3413989367022,  0.1856693694149,  0.0            
      1727,  5.7818446873763,  0.420531066736 ,  0.0            
      1728,  5.9451204167865,  0.0569106730246,  0.0            
      1729,  5.0794318619188,  1.0256209388073,  0.0            
      1730,  5.2222904380535,  0.6553927640742,  0.0            
      1731,  4.6627470625778,  0.8902209978533,  0.0            
      1732,  4.8056024519286,  0.5200026301611,  0.0            
      1733,  3.9807577639397,  1.501899036891 ,  0.0            
      1734,  4.1032145609492,  1.1250157680733,  0.0            
      1735,  3.5436603116338,  1.3598774654476,  0.0            
      1736,  3.666117108616 ,  0.9829941966343,  0.0            
      1737,  2.8820261099894,  1.9783542599177,  0.0            
      1738,  2.9840843146316,  1.5948060899764,  0.0            
      1739,  2.5265808950465,  1.4461423131935,  0.0            
      1740,  2.4245191914762,  1.8297012509389,  0.0            
      1741,  6.8924545235836,  -0.885297499044,  0.0            
      1742,  6.4961760036679,  -1.014056195434,  0.0            
      1743,  6.7002706654871,  -1.36441371404 ,  0.0            
      1744,  7.0965491853916,  -1.235655016585,  0.0            
      1745,  5.712117626284 ,  -0.43546841706 ,  0.0            
      1746,  5.8958028219112,  -0.792457373213,  0.0            
      1747,  5.2954296401591,  -0.570858550973,  0.0            
      1748,  5.4791148357588,  -0.927847507136,  0.0            
      1749,  4.5317807290016,  0.0143606649968,  0.0            
      1750,  4.6950564584117,  -0.349259728715,  0.0            
      1751,  4.0946832766683,  -0.127660906442,  0.0            
      1752,  4.2579590060511,  -0.491281300156,  0.0            
      1753,  3.3514547055782,  0.4641562835364,  0.0            
      1754,  3.4943100949289,  0.0939379158442,  0.0            
      1755,  2.893951285993 ,  0.3154925067534,  0.0            
      1756,  3.0368031763611,  -0.05471509312 ,  0.0            
      1757,  2.1711500528782,  0.9138861350988,  0.0            
      1758,  2.2936068498604,  0.5370028662855,  0.0            
      1759,  1.8156904650866,  0.3817184197957,  0.0            
      1760,  1.6932336681319,  0.7586016885971,  0.0            
      1761,  6.3489261592224,  -2.333376035384,  0.0            
      1762,  6.5080868073688,  -1.84352992903 ,  0.0            
      1763,  6.0913988212164,  -1.978920062954,  0.0            
      1764,  6.732590935431 ,  -2.187256008831,  0.0            
      1765,  5.0791556746244,  -1.934065470005,  0.0            
      1766,  5.2461120452107,  -1.420226597204,  0.0            
      1767,  5.4502067070299,  -1.77058411581 ,  0.0            
      1768,  4.80901459285  ,  -1.562248168645,  0.0            
      1769,  3.8093851900537,  -1.534754904546,  0.0            
      1770,  3.9841372830771,  -0.996923265298,  0.0            
      1771,  4.1678224786768,  -1.353912221461,  0.0            
      1772,  3.5266303645092,  -1.145576274262,  0.0            
      1773,  2.5396147055065,  -1.135444339028,  0.0            
      1774,  2.7221625209647,  -0.573619933334,  0.0            
      1775,  2.8854382503474,  -0.937240327048,  0.0            
      1776,  2.2442461361909,  -0.728904379824,  0.0            
      1777,  1.269809178932 ,  -0.736159234181,  0.0            
      1778,  1.4602021316715,  -0.150360832716,  0.0            
      1779,  1.6030540220396,  -0.520568432589,  0.0            
      1780,  0.9618402025159,  -0.312299281248,  0.0            
      1781,  -0.198072364952,  8.597488590817 ,  0.0            
      1782,  0.1982061548838,  8.597488590783 ,  0.0            
      1783,  0.1982061539732,  8.9283213532272,  0.0            
      1784,  -0.198072365864,  8.9283213532272,  0.0            
      1785,  -0.594346320669,  8.2666558276005,  0.0            
      1786,  -0.990622558548,  7.9358230644032,  0.0            
      1787,  -0.594348918283,  7.9143632816746,  0.0            
      1788,  -0.990622559357,  8.2881156096041,  0.0            
      1789,  -1.386901078591,  7.6049903012252,  0.0            
      1790,  -1.783179598639,  7.2741575380499,  0.0            
      1791,  -1.386901078804,  7.2312379725578,  0.0            
      1792,  -1.78317959934 ,  7.6479098660387,  0.0            
      1793,  -2.179458118691,  6.9433247748776,  0.0            
      1794,  -2.575736638749,  6.6124920117086,  0.0            
      1795,  -2.179458118919,  6.548112663492 ,  0.0            
      1796,  -2.575736639337,  7.0077041224818,  0.0            
      1797,  -2.972015158811,  6.281659248543 ,  0.0            
      1798,  -2.972015159058,  5.8649873544439,  0.0            
      1799,  -3.368293678878,  5.9508264853815,  0.0            
      1800,  -3.368293679349,  6.3674983789351,  0.0            
      1801,  0.594489238839 ,  8.2666558274985,  0.0            
      1802,  0.594486641225 ,  7.9143632815727,  0.0            
      1803,  0.990770040637 ,  7.9358230642308,  0.0            
      1804,  0.9907700398246,  8.2881156095021,  0.0            
      1805,  -0.198080157794,  7.5406109530394,  0.0            
      1806,  0.1981983620416,  7.5406109530054,  0.0            
      1807,  -0.198080158007,  7.1668586243721,  0.0            
      1808,  0.1981983618406,  7.16685862433  ,  0.0            
      1809,  -0.990622559186,  6.8145660784012,  0.0            
      1810,  -0.59434891892 ,  6.7931062956726,  0.0            
      1811,  -0.990622559414,  6.4193539670156,  0.0            
      1812,  -0.594351833   ,  6.3978941842973,  0.0            
      1813,  -1.783179599322,  6.0885212038933,  0.0            
      1814,  -1.386901079487,  6.0456016384012,  0.0            
      1815,  -1.783179599569,  5.6718493097942,  0.0            
      1816,  -1.38690107972 ,  5.6289297442872,  0.0            
      1817,  -2.575736639488,  5.3624763294114,  0.0            
      1818,  -2.179458119659,  5.2980969811948,  0.0            
      1819,  -2.179458119912,  4.8599653043681,  0.0            
      1820,  -2.575736639757,  4.924344652604 ,  0.0            
      1821,  1.3870485602778,  7.6049903009799,  0.0            
      1822,  1.3870485600768,  7.2312379723044,  0.0            
      1823,  1.7833270799204,  7.2741575377297,  0.0            
      1824,  1.7833270792044,  7.6479098658274,  0.0            
      1825,  0.5944866406219,  6.7931062955463,  0.0            
      1826,  0.990770040034 ,  6.8145660782044,  0.0            
      1827,  0.5944837265422,  6.397894184171 ,  0.0            
      1828,  0.9907700398355,  6.419353966797 ,  0.0            
      1829,  -0.198088900246,  5.9812222902462,  0.0            
      1830,  0.1981896196016,  5.9812222902041,  0.0            
      1831,  -0.198088900478,  5.5645503961322,  0.0            
      1832,  0.1981896193868,  5.5645503960762,  0.0            
      1833,  -0.990622560111,  5.1693382846736,  0.0            
      1834,  -0.594351833697,  5.1478785019553,  0.0            
      1835,  -0.990622560364,  4.7312066078469,  0.0            
      1836,  -0.594355064242,  4.7097468251346,  0.0            
      1837,  -1.783179600328,  4.3574542793142,  0.0            
      1838,  -1.386901080479,  4.3145347138071,  0.0            
      1839,  -1.386901080738,  3.8549432542503,  0.0            
      1840,  -1.783179600606,  3.89786281978  ,  0.0            
      1841,  2.1796055995647,  6.9433247744802,  0.0            
      1842,  2.1796055993662,  6.5481126630727,  0.0            
      1843,  2.5758841192114,  6.6124920112321,  0.0            
      1844,  2.5758841185894,  7.0077041221548,  0.0            
      1845,  1.3870485594813,  6.0456016380821,  0.0            
      1846,  1.7833270793249,  6.0885212035074,  0.0            
      1847,  1.3870485592665,  5.6289297439542,  0.0            
      1848,  1.7833270791318,  5.6718493093664,  0.0            
      1849,  0.5944837258978,  5.1478785017872,  0.0            
      1850,  0.9907700391911,  5.1693382844132,  0.0            
      1851,  0.5944804953526,  4.7097468249665,  0.0            
      1852,  0.9907700389785,  4.7312066075524,  0.0            
      1853,  -0.198098592114,  4.25015536567  ,  0.0            
      1854,  0.1981799277511,  4.250155365614 ,  0.0            
      1855,  -0.198098592372,  3.7905639061132,  0.0            
      1856,  0.1981799275153,  3.7905639060368,  0.0            
      1857,  -0.990622561139,  3.3524322291764,  0.0            
      1858,  -0.594355065018,  3.330972446464 ,  0.0            
      1859,  -0.594358612028,  2.8499212042006,  0.0            
      1860,  -0.990622561425,  2.8713809869122,  0.0            
      1861,  2.9721626388607,  6.2816592479856,  0.0            
      1862,  2.9721626386676,  5.8649873538446,  0.0            
      1863,  3.3684411585131,  5.9508264847413,  0.0            
      1864,  3.3684411579818,  6.3674983784866,  0.0            
      1865,  2.179605598787 ,  5.2980969806498,  0.0            
      1866,  2.5758841186322,  5.3624763288092,  0.0            
      1867,  2.1796055985744,  4.859965303789 ,  0.0            
      1868,  2.5758841184475,  4.9243446519331,  0.0            
      1869,  1.3870485586289,  4.3145347133717,  0.0            
      1870,  1.7833270784942,  4.3574542787839,  0.0            
      1871,  1.3870485583931,  3.8549432537946,  0.0            
      1872,  1.7833270782862,  3.8978628191884,  0.0            
      1873,  0.5944804946452,  3.330972446235 ,  0.0            
      1874,  0.9907700382711,  3.3524322288209,  0.0            
      1875,  0.5944769476344,  2.8499212039715,  0.0            
      1876,  0.9907700380359,  2.8713809865089,  0.0            
      1877,  -0.198109233405,  2.3474101793229,  0.0            
      1878,  0.1981692864828,  2.3474101792465,  0.0            
      1879,  0.1981692862167,  1.8448991542215,  0.0            
      1880,  -0.198109233698,  1.8448991543255,  0.0            
      1881,  4.1814076640233,  5.3172521785492,  0.0            
      1882,  3.7647196781686,  5.6199937214992,  0.0            
      1883,  3.7647196779839,  5.1818620446231,  0.0            
      1884,  4.1609981973837,  5.7272926348252,  0.0            
      1885,  3.4092600901834,  4.2330224350737,  0.0            
      1886,  2.9721626381135,  4.5505923232162,  0.0            
      1887,  3.368441157959 ,  4.6364314541129,  0.0            
      1888,  2.9721626379054,  4.0910008636207,  0.0            
      1889,  2.6371125162282,  3.1487926916691,  0.0            
      1890,  2.1796055979502,  3.4811909250024,  0.0            
      1891,  2.5758841178233,  3.5455702731464,  0.0            
      1892,  2.179605597715 ,  3.0001396826903,  0.0            
      1893,  1.8649649421675,  2.0645629483352,  0.0            
      1894,  1.3870485576874,  2.4117895268585,  0.0            
      1895,  1.7833270775804,  2.4547090922524,  0.0            
      1896,  1.3870485574213,  1.9092785018335,  0.0            
      1897,  1.0928317408076,  0.9802889736883,  0.0            
      1898,  0.5944769468358,  1.3423881288964,  0.0            
      1899,  0.9907700372374,  1.3638479114337,  0.0            
      1900,  0.594469811652 ,  0.8183505251566,  0.0            
      1901,  -8.237602112691,  2.4684912096345,  0.0            
      1902,  -8.115145315246,  2.8453744782332,  0.0            
      1903,  -8.552242767491,  2.5707241556026,  0.0            
      1904,  -8.429785970355,  2.9476074241615,  0.0            
      1905,  -8.045412883071,  1.9893915269391,  0.0            
      1906,  -7.853226339478,  1.5102835782693,  0.0            
      1907,  -7.710365820508,  1.8805177306995,  0.0            
      1908,  -8.188276460277,  1.619147961799 ,  0.0            
      1909,  -7.661042481911,  1.0311673636251,  0.0            
      1910,  -7.468858624342,  0.5520511489681,  0.0            
      1911,  -7.305582894502,  0.9156715424105,  0.0            
      1912,  -7.824318211144,  0.6675469700722,  0.0            
      1913,  -7.27667476677 ,  0.0729349342984,  0.0            
      1914,  -7.084490909197,  -0.406181280384,  0.0            
      1915,  -6.900805713156,  -0.049192324523,  0.0            
      1916,  -7.460359962004,  -0.284054021693,  0.0            
      1917,  -6.892307051623,  -0.88529749508 ,  0.0            
      1918,  -6.496028531804,  -1.01405619151 ,  0.0            
      1919,  -6.700123194047,  -1.364413709788,  0.0            
      1920,  -7.096401712858,  -1.235655013497,  0.0            
      1921,  -7.678042490735,  3.1200413327352,  0.0            
      1922,  -7.342995428172,  3.0111675364956,  0.0            
      1923,  -7.240942352257,  3.3946999212762,  0.0            
      1924,  -7.57599247367 ,  3.503564304713 ,  0.0            
      1925,  -7.232460925001,  2.1418698209157,  0.0            
      1926,  -7.110004127556,  2.5187530895144,  0.0            
      1927,  -6.877001337592,  2.0263739997011,  0.0            
      1928,  -6.754544540155,  2.4032572683184,  0.0            
      1929,  -6.78684757725 ,  1.1637961146256,  0.0            
      1930,  -6.64398705828 ,  1.5340302670558,  0.0            
      1931,  -6.410978523636,  1.0416688558044,  0.0            
      1932,  -6.268121435926,  1.411892448958 ,  0.0            
      1933,  -6.3412514635  ,  0.1856693725042,  0.0            
      1934,  -6.17797573366 ,  0.5492897659467,  0.0            
      1935,  -5.944972943681,  0.0569106760743,  0.0            
      1936,  -5.78169721385 ,  0.4205310695443,  0.0            
      1937,  -5.895655349741,  -0.792457369674,  0.0            
      1938,  -5.7119701537  ,  -0.435468413813,  0.0            
      1939,  -5.295282167684,  -0.570858547819,  0.0            
      1940,  -5.478967363717,  -0.927847503714,  0.0            
      1941,  -6.803844899812,  3.669350243856 ,  0.0            
      1942,  -6.448385312411,  3.55385442266  ,  0.0            
      1943,  -6.36674744737 ,  3.9440005664366,  0.0            
      1944,  -6.722207035084,  4.059496387381 ,  0.0            
      1945,  -6.276616665968,  2.6646800729075,  0.0            
      1946,  -6.174563590054,  3.0482124576881,  0.0            
      1947,  -5.900751043615,  2.5425422548096,  0.0            
      1948,  -5.798694536457,  2.926085198909 ,  0.0            
      1949,  -5.749404470531,  1.6599605454075,  0.0            
      1950,  -5.626947673094,  2.0368438140247,  0.0            
      1951,  -5.353125950721,  1.5312018490051,  0.0            
      1952,  -5.230669153293,  1.9080851176455,  0.0            
      1953,  -5.222142964204,  0.6553927665973,  0.0            
      1954,  -5.079285876495,  1.0256163597509,  0.0            
      1955,  -4.805454978189,  0.5200026325908,  0.0            
      1956,  -4.662601694355,  0.8902145197962,  0.0            
      1957,  -4.694908985635,  -0.349259725945,  0.0            
      1958,  -4.531633255803,  0.0143606675247,  0.0            
      1959,  -4.094535803593,  -0.127660904054,  0.0            
      1960,  -4.257811533415,  -0.491281297557,  0.0            
      1961,  -5.92964999493 ,  4.2186508890179,  0.0            
      1962,  -5.553780941333,  4.0965236302388,  0.0            
      1963,  -5.492552542493,  4.4933012116002,  0.0            
      1964,  -5.868421596506,  4.6154284700514,  0.0            
      1965,  -5.320778151622,  3.1874726463226,  0.0            
      1966,  -5.23914028658 ,  3.5776187900993,  0.0            
      1967,  -4.924499631821,  3.0587139499435,  0.0            
      1968,  -4.84286176679 ,  3.4488600937401,  0.0            
      1969,  -4.711915484212,  2.1562661656722,  0.0            
      1970,  -4.609858977055,  2.5398091097715,  0.0            
      1971,  -4.295231302073,  2.0208643257174,  0.0            
      1972,  -4.193170991061,  2.4044189758157,  0.0            
      1973,  -4.103073404302,  1.1249963291408,  0.0            
      1974,  -3.980616606874,  1.5018795977812,  0.0            
      1975,  -3.665975952092,  0.9829747575624,  0.0            
      1976,  -3.543519154677,  1.35985802623  ,  0.0            
      1977,  -3.494162621559,  0.0939379178556,  0.0            
      1978,  -3.351309337725,  0.464149805061 ,  0.0            
      1979,  -2.893806595806,  0.3154839432513,  0.0            
      1980,  -3.036655703144,  -0.054715091322,  0.0            
      1981,  -5.055455090059,  4.7679515341833,  0.0            
      1982,  -4.659176570269,  4.6391928378242,  0.0            
      1983,  -4.618357637628,  5.0426018567675,  0.0            
      1984,  -5.014636157936,  5.1713605527244,  0.0            
      1985,  -4.364945381963,  3.7102475411615,  0.0            
      1986,  -4.303716983123,  4.1070251225228,  0.0            
      1987,  -3.94825739597 ,  3.5748574072057,  0.0            
      1988,  -3.887028997142,  3.9716349885868,  0.0            
      1989,  -3.67443567384 ,  2.6525435480763,  0.0            
      1990,  -3.592797808809,  3.0426896918729,  0.0            
      1991,  -3.237338221642,  2.510521976525 ,  0.0            
      1992,  -3.155700356625,  2.9006681203445,  0.0            
      1993,  -2.98393894548 ,  1.5947996110637,  0.0            
      1994,  -2.881878634468,  1.9783542611621,  0.0            
      1995,  -2.52643620356 ,  1.4461337492541,  0.0            
      1996,  -2.424371716081,  1.8297012520431,  0.0            
      1997,  -2.293467726334,  0.5369771721333,  0.0            
      1998,  -2.171010928919,  0.9138604408009,  0.0            
      1999,  -1.815551341726,  0.3816927253947,  0.0            
      2000,  -1.693094544327,  0.7585759940932,  0.0            
      2001,  -6.348778688904,  -2.333376030581,  0.0            
      2002,  -6.507939336472,  -1.84352992451 ,  0.0            
      2003,  -6.091251350448,  -1.97892005855 ,  0.0            
      2004,  -6.732443463712,  -2.18725600534 ,  0.0            
      2005,  -5.079008203759,  -1.934065466242,  0.0            
      2006,  -5.245964573732,  -1.420226593631,  0.0            
      2007,  -5.450059235975,  -1.770584111909,  0.0            
      2008,  -4.808867121511,  -1.562248165242,  0.0            
      2009,  -3.809237718646,  -1.534754901795,  0.0            
      2010,  -3.983989811023,  -0.996923262653,  0.0            
      2011,  -4.167675007055,  -1.353912218548,  0.0            
      2012,  -3.526482892608,  -1.145576271831,  0.0            
      2013,  -2.539467233566,  -1.13544433725 ,  0.0            
      2014,  -2.722015048348,  -0.573619931586,  0.0            
      2015,  -2.885290778169,  -0.937240325089,  0.0            
      2016,  -2.24409866374 ,  -0.728904378325,  0.0            
      2017,  -1.269680778924,  -0.736145375449,  0.0            
      2018,  -1.460057441982,  -0.150369396964,  0.0            
      2019,  -1.60290654932 ,  -0.520568431538,  0.0            
      2020,  -0.96173614029 ,  -0.312299280627,  0.0            
      2021,  -3.764572198951,  5.6199937222242,  0.0            
      2022,  -4.1812601852  ,  5.3172521793528,  0.0            
      2023,  -3.764572199219,  5.1818620454169,  0.0            
      2024,  -4.160850719376,  5.7272926354007,  0.0            
      2025,  -2.972015159863,  4.550592324022 ,  0.0            
      2026,  -3.409112612325,  4.2330224360163,  0.0            
      2027,  -3.368293679684,  4.6364314549596,  0.0            
      2028,  -2.972015160141,  4.0910008644879,  0.0            
      2029,  -2.179458120744,  3.4811909257656,  0.0            
      2030,  -2.636965039418,  3.1487926926204,  0.0            
      2031,  -2.575736640589,  3.5455702740015,  0.0            
      2032,  -2.17945812103 ,  3.0001396835014,  0.0            
      2033,  -1.386901081595,  2.4117895274577,  0.0            
      2034,  -1.86481746648 ,  2.064562949168 ,  0.0            
      2035,  -1.783179601463,  2.4547090929874,  0.0            
      2036,  -1.386901081888,  1.9092785024603,  0.0            
      2037,  -0.594358612909,  1.3423881292084,  0.0            
      2038,  -1.092687049785,  0.980280409131 ,  0.0            
      2039,  -0.990622562306,  1.36384791192  ,  0.0            
      2040,  -0.594365748093,  0.8183505254686,  0.0            
      2041,  8.620343237E-06,  -0.337023595582,  0.0            
      2042,  0.3206046776196,  -0.104096925799,  0.0            
      2043,  0.198147880665 ,  0.2727863430021,  0.0            
      2044,  -0.320587436649,  -0.104096925592,  0.0            
      2045,  -0.19813063925 ,  0.2727863431061,  0.0            
      2046,  -8.989334847469,  2.2960903648436,  0.0            
      2047,  -9.132198424675,  1.9258467997035,  0.0            
      2048,  -9.283563350241,  2.3917001392246,  0.0            
      2049,  -8.666192844309,  1.3577605142143,  0.0            
      2050,  -8.980833499109,  1.4599934601824,  0.0            
      2051,  -8.829468573542,  0.9941401206614,  0.0            
      2052,  -8.343053527177,  0.4194223976105,  0.0            
      2053,  -8.678103647976,  0.5282867811402,  0.0            
      2054,  -8.52673872241 ,  0.0624334416192,  0.0            
      2055,  -8.019914210042,  -0.518915719006,  0.0            
      2056,  -8.375373796844,  -0.403419897902,  0.0            
      2057,  -8.224008871277,  -0.869273237423,  0.0            
      2058,  -7.696774892905,  -1.457253835635,  0.0            
      2059,  -8.072643945711,  -1.335126576944,  0.0            
      2060,  -7.921279020145,  -1.800979916465,  0.0            
      2061,  -7.373635575767,  -2.395591952278,  0.0            
      2062,  -7.769914094578,  -2.266833255986,  0.0            
      2063,  -7.618549169012,  -2.732686595507,  0.0            
      2064,  -7.083519468638,  -3.34465996027 ,  0.0            
      2065,  -7.467184243446,  -3.198539935028,  0.0            
      2066,  -7.31581931788 ,  -3.66439327455 ,  0.0            
      2067,  -6.793403361514,  -4.293727968267,  0.0            
      2068,  -7.164454392313,  -4.130246614071,  0.0            
      2069,  -7.013089466747,  -4.596099953592,  0.0            
      2070,  -6.503287254396,  -5.242795976271,  0.0            
      2071,  -6.861724541181,  -5.061953293113,  0.0            
      2072,  -6.710359615614,  -5.527806632634,  0.0            
      2073,  -6.213171147287,  -6.191863984281,  0.0            
      2074,  -6.558994690048,  -5.993659972155,  0.0            
      2075,  -6.407629764482,  -6.459513311676,  0.0            
      2076,  -5.923052538722,  -7.140933809758,  0.0            
      2077,  -6.256264838916,  -6.925366651197,  0.0            
      2078,  -6.104899913349,  -7.391219990718,  0.0            
      2079,  -4.961264367561,  -7.839713819039,  0.0            
      2080,  -4.653284553646,  -8.09          ,  0.0            
      2081,  -5.143111742188,  -8.09          ,  0.0            
      2082,  -3.968998747995,  -7.822350672946,  0.0            
      2083,  -4.163457365104,  -8.09          ,  0.0            
      2084,  -3.673630176562,  -8.09          ,  0.0            
      2085,  -2.976730626967,  -7.804989344282,  0.0            
      2086,  -3.183802988021,  -8.09          ,  0.0            
      2087,  -2.693975799479,  -8.09          ,  0.0            
      2088,  -1.98446250594 ,  -7.787628015593,  0.0            
      2089,  -2.204148610938,  -8.09          ,  0.0            
      2090,  -1.714321422396,  -8.09          ,  0.0            
      2091,  -0.992194384914,  -7.770266686881,  0.0            
      2092,  -1.224494233854,  -8.09          ,  0.0            
      2093,  -0.734667045312,  -8.09          ,  0.0            
      2094,  7.373611193E-05,  -7.752905358146,  0.0            
      2095,  -0.244839856771,  -8.09          ,  0.0            
      2096,  0.2449873317708,  -8.09          ,  0.0            
      2097,  0.9923418571104,  -7.770266687236,  0.0            
      2098,  0.7348145203125,  -8.09          ,  0.0            
      2099,  1.2246417088542,  -8.09          ,  0.0            
      2100,  1.9846099781132,  -7.787628016309,  0.0            
      2101,  1.7144688973958,  -8.09          ,  0.0            
      2102,  2.2042960859375,  -8.09          ,  0.0            
      2103,  2.976878099121 ,  -7.804989345367,  0.0            
      2104,  2.6941232744792,  -8.09          ,  0.0            
      2105,  3.1839504630208,  -8.09          ,  0.0            
      2106,  3.9691462201345,  -7.822350674408,  0.0            
      2107,  3.6737776515625,  -8.09          ,  0.0            
      2108,  4.1636048401042,  -8.09          ,  0.0            
      2109,  4.9614088563435,  -7.839715988563,  0.0            
      2110,  4.6534320286458,  -8.09          ,  0.0            
      2111,  5.1432592171875,  -8.09          ,  0.0            
      2112,  5.9231970275054,  -7.140935979281,  0.0            
      2113,  6.2564123139157,  -6.925366651197,  0.0            
      2114,  6.1050473883494,  -7.391219990718,  0.0            
      2115,  6.2133186198243,  -6.191863986005,  0.0            
      2116,  6.407777239482 ,  -6.459513311676,  0.0            
      2117,  6.5591421650482,  -5.993659972155,  0.0            
      2118,  6.5034347273131,  -5.242795977863,  0.0            
      2119,  6.7105070906145,  -5.527806632634,  0.0            
      2120,  6.8618720161808,  -5.061953293113,  0.0            
      2121,  6.7935508347838,  -4.293727969722,  0.0            
      2122,  7.0132369417471,  -4.596099953592,  0.0            
      2123,  7.1646018673134,  -4.130246614071,  0.0            
      2124,  7.0836669422373,  -3.344659961582,  0.0            
      2125,  7.3159667928796,  -3.66439327455 ,  0.0            
      2126,  7.4673317184459,  -3.198539935028,  0.0            
      2127,  7.3737830496739,  -2.395591953442,  0.0            
      2128,  7.6186966440122,  -2.732686595508,  0.0            
      2129,  7.7700615695785,  -2.266833255986,  0.0            
      2130,  7.6969223670825,  -1.457253836665,  0.0            
      2131,  7.9214264951448,  -1.800979916465,  0.0            
      2132,  8.072791420711 ,  -1.335126576944,  0.0            
      2133,  8.0200616844693,  -0.518915719882,  0.0            
      2134,  8.2241563462773,  -0.869273237423,  0.0            
      2135,  8.3755212718436,  -0.403419897902,  0.0            
      2136,  8.343201001833 ,  0.4194223969073,  0.0            
      2137,  8.5268861974099,  0.062433441619 ,  0.0            
      2138,  8.6782511229762,  0.5282867811401,  0.0            
      2139,  8.6663403191718,  1.3577605137049,  0.0            
      2140,  8.8296160485424,  0.9941401206612,  0.0            
      2141,  8.9809809741087,  1.4599934601823,  0.0            
      2142,  8.9894818866511,  2.2960917057633,  0.0            
      2143,  9.132345899675 ,  1.9258467997034,  0.0            
      2144,  9.2837108252413,  2.3917001392244,  0.0            
      2145,  8.6221114952448,  3.42674151144  ,  0.0            
      2146,  8.5200619139979,  3.8102631424978,  0.0            
      2147,  8.916340433835 ,  3.5223499449011,  0.0            
      2148,  7.8091427392912,  3.9959433938734,  0.0            
      2149,  8.1237833941608,  4.0981763400944,  0.0            
      2150,  7.7275048743237,  4.3860895376911,  0.0            
      2151,  6.9961762335068,  4.5651383515705,  0.0            
      2152,  7.3312263544866,  4.6740027352878,  0.0            
      2153,  6.9349478346495,  4.9619159328845,  0.0            
      2154,  6.1832097277235,  5.1343333092784,  0.0            
      2155,  6.5386693148124,  5.2498291304812,  0.0            
      2156,  6.1423907949753,  5.5377423280778,  0.0            
      2157,  5.3702432219407,  5.7035282669952,  0.0            
      2158,  5.7461122751382,  5.8256555256745,  0.0            
      2159,  5.3498337553011,  6.1135687232712,  0.0            
      2160,  4.5572767161582,  6.2727232247192,  0.0            
      2161,  4.953555235464 ,  6.4014819208679,  0.0            
      2162,  4.5572767156268,  6.6893951184646,  0.0            
      2163,  3.7647196765747,  6.8700094027353,  0.0            
      2164,  4.1609981957897,  6.9773083160612,  0.0            
      2165,  3.7647196759526,  7.2652215136579,  0.0            
      2166,  2.9721626369944,  7.4672955807536,  0.0            
      2167,  3.3684411561155,  7.5531347112546,  0.0            
      2168,  2.9721626362784,  7.8410479088513,  0.0            
      2169,  2.1796055974166,  8.0645817587733,  0.0            
      2170,  2.5758841164413,  8.128961106448 ,  0.0            
      2171,  2.1796055966042,  8.4168743040446,  0.0            
      2172,  1.3870485578406,  8.6618679367938,  0.0            
      2173,  1.7833270767671,  8.7047875016413,  0.0            
      2174,  1.38704855693  ,  8.992700699238 ,  0.0            
      2175,  0.5944892361073,  9.2591541148311,  0.0            
      2176,  0.9907700370929,  9.2806138968347,  0.0            
      2177,  0.5944915172558,  9.5685270944314,  0.0            
      2178,  -0.594346323404,  9.2591541148311,  0.0            
      2179,  -0.990622562093,  9.2806138968347,  0.0            
      2180,  -0.594344042256,  9.5685270944314,  0.0            
      2181,  -1.386901081018,  8.6618679368278,  0.0            
      2182,  -1.38690108193 ,  8.992700699238 ,  0.0            
      2183,  -1.783179601767,  8.7047875016414,  0.0            
      2184,  -2.179458120795,  8.0645817588438,  0.0            
      2185,  -2.179458121604,  8.4168743040447,  0.0            
      2186,  -2.575736641441,  8.128961106448 ,  0.0            
      2187,  -2.972015160577,  7.4672955808626,  0.0            
      2188,  -2.972015161278,  7.8410479088514,  0.0            
      2189,  -3.368293681115,  7.5531347112547,  0.0            
      2190,  -3.764572200364,  6.8700094028848,  0.0            
      2191,  -3.764572200952,  7.265221513658 ,  0.0            
      2192,  -4.16085072079 ,  6.9773083160613,  0.0            
      2193,  -4.557129240156,  6.2727232249111,  0.0            
      2194,  -4.557129240627,  6.6893951184647,  0.0            
      2195,  -4.953407760464,  6.401481920868 ,  0.0            
      2196,  -5.370095746125,  5.7035282672235,  0.0            
      2197,  -5.349686280301,  6.1135687232713,  0.0            
      2198,  -5.745964800138,  5.8256555256747,  0.0            
      2199,  -6.183062252098,  5.1343333095369,  0.0            
      2200,  -6.142243319975,  5.537742328078 ,  0.0            
      2201,  -6.538521839812,  5.2498291304813,  0.0            
      2202,  -6.996028758073,  4.5651383518512,  0.0            
      2203,  -6.934800359649,  4.9619159328846,  0.0            
      2204,  -7.331078879486,  4.674002735288 ,  0.0            
      2205,  -7.808995264052,  3.9959433941663,  0.0            
      2206,  -7.727357399324,  4.3860895376913,  0.0            
      2207,  -8.123635919161,  4.0981763400946,  0.0            
      2208,  -8.621964456063,  3.4267401705202,  0.0            
      2209,  -8.519914438998,  3.810263142498 ,  0.0            
      2210,  -8.916192958835,  3.5223499449013,  0.0            
      2211,  -9.434928275807,  2.8575534787457,  0.0            
      2212,  -9.312471478672,  3.2344367473046,  0.0            
      2213,  0.1982129974187,  9.856440292028 ,  0.0            
      2214,  -0.198065522418,  9.856440292028 ,  0.0            
      2215,  9.4350757508076,  2.8575534787455,  0.0            
      2216,  9.3126189536721,  3.2344367473044,  0.0            
      2217,  5.6330864057292,  -8.09          ,  0.0            
      2218,  5.9536824627831,  -7.857073330239,  0.0            
      2219,  -5.953534987783,  -7.857073330239,  0.0            
      2220,  -5.632938930729,  -8.09          ,  0.0            
      2221,  -5.526774018885,  -7.606787149279,  0.0            
      2222,  -4.521892156181,  -7.572064491985,  0.0            
      2223,  -3.51701279267 ,  -7.537340017228,  0.0            
      2224,  -2.512130927699,  -7.502617359875,  0.0            
      2225,  -1.507249062729,  -7.467894702474,  0.0            
      2226,  -0.50236719776 ,  -7.433172045027,  0.0            
      2227,  -5.80427638431 ,  -6.640357812602,  0.0            
      2228,  -4.74893419998 ,  -6.536193725857,  0.0            
      2229,  -3.693599860963,  -6.432023935936,  0.0            
      2230,  -2.638268368655,  -6.327852077614,  0.0            
      2231,  -1.582931528191,  -6.223684104941,  0.0            
      2232,  -0.527594687732,  -6.119516132175,  0.0            
      2233,  -6.081781248852,  -5.673926658158,  0.0            
      2234,  -4.975984088851,  -5.500317255603,  0.0            
      2235,  -3.870183731398,  -5.32671017348 ,  0.0            
      2236,  -2.764397263871,  -5.15309299942 ,  0.0            
      2237,  -1.658613989943,  -4.979473504933,  0.0            
      2238,  -0.552822174281,  -4.805860216422,  0.0            
      2239,  -6.359283611946,  -4.707497321186,  0.0            
      2240,  -5.203036824462,  -4.46443871708 ,  0.0            
      2241,  -4.046781491793,  -4.221386319215,  0.0            
      2242,  -2.89052261867 ,  -3.978336493595,  0.0            
      2243,  -1.734284369538,  -3.735271683364,  0.0            
      2244,  -0.578049660905,  -3.492204300676,  0.0            
      2245,  -6.636785975055,  -3.741067984227,  0.0            
      2246,  -5.430084211943,  -3.428564064328,  0.0            
      2247,  -4.223382445813,  -3.116060144638,  0.0            
      2248,  -3.016668597488,  -2.80356500327 ,  0.0            
      2249,  -1.809950861815,  -2.491072686202,  0.0            
      2250,  -0.603261177994,  -2.178559987769,  0.0            
      2251,  -6.914288338176,  -2.77463864728 ,  0.0            
      2252,  -5.657131599451,  -2.392689411593,  0.0            
      2253,  -4.399974858122,  -2.010740176142,  0.0            
      2254,  -3.142818116823,  -1.628790940585,  0.0            
      2255,  -1.88564540596 ,  -1.246853307768,  0.0            
      2256,  -0.628510370112,  -0.864970867922,  0.0            
      2257,  5.5269185076683,  -7.606789318802,  0.0            
      2258,  5.8044208706309,  -6.640359983849,  0.0            
      2259,  6.081928719306 ,  -5.673926661474,  0.0            
      2260,  6.359431083133 ,  -4.707497324233,  0.0            
      2261,  6.6369334469246,  -3.741067986994,  0.0            
      2262,  6.9144358106821,  -2.774638649756,  0.0            
      2263,  4.522036642103 ,  -7.57206666297 ,  0.0            
      2264,  4.7490722967732,  -6.536200538659,  0.0            
      2265,  4.9761251706235,  -5.50032190026 ,  0.0            
      2266,  5.2031842919964,  -4.464438722515,  0.0            
      2267,  5.4302316808928,  -3.42856406926 ,  0.0            
      2268,  5.6572790697237,  -2.392689416008,  0.0            
      2269,  3.5171602619638,  -7.537340019774,  0.0            
      2270,  3.6937409412115,  -6.432028579577,  0.0            
      2271,  3.8703146139928,  -5.326722227535,  0.0            
      2272,  4.0469187602544,  -4.22139373415 ,  0.0            
      2273,  4.2235299151881,  -3.116060148389,  0.0            
      2274,  4.4001223289147,  -2.010740179498,  0.0            
      2275,  2.5122783970259,  -7.502617361676,  0.0            
      2276,  2.6384158332721,  -6.327852081074,  0.0            
      2277,  2.7645345309437,  -5.153100413392,  0.0            
      2278,  2.8906454586604,  -3.978354391128,  0.0            
      2279,  3.0168016384847,  -2.803575489727,  0.0            
      2280,  3.1429655881318,  -1.62879094292 ,  0.0            
      2281,  1.5073965320987,  -7.467894703545,  0.0            
      2282,  1.5830789929478,  -6.223684106994,  0.0            
      2283,  1.6587614566576,  -4.979473506808,  0.0            
      2284,  1.7344174092645,  -3.735282168908,  0.0            
      2285,  1.810064830784 ,  -2.491097029449,  0.0            
      2286,  1.8857738053232,  -1.246867167004,  0.0            
      2287,  0.5025146671807,  -7.433172045382,  0.0            
      2288,  0.5277421526432,  -6.119516132854,  0.0            
      2289,  0.552969641247 ,  -4.80586021704 ,  0.0            
      2290,  0.5781971297719,  -3.492204301234,  0.0            
      2291,  0.6033895761817,  -2.178573846144,  0.0            
      2292,  0.6285953592075,  -0.86498472624 ,  0.0            
      2293,  8.9427075522988,  2.9059016440827,  0.0            
      2294,  8.1093315804566,  3.4684651640172,  0.0            
      2295,  7.2759533583928,  4.0310356089544,  0.0            
      2296,  6.4425773864993,  4.5935991291661,  0.0            
      2297,  5.6092014146075,  5.1561626493974,  0.0            
      2298,  4.7758254427164,  5.7187261696449,  0.0            
      2299,  8.599158768931 ,  1.9609320895254,  0.0            
      2300,  7.6841497450615,  2.496955048631 ,  0.0            
      2301,  6.7691336583556,  3.0329997434688,  0.0            
      2302,  5.8541150092931,  3.5690523238639,  0.0            
      2303,  4.9391011727634,  4.1050900940431,  0.0            
      2304,  4.0240873362353,  4.6411278642549,  0.0            
      2305,  8.2556077352455,  1.0159694597116,  0.0            
      2306,  7.2589608465692,  1.5254666682027,  0.0            
      2307,  6.2623168322766,  2.0349550315771,  0.0            
      2308,  5.2656603183725,  2.5444818617926,  0.0            
      2309,  4.2690009299143,  3.0540175383245,  0.0            
      2310,  3.2723492285472,  3.5635295583593,  0.0            
      2311,  7.9120589516755,  0.0709999051666,  0.0            
      2312,  6.833769385608 ,  0.5539861733223,  0.0            
      2313,  5.7554875064686,  1.0369487865205,  0.0            
      2314,  4.677208814095 ,  1.519901592735 ,  0.0            
      2315,  3.5989115607964,  2.0029115190967,  0.0            
      2316,  2.520611120748 ,  2.485931252533 ,  0.0            
      2317,  7.5685101680576,  -0.873969649363,  0.0            
      2318,  6.4085827370781,  -0.41750913178 ,  0.0            
      2319,  5.2486553060002,  0.0389513877806,  0.0            
      2320,  4.0887387487811,  0.4953784438321,  0.0            
      2321,  2.9288256905297,  0.9517947321157,  0.0            
      2322,  1.7688873856458,  1.4082887153899,  0.0            
      2323,  7.2249613843948,  -1.818939203881,  0.0            
      2324,  5.9833960884563,  -1.389004436853,  0.0            
      2325,  4.7418307925244,  -0.959069667448,  0.0            
      2326,  3.5002654966135,  -0.529134897977,  0.0            
      2327,  2.258714573521 ,  -0.099244359843,  0.0            
      2328,  1.0171275722688,  0.3306236138096,  0.0            
      2329,  7.145635163E-05,  9.4031107136294,  0.0            
      2330,  -0.792485582411,  8.7843647536226,  0.0            
      2331,  -1.585040340128,  8.1656187928286,  0.0            
      2332,  -2.377597380012,  7.5468728320567,  0.0            
      2333,  -3.170154419907,  6.9281268712911,  0.0            
      2334,  -3.962711459811,  6.3093809105329,  0.0            
      2335,  0.7926284969364,  8.7843647535886,  0.0            
      2336,  6.657941143E-05,  8.0797796632489,  0.0            
      2337,  -0.792488178517,  7.3751945714183,  0.0            
      2338,  -1.585040339058,  6.6706094795861,  0.0            
      2339,  -2.377597379197,  5.9660243878102,  0.0            
      2340,  -3.170154419362,  5.261439296058 ,  0.0            
      2341,  1.5851878185715,  8.1656187927242,  0.0            
      2342,  0.7926259008443,  7.3751945712718,  0.0            
      2343,  6.106730412E-05,  6.5847703486049,  0.0            
      2344,  -0.792491093269,  5.7943461258761,  0.0            
      2345,  -1.585040340018,  5.0039219031608,  0.0            
      2346,  -2.377597380243,  4.2134976805429,  0.0            
      2347,  2.3777448580512,  7.5468728318773,  0.0            
      2348,  1.5851878197005,  6.6706094792722,  0.0            
      2349,  0.7926229861504,  5.7943461256856,  0.0            
      2350,  5.492223217E-05,  4.918082772167 ,  0.0            
      2351,  -0.792494324558,  4.0418194185578,  0.0            
      2352,  -1.585040341093,  3.1655560649788,  0.0            
      2353,  3.1703018975351,  6.9281268710326,  0.0            
      2354,  2.3777448589977,  5.9660243873085,  0.0            
      2355,  1.5851878188816,  5.0039219027351,  0.0            
      2356,  0.792619754942 ,  4.041819418299 ,  0.0            
      2357,  4.814418182E-05,  3.0797169339488,  0.0            
      2358,  -0.792497872407,  2.1176144494759,  0.0            
      2359,  3.9628589370246,  6.3093809101916,  0.0            
      2360,  3.1703018983107,  5.2614392953474,  0.0            
      2361,  2.3777448581994,  4.213497679835 ,  0.0            
      2362,  1.5851878179899,  3.1655560643895,  0.0            
      2363,  0.792616207194 ,  2.1176144491213,  0.0            
      2364,  3.746142741E-05,  1.0696060379232,  0.0            
      2365,  -8.942560513117,  2.905900303163 ,  0.0            
      2366,  -8.599011729886,  1.9609307491149,  0.0            
      2367,  -8.255460260727,  1.015969460924 ,  0.0            
      2368,  -7.911911477592,  0.0709999067459,  0.0            
      2369,  -7.568362694452,  -0.873969647458,  0.0            
      2370,  -7.224813911311,  -1.818939201687,  0.0            
      2371,  -8.109184541035,  3.4684638233902,  0.0            
      2372,  -7.684003637872,  2.4969508406459,  0.0            
      2373,  -7.258814304315,  1.5254638021628,  0.0            
      2374,  -6.833621912102,  0.5539861762544,  0.0            
      2375,  -6.40843526455 ,  -0.417509128301,  0.0            
      2376,  -5.983248616992,  -1.389004432911,  0.0            
      2377,  -7.27580588272 ,  4.0310356095279,  0.0            
      2378,  -6.768987114548,  3.0329968765895,  0.0            
      2379,  -6.262171778145,  2.0349475838978,  0.0            
      2380,  -5.755341521128,  1.0369442076268,  0.0            
      2381,  -5.248507832843,  0.0389513905943,  0.0            
      2382,  -4.741683320472,  -0.959069664389,  0.0            
      2383,  -6.44242991044 ,  4.5935991297051,  0.0            
      2384,  -5.853967532595,  3.5690523251715,  0.0            
      2385,  -5.265514331396,  2.5444772821373,  0.0            
      2386,  -4.677064934041,  1.5198905330636,  0.0            
      2387,  -4.088593380952,  0.4953719656847,  0.0            
      2388,  -3.500118023982,  -0.529134895779,  0.0            
      2389,  -5.609053938166,  5.156162649884 ,  0.0            
      2390,  -4.938953695326,  4.1050900951713,  0.0            
      2391,  -4.268853453414,  3.0540175396984,  0.0            
      2392,  -3.598766191264,  2.0029050402964,  0.0            
      2393,  -2.928683105574,  0.9517796881696,  0.0            
      2394,  -2.2585698838  ,  -0.099252923619,  0.0            
      2395,  -4.775677965898,  5.7187261700649,  0.0            
      2396,  -4.023939858074,  4.6411278651809,  0.0            
      2397,  -3.272201751377,  3.563529559392 ,  0.0            
      2398,  -2.520463644651,  2.485931253544 ,  0.0            
      2399,  -1.768742694168,  1.4082801511088,  0.0            
      2400,  -1.017026292763,  0.3306150492512,  0.0            
      2401,  -4.635413352986,  -7.05412898397 ,  0.0            
      2402,  -3.605309003049,  -6.984680034455,  0.0            
      2403,  -2.575199650189,  -6.915234719751,  0.0            
      2404,  -1.545090297333,  -6.845789404948,  0.0            
      2405,  -5.276605466922,  -6.588275643768,  0.0            
      2406,  -4.221262933038,  -6.484111807946,  0.0            
      2407,  -4.862455046974,  -6.018258467744,  0.0            
      2408,  -3.165936788888,  -6.379936063927,  0.0            
      2409,  -3.781890718877,  -5.879367837417,  0.0            
      2410,  -2.110599948421,  -6.275768091302,  0.0            
      2411,  -2.70133708712 ,  -5.740469435478,  0.0            
      2412,  -1.05526310796 ,  -6.171600118581,  0.0            
      2413,  -1.620772759048,  -5.601578804935,  0.0            
      2414,  -5.528885344872,  -5.587120013921,  0.0            
      2415,  -4.42308283283 ,  -5.413514497285,  0.0            
      2416,  -5.089513130729,  -4.982376043462,  0.0            
      2417,  -3.317284629965,  -5.239905849675,  0.0            
      2418,  -3.958476743918,  -4.774052509542,  0.0            
      2419,  -2.211509897777,  -5.066280149164,  0.0            
      2420,  -2.827457440622,  -4.565716563361,  0.0            
      2421,  -1.105718082108,  -4.892666860701,  0.0            
      2422,  -1.696455220837,  -4.35736820493 ,  0.0            
      2423,  -5.781160219928,  -4.585968019019,  0.0            
      2424,  -4.624913428995,  -4.342909415142,  0.0            
      2425,  -5.316560518195,  -3.946501390699,  0.0            
      2426,  -3.468649554591,  -4.099863223288,  0.0            
      2427,  -4.135086239667,  -3.668720128888,  0.0            
      2428,  -2.312395682749,  -3.856809763902,  0.0            
      2429,  -2.953587796718,  -3.390956423828,  0.0            
      2430,  -1.156173056328,  -3.613733602827,  0.0            
      2431,  -1.77211351824 ,  -3.113175161798,  0.0            
      2432,  -6.033435095014,  -3.584816024143,  0.0            
      2433,  -4.826733328871,  -3.272312104512,  0.0            
      2434,  -5.543607905691,  -2.910626737956,  0.0            
      2435,  -3.620031562756,  -2.959808184763,  0.0            
      2436,  -4.31167865196 ,  -2.563400160388,  0.0            
      2437,  -2.41330563222 ,  -2.647321821776,  0.0            
      2438,  -3.079749398258,  -2.216173582711,  0.0            
      2439,  -1.20659609141 ,  -2.334823550628,  0.0            
      2440,  -1.84778820539 ,  -1.868970210605,  0.0            
      2441,  5.2767469645629,  -6.588279986262,  0.0            
      2442,  5.5290328107806,  -5.587120020552,  0.0            
      2443,  5.781307687302 ,  -4.585968025114,  0.0            
      2444,  6.0335825637527,  -3.584816029678,  0.0            
      2445,  4.6355548498309,  -7.05413332594 ,  0.0            
      2446,  4.8625897437155,  -6.018267751377,  0.0            
      2447,  4.2213976289836,  -6.484121091055,  0.0            
      2448,  5.0896605975314,  -4.982376049143,  0.0            
      2449,  4.4232175304663,  -5.413523779967,  0.0            
      2450,  5.3167079864614,  -3.946501395887,  0.0            
      2451,  4.6250608966908,  -4.342909419916,  0.0            
      2452,  5.5437553753243,  -2.910626742634,  0.0            
      2453,  4.8268807980329,  -3.272312108843,  0.0            
      2454,  3.605456466636 ,  -6.984680039549,  0.0            
      2455,  3.782025415787 ,  -5.879377119606,  0.0            
      2456,  3.1660842534395,  -6.379936068099,  0.0            
      2457,  3.9586038121986,  -4.774067335465,  0.0            
      2458,  3.3174116975194,  -5.239920675103,  0.0            
      2459,  4.1352337083101,  -3.668720132834,  0.0            
      2460,  3.468776623818 ,  -4.099878048383,  0.0            
      2461,  4.311826122066 ,  -2.563400163943,  0.0            
      2462,  3.6201790323432,  -2.959808187934,  0.0            
      2463,  2.5753471138435,  -6.915234723352,  0.0            
      2464,  2.7014845527007,  -5.740469438796,  0.0            
      2465,  2.1107474131047,  -6.27576809405 ,  0.0            
      2466,  2.8275845091867,  -4.565731387987,  0.0            
      2467,  2.2116573643679,  -5.06628015168 ,  0.0            
      2468,  2.9537064081342,  -3.390977394269,  0.0            
      2469,  2.3125142935028,  -3.856830733873,  0.0            
      2470,  3.0798968688352,  -2.216173585185,  0.0            
      2471,  2.4134242446262,  -2.647342791519,  0.0            
      2472,  1.5452377610724,  -6.84578940709 ,  0.0            
      2473,  1.6209202248232,  -5.601578806898,  0.0            
      2474,  1.0554105727909,  -6.171600119939,  0.0            
      2475,  1.696602688492 ,  -4.357368206718,  0.0            
      2476,  1.1058655489472,  -4.892666861936,  0.0            
      2477,  1.772232130037 ,  -3.113196131098,  0.0            
      2478,  1.1563205250262,  -3.613733603943,  0.0            
      2479,  1.8478975315311,  -1.868997927801,  0.0            
      2480,  1.2067054169419,  -2.334851267379,  0.0            
      2481,  -0.514980944479,  -6.776344090054,  0.0            
      2482,  0.5151284083198,  -6.776344090764,  0.0            
      2483,  -0.540208430986,  -5.462688174296,  0.0            
      2484,  0.5403558969666,  -5.462688174944,  0.0            
      2485,  7.373249550E-05,  -6.06743214577 ,  0.0            
      2486,  -0.565435917576,  -4.149032258548,  0.0            
      2487,  0.5655833855274,  -4.149032259135,  0.0            
      2488,  7.373354686E-05,  -4.719053572144,  0.0            
      2489,  -0.590663404235,  -2.835376342804,  0.0            
      2490,  0.5908108740163,  -2.835376343332,  0.0            
      2491,  7.373451758E-05,  -3.370674998525,  0.0            
      2492,  -0.615858951754,  -1.521743632733,  0.0            
      2493,  0.6159682783472,  -1.521771348956,  0.0            
      2494,  7.373542153E-05,  -2.02229642491 ,  0.0            
      2495,  7.8967405068339,  2.9827105867383,  0.0            
      2496,  7.0225411023805,  3.5320250814193,  0.0            
      2497,  6.1483461982677,  4.0813257266493,  0.0            
      2498,  5.2741512941582,  4.6306263719186,  0.0            
      2499,  8.1416541009703,  2.228944049108 ,  0.0            
      2500,  7.2266453891527,  2.764966048154 ,  0.0            
      2501,  7.471558983289 ,  2.0111995105238,  0.0            
      2502,  6.3116219275586,  3.3010334387834,  0.0            
      2503,  6.5157262143308,  2.5339744055182,  0.0            
      2504,  5.3966080910276,  3.8370712089444,  0.0            
      2505,  5.5598838203186,  3.0567789210785,  0.0            
      2506,  4.4815942544991,  4.3731089791418,  0.0            
      2507,  4.6040510513685,  3.5795538161676,  0.0            
      2508,  7.7572818847317,  1.2707254685225,  0.0            
      2509,  6.7606398084066,  1.7802078678829,  0.0            
      2510,  7.0463627098493,  1.0397338258816,  0.0            
      2511,  5.7639938561466,  2.2897021952713,  0.0            
      2512,  6.0089074502224,  1.5359356576359,  0.0            
      2513,  4.7673267805985,  2.799261528314 ,  0.0            
      2514,  4.9714368164265,  2.0321848025068,  0.0            
      2515,  3.77067507923  ,  3.308773548335 ,  0.0            
      2516,  3.93395080846  ,  2.5284812604814,  0.0            
      2517,  7.3729141687242,  0.3124930384748,  0.0            
      2518,  6.2946246024917,  0.7954793081698,  0.0            
      2519,  6.6211760613667,  0.068238520763 ,  0.0            
      2520,  5.2163504104456,  1.2784182648712,  0.0            
      2521,  5.5020675627149,  0.5379619154051,  0.0            
      2522,  4.1380672177444,  1.7613849205988,  0.0            
      2523,  4.3829808117635,  1.0076183829633,  0.0            
      2524,  3.0597559038483,  2.2444381175946,  0.0            
      2525,  3.2638723131327,  1.477341777712 ,  0.0            
      2526,  6.9885464526209,  -0.645739391543,  0.0            
      2527,  5.8286190215352,  -0.189278872018,  0.0            
      2528,  6.1959894127895,  -0.903256784324,  0.0            
      2529,  4.6686915904651,  0.267181647579 ,  0.0            
      2530,  4.9952430492854,  -0.460059139844,  0.0            
      2531,  3.5087859070971,  0.7235752400853,  0.0            
      2532,  3.7944966857986,  -0.016861495299,  0.0            
      2533,  2.3488654739623,  1.1800142241462,  0.0            
      2534,  2.5937790679267,  0.4262476865195,  0.0            
      2535,  6.2858574401352,  -2.583664034243,  0.0            
      2536,  6.6041787364279,  -1.603971821535,  0.0            
      2537,  5.0287006993122,  -2.201714797772,  0.0            
      2538,  5.3626134404847,  -1.17403705217 ,  0.0            
      2539,  5.7708027641231,  -1.874752089382,  0.0            
      2540,  3.7715439585172,  -1.819765561224,  0.0            
      2541,  4.1210481445641,  -0.744102282727,  0.0            
      2542,  4.4884185357634,  -1.458080195053,  0.0            
      2543,  2.5143872177464,  -1.437816324616,  0.0            
      2544,  2.8794828486629,  -0.314167513227,  0.0            
      2545,  3.2060343074283,  -1.041408300655,  0.0            
      2546,  1.2571603929   ,  -1.055918009391,  0.0            
      2547,  1.637946298379 ,  0.1156787935398,  0.0            
      2548,  1.9236500791153,  -0.624736406206,  0.0            
      2549,  -0.39620934281 ,  8.4320722092088,  0.0            
      2550,  -1.18876181857 ,  7.7704066828142,  0.0            
      2551,  -1.981318858665,  7.1087411564638,  0.0            
      2552,  -2.77387589878 ,  6.4470756301258,  0.0            
      2553,  0.3963476968614,  8.4320722091408,  0.0            
      2554,  -0.396214538038,  7.727487117357 ,  0.0            
      2555,  0.3963425016333,  7.727487117289 ,  0.0            
      2556,  -1.188761818995,  7.0229020254795,  0.0            
      2557,  -0.396214538464,  6.9799824600223,  0.0            
      2558,  -1.981318859121,  6.3183169336927,  0.0            
      2559,  -1.188761819451,  6.2324778027084,  0.0            
      2560,  -2.773875899273,  5.6137318419276,  0.0            
      2561,  -1.981318859614,  5.4849731454945,  0.0            
      2562,  1.1889093004574,  7.7704066826054,  0.0            
      2563,  0.3963425012312,  6.9799824599381,  0.0            
      2564,  1.1889093000554,  7.0229020252544,  0.0            
      2565,  -0.396220366623,  6.1895582372718,  0.0            
      2566,  0.3963366730719,  6.1895582371876,  0.0            
      2567,  -1.188761819915,  5.3991340144804,  0.0            
      2568,  -0.396220367088,  5.3562144490437,  0.0            
      2569,  -1.98131886012 ,  4.6087097918411,  0.0            
      2570,  -1.188761820422,  4.522870660827 ,  0.0            
      2571,  1.9814663397425,  7.1087411561049,  0.0            
      2572,  1.1889092996584,  6.2324778024396,  0.0            
      2573,  1.9814663393456,  6.3183169332901,  0.0            
      2574,  0.3963366726423,  5.3562144489317,  0.0            
      2575,  1.1889092992288,  5.3991340141837,  0.0            
      2576,  -0.396226828178,  4.4799510954023,  0.0            
      2577,  0.3963302115519,  4.4799510952903,  0.0            
      2578,  -1.188761820938,  3.6036877417133,  0.0            
      2579,  -0.396226828695,  3.5607681762886,  0.0            
      2580,  2.7740233790361,  6.4470756296088,  0.0            
      2581,  1.9814663389594,  5.4849731450081,  0.0            
      2582,  2.7740233786499,  5.6137318413269,  0.0            
      2583,  1.1889092988037,  4.5228706604621,  0.0            
      2584,  1.9814663385343,  4.6087097912864,  0.0            
      2585,  0.3963302110802,  3.5607681761359,  0.0            
      2586,  1.1889092983321,  3.6036877413077,  0.0            
      2587,  -0.396233922717,  2.5986656917617,  0.0            
      2588,  0.3963231170586,  2.598665691609 ,  0.0            
      2589,  4.3999563900502,  5.1799270172202,  0.0            
      2590,  3.5665804183409,  5.7854101031202,  0.0            
      2591,  3.6482182824203,  4.1023287112896,  0.0            
      2592,  2.7740233782805,  4.7374684875746,  0.0            
      2593,  3.5665804179714,  4.909146749368 ,  0.0            
      2594,  2.8964801746741,  3.0247304054289,  0.0            
      2595,  1.9814663381182,  3.6895268720954,  0.0            
      2596,  2.7740233778644,  3.8182855683836,  0.0            
      2597,  2.1447420668219,  1.9471320996371,  0.0            
      2598,  1.1889092978617,  2.6415852566837,  0.0            
      2599,  1.9814663376477,  2.7274243874714,  0.0            
      2600,  1.3930327044698,  0.8694453311427,  0.0            
      2601,  0.3963231165262,  1.5936436415589,  0.0            
      2602,  1.1889092973293,  1.6365632066336,  0.0            
      2603,  -8.141507497881,  2.2289413682868,  0.0            
      2604,  -7.757134410694,  1.2707254709472,  0.0            
      2605,  -7.372766695556,  0.3124930416332,  0.0            
      2606,  -6.98839898041 ,  -0.645739387732,  0.0            
      2607,  -7.896593902991,  2.9827079054842,  0.0            
      2608,  -7.471413372754,  2.0111937758076,  0.0            
      2609,  -7.226499777864,  2.764960313005 ,  0.0            
      2610,  -7.046215235876,  1.0397338285181,  0.0            
      2611,  -6.760494197936,  1.7802021333785,  0.0            
      2612,  -6.621028588328,  0.0682385239907,  0.0            
      2613,  -6.294477128648,  0.7954793108755,  0.0            
      2614,  -6.195841940772,  -0.903256780592,  0.0            
      2615,  -5.828471548691,  -0.189278868869,  0.0            
      2616,  -7.022393626035,  3.5320250825661,  0.0            
      2617,  -6.515580603062,  2.5339686706129,  0.0            
      2618,  -6.311474451232,  3.301033440174 ,  0.0            
      2619,  -6.008762953229,  1.5359264971827,  0.0            
      2620,  -5.763849358354,  2.2896930344172,  0.0            
      2621,  -5.501920089027,  0.5379619180708,  0.0            
      2622,  -5.216205913608,  1.278409104378 ,  0.0            
      2623,  -4.99509557666 ,  -0.460059136882,  0.0            
      2624,  -4.668544116996,  0.2671816500577,  0.0            
      2625,  -6.14819872115 ,  4.0813257277272,  0.0            
      2626,  -5.55973634404 ,  3.0567789226158,  0.0            
      2627,  -5.396460613957,  3.837071210169 ,  0.0            
      2628,  -4.971292318753,  2.0321756416588,  0.0            
      2629,  -4.767179304438,  2.7992615298575,  0.0            
      2630,  -4.382837549329,  1.0076054244684,  0.0            
      2631,  -4.137923954474,  1.7613719617493,  0.0            
      2632,  -3.794349212576,  -0.016861493099,  0.0            
      2633,  -3.508642644909,  0.7235622813116,  0.0            
      2634,  -5.274003816276,  4.6306263728917,  0.0            
      2635,  -4.603903574377,  3.5795538174508,  0.0            
      2636,  -4.481446776696,  4.3731089801735,  0.0            
      2637,  -3.93380333245 ,  2.528481261946 ,  0.0            
      2638,  -3.770527602389,  3.3087735495393,  0.0            
      2639,  -3.263729050078,  1.4773288186468,  0.0            
      2640,  -3.059608428055,  2.2444381188436,  0.0            
      2641,  -2.59363716107 ,  0.4262305576923,  0.0            
      2642,  -2.348723566239,  1.1799970950275,  0.0            
      2643,  -6.285709970124,  -2.583664029291,  0.0            
      2644,  -6.60403126526 ,  -1.603971817149,  0.0            
      2645,  -5.028553228778,  -2.201714793895,  0.0            
      2646,  -5.362465968724,  -1.174037048673,  0.0            
      2647,  -5.770655293212,  -1.87475208523 ,  0.0            
      2648,  -3.771396487464,  -1.819765558388,  0.0            
      2649,  -4.120900672219,  -0.744102280105,  0.0            
      2650,  -4.488271064283,  -1.458080191895,  0.0            
      2651,  -2.514239746182,  -1.437816322782,  0.0            
      2652,  -2.879335375746,  -0.314167511454,  0.0            
      2653,  -3.205886835388,  -1.04140829846 ,  0.0            
      2654,  -1.257051065738,  -1.055890292755,  0.0            
      2655,  -1.637804391854,  0.1156616642151,  0.0            
      2656,  -1.92350260653 ,  -0.624736404931,  0.0            
      2657,  -3.566432938914,  5.7854101038029,  0.0            
      2658,  -4.399808911414,  5.1799270180602,  0.0            
      2659,  -2.77387589981 ,  4.737468488313 ,  0.0            
      2660,  -3.648070804733,  4.1023287123016,  0.0            
      2661,  -3.566432939452,  4.9091467501883,  0.0            
      2662,  -1.981318860675,  3.6895268727728,  0.0            
      2663,  -2.896332698021,  3.0247304064824,  0.0            
      2664,  -2.773875900365,  3.8182855692447,  0.0            
      2665,  -1.18876182151 ,  2.6415852571849,  0.0            
      2666,  -2.14459459128 ,  1.9471321006055,  0.0            
      2667,  -1.981318861247,  2.7274243882444,  0.0            
      2668,  -0.396233923304,  1.5936436417669,  0.0            
      2669,  -1.392890797056,  0.8694282016121,  0.0            
      2670,  -1.188761822097,  1.6365632071901,  0.0            
      2671,  3.032551495E-05,  -0.674051443088,  0.0            
      2672,  0.6412224400678,  -0.208198103524,  0.0            
      2673,  0.3963088461585,  0.5455684340794,  0.0            
      2674,  -0.64116178847 ,  -0.20819810311 ,  0.0            
      2675,  -0.396248193671,  0.5455684342874,  0.0            
      2676,  -8.77078880748 ,  2.4334072602231,  0.0            
      2677,  -8.427234652293,  1.4884542380067,  0.0            
      2678,  -9.056515961892,  1.692920129943 ,  0.0            
      2679,  -8.08368586916 ,  0.5434846838413,  0.0            
      2680,  -8.753786110759,  0.7612134509008,  0.0            
      2681,  -7.740137086022,  -0.40148487035 ,  0.0            
      2682,  -8.451056259627,  -0.170493228141,  0.0            
      2683,  -7.396588302882,  -1.346454424566,  0.0            
      2684,  -8.148326408494,  -1.102199907184,  0.0            
      2685,  -7.05303951974 ,  -2.291423978809,  0.0            
      2686,  -7.845596557362,  -2.033906586226,  0.0            
      2687,  -6.775537156613,  -3.25785331575 ,  0.0            
      2688,  -7.542866706229,  -2.965613265268,  0.0            
      2689,  -6.498034793497,  -4.224282652703,  0.0            
      2690,  -7.240136855096,  -3.89731994431 ,  0.0            
      2691,  -6.220532430395,  -5.190711989668,  0.0            
      2692,  -6.937407003964,  -4.829026623352,  0.0            
      2693,  -5.943030067309,  -6.157141326647,  0.0            
      2694,  -6.634677152831,  -5.760733302394,  0.0            
      2695,  -5.665522701312,  -7.123574298558,  0.0            
      2696,  -6.331947301699,  -6.692439981437,  0.0            
      2697,  -5.024330587204,  -7.589427638079,  0.0            
      2698,  -4.019453725157,  -7.554701345891,  0.0            
      2699,  -4.408370959375,  -8.09          ,  0.0            
      2700,  -3.014571860184,  -7.519978688564,  0.0            
      2701,  -3.428716582292,  -8.09          ,  0.0            
      2702,  -2.009689995214,  -7.485256031186,  0.0            
      2703,  -2.449062205208,  -8.09          ,  0.0            
      2704,  -1.004808130245,  -7.450533373762,  0.0            
      2705,  -1.469407828125,  -8.09          ,  0.0            
      2706,  7.373472387E-05,  -7.415810716293,  0.0            
      2707,  -0.489753451042,  -8.09          ,  0.0            
      2708,  1.0049555996376,  -7.450533374472,  0.0            
      2709,  0.4899009260417,  -8.09          ,  0.0            
      2710,  2.0098374645598,  -7.485256032619,  0.0            
      2711,  1.469555303125 ,  -8.09          ,  0.0            
      2712,  3.014719329492 ,  -7.519978690734,  0.0            
      2713,  2.4492096802083,  -8.09          ,  0.0            
      2714,  4.0196011944357,  -7.554701348815,  0.0            
      2715,  3.4288640572917,  -8.09          ,  0.0            
      2716,  5.0244720897703,  -7.589431977125,  0.0            
      2717,  4.408518434375 ,  -8.09          ,  0.0            
      2718,  5.6656642038782,  -7.123578637604,  0.0            
      2719,  5.9431775373835,  -6.157141330094,  0.0            
      2720,  6.3320947766988,  -6.692439981437,  0.0            
      2721,  6.2206799012285,  -5.190711992853,  0.0            
      2722,  6.6348246278314,  -5.760733302394,  0.0            
      2723,  6.4981822650374,  -4.224282655613,  0.0            
      2724,  6.937554478964 ,  -4.829026623352,  0.0            
      2725,  6.7756846288118,  -3.257853318375,  0.0            
      2726,  7.2402843300965,  -3.89731994431 ,  0.0            
      2727,  7.0531869925525,  -2.291423981136,  0.0            
      2728,  7.5430141812291,  -2.965613265268,  0.0            
      2729,  7.3967357762371,  -1.346454426625,  0.0            
      2730,  7.8457440323616,  -2.033906586226,  0.0            
      2731,  7.7402845598781,  -0.401484872102,  0.0            
      2732,  8.1484738834942,  -1.102199907184,  0.0            
      2733,  8.0838333434729,  0.543484682435 ,  0.0            
      2734,  8.4512037346267,  -0.170493228142,  0.0            
      2735,  8.4273821270181,  1.4884542369881,  0.0            
      2736,  8.7539335857593,  0.7612134509006,  0.0            
      2737,  8.770935410844 ,  2.4334099420627,  0.0            
      2738,  9.0566634368918,  1.6929201299428,  0.0            
      2739,  8.5260218165732,  3.1871764791805,  0.0            
      2740,  7.6926413443401,  3.7497538488539,  0.0            
      2741,  8.3219226540794,  3.9542197412961,  0.0            
      2742,  6.8592653724455,  4.3123173690548,  0.0            
      2743,  7.5293656144052,  4.5300461364895,  0.0            
      2744,  6.0258894005531,  4.8748808892773,  0.0            
      2745,  6.7368085747309,  5.1058725316828,  0.0            
      2746,  5.1925134286618,  5.4374444095175,  0.0            
      2747,  5.9442515350567,  5.6816989268762,  0.0            
      2748,  4.3591374567709,  6.0000079297722,  0.0            
      2749,  5.1516944953825,  6.2575253220696,  0.0            
      2750,  3.5665804172782,  6.6187538906109,  0.0            
      2751,  4.3591374557083,  6.8333517172629,  0.0            
      2752,  2.7740233777919,  7.2374998514542,  0.0            
      2753,  3.5665804160341,  7.4091781124563,  0.0            
      2754,  1.9814663383105,  7.8562458123004,  0.0            
      2755,  2.7740233763599,  7.9850045076496,  0.0            
      2756,  1.1889092988326,  8.474991773148 ,  0.0            
      2757,  1.9814663366856,  8.560830902843 ,  0.0            
      2758,  0.3963476950403,  9.0937377340291,  0.0            
      2759,  1.1889092970114,  9.1366572980364,  0.0            
      2760,  -0.396209344634,  9.0937377340292,  0.0            
      2761,  -1.188761820188,  8.474991773216 ,  0.0            
      2762,  -1.188761822011,  9.1366572980364,  0.0            
      2763,  -1.981318860068,  7.8562458124412,  0.0            
      2764,  -1.981318861685,  8.560830902843 ,  0.0            
      2765,  -2.773875899957,  7.2374998516722,  0.0            
      2766,  -2.77387590136 ,  7.9850045076497,  0.0            
      2767,  -3.566432939857,  6.61875389091  ,  0.0            
      2768,  -3.566432941034,  7.4091781124564,  0.0            
      2769,  -4.358989979766,  6.0000079301559,  0.0            
      2770,  -4.358989980708,  6.833351717263 ,  0.0            
      2771,  -5.19236595203 ,  5.4374444099739,  0.0            
      2772,  -5.151547020382,  6.2575253220697,  0.0            
      2773,  -6.025741924302,  4.8748808897941,  0.0            
      2774,  -5.944104060057,  5.6816989268763,  0.0            
      2775,  -6.859117896579,  4.3123173696161,  0.0            
      2776,  -6.736661099731,  5.105872531683 ,  0.0            
      2777,  -7.692493868861,  3.7497538494396,  0.0            
      2778,  -7.529218139405,  4.5300461364896,  0.0            
      2779,  -8.525875213209,  3.1871737973409,  0.0            
      2780,  -8.321775179079,  3.9542197412963,  0.0            
      2781,  -9.359245813024,  2.6246268089852,  0.0            
      2782,  -9.114332218754,  3.378393346103 ,  0.0            
      2783,  0.3963522573372,  9.7124836932297,  0.0            
      2784,  -0.396204782337,  9.7124836932297,  0.0            
      2785,  9.3593932880244,  2.624626808985 ,  0.0            
      2786,  9.1144796937536,  3.3783933461028,  0.0            
      2787,  5.3881728114583,  -8.09          ,  0.0            
      2788,  6.0293649255663,  -7.624146660479,  0.0            
      2789,  -6.029217450566,  -7.624146660479,  0.0            
      2790,  -5.388025336458,  -8.09          ,  0.0            
      2791,  -5.150463026492,  -7.088855276158,  0.0            
      2792,  -4.120363679481,  -7.019402691782,  0.0            
      2793,  -3.090254326618,  -6.949957377129,  0.0            
      2794,  -2.060144973761,  -6.880512062373,  0.0            
      2795,  -1.030035620906,  -6.811066747523,  0.0            
      2796,  -5.402747907352,  -6.087696011378,  0.0            
      2797,  -4.322162186595,  -5.94882092411 ,  0.0            
      2798,  -3.241619251159,  -5.809914750725,  0.0            
      2799,  -2.161054923082,  -5.671024120231,  0.0            
      2800,  -1.080490595015,  -5.532133489639,  0.0            
      2801,  -5.655022782392,  -5.086544016464,  0.0            
      2802,  -4.524003479065,  -4.87820807046 ,  0.0            
      2803,  -3.392950008772,  -4.669896948624,  0.0            
      2804,  -2.261964872472,  -4.461536178098,  0.0            
      2805,  -1.130945569202,  -4.253200231763,  0.0            
      2806,  -5.907297657465,  -4.085392021575,  0.0            
      2807,  -4.725823378924,  -3.807610759824,  0.0            
      2808,  -3.54434910041 ,  -3.529829497951,  0.0            
      2809,  -2.362826493026,  -3.252083349706,  0.0            
      2810,  -1.181400543454,  -2.974266973891,  0.0            
      2811,  -6.159572532564,  -3.084240026712,  0.0            
      2812,  -4.927643278818,  -2.737013449201,  0.0            
      2813,  -3.695714025102,  -2.389786871575,  0.0            
      2814,  -2.463784771415,  -2.042560293846,  0.0            
      2815,  -1.231791639366,  -1.695380127365,  0.0            
      2816,  5.1505985566239,  -7.088863954251,  0.0            
      2817,  5.4028953725019,  -6.087696018273,  0.0            
      2818,  5.6551702490593,  -5.086544022832,  0.0            
      2819,  5.9074451255446,  -4.085392027395,  0.0            
      2820,  6.1597200019608,  -3.084240031961,  0.0            
      2821,  4.120511143038 ,  -7.01940269763 ,  0.0            
      2822,  4.3222841149291,  -5.94883948448 ,  0.0            
      2823,  4.5241509460035,  -4.878208075454,  0.0            
      2824,  4.7259708473781,  -3.807610764378,  0.0            
      2825,  4.9277907486878,  -2.737013453307,  0.0            
      2826,  3.090401790234 ,  -6.949957381467,  0.0            
      2827,  3.241766716645 ,  -5.809914754731,  0.0            
      2828,  3.3930566783938,  -4.669926595476,  0.0            
      2829,  3.5444965692422,  -3.52982950129 ,  0.0            
      2830,  3.6958614954442,  -2.389786874579,  0.0            
      2831,  2.060292437453 ,  -6.880512065237,  0.0            
      2832,  2.1612023887564,  -5.671024122862,  0.0            
      2833,  2.2621123399795,  -4.461536180498,  0.0            
      2834,  2.3629162470261,  -3.252125287248,  0.0            
      2835,  2.4639322422262,  -2.042560295791,  0.0            
      2836,  1.0301830846918,  -6.811066748943,  0.0            
      2837,  1.08063806089  ,  -5.532133490935,  0.0            
      2838,  1.1310930370044,  -4.253200232938,  0.0            
      2839,  1.1815480130479,  -2.974266974948,  0.0            
      2840,  1.231862820836 ,  -1.69543555981 ,  0.0            
      2841,  7.373194774E-05,  -6.741621432586,  0.0            
      2842,  7.373304325E-05,  -5.393242858954,  0.0            
      2843,  7.373405048E-05,  -4.044864285333,  0.0            
      2844,  7.373498469E-05,  -2.696485711717,  0.0            
      2845,  7.373585837E-05,  -1.348107138102,  0.0            
      2846,  8.3338424592299,  2.7080464146615,  0.0            
      2847,  7.459638554438 ,  3.2573747588151,  0.0            
      2848,  6.585443650323 ,  3.8066754040236,  0.0            
      2849,  5.7112487462124,  4.3559760492751,  0.0            
      2850,  4.8370538421041,  4.9052766945622,  0.0            
      2851,  7.9494657427106,  1.7498416835545,  0.0            
      2852,  6.9936522238674,  2.272557337493 ,  0.0            
      2853,  6.0378002047942,  2.7953914735434,  0.0            
      2854,  5.081967435843 ,  3.3181663686137,  0.0            
      2855,  4.1261346668941,  3.8409412637215,  0.0            
      2856,  7.5650980267528,  0.7916092534904,  0.0            
      2857,  6.5276273929458,  1.2878583982727,  0.0            
      2858,  5.490187507499 ,  1.7840129169992,  0.0            
      2859,  4.452686125354 ,  2.2803566880144,  0.0            
      2860,  3.415215491566 ,  2.7766058329484,  0.0            
      2861,  7.1807303106957,  -0.166623176541,  0.0            
      2862,  6.0616218120377,  0.3031002180668,  0.0            
      2863,  4.9425133133921,  0.7728236127433,  0.0            
      2864,  3.8234483101349,  1.2424131531833,  0.0            
      2865,  2.7042963161306,  1.7122704022408,  0.0            
      2866,  6.7963625945462,  -1.124855606545,  0.0            
      2867,  5.5956162310328,  -0.681657962102,  0.0            
      2868,  4.394869867538 ,  -0.238460317585,  0.0            
      2869,  3.1941235040592,  0.2047373269874,  0.0            
      2870,  1.9934346317941,  0.6477580460515,  0.0            
      2871,  6.4119948783096,  -2.083088036526,  0.0            
      2872,  5.1296106499367,  -1.666416142237,  0.0            
      2873,  3.8472264215901,  -1.249744247869,  0.0            
      2874,  2.5648421932665,  -0.833072353441,  0.0            
      2875,  1.282457964964 ,  -0.416400458972,  0.0            
      2876,  6.461290621E-05,  8.7629049724252,  0.0            
      2877,  -0.792483298527,  8.1012394459923,  0.0            
      2878,  -1.585040338613,  7.4395739196361,  0.0            
      2879,  -2.377597378718,  6.7779083932914,  0.0            
      2880,  -3.170154418842,  6.1162428669602,  0.0            
      2881,  0.7926307808166,  8.1012394458563,  0.0            
      2882,  5.422244994E-05,  7.3537347887218,  0.0            
      2883,  -0.792483299377,  6.6062301313228,  0.0            
      2884,  -1.585040339524,  5.858725474094 ,  0.0            
      2885,  -2.377597379704,  5.111220816895 ,  0.0            
      2886,  1.5851878200982,  7.4395739193544,  0.0            
      2887,  0.7926307800126,  6.6062301311544,  0.0            
      2888,  4.256613132E-05,  5.7728863432207,  0.0            
      2889,  -0.792483300306,  4.9395425548668,  0.0            
      2890,  -1.585040340537,  4.1061987667872,  0.0            
      2891,  2.3777448593868,  6.7779083928554,  0.0            
      2892,  1.5851878193043,  5.8587254737247,  0.0            
      2893,  0.7926307791534,  4.9395425546428,  0.0            
      2894,  2.964395037E-05,  4.0203596359378,  0.0            
      2895,  -0.79248330134 ,  3.1011767166394,  0.0            
      2896,  3.1703018986853,  6.1162428663623,  0.0            
      2897,  2.3777448586146,  5.1112208162915,  0.0            
      2898,  1.5851878184541,  4.1061987662814,  0.0            
      2899,  0.7926307782101,  3.101176716334 ,  0.0            
      2900,  1.545590707E-05,  2.096154666884 ,  0.0            
      2901,  3.9628589379964,  5.4545773398782,  0.0            
      2902,  3.1703018979465,  4.3637161588578,  0.0            
      2903,  2.3777448577822,  3.2728549779093,  0.0            
      2904,  1.5851878175132,  2.1819937970334,  0.0            
      2905,  0.7926307771454,  1.0911326162338,  0.0            
      2906,  -8.333696727501,  2.7080410509822,  0.0            
      2907,  -7.949318268261,  1.7498416855914,  0.0            
      2908,  -7.564950553128,  0.791609256303 ,  0.0            
      2909,  -7.180582837985,  -0.166623173036,  0.0            
      2910,  -6.796215122835,  -1.124855602428,  0.0            
      2911,  -7.45949107848 ,  3.2573747599863,  0.0            
      2912,  -6.993508477248,  2.2725458660238,  0.0            
      2913,  -6.527479918624,  1.2878584007332,  0.0            
      2914,  -6.061474338672,  0.3031002210178,  0.0            
      2915,  -5.595468758709,  -0.681657958756,  0.0            
      2916,  -6.58529617359 ,  3.8066754051459,  0.0            
      2917,  -6.037652728875,  2.7953914752021,  0.0            
      2918,  -5.490045987834,  1.7839945936322,  0.0            
      2919,  -4.942365839382,  0.7728236151238,  0.0            
      2920,  -4.39472239461 ,  -0.238460315008,  0.0            
      2921,  -5.71110126871 ,  4.3559760503086,  0.0            
      2922,  -5.081819959204,  3.3181663700295,  0.0            
      2923,  -4.452538649672,  2.2803566896855,  0.0            
      2924,  -3.823309259275,  1.2423872338131,  0.0            
      2925,  -3.193976030542,  0.2047373288103,  0.0            
      2926,  -4.836906363842,  4.9052766954749,  0.0            
      2927,  -4.12598718955 ,  3.8409412648721,  0.0            
      2928,  -3.415068015229,  2.7766058342065,  0.0            
      2929,  -2.704148840881,  1.7122704034806,  0.0            
      2930,  -1.993298291598,  0.6477237865743,  0.0            
      2931,  -6.411847407684,  -2.08308803187 ,  0.0            
      2932,  -5.129463178739,  -1.666416138589,  0.0            
      2933,  -3.847078949827,  -1.249744245202,  0.0            
      2934,  -2.56469472095 ,  -0.833072351718,  0.0            
      2935,  -1.282310492111,  -0.416400458144,  0.0            
      2936,  -3.962711458987,  5.4545773406455,  0.0            
      2937,  -3.170154419916,  4.363716159731 ,  0.0            
      2938,  -2.377597380814,  3.2728549787583,  0.0            
      2939,  -1.58504034168 ,  2.1819937977304,  0.0            
      2940,  -0.792483302514,  1.0911326166498,  0.0            
      2941,  -1.30848285E-05,  4.251924903E-06,  0.0            
      2942,  -9.207880887458,  2.1587734694641,  0.0            
      2943,  -8.905151036326,  1.2270667904219,  0.0            
      2944,  -8.602421185193,  0.2953601113797,  0.0            
      2945,  -8.29969133406 ,  -0.636346567662,  0.0            
      2946,  -7.996961482928,  -1.568053246705,  0.0            
      2947,  -7.694231631795,  -2.499759925747,  0.0            
      2948,  -7.391501780663,  -3.431466604789,  0.0            
      2949,  -7.08877192953 ,  -4.363173283831,  0.0            
      2950,  -6.786042078398,  -5.294879962873,  0.0            
      2951,  -6.483312227265,  -6.226586641916,  0.0            
      2952,  -6.180582376132,  -7.158293320958,  0.0            
      2953,  -4.898198147917,  -8.09          ,  0.0            
      2954,  -3.918543770833,  -8.09          ,  0.0            
      2955,  -2.93888939375 ,  -8.09          ,  0.0            
      2956,  -1.959235016667,  -8.09          ,  0.0            
      2957,  -0.979580639583,  -8.09          ,  0.0            
      2958,  7.373750000E-05,  -8.09          ,  0.0            
      2959,  0.9797281145833,  -8.09          ,  0.0            
      2960,  1.9593824916667,  -8.09          ,  0.0            
      2961,  2.93903686875  ,  -8.09          ,  0.0            
      2962,  3.9186912458333,  -8.09          ,  0.0            
      2963,  4.8983456229167,  -8.09          ,  0.0            
      2964,  6.1807298511326,  -7.158293320958,  0.0            
      2965,  6.4834597022651,  -6.226586641916,  0.0            
      2966,  6.7861895533977,  -5.294879962873,  0.0            
      2967,  7.0889194045302,  -4.363173283831,  0.0            
      2968,  7.3916492556628,  -3.431466604789,  0.0            
      2969,  7.6943791067953,  -2.499759925747,  0.0            
      2970,  7.9971089579279,  -1.568053246705,  0.0            
      2971,  8.2998388090605,  -0.636346567663,  0.0            
      2972,  8.602568660193 ,  0.2953601113796,  0.0            
      2973,  8.9052985113256,  1.2270667904217,  0.0            
      2974,  9.2080283624581,  2.1587734694639,  0.0            
      2975,  8.7182011739165,  3.6663065436994,  0.0            
      2976,  7.9256441342423,  4.2421329388928,  0.0            
      2977,  7.133087094568 ,  4.8179593340862,  0.0            
      2978,  6.3405300548938,  5.3937857292795,  0.0            
      2979,  5.5479730152196,  5.9696121244729,  0.0            
      2980,  4.7554159755454,  6.5454385196662,  0.0            
      2981,  3.9628589358712,  7.1212649148596,  0.0            
      2982,  3.170301896197 ,  7.697091310053 ,  0.0            
      2983,  2.3777448565228,  8.2729177052463,  0.0            
      2984,  1.5851878168485,  8.8487441004397,  0.0            
      2985,  0.7926307771743,  9.424570495633 ,  0.0            
      2986,  -0.792483302174,  9.424570495633 ,  0.0            
      2987,  -1.585040341848,  8.8487441004397,  0.0            
      2988,  -2.377597381522,  8.2729177052464,  0.0            
      2989,  -3.170154421197,  7.697091310053 ,  0.0            
      2990,  -3.962711460871,  7.1212649148597,  0.0            
      2991,  -4.755268500545,  6.5454385196663,  0.0            
      2992,  -5.547825540219,  5.969612124473 ,  0.0            
      2993,  -6.340382579894,  5.3937857292796,  0.0            
      2994,  -7.132939619568,  4.8179593340863,  0.0            
      2995,  -7.925496659242,  4.242132938893 ,  0.0            
      2996,  -8.718053698916,  3.6663065436996,  0.0            
      2997,  -9.510610738591,  3.0904801485063,  0.0            
      2998,  7.373750011E-05,  10.000396890826,  0.0            
      2999,  9.5107582135907,  3.0904801485061,  0.0            
      3000,  5.878          ,  -8.09          ,  0.0            
      3001,  -5.877852525   ,  -8.09          ,  0.0            
*ELEMENT,TYPE=S4
         1,      2941,      2044,       720,      2045
         2,      2044,      2674,      1268,       720
         3,       720,      1268,      2400,      1270
         4,      2045,       720,      1270,      2675
         5,      2674,      2020,       719,      1268
         6,      2020,      2935,      2018,       719
         7,       719,      2018,      2655,      1230
         8,      1268,       719,      1230,      2400
         9,      2400,      1230,       718,      1258
        10,      1230,      2655,      1999,       718
        11,       718,      1999,      2930,      2000
        12,      1258,       718,      2000,      2669
        13,      2675,      1270,       717,      2040
        14,      1270,      2400,      1258,       717
        15,       717,      1258,      2669,      2038
        16,      2040,       717,      2038,      2940
        17,      2940,      2038,       716,      2039
        18,      2038,      2669,      1257,       716
        19,       716,      1257,      2399,      1260
        20,      2039,       716,      1260,      2670
        21,      2669,      2000,       715,      1257
        22,      2000,      2930,      1998,       715
        23,       715,      1998,      2642,      1204
        24,      1257,       715,      1204,      2399
        25,      2399,      1204,       714,      1252
        26,      1204,      2642,      1995,       714
        27,       714,      1995,      2929,      1996
        28,      1252,       714,      1996,      2666
        29,      2670,      1260,       713,      2036
        30,      1260,      2399,      1252,       713
        31,       713,      1252,      2666,      2034
        32,      2036,       713,      2034,      2939
        33,      2939,      2034,       712,      2035
        34,      2034,      2666,      1251,       712
        35,       712,      1251,      2398,      1254
        36,      2035,       712,      1254,      2667
        37,      2666,      1996,       711,      1251
        38,      1996,      2929,      1994,       711
        39,       711,      1994,      2640,      1200
        40,      1251,       711,      1200,      2398
        41,      2398,      1200,       710,      1246
        42,      1200,      2640,      1991,       710
        43,       710,      1991,      2928,      1992
        44,      1246,       710,      1992,      2663
        45,      2667,      1254,       709,      2032
        46,      1254,      2398,      1246,       709
        47,       709,      1246,      2663,      2030
        48,      2032,       709,      2030,      2938
        49,      2938,      2030,       708,      2031
        50,      2030,      2663,      1245,       708
        51,       708,      1245,      2397,      1248
        52,      2031,       708,      1248,      2664
        53,      2663,      1992,       707,      1245
        54,      1992,      2928,      1990,       707
        55,       707,      1990,      2638,      1196
        56,      1245,       707,      1196,      2397
        57,      2397,      1196,       706,      1240
        58,      1196,      2638,      1987,       706
        59,       706,      1987,      2927,      1988
        60,      1240,       706,      1988,      2660
        61,      2664,      1248,       705,      2028
        62,      1248,      2397,      1240,       705
        63,       705,      1240,      2660,      2026
        64,      2028,       705,      2026,      2937
        65,      2937,      2026,       704,      2027
        66,      2026,      2660,      1239,       704
        67,       704,      1239,      2396,      1242
        68,      2027,       704,      1242,      2661
        69,      2660,      1988,       703,      1239
        70,      1988,      2927,      1986,       703
        71,       703,      1986,      2636,      1192
        72,      1239,       703,      1192,      2396
        73,      2396,      1192,       702,      1236
        74,      1192,      2636,      1982,       702
        75,       702,      1982,      2926,      1983
        76,      1236,       702,      1983,      2658
        77,      2661,      1242,       701,      2023
        78,      1242,      2396,      1236,       701
        79,       701,      1236,      2658,      2022
        80,      2023,       701,      2022,      2936
        81,      2936,      2022,       700,      2024
        82,      2022,      2658,      1235,       700
        83,       700,      1235,      2395,      1414
        84,      2024,       700,      1414,      2769
        85,      2658,      1983,       699,      1235
        86,      1983,      2926,      1984,       699
        87,       699,      1984,      2771,      1417
        88,      1235,       699,      1417,      2395
        89,      2395,      1417,       698,      1418
        90,      1417,      2771,      2196,       698
        91,       698,      2196,      2992,      2197
        92,      1418,       698,      2197,      2772
        93,      2769,      1414,       697,      2193
        94,      1414,      2395,      1418,       697
        95,       697,      1418,      2772,      2195
        96,      2193,       697,      2195,      2991
        97,      2935,      2019,       696,      2018
        98,      2019,      2656,      1232,       696
        99,       696,      1232,      2394,      1229
       100,      2018,       696,      1229,      2655
       101,      2656,      2016,       695,      1232
       102,      2016,      2934,      2014,       695
       103,       695,      2014,      2652,      1224
       104,      1232,       695,      1224,      2394
       105,      2394,      1224,       694,      1202
       106,      1224,      2652,      1980,       694
       107,       694,      1980,      2925,      1979
       108,      1202,       694,      1979,      2641
       109,      2655,      1229,       693,      1999
       110,      1229,      2394,      1202,       693
       111,       693,      1202,      2641,      1997
       112,      1999,       693,      1997,      2930
       113,      2930,      1997,       692,      1998
       114,      1997,      2641,      1201,       692
       115,       692,      1201,      2393,      1203
       116,      1998,       692,      1203,      2642
       117,      2641,      1979,       691,      1201
       118,      1979,      2925,      1978,       691
       119,       691,      1978,      2633,      1186
       120,      1201,       691,      1186,      2393
       121,      2393,      1186,       690,      1198
       122,      1186,      2633,      1975,       690
       123,       690,      1975,      2924,      1976
       124,      1198,       690,      1976,      2639
       125,      2642,      1203,       689,      1995
       126,      1203,      2393,      1198,       689
       127,       689,      1198,      2639,      1993
       128,      1995,       689,      1993,      2929
       129,      2929,      1993,       688,      1994
       130,      1993,      2639,      1197,       688
       131,       688,      1197,      2392,      1199
       132,      1994,       688,      1199,      2640
       133,      2639,      1976,       687,      1197
       134,      1976,      2924,      1974,       687
       135,       687,      1974,      2631,      1182
       136,      1197,       687,      1182,      2392
       137,      2392,      1182,       686,      1194
       138,      1182,      2631,      1971,       686
       139,       686,      1971,      2923,      1972
       140,      1194,       686,      1972,      2637
       141,      2640,      1199,       685,      1991
       142,      1199,      2392,      1194,       685
       143,       685,      1194,      2637,      1989
       144,      1991,       685,      1989,      2928
       145,      2928,      1989,       684,      1990
       146,      1989,      2637,      1193,       684
       147,       684,      1193,      2391,      1195
       148,      1990,       684,      1195,      2638
       149,      2637,      1972,       683,      1193
       150,      1972,      2923,      1970,       683
       151,       683,      1970,      2629,      1178
       152,      1193,       683,      1178,      2391
       153,      2391,      1178,       682,      1190
       154,      1178,      2629,      1967,       682
       155,       682,      1967,      2922,      1968
       156,      1190,       682,      1968,      2635
       157,      2638,      1195,       681,      1987
       158,      1195,      2391,      1190,       681
       159,       681,      1190,      2635,      1985
       160,      1987,       681,      1985,      2927
       161,      2927,      1985,       680,      1986
       162,      1985,      2635,      1189,       680
       163,       680,      1189,      2390,      1191
       164,      1986,       680,      1191,      2636
       165,      2635,      1968,       679,      1189
       166,      1968,      2922,      1966,       679
       167,       679,      1966,      2627,      1174
       168,      1189,       679,      1174,      2390
       169,      2390,      1174,       678,      1188
       170,      1174,      2627,      1962,       678
       171,       678,      1962,      2921,      1963
       172,      1188,       678,      1963,      2634
       173,      2636,      1191,       677,      1982
       174,      1191,      2390,      1188,       677
       175,       677,      1188,      2634,      1981
       176,      1982,       677,      1981,      2926
       177,      2926,      1981,       676,      1984
       178,      1981,      2634,      1187,       676
       179,       676,      1187,      2389,      1416
       180,      1984,       676,      1416,      2771
       181,      2634,      1963,       675,      1187
       182,      1963,      2921,      1964,       675
       183,       675,      1964,      2773,      1420
       184,      1187,       675,      1420,      2389
       185,      2389,      1420,       674,      1421
       186,      1420,      2773,      2199,       674
       187,       674,      2199,      2993,      2200
       188,      1421,       674,      2200,      2774
       189,      2771,      1416,       673,      2196
       190,      1416,      2389,      1421,       673
       191,       673,      1421,      2774,      2198
       192,      2196,       673,      2198,      2992
       193,      2934,      2015,       672,      2014
       194,      2015,      2653,      1226,       672
       195,       672,      1226,      2388,      1223
       196,      2014,       672,      1223,      2652
       197,      2653,      2012,       671,      1226
       198,      2012,      2933,      2010,       671
       199,       671,      2010,      2649,      1218
       200,      1226,       671,      1218,      2388
       201,      2388,      1218,       670,      1184
       202,      1218,      2649,      1960,       670
       203,       670,      1960,      2920,      1959
       204,      1184,       670,      1959,      2632
       205,      2652,      1223,       669,      1980
       206,      1223,      2388,      1184,       669
       207,       669,      1184,      2632,      1977
       208,      1980,       669,      1977,      2925
       209,      2925,      1977,       668,      1978
       210,      1977,      2632,      1183,       668
       211,       668,      1183,      2387,      1185
       212,      1978,       668,      1185,      2633
       213,      2632,      1959,       667,      1183
       214,      1959,      2920,      1958,       667
       215,       667,      1958,      2624,      1168
       216,      1183,       667,      1168,      2387
       217,      2387,      1168,       666,      1180
       218,      1168,      2624,      1955,       666
       219,       666,      1955,      2919,      1956
       220,      1180,       666,      1956,      2630
       221,      2633,      1185,       665,      1975
       222,      1185,      2387,      1180,       665
       223,       665,      1180,      2630,      1973
       224,      1975,       665,      1973,      2924
       225,      2924,      1973,       664,      1974
       226,      1973,      2630,      1179,       664
       227,       664,      1179,      2386,      1181
       228,      1974,       664,      1181,      2631
       229,      2630,      1956,       663,      1179
       230,      1956,      2919,      1954,       663
       231,       663,      1954,      2622,      1164
       232,      1179,       663,      1164,      2386
       233,      2386,      1164,       662,      1176
       234,      1164,      2622,      1951,       662
       235,       662,      1951,      2918,      1952
       236,      1176,       662,      1952,      2628
       237,      2631,      1181,       661,      1971
       238,      1181,      2386,      1176,       661
       239,       661,      1176,      2628,      1969
       240,      1971,       661,      1969,      2923
       241,      2923,      1969,       660,      1970
       242,      1969,      2628,      1175,       660
       243,       660,      1175,      2385,      1177
       244,      1970,       660,      1177,      2629
       245,      2628,      1952,       659,      1175
       246,      1952,      2918,      1950,       659
       247,       659,      1950,      2620,      1160
       248,      1175,       659,      1160,      2385
       249,      2385,      1160,       658,      1172
       250,      1160,      2620,      1947,       658
       251,       658,      1947,      2917,      1948
       252,      1172,       658,      1948,      2626
       253,      2629,      1177,       657,      1967
       254,      1177,      2385,      1172,       657
       255,       657,      1172,      2626,      1965
       256,      1967,       657,      1965,      2922
       257,      2922,      1965,       656,      1966
       258,      1965,      2626,      1171,       656
       259,       656,      1171,      2384,      1173
       260,      1966,       656,      1173,      2627
       261,      2626,      1948,       655,      1171
       262,      1948,      2917,      1946,       655
       263,       655,      1946,      2618,      1156
       264,      1171,       655,      1156,      2384
       265,      2384,      1156,       654,      1170
       266,      1156,      2618,      1942,       654
       267,       654,      1942,      2916,      1943
       268,      1170,       654,      1943,      2625
       269,      2627,      1173,       653,      1962
       270,      1173,      2384,      1170,       653
       271,       653,      1170,      2625,      1961
       272,      1962,       653,      1961,      2921
       273,      2921,      1961,       652,      1964
       274,      1961,      2625,      1169,       652
       275,       652,      1169,      2383,      1419
       276,      1964,       652,      1419,      2773
       277,      2625,      1943,       651,      1169
       278,      1943,      2916,      1944,       651
       279,       651,      1944,      2775,      1423
       280,      1169,       651,      1423,      2383
       281,      2383,      1423,       650,      1424
       282,      1423,      2775,      2202,       650
       283,       650,      2202,      2994,      2203
       284,      1424,       650,      2203,      2776
       285,      2773,      1419,       649,      2199
       286,      1419,      2383,      1424,       649
       287,       649,      1424,      2776,      2201
       288,      2199,       649,      2201,      2993
       289,      2933,      2011,       648,      2010
       290,      2011,      2650,      1220,       648
       291,       648,      1220,      2382,      1217
       292,      2010,       648,      1217,      2649
       293,      2650,      2008,       647,      1220
       294,      2008,      2932,      2006,       647
       295,       647,      2006,      2646,      1212
       296,      1220,       647,      1212,      2382
       297,      2382,      1212,       646,      1166
       298,      1212,      2646,      1940,       646
       299,       646,      1940,      2915,      1939
       300,      1166,       646,      1939,      2623
       301,      2649,      1217,       645,      1960
       302,      1217,      2382,      1166,       645
       303,       645,      1166,      2623,      1957
       304,      1960,       645,      1957,      2920
       305,      2920,      1957,       644,      1958
       306,      1957,      2623,      1165,       644
       307,       644,      1165,      2381,      1167
       308,      1958,       644,      1167,      2624
       309,      2623,      1939,       643,      1165
       310,      1939,      2915,      1938,       643
       311,       643,      1938,      2615,      1150
       312,      1165,       643,      1150,      2381
       313,      2381,      1150,       642,      1162
       314,      1150,      2615,      1935,       642
       315,       642,      1935,      2914,      1936
       316,      1162,       642,      1936,      2621
       317,      2624,      1167,       641,      1955
       318,      1167,      2381,      1162,       641
       319,       641,      1162,      2621,      1953
       320,      1955,       641,      1953,      2919
       321,      2919,      1953,       640,      1954
       322,      1953,      2621,      1161,       640
       323,       640,      1161,      2380,      1163
       324,      1954,       640,      1163,      2622
       325,      2621,      1936,       639,      1161
       326,      1936,      2914,      1934,       639
       327,       639,      1934,      2613,      1146
       328,      1161,       639,      1146,      2380
       329,      2380,      1146,       638,      1158
       330,      1146,      2613,      1931,       638
       331,       638,      1931,      2913,      1932
       332,      1158,       638,      1932,      2619
       333,      2622,      1163,       637,      1951
       334,      1163,      2380,      1158,       637
       335,       637,      1158,      2619,      1949
       336,      1951,       637,      1949,      2918
       337,      2918,      1949,       636,      1950
       338,      1949,      2619,      1157,       636
       339,       636,      1157,      2379,      1159
       340,      1950,       636,      1159,      2620
       341,      2619,      1932,       635,      1157
       342,      1932,      2913,      1930,       635
       343,       635,      1930,      2611,      1142
       344,      1157,       635,      1142,      2379
       345,      2379,      1142,       634,      1154
       346,      1142,      2611,      1927,       634
       347,       634,      1927,      2912,      1928
       348,      1154,       634,      1928,      2617
       349,      2620,      1159,       633,      1947
       350,      1159,      2379,      1154,       633
       351,       633,      1154,      2617,      1945
       352,      1947,       633,      1945,      2917
       353,      2917,      1945,       632,      1946
       354,      1945,      2617,      1153,       632
       355,       632,      1153,      2378,      1155
       356,      1946,       632,      1155,      2618
       357,      2617,      1928,       631,      1153
       358,      1928,      2912,      1926,       631
       359,       631,      1926,      2609,      1138
       360,      1153,       631,      1138,      2378
       361,      2378,      1138,       630,      1152
       362,      1138,      2609,      1922,       630
       363,       630,      1922,      2911,      1923
       364,      1152,       630,      1923,      2616
       365,      2618,      1155,       629,      1942
       366,      1155,      2378,      1152,       629
       367,       629,      1152,      2616,      1941
       368,      1942,       629,      1941,      2916
       369,      2916,      1941,       628,      1944
       370,      1941,      2616,      1151,       628
       371,       628,      1151,      2377,      1422
       372,      1944,       628,      1422,      2775
       373,      2616,      1923,       627,      1151
       374,      1923,      2911,      1924,       627
       375,       627,      1924,      2777,      1426
       376,      1151,       627,      1426,      2377
       377,      2377,      1426,       626,      1427
       378,      1426,      2777,      2205,       626
       379,       626,      2205,      2995,      2206
       380,      1427,       626,      2206,      2778
       381,      2775,      1422,       625,      2202
       382,      1422,      2377,      1427,       625
       383,       625,      1427,      2778,      2204
       384,      2202,       625,      2204,      2994
       385,      2932,      2007,       624,      2006
       386,      2007,      2647,      1214,       624
       387,       624,      1214,      2376,      1211
       388,      2006,       624,      1211,      2646
       389,      2647,      2003,       623,      1214
       390,      2003,      2931,      2002,       623
       391,       623,      2002,      2644,      1208
       392,      1214,       623,      1208,      2376
       393,      2376,      1208,       622,      1148
       394,      1208,      2644,      1919,       622
       395,       622,      1919,      2910,      1918
       396,      1148,       622,      1918,      2614
       397,      2646,      1211,       621,      1940
       398,      1211,      2376,      1148,       621
       399,       621,      1148,      2614,      1937
       400,      1940,       621,      1937,      2915
       401,      2915,      1937,       620,      1938
       402,      1937,      2614,      1147,       620
       403,       620,      1147,      2375,      1149
       404,      1938,       620,      1149,      2615
       405,      2614,      1918,       619,      1147
       406,      1918,      2910,      1917,       619
       407,       619,      1917,      2606,      1132
       408,      1147,       619,      1132,      2375
       409,      2375,      1132,       618,      1144
       410,      1132,      2606,      1914,       618
       411,       618,      1914,      2909,      1915
       412,      1144,       618,      1915,      2612
       413,      2615,      1149,       617,      1935
       414,      1149,      2375,      1144,       617
       415,       617,      1144,      2612,      1933
       416,      1935,       617,      1933,      2914
       417,      2914,      1933,       616,      1934
       418,      1933,      2612,      1143,       616
       419,       616,      1143,      2374,      1145
       420,      1934,       616,      1145,      2613
       421,      2612,      1915,       615,      1143
       422,      1915,      2909,      1913,       615
       423,       615,      1913,      2605,      1130
       424,      1143,       615,      1130,      2374
       425,      2374,      1130,       614,      1140
       426,      1130,      2605,      1910,       614
       427,       614,      1910,      2908,      1911
       428,      1140,       614,      1911,      2610
       429,      2613,      1145,       613,      1931
       430,      1145,      2374,      1140,       613
       431,       613,      1140,      2610,      1929
       432,      1931,       613,      1929,      2913
       433,      2913,      1929,       612,      1930
       434,      1929,      2610,      1139,       612
       435,       612,      1139,      2373,      1141
       436,      1930,       612,      1141,      2611
       437,      2610,      1911,       611,      1139
       438,      1911,      2908,      1909,       611
       439,       611,      1909,      2604,      1128
       440,      1139,       611,      1128,      2373
       441,      2373,      1128,       610,      1136
       442,      1128,      2604,      1906,       610
       443,       610,      1906,      2907,      1907
       444,      1136,       610,      1907,      2608
       445,      2611,      1141,       609,      1927
       446,      1141,      2373,      1136,       609
       447,       609,      1136,      2608,      1925
       448,      1927,       609,      1925,      2912
       449,      2912,      1925,       608,      1926
       450,      1925,      2608,      1135,       608
       451,       608,      1135,      2372,      1137
       452,      1926,       608,      1137,      2609
       453,      2608,      1907,       607,      1135
       454,      1907,      2907,      1905,       607
       455,       607,      1905,      2603,      1126
       456,      1135,       607,      1126,      2372
       457,      2372,      1126,       606,      1134
       458,      1126,      2603,      1901,       606
       459,       606,      1901,      2906,      1902
       460,      1134,       606,      1902,      2607
       461,      2609,      1137,       605,      1922
       462,      1137,      2372,      1134,       605
       463,       605,      1134,      2607,      1921
       464,      1922,       605,      1921,      2911
       465,      2911,      1921,       604,      1924
       466,      1921,      2607,      1133,       604
       467,       604,      1133,      2371,      1425
       468,      1924,       604,      1425,      2777
       469,      2607,      1902,       603,      1133
       470,      1902,      2906,      1904,       603
       471,       603,      1904,      2779,      1429
       472,      1133,       603,      1429,      2371
       473,      2371,      1429,       602,      1430
       474,      1429,      2779,      2208,       602
       475,       602,      2208,      2996,      2209
       476,      1430,       602,      2209,      2780
       477,      2777,      1425,       601,      2205
       478,      1425,      2371,      1430,       601
       479,       601,      1430,      2780,      2207
       480,      2205,       601,      2207,      2995
       481,      2931,      2004,       600,      2002
       482,      2004,      2685,      1286,       600
       483,       600,      1286,      2370,      1207
       484,      2002,       600,      1207,      2644
       485,      2685,      2061,       599,      1286
       486,      2061,      2947,      2062,       599
       487,       599,      2062,      2686,      1287
       488,      1286,       599,      1287,      2370
       489,      2370,      1287,       598,      1283
       490,      1287,      2686,      2060,       598
       491,       598,      2060,      2946,      2058
       492,      1283,       598,      2058,      2683
       493,      2644,      1207,       597,      1919
       494,      1207,      2370,      1283,       597
       495,       597,      1283,      2683,      1920
       496,      1919,       597,      1920,      2910
       497,      2910,      1920,       596,      1917
       498,      1920,      2683,      1282,       596
       499,       596,      1282,      2369,      1131
       500,      1917,       596,      1131,      2606
       501,      2683,      2058,       595,      1282
       502,      2058,      2946,      2059,       595
       503,       595,      2059,      2684,      1284
       504,      1282,       595,      1284,      2369
       505,      2369,      1284,       594,      1280
       506,      1284,      2684,      2057,       594
       507,       594,      2057,      2945,      2055
       508,      1280,       594,      2055,      2681
       509,      2606,      1131,       593,      1914
       510,      1131,      2369,      1280,       593
       511,       593,      1280,      2681,      1916
       512,      1914,       593,      1916,      2909
       513,      2909,      1916,       592,      1913
       514,      1916,      2681,      1279,       592
       515,       592,      1279,      2368,      1129
       516,      1913,       592,      1129,      2605
       517,      2681,      2055,       591,      1279
       518,      2055,      2945,      2056,       591
       519,       591,      2056,      2682,      1281
       520,      1279,       591,      1281,      2368
       521,      2368,      1281,       590,      1277
       522,      1281,      2682,      2054,       590
       523,       590,      2054,      2944,      2052
       524,      1277,       590,      2052,      2679
       525,      2605,      1129,       589,      1910
       526,      1129,      2368,      1277,       589
       527,       589,      1277,      2679,      1912
       528,      1910,       589,      1912,      2908
       529,      2908,      1912,       588,      1909
       530,      1912,      2679,      1276,       588
       531,       588,      1276,      2367,      1127
       532,      1909,       588,      1127,      2604
       533,      2679,      2052,       587,      1276
       534,      2052,      2944,      2053,       587
       535,       587,      2053,      2680,      1278
       536,      1276,       587,      1278,      2367
       537,      2367,      1278,       586,      1274
       538,      1278,      2680,      2051,       586
       539,       586,      2051,      2943,      2049
       540,      1274,       586,      2049,      2677
       541,      2604,      1127,       585,      1906
       542,      1127,      2367,      1274,       585
       543,       585,      1274,      2677,      1908
       544,      1906,       585,      1908,      2907
       545,      2907,      1908,       584,      1905
       546,      1908,      2677,      1273,       584
       547,       584,      1273,      2366,      1125
       548,      1905,       584,      1125,      2603
       549,      2677,      2049,       583,      1273
       550,      2049,      2943,      2050,       583
       551,       583,      2050,      2678,      1275
       552,      1273,       583,      1275,      2366
       553,      2366,      1275,       582,      1272
       554,      1275,      2678,      2047,       582
       555,       582,      2047,      2942,      2046
       556,      1272,       582,      2046,      2676
       557,      2603,      1125,       581,      1901
       558,      1125,      2366,      1272,       581
       559,       581,      1272,      2676,      1903
       560,      1901,       581,      1903,      2906
       561,      2906,      1903,       580,      1904
       562,      1903,      2676,      1271,       580
       563,       580,      1271,      2365,      1428
       564,      1904,       580,      1428,      2779
       565,      2676,      2046,       579,      1271
       566,      2046,      2942,      2048,       579
       567,       579,      2048,      2781,      1431
       568,      1271,       579,      1431,      2365
       569,      2365,      1431,       578,      1432
       570,      1431,      2781,      2211,       578
       571,       578,      2211,      2997,      2212
       572,      1432,       578,      2212,      2782
       573,      2779,      1428,       577,      2208
       574,      1428,      2365,      1432,       577
       575,       577,      1432,      2782,      2210
       576,      2208,       577,      2210,      2996
       577,      2941,      2045,       576,      2043
       578,      2045,      2675,      1269,       576
       579,       576,      1269,      2364,      1266
       580,      2043,       576,      1266,      2673
       581,      2675,      2040,       575,      1269
       582,      2040,      2940,      2037,       575
       583,       575,      2037,      2668,      1256
       584,      1269,       575,      1256,      2364
       585,      2364,      1256,       574,      1122
       586,      1256,      2668,      1880,       574
       587,       574,      1880,      2900,      1879
       588,      1122,       574,      1879,      2601
       589,      2673,      1266,       573,      1900
       590,      1266,      2364,      1122,       573
       591,       573,      1122,      2601,      1898
       592,      1900,       573,      1898,      2905
       593,      2905,      1898,       572,      1899
       594,      1898,      2601,      1121,       572
       595,       572,      1121,      2363,      1124
       596,      1899,       572,      1124,      2602
       597,      2601,      1879,       571,      1121
       598,      1879,      2900,      1878,       571
       599,       571,      1878,      2588,      1096
       600,      1121,       571,      1096,      2363
       601,      2363,      1096,       570,      1116
       602,      1096,      2588,      1875,       570
       603,       570,      1875,      2899,      1876
       604,      1116,       570,      1876,      2598
       605,      2602,      1124,       569,      1896
       606,      1124,      2363,      1116,       569
       607,       569,      1116,      2598,      1894
       608,      1896,       569,      1894,      2904
       609,      2904,      1894,       568,      1895
       610,      1894,      2598,      1115,       568
       611,       568,      1115,      2362,      1118
       612,      1895,       568,      1118,      2599
       613,      2598,      1876,       567,      1115
       614,      1876,      2899,      1874,       567
       615,       567,      1874,      2586,      1092
       616,      1115,       567,      1092,      2362
       617,      2362,      1092,       566,      1110
       618,      1092,      2586,      1871,       566
       619,       566,      1871,      2898,      1872
       620,      1110,       566,      1872,      2595
       621,      2599,      1118,       565,      1892
       622,      1118,      2362,      1110,       565
       623,       565,      1110,      2595,      1890
       624,      1892,       565,      1890,      2903
       625,      2903,      1890,       564,      1891
       626,      1890,      2595,      1109,       564
       627,       564,      1109,      2361,      1112
       628,      1891,       564,      1112,      2596
       629,      2595,      1872,       563,      1109
       630,      1872,      2898,      1870,       563
       631,       563,      1870,      2584,      1088
       632,      1109,       563,      1088,      2361
       633,      2361,      1088,       562,      1104
       634,      1088,      2584,      1867,       562
       635,       562,      1867,      2897,      1868
       636,      1104,       562,      1868,      2592
       637,      2596,      1112,       561,      1888
       638,      1112,      2361,      1104,       561
       639,       561,      1104,      2592,      1886
       640,      1888,       561,      1886,      2902
       641,      2902,      1886,       560,      1887
       642,      1886,      2592,      1103,       560
       643,       560,      1103,      2360,      1106
       644,      1887,       560,      1106,      2593
       645,      2592,      1868,       559,      1103
       646,      1868,      2897,      1866,       559
       647,       559,      1866,      2582,      1084
       648,      1103,       559,      1084,      2360
       649,      2360,      1084,       558,      1100
       650,      1084,      2582,      1862,       558
       651,       558,      1862,      2896,      1863
       652,      1100,       558,      1863,      2590
       653,      2593,      1106,       557,      1883
       654,      1106,      2360,      1100,       557
       655,       557,      1100,      2590,      1882
       656,      1883,       557,      1882,      2901
       657,      2901,      1882,       556,      1884
       658,      1882,      2590,      1099,       556
       659,       556,      1099,      2359,      1382
       660,      1884,       556,      1382,      2748
       661,      2590,      1863,       555,      1099
       662,      1863,      2896,      1864,       555
       663,       555,      1864,      2750,      1385
       664,      1099,       555,      1385,      2359
       665,      2359,      1385,       554,      1386
       666,      1385,      2750,      2163,       554
       667,       554,      2163,      2981,      2164
       668,      1386,       554,      2164,      2751
       669,      2748,      1382,       553,      2160
       670,      1382,      2359,      1386,       553
       671,       553,      1386,      2751,      2162
       672,      2160,       553,      2162,      2980
       673,      2940,      2039,       552,      2037
       674,      2039,      2670,      1259,       552
       675,       552,      1259,      2358,      1255
       676,      2037,       552,      1255,      2668
       677,      2670,      2036,       551,      1259
       678,      2036,      2939,      2033,       551
       679,       551,      2033,      2665,      1250
       680,      1259,       551,      1250,      2358
       681,      2358,      1250,       550,      1094
       682,      1250,      2665,      1860,       550
       683,       550,      1860,      2895,      1859
       684,      1094,       550,      1859,      2587
       685,      2668,      1255,       549,      1880
       686,      1255,      2358,      1094,       549
       687,       549,      1094,      2587,      1877
       688,      1880,       549,      1877,      2900
       689,      2900,      1877,       548,      1878
       690,      1877,      2587,      1093,       548
       691,       548,      1093,      2357,      1095
       692,      1878,       548,      1095,      2588
       693,      2587,      1859,       547,      1093
       694,      1859,      2895,      1858,       547
       695,       547,      1858,      2579,      1078
       696,      1093,       547,      1078,      2357
       697,      2357,      1078,       546,      1090
       698,      1078,      2579,      1855,       546
       699,       546,      1855,      2894,      1856
       700,      1090,       546,      1856,      2585
       701,      2588,      1095,       545,      1875
       702,      1095,      2357,      1090,       545
       703,       545,      1090,      2585,      1873
       704,      1875,       545,      1873,      2899
       705,      2899,      1873,       544,      1874
       706,      1873,      2585,      1089,       544
       707,       544,      1089,      2356,      1091
       708,      1874,       544,      1091,      2586
       709,      2585,      1856,       543,      1089
       710,      1856,      2894,      1854,       543
       711,       543,      1854,      2577,      1074
       712,      1089,       543,      1074,      2356
       713,      2356,      1074,       542,      1086
       714,      1074,      2577,      1851,       542
       715,       542,      1851,      2893,      1852
       716,      1086,       542,      1852,      2583
       717,      2586,      1091,       541,      1871
       718,      1091,      2356,      1086,       541
       719,       541,      1086,      2583,      1869
       720,      1871,       541,      1869,      2898
       721,      2898,      1869,       540,      1870
       722,      1869,      2583,      1085,       540
       723,       540,      1085,      2355,      1087
       724,      1870,       540,      1087,      2584
       725,      2583,      1852,       539,      1085
       726,      1852,      2893,      1850,       539
       727,       539,      1850,      2575,      1070
       728,      1085,       539,      1070,      2355
       729,      2355,      1070,       538,      1082
       730,      1070,      2575,      1847,       538
       731,       538,      1847,      2892,      1848
       732,      1082,       538,      1848,      2581
       733,      2584,      1087,       537,      1867
       734,      1087,      2355,      1082,       537
       735,       537,      1082,      2581,      1865
       736,      1867,       537,      1865,      2897
       737,      2897,      1865,       536,      1866
       738,      1865,      2581,      1081,       536
       739,       536,      1081,      2354,      1083
       740,      1866,       536,      1083,      2582
       741,      2581,      1848,       535,      1081
       742,      1848,      2892,      1846,       535
       743,       535,      1846,      2573,      1066
       744,      1081,       535,      1066,      2354
       745,      2354,      1066,       534,      1080
       746,      1066,      2573,      1842,       534
       747,       534,      1842,      2891,      1843
       748,      1080,       534,      1843,      2580
       749,      2582,      1083,       533,      1862
       750,      1083,      2354,      1080,       533
       751,       533,      1080,      2580,      1861
       752,      1862,       533,      1861,      2896
       753,      2896,      1861,       532,      1864
       754,      1861,      2580,      1079,       532
       755,       532,      1079,      2353,      1384
       756,      1864,       532,      1384,      2750
       757,      2580,      1843,       531,      1079
       758,      1843,      2891,      1844,       531
       759,       531,      1844,      2752,      1388
       760,      1079,       531,      1388,      2353
       761,      2353,      1388,       530,      1389
       762,      1388,      2752,      2166,       530
       763,       530,      2166,      2982,      2167
       764,      1389,       530,      2167,      2753
       765,      2750,      1384,       529,      2163
       766,      1384,      2353,      1389,       529
       767,       529,      1389,      2753,      2165
       768,      2163,       529,      2165,      2981
       769,      2939,      2035,       528,      2033
       770,      2035,      2667,      1253,       528
       771,       528,      1253,      2352,      1249
       772,      2033,       528,      1249,      2665
       773,      2667,      2032,       527,      1253
       774,      2032,      2938,      2029,       527
       775,       527,      2029,      2662,      1244
       776,      1253,       527,      1244,      2352
       777,      2352,      1244,       526,      1076
       778,      1244,      2662,      1840,       526
       779,       526,      1840,      2890,      1839
       780,      1076,       526,      1839,      2578
       781,      2665,      1249,       525,      1860
       782,      1249,      2352,      1076,       525
       783,       525,      1076,      2578,      1857
       784,      1860,       525,      1857,      2895
       785,      2895,      1857,       524,      1858
       786,      1857,      2578,      1075,       524
       787,       524,      1075,      2351,      1077
       788,      1858,       524,      1077,      2579
       789,      2578,      1839,       523,      1075
       790,      1839,      2890,      1838,       523
       791,       523,      1838,      2570,      1060
       792,      1075,       523,      1060,      2351
       793,      2351,      1060,       522,      1072
       794,      1060,      2570,      1835,       522
       795,       522,      1835,      2889,      1836
       796,      1072,       522,      1836,      2576
       797,      2579,      1077,       521,      1855
       798,      1077,      2351,      1072,       521
       799,       521,      1072,      2576,      1853
       800,      1855,       521,      1853,      2894
       801,      2894,      1853,       520,      1854
       802,      1853,      2576,      1071,       520
       803,       520,      1071,      2350,      1073
       804,      1854,       520,      1073,      2577
       805,      2576,      1836,       519,      1071
       806,      1836,      2889,      1834,       519
       807,       519,      1834,      2568,      1056
       808,      1071,       519,      1056,      2350
       809,      2350,      1056,       518,      1068
       810,      1056,      2568,      1831,       518
       811,       518,      1831,      2888,      1832
       812,      1068,       518,      1832,      2574
       813,      2577,      1073,       517,      1851
       814,      1073,      2350,      1068,       517
       815,       517,      1068,      2574,      1849
       816,      1851,       517,      1849,      2893
       817,      2893,      1849,       516,      1850
       818,      1849,      2574,      1067,       516
       819,       516,      1067,      2349,      1069
       820,      1850,       516,      1069,      2575
       821,      2574,      1832,       515,      1067
       822,      1832,      2888,      1830,       515
       823,       515,      1830,      2566,      1052
       824,      1067,       515,      1052,      2349
       825,      2349,      1052,       514,      1064
       826,      1052,      2566,      1827,       514
       827,       514,      1827,      2887,      1828
       828,      1064,       514,      1828,      2572
       829,      2575,      1069,       513,      1847
       830,      1069,      2349,      1064,       513
       831,       513,      1064,      2572,      1845
       832,      1847,       513,      1845,      2892
       833,      2892,      1845,       512,      1846
       834,      1845,      2572,      1063,       512
       835,       512,      1063,      2348,      1065
       836,      1846,       512,      1065,      2573
       837,      2572,      1828,       511,      1063
       838,      1828,      2887,      1826,       511
       839,       511,      1826,      2564,      1048
       840,      1063,       511,      1048,      2348
       841,      2348,      1048,       510,      1062
       842,      1048,      2564,      1822,       510
       843,       510,      1822,      2886,      1823
       844,      1062,       510,      1823,      2571
       845,      2573,      1065,       509,      1842
       846,      1065,      2348,      1062,       509
       847,       509,      1062,      2571,      1841
       848,      1842,       509,      1841,      2891
       849,      2891,      1841,       508,      1844
       850,      1841,      2571,      1061,       508
       851,       508,      1061,      2347,      1387
       852,      1844,       508,      1387,      2752
       853,      2571,      1823,       507,      1061
       854,      1823,      2886,      1824,       507
       855,       507,      1824,      2754,      1391
       856,      1061,       507,      1391,      2347
       857,      2347,      1391,       506,      1392
       858,      1391,      2754,      2169,       506
       859,       506,      2169,      2983,      2170
       860,      1392,       506,      2170,      2755
       861,      2752,      1387,       505,      2166
       862,      1387,      2347,      1392,       505
       863,       505,      1392,      2755,      2168
       864,      2166,       505,      2168,      2982
       865,      2938,      2031,       504,      2029
       866,      2031,      2664,      1247,       504
       867,       504,      1247,      2346,      1243
       868,      2029,       504,      1243,      2662
       869,      2664,      2028,       503,      1247
       870,      2028,      2937,      2025,       503
       871,       503,      2025,      2659,      1238
       872,      1247,       503,      1238,      2346
       873,      2346,      1238,       502,      1058
       874,      1238,      2659,      1820,       502
       875,       502,      1820,      2885,      1819
       876,      1058,       502,      1819,      2569
       877,      2662,      1243,       501,      1840
       878,      1243,      2346,      1058,       501
       879,       501,      1058,      2569,      1837
       880,      1840,       501,      1837,      2890
       881,      2890,      1837,       500,      1838
       882,      1837,      2569,      1057,       500
       883,       500,      1057,      2345,      1059
       884,      1838,       500,      1059,      2570
       885,      2569,      1819,       499,      1057
       886,      1819,      2885,      1818,       499
       887,       499,      1818,      2561,      1042
       888,      1057,       499,      1042,      2345
       889,      2345,      1042,       498,      1054
       890,      1042,      2561,      1815,       498
       891,       498,      1815,      2884,      1816
       892,      1054,       498,      1816,      2567
       893,      2570,      1059,       497,      1835
       894,      1059,      2345,      1054,       497
       895,       497,      1054,      2567,      1833
       896,      1835,       497,      1833,      2889
       897,      2889,      1833,       496,      1834
       898,      1833,      2567,      1053,       496
       899,       496,      1053,      2344,      1055
       900,      1834,       496,      1055,      2568
       901,      2567,      1816,       495,      1053
       902,      1816,      2884,      1814,       495
       903,       495,      1814,      2559,      1038
       904,      1053,       495,      1038,      2344
       905,      2344,      1038,       494,      1050
       906,      1038,      2559,      1811,       494
       907,       494,      1811,      2883,      1812
       908,      1050,       494,      1812,      2565
       909,      2568,      1055,       493,      1831
       910,      1055,      2344,      1050,       493
       911,       493,      1050,      2565,      1829
       912,      1831,       493,      1829,      2888
       913,      2888,      1829,       492,      1830
       914,      1829,      2565,      1049,       492
       915,       492,      1049,      2343,      1051
       916,      1830,       492,      1051,      2566
       917,      2565,      1812,       491,      1049
       918,      1812,      2883,      1810,       491
       919,       491,      1810,      2557,      1034
       920,      1049,       491,      1034,      2343
       921,      2343,      1034,       490,      1046
       922,      1034,      2557,      1807,       490
       923,       490,      1807,      2882,      1808
       924,      1046,       490,      1808,      2563
       925,      2566,      1051,       489,      1827
       926,      1051,      2343,      1046,       489
       927,       489,      1046,      2563,      1825
       928,      1827,       489,      1825,      2887
       929,      2887,      1825,       488,      1826
       930,      1825,      2563,      1045,       488
       931,       488,      1045,      2342,      1047
       932,      1826,       488,      1047,      2564
       933,      2563,      1808,       487,      1045
       934,      1808,      2882,      1806,       487
       935,       487,      1806,      2555,      1030
       936,      1045,       487,      1030,      2342
       937,      2342,      1030,       486,      1044
       938,      1030,      2555,      1802,       486
       939,       486,      1802,      2881,      1803
       940,      1044,       486,      1803,      2562
       941,      2564,      1047,       485,      1822
       942,      1047,      2342,      1044,       485
       943,       485,      1044,      2562,      1821
       944,      1822,       485,      1821,      2886
       945,      2886,      1821,       484,      1824
       946,      1821,      2562,      1043,       484
       947,       484,      1043,      2341,      1390
       948,      1824,       484,      1390,      2754
       949,      2562,      1803,       483,      1043
       950,      1803,      2881,      1804,       483
       951,       483,      1804,      2756,      1394
       952,      1043,       483,      1394,      2341
       953,      2341,      1394,       482,      1395
       954,      1394,      2756,      2172,       482
       955,       482,      2172,      2984,      2173
       956,      1395,       482,      2173,      2757
       957,      2754,      1390,       481,      2169
       958,      1390,      2341,      1395,       481
       959,       481,      1395,      2757,      2171
       960,      2169,       481,      2171,      2983
       961,      2937,      2027,       480,      2025
       962,      2027,      2661,      1241,       480
       963,       480,      1241,      2340,      1237
       964,      2025,       480,      1237,      2659
       965,      2661,      2023,       479,      1241
       966,      2023,      2936,      2021,       479
       967,       479,      2021,      2657,      1234
       968,      1241,       479,      1234,      2340
       969,      2340,      1234,       478,      1040
       970,      1234,      2657,      1799,       478
       971,       478,      1799,      2880,      1798
       972,      1040,       478,      1798,      2560
       973,      2659,      1237,       477,      1820
       974,      1237,      2340,      1040,       477
       975,       477,      1040,      2560,      1817
       976,      1820,       477,      1817,      2885
       977,      2885,      1817,       476,      1818
       978,      1817,      2560,      1039,       476
       979,       476,      1039,      2339,      1041
       980,      1818,       476,      1041,      2561
       981,      2560,      1798,       475,      1039
       982,      1798,      2880,      1797,       475
       983,       475,      1797,      2552,      1024
       984,      1039,       475,      1024,      2339
       985,      2339,      1024,       474,      1036
       986,      1024,      2552,      1794,       474
       987,       474,      1794,      2879,      1795
       988,      1036,       474,      1795,      2558
       989,      2561,      1041,       473,      1815
       990,      1041,      2339,      1036,       473
       991,       473,      1036,      2558,      1813
       992,      1815,       473,      1813,      2884
       993,      2884,      1813,       472,      1814
       994,      1813,      2558,      1035,       472
       995,       472,      1035,      2338,      1037
       996,      1814,       472,      1037,      2559
       997,      2558,      1795,       471,      1035
       998,      1795,      2879,      1793,       471
       999,       471,      1793,      2551,      1022
      1000,      1035,       471,      1022,      2338
      1001,      2338,      1022,       470,      1032
      1002,      1022,      2551,      1790,       470
      1003,       470,      1790,      2878,      1791
      1004,      1032,       470,      1791,      2556
      1005,      2559,      1037,       469,      1811
      1006,      1037,      2338,      1032,       469
      1007,       469,      1032,      2556,      1809
      1008,      1811,       469,      1809,      2883
      1009,      2883,      1809,       468,      1810
      1010,      1809,      2556,      1031,       468
      1011,       468,      1031,      2337,      1033
      1012,      1810,       468,      1033,      2557
      1013,      2556,      1791,       467,      1031
      1014,      1791,      2878,      1789,       467
      1015,       467,      1789,      2550,      1020
      1016,      1031,       467,      1020,      2337
      1017,      2337,      1020,       466,      1028
      1018,      1020,      2550,      1786,       466
      1019,       466,      1786,      2877,      1787
      1020,      1028,       466,      1787,      2554
      1021,      2557,      1033,       465,      1807
      1022,      1033,      2337,      1028,       465
      1023,       465,      1028,      2554,      1805
      1024,      1807,       465,      1805,      2882
      1025,      2882,      1805,       464,      1806
      1026,      1805,      2554,      1027,       464
      1027,       464,      1027,      2336,      1029
      1028,      1806,       464,      1029,      2555
      1029,      2554,      1787,       463,      1027
      1030,      1787,      2877,      1785,       463
      1031,       463,      1785,      2549,      1018
      1032,      1027,       463,      1018,      2336
      1033,      2336,      1018,       462,      1026
      1034,      1018,      2549,      1781,       462
      1035,       462,      1781,      2876,      1782
      1036,      1026,       462,      1782,      2553
      1037,      2555,      1029,       461,      1802
      1038,      1029,      2336,      1026,       461
      1039,       461,      1026,      2553,      1801
      1040,      1802,       461,      1801,      2881
      1041,      2881,      1801,       460,      1804
      1042,      1801,      2553,      1025,       460
      1043,       460,      1025,      2335,      1393
      1044,      1804,       460,      1393,      2756
      1045,      2553,      1782,       459,      1025
      1046,      1782,      2876,      1783,       459
      1047,       459,      1783,      2758,      1397
      1048,      1025,       459,      1397,      2335
      1049,      2335,      1397,       458,      1398
      1050,      1397,      2758,      2175,       458
      1051,       458,      2175,      2985,      2176
      1052,      1398,       458,      2176,      2759
      1053,      2756,      1393,       457,      2172
      1054,      1393,      2335,      1398,       457
      1055,       457,      1398,      2759,      2174
      1056,      2172,       457,      2174,      2984
      1057,      2936,      2024,       456,      2021
      1058,      2024,      2769,      1413,       456
      1059,       456,      1413,      2334,      1233
      1060,      2021,       456,      1233,      2657
      1061,      2769,      2193,       455,      1413
      1062,      2193,      2991,      2194,       455
      1063,       455,      2194,      2770,      1415
      1064,      1413,       455,      1415,      2334
      1065,      2334,      1415,       454,      1411
      1066,      1415,      2770,      2192,       454
      1067,       454,      2192,      2990,      2190
      1068,      1411,       454,      2190,      2767
      1069,      2657,      1233,       453,      1799
      1070,      1233,      2334,      1411,       453
      1071,       453,      1411,      2767,      1800
      1072,      1799,       453,      1800,      2880
      1073,      2880,      1800,       452,      1797
      1074,      1800,      2767,      1410,       452
      1075,       452,      1410,      2333,      1023
      1076,      1797,       452,      1023,      2552
      1077,      2767,      2190,       451,      1410
      1078,      2190,      2990,      2191,       451
      1079,       451,      2191,      2768,      1412
      1080,      1410,       451,      1412,      2333
      1081,      2333,      1412,       450,      1408
      1082,      1412,      2768,      2189,       450
      1083,       450,      2189,      2989,      2187
      1084,      1408,       450,      2187,      2765
      1085,      2552,      1023,       449,      1794
      1086,      1023,      2333,      1408,       449
      1087,       449,      1408,      2765,      1796
      1088,      1794,       449,      1796,      2879
      1089,      2879,      1796,       448,      1793
      1090,      1796,      2765,      1407,       448
      1091,       448,      1407,      2332,      1021
      1092,      1793,       448,      1021,      2551
      1093,      2765,      2187,       447,      1407
      1094,      2187,      2989,      2188,       447
      1095,       447,      2188,      2766,      1409
      1096,      1407,       447,      1409,      2332
      1097,      2332,      1409,       446,      1405
      1098,      1409,      2766,      2186,       446
      1099,       446,      2186,      2988,      2184
      1100,      1405,       446,      2184,      2763
      1101,      2551,      1021,       445,      1790
      1102,      1021,      2332,      1405,       445
      1103,       445,      1405,      2763,      1792
      1104,      1790,       445,      1792,      2878
      1105,      2878,      1792,       444,      1789
      1106,      1792,      2763,      1404,       444
      1107,       444,      1404,      2331,      1019
      1108,      1789,       444,      1019,      2550
      1109,      2763,      2184,       443,      1404
      1110,      2184,      2988,      2185,       443
      1111,       443,      2185,      2764,      1406
      1112,      1404,       443,      1406,      2331
      1113,      2331,      1406,       442,      1402
      1114,      1406,      2764,      2183,       442
      1115,       442,      2183,      2987,      2181
      1116,      1402,       442,      2181,      2761
      1117,      2550,      1019,       441,      1786
      1118,      1019,      2331,      1402,       441
      1119,       441,      1402,      2761,      1788
      1120,      1786,       441,      1788,      2877
      1121,      2877,      1788,       440,      1785
      1122,      1788,      2761,      1401,       440
      1123,       440,      1401,      2330,      1017
      1124,      1785,       440,      1017,      2549
      1125,      2761,      2181,       439,      1401
      1126,      2181,      2987,      2182,       439
      1127,       439,      2182,      2762,      1403
      1128,      1401,       439,      1403,      2330
      1129,      2330,      1403,       438,      1400
      1130,      1403,      2762,      2179,       438
      1131,       438,      2179,      2986,      2178
      1132,      1400,       438,      2178,      2760
      1133,      2549,      1017,       437,      1781
      1134,      1017,      2330,      1400,       437
      1135,       437,      1400,      2760,      1784
      1136,      1781,       437,      1784,      2876
      1137,      2876,      1784,       436,      1783
      1138,      1784,      2760,      1399,       436
      1139,       436,      1399,      2329,      1396
      1140,      1783,       436,      1396,      2758
      1141,      2760,      2178,       435,      1399
      1142,      2178,      2986,      2180,       435
      1143,       435,      2180,      2784,      1434
      1144,      1399,       435,      1434,      2329
      1145,      2329,      1434,       434,      1433
      1146,      1434,      2784,      2214,       434
      1147,       434,      2214,      2998,      2213
      1148,      1433,       434,      2213,      2783
      1149,      2758,      1396,       433,      2175
      1150,      1396,      2329,      1433,       433
      1151,       433,      1433,      2783,      2177
      1152,      2175,       433,      2177,      2985
      1153,      2941,      2043,       432,      2042
      1154,      2043,      2673,      1265,       432
      1155,       432,      1265,      2328,      1264
      1156,      2042,       432,      1264,      2672
      1157,      2673,      1900,       431,      1265
      1158,      1900,      2905,      1897,       431
      1159,       431,      1897,      2600,      1120
      1160,      1265,       431,      1120,      2328
      1161,      2328,      1120,       430,      1014
      1162,      1120,      2600,      1760,       430
      1163,       430,      1760,      2870,      1759
      1164,      1014,       430,      1759,      2547
      1165,      2672,      1264,       429,      1780
      1166,      1264,      2328,      1014,       429
      1167,       429,      1014,      2547,      1778
      1168,      1780,       429,      1778,      2875
      1169,      2875,      1778,       428,      1779
      1170,      1778,      2547,      1013,       428
      1171,       428,      1013,      2327,      1016
      1172,      1779,       428,      1016,      2548
      1173,      2547,      1759,       427,      1013
      1174,      1759,      2870,      1758,       427
      1175,       427,      1758,      2534,       988
      1176,      1013,       427,       988,      2327
      1177,      2327,       988,       426,      1008
      1178,       988,      2534,      1755,       426
      1179,       426,      1755,      2869,      1756
      1180,      1008,       426,      1756,      2544
      1181,      2548,      1016,       425,      1776
      1182,      1016,      2327,      1008,       425
      1183,       425,      1008,      2544,      1774
      1184,      1776,       425,      1774,      2874
      1185,      2874,      1774,       424,      1775
      1186,      1774,      2544,      1007,       424
      1187,       424,      1007,      2326,      1010
      1188,      1775,       424,      1010,      2545
      1189,      2544,      1756,       423,      1007
      1190,      1756,      2869,      1754,       423
      1191,       423,      1754,      2532,       984
      1192,      1007,       423,       984,      2326
      1193,      2326,       984,       422,      1002
      1194,       984,      2532,      1751,       422
      1195,       422,      1751,      2868,      1752
      1196,      1002,       422,      1752,      2541
      1197,      2545,      1010,       421,      1772
      1198,      1010,      2326,      1002,       421
      1199,       421,      1002,      2541,      1770
      1200,      1772,       421,      1770,      2873
      1201,      2873,      1770,       420,      1771
      1202,      1770,      2541,      1001,       420
      1203,       420,      1001,      2325,      1004
      1204,      1771,       420,      1004,      2542
      1205,      2541,      1752,       419,      1001
      1206,      1752,      2868,      1750,       419
      1207,       419,      1750,      2530,       980
      1208,      1001,       419,       980,      2325
      1209,      2325,       980,       418,       996
      1210,       980,      2530,      1747,       418
      1211,       418,      1747,      2867,      1748
      1212,       996,       418,      1748,      2538
      1213,      2542,      1004,       417,      1768
      1214,      1004,      2325,       996,       417
      1215,       417,       996,      2538,      1766
      1216,      1768,       417,      1766,      2872
      1217,      2872,      1766,       416,      1767
      1218,      1766,      2538,       995,       416
      1219,       416,       995,      2324,       998
      1220,      1767,       416,       998,      2539
      1221,      2538,      1748,       415,       995
      1222,      1748,      2867,      1746,       415
      1223,       415,      1746,      2528,       976
      1224,       995,       415,       976,      2324
      1225,      2324,       976,       414,       992
      1226,       976,      2528,      1742,       414
      1227,       414,      1742,      2866,      1743
      1228,       992,       414,      1743,      2536
      1229,      2539,       998,       413,      1763
      1230,       998,      2324,       992,       413
      1231,       413,       992,      2536,      1762
      1232,      1763,       413,      1762,      2871
      1233,      2871,      1762,       412,      1764
      1234,      1762,      2536,       991,       412
      1235,       412,       991,      2323,      1350
      1236,      1764,       412,      1350,      2727
      1237,      2536,      1743,       411,       991
      1238,      1743,      2866,      1744,       411
      1239,       411,      1744,      2729,      1353
      1240,       991,       411,      1353,      2323
      1241,      2323,      1353,       410,      1354
      1242,      1353,      2729,      2130,       410
      1243,       410,      2130,      2970,      2131
      1244,      1354,       410,      2131,      2730
      1245,      2727,      1350,       409,      2127
      1246,      1350,      2323,      1354,       409
      1247,       409,      1354,      2730,      2129
      1248,      2127,       409,      2129,      2969
      1249,      2905,      1899,       408,      1897
      1250,      1899,      2602,      1123,       408
      1251,       408,      1123,      2322,      1119
      1252,      1897,       408,      1119,      2600
      1253,      2602,      1896,       407,      1123
      1254,      1896,      2904,      1893,       407
      1255,       407,      1893,      2597,      1114
      1256,      1123,       407,      1114,      2322
      1257,      2322,      1114,       406,       986
      1258,      1114,      2597,      1740,       406
      1259,       406,      1740,      2865,      1739
      1260,       986,       406,      1739,      2533
      1261,      2600,      1119,       405,      1760
      1262,      1119,      2322,       986,       405
      1263,       405,       986,      2533,      1757
      1264,      1760,       405,      1757,      2870
      1265,      2870,      1757,       404,      1758
      1266,      1757,      2533,       985,       404
      1267,       404,       985,      2321,       987
      1268,      1758,       404,       987,      2534
      1269,      2533,      1739,       403,       985
      1270,      1739,      2865,      1738,       403
      1271,       403,      1738,      2525,       970
      1272,       985,       403,       970,      2321
      1273,      2321,       970,       402,       982
      1274,       970,      2525,      1735,       402
      1275,       402,      1735,      2864,      1736
      1276,       982,       402,      1736,      2531
      1277,      2534,       987,       401,      1755
      1278,       987,      2321,       982,       401
      1279,       401,       982,      2531,      1753
      1280,      1755,       401,      1753,      2869
      1281,      2869,      1753,       400,      1754
      1282,      1753,      2531,       981,       400
      1283,       400,       981,      2320,       983
      1284,      1754,       400,       983,      2532
      1285,      2531,      1736,       399,       981
      1286,      1736,      2864,      1734,       399
      1287,       399,      1734,      2523,       966
      1288,       981,       399,       966,      2320
      1289,      2320,       966,       398,       978
      1290,       966,      2523,      1731,       398
      1291,       398,      1731,      2863,      1732
      1292,       978,       398,      1732,      2529
      1293,      2532,       983,       397,      1751
      1294,       983,      2320,       978,       397
      1295,       397,       978,      2529,      1749
      1296,      1751,       397,      1749,      2868
      1297,      2868,      1749,       396,      1750
      1298,      1749,      2529,       977,       396
      1299,       396,       977,      2319,       979
      1300,      1750,       396,       979,      2530
      1301,      2529,      1732,       395,       977
      1302,      1732,      2863,      1730,       395
      1303,       395,      1730,      2521,       962
      1304,       977,       395,       962,      2319
      1305,      2319,       962,       394,       974
      1306,       962,      2521,      1727,       394
      1307,       394,      1727,      2862,      1728
      1308,       974,       394,      1728,      2527
      1309,      2530,       979,       393,      1747
      1310,       979,      2319,       974,       393
      1311,       393,       974,      2527,      1745
      1312,      1747,       393,      1745,      2867
      1313,      2867,      1745,       392,      1746
      1314,      1745,      2527,       973,       392
      1315,       392,       973,      2318,       975
      1316,      1746,       392,       975,      2528
      1317,      2527,      1728,       391,       973
      1318,      1728,      2862,      1726,       391
      1319,       391,      1726,      2519,       958
      1320,       973,       391,       958,      2318
      1321,      2318,       958,       390,       972
      1322,       958,      2519,      1722,       390
      1323,       390,      1722,      2861,      1723
      1324,       972,       390,      1723,      2526
      1325,      2528,       975,       389,      1742
      1326,       975,      2318,       972,       389
      1327,       389,       972,      2526,      1741
      1328,      1742,       389,      1741,      2866
      1329,      2866,      1741,       388,      1744
      1330,      1741,      2526,       971,       388
      1331,       388,       971,      2317,      1352
      1332,      1744,       388,      1352,      2729
      1333,      2526,      1723,       387,       971
      1334,      1723,      2861,      1724,       387
      1335,       387,      1724,      2731,      1356
      1336,       971,       387,      1356,      2317
      1337,      2317,      1356,       386,      1357
      1338,      1356,      2731,      2133,       386
      1339,       386,      2133,      2971,      2134
      1340,      1357,       386,      2134,      2732
      1341,      2729,      1352,       385,      2130
      1342,      1352,      2317,      1357,       385
      1343,       385,      1357,      2732,      2132
      1344,      2130,       385,      2132,      2970
      1345,      2904,      1895,       384,      1893
      1346,      1895,      2599,      1117,       384
      1347,       384,      1117,      2316,      1113
      1348,      1893,       384,      1113,      2597
      1349,      2599,      1892,       383,      1117
      1350,      1892,      2903,      1889,       383
      1351,       383,      1889,      2594,      1108
      1352,      1117,       383,      1108,      2316
      1353,      2316,      1108,       382,       968
      1354,      1108,      2594,      1720,       382
      1355,       382,      1720,      2860,      1719
      1356,       968,       382,      1719,      2524
      1357,      2597,      1113,       381,      1740
      1358,      1113,      2316,       968,       381
      1359,       381,       968,      2524,      1737
      1360,      1740,       381,      1737,      2865
      1361,      2865,      1737,       380,      1738
      1362,      1737,      2524,       967,       380
      1363,       380,       967,      2315,       969
      1364,      1738,       380,       969,      2525
      1365,      2524,      1719,       379,       967
      1366,      1719,      2860,      1718,       379
      1367,       379,      1718,      2516,       952
      1368,       967,       379,       952,      2315
      1369,      2315,       952,       378,       964
      1370,       952,      2516,      1715,       378
      1371,       378,      1715,      2859,      1716
      1372,       964,       378,      1716,      2522
      1373,      2525,       969,       377,      1735
      1374,       969,      2315,       964,       377
      1375,       377,       964,      2522,      1733
      1376,      1735,       377,      1733,      2864
      1377,      2864,      1733,       376,      1734
      1378,      1733,      2522,       963,       376
      1379,       376,       963,      2314,       965
      1380,      1734,       376,       965,      2523
      1381,      2522,      1716,       375,       963
      1382,      1716,      2859,      1714,       375
      1383,       375,      1714,      2514,       948
      1384,       963,       375,       948,      2314
      1385,      2314,       948,       374,       960
      1386,       948,      2514,      1711,       374
      1387,       374,      1711,      2858,      1712
      1388,       960,       374,      1712,      2520
      1389,      2523,       965,       373,      1731
      1390,       965,      2314,       960,       373
      1391,       373,       960,      2520,      1729
      1392,      1731,       373,      1729,      2863
      1393,      2863,      1729,       372,      1730
      1394,      1729,      2520,       959,       372
      1395,       372,       959,      2313,       961
      1396,      1730,       372,       961,      2521
      1397,      2520,      1712,       371,       959
      1398,      1712,      2858,      1710,       371
      1399,       371,      1710,      2512,       944
      1400,       959,       371,       944,      2313
      1401,      2313,       944,       370,       956
      1402,       944,      2512,      1707,       370
      1403,       370,      1707,      2857,      1708
      1404,       956,       370,      1708,      2518
      1405,      2521,       961,       369,      1727
      1406,       961,      2313,       956,       369
      1407,       369,       956,      2518,      1725
      1408,      1727,       369,      1725,      2862
      1409,      2862,      1725,       368,      1726
      1410,      1725,      2518,       955,       368
      1411,       368,       955,      2312,       957
      1412,      1726,       368,       957,      2519
      1413,      2518,      1708,       367,       955
      1414,      1708,      2857,      1706,       367
      1415,       367,      1706,      2510,       940
      1416,       955,       367,       940,      2312
      1417,      2312,       940,       366,       954
      1418,       940,      2510,      1702,       366
      1419,       366,      1702,      2856,      1703
      1420,       954,       366,      1703,      2517
      1421,      2519,       957,       365,      1722
      1422,       957,      2312,       954,       365
      1423,       365,       954,      2517,      1721
      1424,      1722,       365,      1721,      2861
      1425,      2861,      1721,       364,      1724
      1426,      1721,      2517,       953,       364
      1427,       364,       953,      2311,      1355
      1428,      1724,       364,      1355,      2731
      1429,      2517,      1703,       363,       953
      1430,      1703,      2856,      1704,       363
      1431,       363,      1704,      2733,      1359
      1432,       953,       363,      1359,      2311
      1433,      2311,      1359,       362,      1360
      1434,      1359,      2733,      2136,       362
      1435,       362,      2136,      2972,      2137
      1436,      1360,       362,      2137,      2734
      1437,      2731,      1355,       361,      2133
      1438,      1355,      2311,      1360,       361
      1439,       361,      1360,      2734,      2135
      1440,      2133,       361,      2135,      2971
      1441,      2903,      1891,       360,      1889
      1442,      1891,      2596,      1111,       360
      1443,       360,      1111,      2310,      1107
      1444,      1889,       360,      1107,      2594
      1445,      2596,      1888,       359,      1111
      1446,      1888,      2902,      1885,       359
      1447,       359,      1885,      2591,      1102
      1448,      1111,       359,      1102,      2310
      1449,      2310,      1102,       358,       950
      1450,      1102,      2591,      1700,       358
      1451,       358,      1700,      2855,      1699
      1452,       950,       358,      1699,      2515
      1453,      2594,      1107,       357,      1720
      1454,      1107,      2310,       950,       357
      1455,       357,       950,      2515,      1717
      1456,      1720,       357,      1717,      2860
      1457,      2860,      1717,       356,      1718
      1458,      1717,      2515,       949,       356
      1459,       356,       949,      2309,       951
      1460,      1718,       356,       951,      2516
      1461,      2515,      1699,       355,       949
      1462,      1699,      2855,      1698,       355
      1463,       355,      1698,      2507,       934
      1464,       949,       355,       934,      2309
      1465,      2309,       934,       354,       946
      1466,       934,      2507,      1695,       354
      1467,       354,      1695,      2854,      1696
      1468,       946,       354,      1696,      2513
      1469,      2516,       951,       353,      1715
      1470,       951,      2309,       946,       353
      1471,       353,       946,      2513,      1713
      1472,      1715,       353,      1713,      2859
      1473,      2859,      1713,       352,      1714
      1474,      1713,      2513,       945,       352
      1475,       352,       945,      2308,       947
      1476,      1714,       352,       947,      2514
      1477,      2513,      1696,       351,       945
      1478,      1696,      2854,      1694,       351
      1479,       351,      1694,      2505,       930
      1480,       945,       351,       930,      2308
      1481,      2308,       930,       350,       942
      1482,       930,      2505,      1691,       350
      1483,       350,      1691,      2853,      1692
      1484,       942,       350,      1692,      2511
      1485,      2514,       947,       349,      1711
      1486,       947,      2308,       942,       349
      1487,       349,       942,      2511,      1709
      1488,      1711,       349,      1709,      2858
      1489,      2858,      1709,       348,      1710
      1490,      1709,      2511,       941,       348
      1491,       348,       941,      2307,       943
      1492,      1710,       348,       943,      2512
      1493,      2511,      1692,       347,       941
      1494,      1692,      2853,      1690,       347
      1495,       347,      1690,      2503,       926
      1496,       941,       347,       926,      2307
      1497,      2307,       926,       346,       938
      1498,       926,      2503,      1687,       346
      1499,       346,      1687,      2852,      1688
      1500,       938,       346,      1688,      2509
      1501,      2512,       943,       345,      1707
      1502,       943,      2307,       938,       345
      1503,       345,       938,      2509,      1705
      1504,      1707,       345,      1705,      2857
      1505,      2857,      1705,       344,      1706
      1506,      1705,      2509,       937,       344
      1507,       344,       937,      2306,       939
      1508,      1706,       344,       939,      2510
      1509,      2509,      1688,       343,       937
      1510,      1688,      2852,      1686,       343
      1511,       343,      1686,      2501,       922
      1512,       937,       343,       922,      2306
      1513,      2306,       922,       342,       936
      1514,       922,      2501,      1682,       342
      1515,       342,      1682,      2851,      1683
      1516,       936,       342,      1683,      2508
      1517,      2510,       939,       341,      1702
      1518,       939,      2306,       936,       341
      1519,       341,       936,      2508,      1701
      1520,      1702,       341,      1701,      2856
      1521,      2856,      1701,       340,      1704
      1522,      1701,      2508,       935,       340
      1523,       340,       935,      2305,      1358
      1524,      1704,       340,      1358,      2733
      1525,      2508,      1683,       339,       935
      1526,      1683,      2851,      1684,       339
      1527,       339,      1684,      2735,      1362
      1528,       935,       339,      1362,      2305
      1529,      2305,      1362,       338,      1363
      1530,      1362,      2735,      2139,       338
      1531,       338,      2139,      2973,      2140
      1532,      1363,       338,      2140,      2736
      1533,      2733,      1358,       337,      2136
      1534,      1358,      2305,      1363,       337
      1535,       337,      1363,      2736,      2138
      1536,      2136,       337,      2138,      2972
      1537,      2902,      1887,       336,      1885
      1538,      1887,      2593,      1105,       336
      1539,       336,      1105,      2304,      1101
      1540,      1885,       336,      1101,      2591
      1541,      2593,      1883,       335,      1105
      1542,      1883,      2901,      1881,       335
      1543,       335,      1881,      2589,      1098
      1544,      1105,       335,      1098,      2304
      1545,      2304,      1098,       334,       932
      1546,      1098,      2589,      1679,       334
      1547,       334,      1679,      2850,      1678
      1548,       932,       334,      1678,      2506
      1549,      2591,      1101,       333,      1700
      1550,      1101,      2304,       932,       333
      1551,       333,       932,      2506,      1697
      1552,      1700,       333,      1697,      2855
      1553,      2855,      1697,       332,      1698
      1554,      1697,      2506,       931,       332
      1555,       332,       931,      2303,       933
      1556,      1698,       332,       933,      2507
      1557,      2506,      1678,       331,       931
      1558,      1678,      2850,      1677,       331
      1559,       331,      1677,      2498,       916
      1560,       931,       331,       916,      2303
      1561,      2303,       916,       330,       928
      1562,       916,      2498,      1674,       330
      1563,       330,      1674,      2849,      1675
      1564,       928,       330,      1675,      2504
      1565,      2507,       933,       329,      1695
      1566,       933,      2303,       928,       329
      1567,       329,       928,      2504,      1693
      1568,      1695,       329,      1693,      2854
      1569,      2854,      1693,       328,      1694
      1570,      1693,      2504,       927,       328
      1571,       328,       927,      2302,       929
      1572,      1694,       328,       929,      2505
      1573,      2504,      1675,       327,       927
      1574,      1675,      2849,      1673,       327
      1575,       327,      1673,      2497,       914
      1576,       927,       327,       914,      2302
      1577,      2302,       914,       326,       924
      1578,       914,      2497,      1670,       326
      1579,       326,      1670,      2848,      1671
      1580,       924,       326,      1671,      2502
      1581,      2505,       929,       325,      1691
      1582,       929,      2302,       924,       325
      1583,       325,       924,      2502,      1689
      1584,      1691,       325,      1689,      2853
      1585,      2853,      1689,       324,      1690
      1586,      1689,      2502,       923,       324
      1587,       324,       923,      2301,       925
      1588,      1690,       324,       925,      2503
      1589,      2502,      1671,       323,       923
      1590,      1671,      2848,      1669,       323
      1591,       323,      1669,      2496,       912
      1592,       923,       323,       912,      2301
      1593,      2301,       912,       322,       920
      1594,       912,      2496,      1666,       322
      1595,       322,      1666,      2847,      1667
      1596,       920,       322,      1667,      2500
      1597,      2503,       925,       321,      1687
      1598,       925,      2301,       920,       321
      1599,       321,       920,      2500,      1685
      1600,      1687,       321,      1685,      2852
      1601,      2852,      1685,       320,      1686
      1602,      1685,      2500,       919,       320
      1603,       320,       919,      2300,       921
      1604,      1686,       320,       921,      2501
      1605,      2500,      1667,       319,       919
      1606,      1667,      2847,      1665,       319
      1607,       319,      1665,      2495,       910
      1608,       919,       319,       910,      2300
      1609,      2300,       910,       318,       918
      1610,       910,      2495,      1661,       318
      1611,       318,      1661,      2846,      1662
      1612,       918,       318,      1662,      2499
      1613,      2501,       921,       317,      1682
      1614,       921,      2300,       918,       317
      1615,       317,       918,      2499,      1681
      1616,      1682,       317,      1681,      2851
      1617,      2851,      1681,       316,      1684
      1618,      1681,      2499,       917,       316
      1619,       316,       917,      2299,      1361
      1620,      1684,       316,      1361,      2735
      1621,      2499,      1662,       315,       917
      1622,      1662,      2846,      1663,       315
      1623,       315,      1663,      2737,      1365
      1624,       917,       315,      1365,      2299
      1625,      2299,      1365,       314,      1366
      1626,      1365,      2737,      2142,       314
      1627,       314,      2142,      2974,      2143
      1628,      1366,       314,      2143,      2738
      1629,      2735,      1361,       313,      2139
      1630,      1361,      2299,      1366,       313
      1631,       313,      1366,      2738,      2141
      1632,      2139,       313,      2141,      2973
      1633,      2901,      1884,       312,      1881
      1634,      1884,      2748,      1381,       312
      1635,       312,      1381,      2298,      1097
      1636,      1881,       312,      1097,      2589
      1637,      2748,      2160,       311,      1381
      1638,      2160,      2980,      2161,       311
      1639,       311,      2161,      2749,      1383
      1640,      1381,       311,      1383,      2298
      1641,      2298,      1383,       310,      1379
      1642,      1383,      2749,      2159,       310
      1643,       310,      2159,      2979,      2157
      1644,      1379,       310,      2157,      2746
      1645,      2589,      1097,       309,      1679
      1646,      1097,      2298,      1379,       309
      1647,       309,      1379,      2746,      1680
      1648,      1679,       309,      1680,      2850
      1649,      2850,      1680,       308,      1677
      1650,      1680,      2746,      1378,       308
      1651,       308,      1378,      2297,       915
      1652,      1677,       308,       915,      2498
      1653,      2746,      2157,       307,      1378
      1654,      2157,      2979,      2158,       307
      1655,       307,      2158,      2747,      1380
      1656,      1378,       307,      1380,      2297
      1657,      2297,      1380,       306,      1376
      1658,      1380,      2747,      2156,       306
      1659,       306,      2156,      2978,      2154
      1660,      1376,       306,      2154,      2744
      1661,      2498,       915,       305,      1674
      1662,       915,      2297,      1376,       305
      1663,       305,      1376,      2744,      1676
      1664,      1674,       305,      1676,      2849
      1665,      2849,      1676,       304,      1673
      1666,      1676,      2744,      1375,       304
      1667,       304,      1375,      2296,       913
      1668,      1673,       304,       913,      2497
      1669,      2744,      2154,       303,      1375
      1670,      2154,      2978,      2155,       303
      1671,       303,      2155,      2745,      1377
      1672,      1375,       303,      1377,      2296
      1673,      2296,      1377,       302,      1373
      1674,      1377,      2745,      2153,       302
      1675,       302,      2153,      2977,      2151
      1676,      1373,       302,      2151,      2742
      1677,      2497,       913,       301,      1670
      1678,       913,      2296,      1373,       301
      1679,       301,      1373,      2742,      1672
      1680,      1670,       301,      1672,      2848
      1681,      2848,      1672,       300,      1669
      1682,      1672,      2742,      1372,       300
      1683,       300,      1372,      2295,       911
      1684,      1669,       300,       911,      2496
      1685,      2742,      2151,       299,      1372
      1686,      2151,      2977,      2152,       299
      1687,       299,      2152,      2743,      1374
      1688,      1372,       299,      1374,      2295
      1689,      2295,      1374,       298,      1370
      1690,      1374,      2743,      2150,       298
      1691,       298,      2150,      2976,      2148
      1692,      1370,       298,      2148,      2740
      1693,      2496,       911,       297,      1666
      1694,       911,      2295,      1370,       297
      1695,       297,      1370,      2740,      1668
      1696,      1666,       297,      1668,      2847
      1697,      2847,      1668,       296,      1665
      1698,      1668,      2740,      1369,       296
      1699,       296,      1369,      2294,       909
      1700,      1665,       296,       909,      2495
      1701,      2740,      2148,       295,      1369
      1702,      2148,      2976,      2149,       295
      1703,       295,      2149,      2741,      1371
      1704,      1369,       295,      1371,      2294
      1705,      2294,      1371,       294,      1368
      1706,      1371,      2741,      2146,       294
      1707,       294,      2146,      2975,      2145
      1708,      1368,       294,      2145,      2739
      1709,      2495,       909,       293,      1661
      1710,       909,      2294,      1368,       293
      1711,       293,      1368,      2739,      1664
      1712,      1661,       293,      1664,      2846
      1713,      2846,      1664,       292,      1663
      1714,      1664,      2739,      1367,       292
      1715,       292,      1367,      2293,      1364
      1716,      1663,       292,      1364,      2737
      1717,      2739,      2145,       291,      1367
      1718,      2145,      2975,      2147,       291
      1719,       291,      2147,      2786,      1436
      1720,      1367,       291,      1436,      2293
      1721,      2293,      1436,       290,      1435
      1722,      1436,      2786,      2216,       290
      1723,       290,      2216,      2999,      2215
      1724,      1435,       290,      2215,      2785
      1725,      2737,      1364,       289,      2142
      1726,      1364,      2293,      1435,       289
      1727,       289,      1435,      2785,      2144
      1728,      2142,       289,      2144,      2974
      1729,      2941,      2042,       288,      2041
      1730,      2042,      2672,      1263,       288
      1731,       288,      1263,      2292,      1262
      1732,      2041,       288,      1262,      2671
      1733,      2672,      1780,       287,      1263
      1734,      1780,      2875,      1777,       287
      1735,       287,      1777,      2546,      1012
      1736,      1263,       287,      1012,      2292
      1737,      2292,      1012,       286,       906
      1738,      1012,      2546,      1640,       286
      1739,       286,      1640,      2840,      1639
      1740,       906,       286,      1639,      2493
      1741,      2671,      1262,       285,      1660
      1742,      1262,      2292,       906,       285
      1743,       285,       906,      2493,      1658
      1744,      1660,       285,      1658,      2845
      1745,      2845,      1658,       284,      1659
      1746,      1658,      2493,       905,       284
      1747,       284,       905,      2291,       908
      1748,      1659,       284,       908,      2494
      1749,      2493,      1639,       283,       905
      1750,      1639,      2840,      1638,       283
      1751,       283,      1638,      2480,       880
      1752,       905,       283,       880,      2291
      1753,      2291,       880,       282,       900
      1754,       880,      2480,      1635,       282
      1755,       282,      1635,      2839,      1636
      1756,       900,       282,      1636,      2490
      1757,      2494,       908,       281,      1656
      1758,       908,      2291,       900,       281
      1759,       281,       900,      2490,      1654
      1760,      1656,       281,      1654,      2844
      1761,      2844,      1654,       280,      1655
      1762,      1654,      2490,       899,       280
      1763,       280,       899,      2290,       902
      1764,      1655,       280,       902,      2491
      1765,      2490,      1636,       279,       899
      1766,      1636,      2839,      1634,       279
      1767,       279,      1634,      2478,       876
      1768,       899,       279,       876,      2290
      1769,      2290,       876,       278,       894
      1770,       876,      2478,      1631,       278
      1771,       278,      1631,      2838,      1632
      1772,       894,       278,      1632,      2487
      1773,      2491,       902,       277,      1652
      1774,       902,      2290,       894,       277
      1775,       277,       894,      2487,      1650
      1776,      1652,       277,      1650,      2843
      1777,      2843,      1650,       276,      1651
      1778,      1650,      2487,       893,       276
      1779,       276,       893,      2289,       896
      1780,      1651,       276,       896,      2488
      1781,      2487,      1632,       275,       893
      1782,      1632,      2838,      1630,       275
      1783,       275,      1630,      2476,       872
      1784,       893,       275,       872,      2289
      1785,      2289,       872,       274,       888
      1786,       872,      2476,      1627,       274
      1787,       274,      1627,      2837,      1628
      1788,       888,       274,      1628,      2484
      1789,      2488,       896,       273,      1648
      1790,       896,      2289,       888,       273
      1791,       273,       888,      2484,      1646
      1792,      1648,       273,      1646,      2842
      1793,      2842,      1646,       272,      1647
      1794,      1646,      2484,       887,       272
      1795,       272,       887,      2288,       890
      1796,      1647,       272,       890,      2485
      1797,      2484,      1628,       271,       887
      1798,      1628,      2837,      1626,       271
      1799,       271,      1626,      2474,       868
      1800,       887,       271,       868,      2288
      1801,      2288,       868,       270,       884
      1802,       868,      2474,      1622,       270
      1803,       270,      1622,      2836,      1623
      1804,       884,       270,      1623,      2482
      1805,      2485,       890,       269,      1643
      1806,       890,      2288,       884,       269
      1807,       269,       884,      2482,      1642
      1808,      1643,       269,      1642,      2841
      1809,      2841,      1642,       268,      1644
      1810,      1642,      2482,       883,       268
      1811,       268,       883,      2287,      1318
      1812,      1644,       268,      1318,      2706
      1813,      2482,      1623,       267,       883
      1814,      1623,      2836,      1624,       267
      1815,       267,      1624,      2708,      1321
      1816,       883,       267,      1321,      2287
      1817,      2287,      1321,       266,      1322
      1818,      1321,      2708,      2097,       266
      1819,       266,      2097,      2959,      2098
      1820,      1322,       266,      2098,      2709
      1821,      2706,      1318,       265,      2094
      1822,      1318,      2287,      1322,       265
      1823,       265,      1322,      2709,      2096
      1824,      2094,       265,      2096,      2958
      1825,      2875,      1779,       264,      1777
      1826,      1779,      2548,      1015,       264
      1827,       264,      1015,      2286,      1011
      1828,      1777,       264,      1011,      2546
      1829,      2548,      1776,       263,      1015
      1830,      1776,      2874,      1773,       263
      1831,       263,      1773,      2543,      1006
      1832,      1015,       263,      1006,      2286
      1833,      2286,      1006,       262,       878
      1834,      1006,      2543,      1620,       262
      1835,       262,      1620,      2835,      1619
      1836,       878,       262,      1619,      2479
      1837,      2546,      1011,       261,      1640
      1838,      1011,      2286,       878,       261
      1839,       261,       878,      2479,      1637
      1840,      1640,       261,      1637,      2840
      1841,      2840,      1637,       260,      1638
      1842,      1637,      2479,       877,       260
      1843,       260,       877,      2285,       879
      1844,      1638,       260,       879,      2480
      1845,      2479,      1619,       259,       877
      1846,      1619,      2835,      1618,       259
      1847,       259,      1618,      2471,       862
      1848,       877,       259,       862,      2285
      1849,      2285,       862,       258,       874
      1850,       862,      2471,      1615,       258
      1851,       258,      1615,      2834,      1616
      1852,       874,       258,      1616,      2477
      1853,      2480,       879,       257,      1635
      1854,       879,      2285,       874,       257
      1855,       257,       874,      2477,      1633
      1856,      1635,       257,      1633,      2839
      1857,      2839,      1633,       256,      1634
      1858,      1633,      2477,       873,       256
      1859,       256,       873,      2284,       875
      1860,      1634,       256,       875,      2478
      1861,      2477,      1616,       255,       873
      1862,      1616,      2834,      1614,       255
      1863,       255,      1614,      2469,       858
      1864,       873,       255,       858,      2284
      1865,      2284,       858,       254,       870
      1866,       858,      2469,      1611,       254
      1867,       254,      1611,      2833,      1612
      1868,       870,       254,      1612,      2475
      1869,      2478,       875,       253,      1631
      1870,       875,      2284,       870,       253
      1871,       253,       870,      2475,      1629
      1872,      1631,       253,      1629,      2838
      1873,      2838,      1629,       252,      1630
      1874,      1629,      2475,       869,       252
      1875,       252,       869,      2283,       871
      1876,      1630,       252,       871,      2476
      1877,      2475,      1612,       251,       869
      1878,      1612,      2833,      1610,       251
      1879,       251,      1610,      2467,       854
      1880,       869,       251,       854,      2283
      1881,      2283,       854,       250,       866
      1882,       854,      2467,      1607,       250
      1883,       250,      1607,      2832,      1608
      1884,       866,       250,      1608,      2473
      1885,      2476,       871,       249,      1627
      1886,       871,      2283,       866,       249
      1887,       249,       866,      2473,      1625
      1888,      1627,       249,      1625,      2837
      1889,      2837,      1625,       248,      1626
      1890,      1625,      2473,       865,       248
      1891,       248,       865,      2282,       867
      1892,      1626,       248,       867,      2474
      1893,      2473,      1608,       247,       865
      1894,      1608,      2832,      1606,       247
      1895,       247,      1606,      2465,       850
      1896,       865,       247,       850,      2282
      1897,      2282,       850,       246,       864
      1898,       850,      2465,      1602,       246
      1899,       246,      1602,      2831,      1603
      1900,       864,       246,      1603,      2472
      1901,      2474,       867,       245,      1622
      1902,       867,      2282,       864,       245
      1903,       245,       864,      2472,      1621
      1904,      1622,       245,      1621,      2836
      1905,      2836,      1621,       244,      1624
      1906,      1621,      2472,       863,       244
      1907,       244,       863,      2281,      1320
      1908,      1624,       244,      1320,      2708
      1909,      2472,      1603,       243,       863
      1910,      1603,      2831,      1604,       243
      1911,       243,      1604,      2710,      1324
      1912,       863,       243,      1324,      2281
      1913,      2281,      1324,       242,      1325
      1914,      1324,      2710,      2100,       242
      1915,       242,      2100,      2960,      2101
      1916,      1325,       242,      2101,      2711
      1917,      2708,      1320,       241,      2097
      1918,      1320,      2281,      1325,       241
      1919,       241,      1325,      2711,      2099
      1920,      2097,       241,      2099,      2959
      1921,      2874,      1775,       240,      1773
      1922,      1775,      2545,      1009,       240
      1923,       240,      1009,      2280,      1005
      1924,      1773,       240,      1005,      2543
      1925,      2545,      1772,       239,      1009
      1926,      1772,      2873,      1769,       239
      1927,       239,      1769,      2540,      1000
      1928,      1009,       239,      1000,      2280
      1929,      2280,      1000,       238,       860
      1930,      1000,      2540,      1600,       238
      1931,       238,      1600,      2830,      1599
      1932,       860,       238,      1599,      2470
      1933,      2543,      1005,       237,      1620
      1934,      1005,      2280,       860,       237
      1935,       237,       860,      2470,      1617
      1936,      1620,       237,      1617,      2835
      1937,      2835,      1617,       236,      1618
      1938,      1617,      2470,       859,       236
      1939,       236,       859,      2279,       861
      1940,      1618,       236,       861,      2471
      1941,      2470,      1599,       235,       859
      1942,      1599,      2830,      1598,       235
      1943,       235,      1598,      2462,       844
      1944,       859,       235,       844,      2279
      1945,      2279,       844,       234,       856
      1946,       844,      2462,      1595,       234
      1947,       234,      1595,      2829,      1596
      1948,       856,       234,      1596,      2468
      1949,      2471,       861,       233,      1615
      1950,       861,      2279,       856,       233
      1951,       233,       856,      2468,      1613
      1952,      1615,       233,      1613,      2834
      1953,      2834,      1613,       232,      1614
      1954,      1613,      2468,       855,       232
      1955,       232,       855,      2278,       857
      1956,      1614,       232,       857,      2469
      1957,      2468,      1596,       231,       855
      1958,      1596,      2829,      1594,       231
      1959,       231,      1594,      2460,       840
      1960,       855,       231,       840,      2278
      1961,      2278,       840,       230,       852
      1962,       840,      2460,      1591,       230
      1963,       230,      1591,      2828,      1592
      1964,       852,       230,      1592,      2466
      1965,      2469,       857,       229,      1611
      1966,       857,      2278,       852,       229
      1967,       229,       852,      2466,      1609
      1968,      1611,       229,      1609,      2833
      1969,      2833,      1609,       228,      1610
      1970,      1609,      2466,       851,       228
      1971,       228,       851,      2277,       853
      1972,      1610,       228,       853,      2467
      1973,      2466,      1592,       227,       851
      1974,      1592,      2828,      1590,       227
      1975,       227,      1590,      2458,       836
      1976,       851,       227,       836,      2277
      1977,      2277,       836,       226,       848
      1978,       836,      2458,      1587,       226
      1979,       226,      1587,      2827,      1588
      1980,       848,       226,      1588,      2464
      1981,      2467,       853,       225,      1607
      1982,       853,      2277,       848,       225
      1983,       225,       848,      2464,      1605
      1984,      1607,       225,      1605,      2832
      1985,      2832,      1605,       224,      1606
      1986,      1605,      2464,       847,       224
      1987,       224,       847,      2276,       849
      1988,      1606,       224,       849,      2465
      1989,      2464,      1588,       223,       847
      1990,      1588,      2827,      1586,       223
      1991,       223,      1586,      2456,       832
      1992,       847,       223,       832,      2276
      1993,      2276,       832,       222,       846
      1994,       832,      2456,      1582,       222
      1995,       222,      1582,      2826,      1583
      1996,       846,       222,      1583,      2463
      1997,      2465,       849,       221,      1602
      1998,       849,      2276,       846,       221
      1999,       221,       846,      2463,      1601
      2000,      1602,       221,      1601,      2831
      2001,      2831,      1601,       220,      1604
      2002,      1601,      2463,       845,       220
      2003,       220,       845,      2275,      1323
      2004,      1604,       220,      1323,      2710
      2005,      2463,      1583,       219,       845
      2006,      1583,      2826,      1584,       219
      2007,       219,      1584,      2712,      1327
      2008,       845,       219,      1327,      2275
      2009,      2275,      1327,       218,      1328
      2010,      1327,      2712,      2103,       218
      2011,       218,      2103,      2961,      2104
      2012,      1328,       218,      2104,      2713
      2013,      2710,      1323,       217,      2100
      2014,      1323,      2275,      1328,       217
      2015,       217,      1328,      2713,      2102
      2016,      2100,       217,      2102,      2960
      2017,      2873,      1771,       216,      1769
      2018,      1771,      2542,      1003,       216
      2019,       216,      1003,      2274,       999
      2020,      1769,       216,       999,      2540
      2021,      2542,      1768,       215,      1003
      2022,      1768,      2872,      1765,       215
      2023,       215,      1765,      2537,       994
      2024,      1003,       215,       994,      2274
      2025,      2274,       994,       214,       842
      2026,       994,      2537,      1580,       214
      2027,       214,      1580,      2825,      1579
      2028,       842,       214,      1579,      2461
      2029,      2540,       999,       213,      1600
      2030,       999,      2274,       842,       213
      2031,       213,       842,      2461,      1597
      2032,      1600,       213,      1597,      2830
      2033,      2830,      1597,       212,      1598
      2034,      1597,      2461,       841,       212
      2035,       212,       841,      2273,       843
      2036,      1598,       212,       843,      2462
      2037,      2461,      1579,       211,       841
      2038,      1579,      2825,      1578,       211
      2039,       211,      1578,      2453,       826
      2040,       841,       211,       826,      2273
      2041,      2273,       826,       210,       838
      2042,       826,      2453,      1575,       210
      2043,       210,      1575,      2824,      1576
      2044,       838,       210,      1576,      2459
      2045,      2462,       843,       209,      1595
      2046,       843,      2273,       838,       209
      2047,       209,       838,      2459,      1593
      2048,      1595,       209,      1593,      2829
      2049,      2829,      1593,       208,      1594
      2050,      1593,      2459,       837,       208
      2051,       208,       837,      2272,       839
      2052,      1594,       208,       839,      2460
      2053,      2459,      1576,       207,       837
      2054,      1576,      2824,      1574,       207
      2055,       207,      1574,      2451,       822
      2056,       837,       207,       822,      2272
      2057,      2272,       822,       206,       834
      2058,       822,      2451,      1571,       206
      2059,       206,      1571,      2823,      1572
      2060,       834,       206,      1572,      2457
      2061,      2460,       839,       205,      1591
      2062,       839,      2272,       834,       205
      2063,       205,       834,      2457,      1589
      2064,      1591,       205,      1589,      2828
      2065,      2828,      1589,       204,      1590
      2066,      1589,      2457,       833,       204
      2067,       204,       833,      2271,       835
      2068,      1590,       204,       835,      2458
      2069,      2457,      1572,       203,       833
      2070,      1572,      2823,      1570,       203
      2071,       203,      1570,      2449,       818
      2072,       833,       203,       818,      2271
      2073,      2271,       818,       202,       830
      2074,       818,      2449,      1567,       202
      2075,       202,      1567,      2822,      1568
      2076,       830,       202,      1568,      2455
      2077,      2458,       835,       201,      1587
      2078,       835,      2271,       830,       201
      2079,       201,       830,      2455,      1585
      2080,      1587,       201,      1585,      2827
      2081,      2827,      1585,       200,      1586
      2082,      1585,      2455,       829,       200
      2083,       200,       829,      2270,       831
      2084,      1586,       200,       831,      2456
      2085,      2455,      1568,       199,       829
      2086,      1568,      2822,      1566,       199
      2087,       199,      1566,      2447,       814
      2088,       829,       199,       814,      2270
      2089,      2270,       814,       198,       828
      2090,       814,      2447,      1562,       198
      2091,       198,      1562,      2821,      1563
      2092,       828,       198,      1563,      2454
      2093,      2456,       831,       197,      1582
      2094,       831,      2270,       828,       197
      2095,       197,       828,      2454,      1581
      2096,      1582,       197,      1581,      2826
      2097,      2826,      1581,       196,      1584
      2098,      1581,      2454,       827,       196
      2099,       196,       827,      2269,      1326
      2100,      1584,       196,      1326,      2712
      2101,      2454,      1563,       195,       827
      2102,      1563,      2821,      1564,       195
      2103,       195,      1564,      2714,      1330
      2104,       827,       195,      1330,      2269
      2105,      2269,      1330,       194,      1331
      2106,      1330,      2714,      2106,       194
      2107,       194,      2106,      2962,      2107
      2108,      1331,       194,      2107,      2715
      2109,      2712,      1326,       193,      2103
      2110,      1326,      2269,      1331,       193
      2111,       193,      1331,      2715,      2105
      2112,      2103,       193,      2105,      2961
      2113,      2872,      1767,       192,      1765
      2114,      1767,      2539,       997,       192
      2115,       192,       997,      2268,       993
      2116,      1765,       192,       993,      2537
      2117,      2539,      1763,       191,       997
      2118,      1763,      2871,      1761,       191
      2119,       191,      1761,      2535,       990
      2120,       997,       191,       990,      2268
      2121,      2268,       990,       190,       824
      2122,       990,      2535,      1559,       190
      2123,       190,      1559,      2820,      1558
      2124,       824,       190,      1558,      2452
      2125,      2537,       993,       189,      1580
      2126,       993,      2268,       824,       189
      2127,       189,       824,      2452,      1577
      2128,      1580,       189,      1577,      2825
      2129,      2825,      1577,       188,      1578
      2130,      1577,      2452,       823,       188
      2131,       188,       823,      2267,       825
      2132,      1578,       188,       825,      2453
      2133,      2452,      1558,       187,       823
      2134,      1558,      2820,      1557,       187
      2135,       187,      1557,      2444,       808
      2136,       823,       187,       808,      2267
      2137,      2267,       808,       186,       820
      2138,       808,      2444,      1554,       186
      2139,       186,      1554,      2819,      1555
      2140,       820,       186,      1555,      2450
      2141,      2453,       825,       185,      1575
      2142,       825,      2267,       820,       185
      2143,       185,       820,      2450,      1573
      2144,      1575,       185,      1573,      2824
      2145,      2824,      1573,       184,      1574
      2146,      1573,      2450,       819,       184
      2147,       184,       819,      2266,       821
      2148,      1574,       184,       821,      2451
      2149,      2450,      1555,       183,       819
      2150,      1555,      2819,      1553,       183
      2151,       183,      1553,      2443,       806
      2152,       819,       183,       806,      2266
      2153,      2266,       806,       182,       816
      2154,       806,      2443,      1550,       182
      2155,       182,      1550,      2818,      1551
      2156,       816,       182,      1551,      2448
      2157,      2451,       821,       181,      1571
      2158,       821,      2266,       816,       181
      2159,       181,       816,      2448,      1569
      2160,      1571,       181,      1569,      2823
      2161,      2823,      1569,       180,      1570
      2162,      1569,      2448,       815,       180
      2163,       180,       815,      2265,       817
      2164,      1570,       180,       817,      2449
      2165,      2448,      1551,       179,       815
      2166,      1551,      2818,      1549,       179
      2167,       179,      1549,      2442,       804
      2168,       815,       179,       804,      2265
      2169,      2265,       804,       178,       812
      2170,       804,      2442,      1546,       178
      2171,       178,      1546,      2817,      1547
      2172,       812,       178,      1547,      2446
      2173,      2449,       817,       177,      1567
      2174,       817,      2265,       812,       177
      2175,       177,       812,      2446,      1565
      2176,      1567,       177,      1565,      2822
      2177,      2822,      1565,       176,      1566
      2178,      1565,      2446,       811,       176
      2179,       176,       811,      2264,       813
      2180,      1566,       176,       813,      2447
      2181,      2446,      1547,       175,       811
      2182,      1547,      2817,      1545,       175
      2183,       175,      1545,      2441,       802
      2184,       811,       175,       802,      2264
      2185,      2264,       802,       174,       810
      2186,       802,      2441,      1541,       174
      2187,       174,      1541,      2816,      1542
      2188,       810,       174,      1542,      2445
      2189,      2447,       813,       173,      1562
      2190,       813,      2264,       810,       173
      2191,       173,       810,      2445,      1561
      2192,      1562,       173,      1561,      2821
      2193,      2821,      1561,       172,      1564
      2194,      1561,      2445,       809,       172
      2195,       172,       809,      2263,      1329
      2196,      1564,       172,      1329,      2714
      2197,      2445,      1542,       171,       809
      2198,      1542,      2816,      1543,       171
      2199,       171,      1543,      2716,      1333
      2200,       809,       171,      1333,      2263
      2201,      2263,      1333,       170,      1334
      2202,      1333,      2716,      2109,       170
      2203,       170,      2109,      2963,      2110
      2204,      1334,       170,      2110,      2717
      2205,      2714,      1329,       169,      2106
      2206,      1329,      2263,      1334,       169
      2207,       169,      1334,      2717,      2108
      2208,      2106,       169,      2108,      2962
      2209,      2871,      1764,       168,      1761
      2210,      1764,      2727,      1349,       168
      2211,       168,      1349,      2262,       989
      2212,      1761,       168,       989,      2535
      2213,      2727,      2127,       167,      1349
      2214,      2127,      2969,      2128,       167
      2215,       167,      2128,      2728,      1351
      2216,      1349,       167,      1351,      2262
      2217,      2262,      1351,       166,      1347
      2218,      1351,      2728,      2126,       166
      2219,       166,      2126,      2968,      2124
      2220,      1347,       166,      2124,      2725
      2221,      2535,       989,       165,      1559
      2222,       989,      2262,      1347,       165
      2223,       165,      1347,      2725,      1560
      2224,      1559,       165,      1560,      2820
      2225,      2820,      1560,       164,      1557
      2226,      1560,      2725,      1346,       164
      2227,       164,      1346,      2261,       807
      2228,      1557,       164,       807,      2444
      2229,      2725,      2124,       163,      1346
      2230,      2124,      2968,      2125,       163
      2231,       163,      2125,      2726,      1348
      2232,      1346,       163,      1348,      2261
      2233,      2261,      1348,       162,      1344
      2234,      1348,      2726,      2123,       162
      2235,       162,      2123,      2967,      2121
      2236,      1344,       162,      2121,      2723
      2237,      2444,       807,       161,      1554
      2238,       807,      2261,      1344,       161
      2239,       161,      1344,      2723,      1556
      2240,      1554,       161,      1556,      2819
      2241,      2819,      1556,       160,      1553
      2242,      1556,      2723,      1343,       160
      2243,       160,      1343,      2260,       805
      2244,      1553,       160,       805,      2443
      2245,      2723,      2121,       159,      1343
      2246,      2121,      2967,      2122,       159
      2247,       159,      2122,      2724,      1345
      2248,      1343,       159,      1345,      2260
      2249,      2260,      1345,       158,      1341
      2250,      1345,      2724,      2120,       158
      2251,       158,      2120,      2966,      2118
      2252,      1341,       158,      2118,      2721
      2253,      2443,       805,       157,      1550
      2254,       805,      2260,      1341,       157
      2255,       157,      1341,      2721,      1552
      2256,      1550,       157,      1552,      2818
      2257,      2818,      1552,       156,      1549
      2258,      1552,      2721,      1340,       156
      2259,       156,      1340,      2259,       803
      2260,      1549,       156,       803,      2442
      2261,      2721,      2118,       155,      1340
      2262,      2118,      2966,      2119,       155
      2263,       155,      2119,      2722,      1342
      2264,      1340,       155,      1342,      2259
      2265,      2259,      1342,       154,      1338
      2266,      1342,      2722,      2117,       154
      2267,       154,      2117,      2965,      2115
      2268,      1338,       154,      2115,      2719
      2269,      2442,       803,       153,      1546
      2270,       803,      2259,      1338,       153
      2271,       153,      1338,      2719,      1548
      2272,      1546,       153,      1548,      2817
      2273,      2817,      1548,       152,      1545
      2274,      1548,      2719,      1337,       152
      2275,       152,      1337,      2258,       801
      2276,      1545,       152,       801,      2441
      2277,      2719,      2115,       151,      1337
      2278,      2115,      2965,      2116,       151
      2279,       151,      2116,      2720,      1339
      2280,      1337,       151,      1339,      2258
      2281,      2258,      1339,       150,      1336
      2282,      1339,      2720,      2113,       150
      2283,       150,      2113,      2964,      2112
      2284,      1336,       150,      2112,      2718
      2285,      2441,       801,       149,      1541
      2286,       801,      2258,      1336,       149
      2287,       149,      1336,      2718,      1544
      2288,      1541,       149,      1544,      2816
      2289,      2816,      1544,       148,      1543
      2290,      1544,      2718,      1335,       148
      2291,       148,      1335,      2257,      1332
      2292,      1543,       148,      1332,      2716
      2293,      2718,      2112,       147,      1335
      2294,      2112,      2964,      2114,       147
      2295,       147,      2114,      2788,      1438
      2296,      1335,       147,      1438,      2257
      2297,      2257,      1438,       146,      1437
      2298,      1438,      2788,      2218,       146
      2299,       146,      2218,      3000,      2217
      2300,      1437,       146,      2217,      2787
      2301,      2716,      1332,       145,      2109
      2302,      1332,      2257,      1437,       145
      2303,       145,      1437,      2787,      2111
      2304,      2109,       145,      2111,      2963
      2305,      2941,      2041,       144,      2044
      2306,      2041,      2671,      1261,       144
      2307,       144,      1261,      2256,      1267
      2308,      2044,       144,      1267,      2674
      2309,      2671,      1660,       143,      1261
      2310,      1660,      2845,      1657,       143
      2311,       143,      1657,      2492,       904
      2312,      1261,       143,       904,      2256
      2313,      2256,       904,       142,      1228
      2314,       904,      2492,      1539,       142
      2315,       142,      1539,      2815,      1540
      2316,      1228,       142,      1540,      2654
      2317,      2674,      1267,       141,      2020
      2318,      1267,      2256,      1228,       141
      2319,       141,      1228,      2654,      2017
      2320,      2020,       141,      2017,      2935
      2321,      2935,      2017,       140,      2019
      2322,      2017,      2654,      1227,       140
      2323,       140,      1227,      2255,      1231
      2324,      2019,       140,      1231,      2656
      2325,      2654,      1540,       139,      1227
      2326,      1540,      2815,      1538,       139
      2327,       139,      1538,      2440,       800
      2328,      1227,       139,       800,      2255
      2329,      2255,       800,       138,      1222
      2330,       800,      2440,      1535,       138
      2331,       138,      1535,      2814,      1536
      2332,      1222,       138,      1536,      2651
      2333,      2656,      1231,       137,      2016
      2334,      1231,      2255,      1222,       137
      2335,       137,      1222,      2651,      2013
      2336,      2016,       137,      2013,      2934
      2337,      2934,      2013,       136,      2015
      2338,      2013,      2651,      1221,       136
      2339,       136,      1221,      2254,      1225
      2340,      2015,       136,      1225,      2653
      2341,      2651,      1536,       135,      1221
      2342,      1536,      2814,      1534,       135
      2343,       135,      1534,      2438,       796
      2344,      1221,       135,       796,      2254
      2345,      2254,       796,       134,      1216
      2346,       796,      2438,      1531,       134
      2347,       134,      1531,      2813,      1532
      2348,      1216,       134,      1532,      2648
      2349,      2653,      1225,       133,      2012
      2350,      1225,      2254,      1216,       133
      2351,       133,      1216,      2648,      2009
      2352,      2012,       133,      2009,      2933
      2353,      2933,      2009,       132,      2011
      2354,      2009,      2648,      1215,       132
      2355,       132,      1215,      2253,      1219
      2356,      2011,       132,      1219,      2650
      2357,      2648,      1532,       131,      1215
      2358,      1532,      2813,      1530,       131
      2359,       131,      1530,      2436,       792
      2360,      1215,       131,       792,      2253
      2361,      2253,       792,       130,      1210
      2362,       792,      2436,      1527,       130
      2363,       130,      1527,      2812,      1528
      2364,      1210,       130,      1528,      2645
      2365,      2650,      1219,       129,      2008
      2366,      1219,      2253,      1210,       129
      2367,       129,      1210,      2645,      2005
      2368,      2008,       129,      2005,      2932
      2369,      2932,      2005,       128,      2007
      2370,      2005,      2645,      1209,       128
      2371,       128,      1209,      2252,      1213
      2372,      2007,       128,      1213,      2647
      2373,      2645,      1528,       127,      1209
      2374,      1528,      2812,      1526,       127
      2375,       127,      1526,      2434,       788
      2376,      1209,       127,       788,      2252
      2377,      2252,       788,       126,      1206
      2378,       788,      2434,      1522,       126
      2379,       126,      1522,      2811,      1523
      2380,      1206,       126,      1523,      2643
      2381,      2647,      1213,       125,      2003
      2382,      1213,      2252,      1206,       125
      2383,       125,      1206,      2643,      2001
      2384,      2003,       125,      2001,      2931
      2385,      2931,      2001,       124,      2004
      2386,      2001,      2643,      1205,       124
      2387,       124,      1205,      2251,      1285
      2388,      2004,       124,      1285,      2685
      2389,      2643,      1523,       123,      1205
      2390,      1523,      2811,      1524,       123
      2391,       123,      1524,      2687,      1289
      2392,      1205,       123,      1289,      2251
      2393,      2251,      1289,       122,      1290
      2394,      1289,      2687,      2064,       122
      2395,       122,      2064,      2948,      2065
      2396,      1290,       122,      2065,      2688
      2397,      2685,      1285,       121,      2061
      2398,      1285,      2251,      1290,       121
      2399,       121,      1290,      2688,      2063
      2400,      2061,       121,      2063,      2947
      2401,      2845,      1659,       120,      1657
      2402,      1659,      2494,       907,       120
      2403,       120,       907,      2250,       903
      2404,      1657,       120,       903,      2492
      2405,      2494,      1656,       119,       907
      2406,      1656,      2844,      1653,       119
      2407,       119,      1653,      2489,       898
      2408,       907,       119,       898,      2250
      2409,      2250,       898,       118,       798
      2410,       898,      2489,      1520,       118
      2411,       118,      1520,      2810,      1519
      2412,       798,       118,      1519,      2439
      2413,      2492,       903,       117,      1539
      2414,       903,      2250,       798,       117
      2415,       117,       798,      2439,      1537
      2416,      1539,       117,      1537,      2815
      2417,      2815,      1537,       116,      1538
      2418,      1537,      2439,       797,       116
      2419,       116,       797,      2249,       799
      2420,      1538,       116,       799,      2440
      2421,      2439,      1519,       115,       797
      2422,      1519,      2810,      1518,       115
      2423,       115,      1518,      2431,       782
      2424,       797,       115,       782,      2249
      2425,      2249,       782,       114,       794
      2426,       782,      2431,      1515,       114
      2427,       114,      1515,      2809,      1516
      2428,       794,       114,      1516,      2437
      2429,      2440,       799,       113,      1535
      2430,       799,      2249,       794,       113
      2431,       113,       794,      2437,      1533
      2432,      1535,       113,      1533,      2814
      2433,      2814,      1533,       112,      1534
      2434,      1533,      2437,       793,       112
      2435,       112,       793,      2248,       795
      2436,      1534,       112,       795,      2438
      2437,      2437,      1516,       111,       793
      2438,      1516,      2809,      1514,       111
      2439,       111,      1514,      2429,       778
      2440,       793,       111,       778,      2248
      2441,      2248,       778,       110,       790
      2442,       778,      2429,      1511,       110
      2443,       110,      1511,      2808,      1512
      2444,       790,       110,      1512,      2435
      2445,      2438,       795,       109,      1531
      2446,       795,      2248,       790,       109
      2447,       109,       790,      2435,      1529
      2448,      1531,       109,      1529,      2813
      2449,      2813,      1529,       108,      1530
      2450,      1529,      2435,       789,       108
      2451,       108,       789,      2247,       791
      2452,      1530,       108,       791,      2436
      2453,      2435,      1512,       107,       789
      2454,      1512,      2808,      1510,       107
      2455,       107,      1510,      2427,       774
      2456,       789,       107,       774,      2247
      2457,      2247,       774,       106,       786
      2458,       774,      2427,      1507,       106
      2459,       106,      1507,      2807,      1508
      2460,       786,       106,      1508,      2433
      2461,      2436,       791,       105,      1527
      2462,       791,      2247,       786,       105
      2463,       105,       786,      2433,      1525
      2464,      1527,       105,      1525,      2812
      2465,      2812,      1525,       104,      1526
      2466,      1525,      2433,       785,       104
      2467,       104,       785,      2246,       787
      2468,      1526,       104,       787,      2434
      2469,      2433,      1508,       103,       785
      2470,      1508,      2807,      1506,       103
      2471,       103,      1506,      2425,       770
      2472,       785,       103,       770,      2246
      2473,      2246,       770,       102,       784
      2474,       770,      2425,      1502,       102
      2475,       102,      1502,      2806,      1503
      2476,       784,       102,      1503,      2432
      2477,      2434,       787,       101,      1522
      2478,       787,      2246,       784,       101
      2479,       101,       784,      2432,      1521
      2480,      1522,       101,      1521,      2811
      2481,      2811,      1521,       100,      1524
      2482,      1521,      2432,       783,       100
      2483,       100,       783,      2245,      1288
      2484,      1524,       100,      1288,      2687
      2485,      2432,      1503,        99,       783
      2486,      1503,      2806,      1504,        99
      2487,        99,      1504,      2689,      1292
      2488,       783,        99,      1292,      2245
      2489,      2245,      1292,        98,      1293
      2490,      1292,      2689,      2067,        98
      2491,        98,      2067,      2949,      2068
      2492,      1293,        98,      2068,      2690
      2493,      2687,      1288,        97,      2064
      2494,      1288,      2245,      1293,        97
      2495,        97,      1293,      2690,      2066
      2496,      2064,        97,      2066,      2948
      2497,      2844,      1655,        96,      1653
      2498,      1655,      2491,       901,        96
      2499,        96,       901,      2244,       897
      2500,      1653,        96,       897,      2489
      2501,      2491,      1652,        95,       901
      2502,      1652,      2843,      1649,        95
      2503,        95,      1649,      2486,       892
      2504,       901,        95,       892,      2244
      2505,      2244,       892,        94,       780
      2506,       892,      2486,      1500,        94
      2507,        94,      1500,      2805,      1499
      2508,       780,        94,      1499,      2430
      2509,      2489,       897,        93,      1520
      2510,       897,      2244,       780,        93
      2511,        93,       780,      2430,      1517
      2512,      1520,        93,      1517,      2810
      2513,      2810,      1517,        92,      1518
      2514,      1517,      2430,       779,        92
      2515,        92,       779,      2243,       781
      2516,      1518,        92,       781,      2431
      2517,      2430,      1499,        91,       779
      2518,      1499,      2805,      1498,        91
      2519,        91,      1498,      2422,       764
      2520,       779,        91,       764,      2243
      2521,      2243,       764,        90,       776
      2522,       764,      2422,      1495,        90
      2523,        90,      1495,      2804,      1496
      2524,       776,        90,      1496,      2428
      2525,      2431,       781,        89,      1515
      2526,       781,      2243,       776,        89
      2527,        89,       776,      2428,      1513
      2528,      1515,        89,      1513,      2809
      2529,      2809,      1513,        88,      1514
      2530,      1513,      2428,       775,        88
      2531,        88,       775,      2242,       777
      2532,      1514,        88,       777,      2429
      2533,      2428,      1496,        87,       775
      2534,      1496,      2804,      1494,        87
      2535,        87,      1494,      2420,       760
      2536,       775,        87,       760,      2242
      2537,      2242,       760,        86,       772
      2538,       760,      2420,      1491,        86
      2539,        86,      1491,      2803,      1492
      2540,       772,        86,      1492,      2426
      2541,      2429,       777,        85,      1511
      2542,       777,      2242,       772,        85
      2543,        85,       772,      2426,      1509
      2544,      1511,        85,      1509,      2808
      2545,      2808,      1509,        84,      1510
      2546,      1509,      2426,       771,        84
      2547,        84,       771,      2241,       773
      2548,      1510,        84,       773,      2427
      2549,      2426,      1492,        83,       771
      2550,      1492,      2803,      1490,        83
      2551,        83,      1490,      2418,       756
      2552,       771,        83,       756,      2241
      2553,      2241,       756,        82,       768
      2554,       756,      2418,      1487,        82
      2555,        82,      1487,      2802,      1488
      2556,       768,        82,      1488,      2424
      2557,      2427,       773,        81,      1507
      2558,       773,      2241,       768,        81
      2559,        81,       768,      2424,      1505
      2560,      1507,        81,      1505,      2807
      2561,      2807,      1505,        80,      1506
      2562,      1505,      2424,       767,        80
      2563,        80,       767,      2240,       769
      2564,      1506,        80,       769,      2425
      2565,      2424,      1488,        79,       767
      2566,      1488,      2802,      1486,        79
      2567,        79,      1486,      2416,       752
      2568,       767,        79,       752,      2240
      2569,      2240,       752,        78,       766
      2570,       752,      2416,      1482,        78
      2571,        78,      1482,      2801,      1483
      2572,       766,        78,      1483,      2423
      2573,      2425,       769,        77,      1502
      2574,       769,      2240,       766,        77
      2575,        77,       766,      2423,      1501
      2576,      1502,        77,      1501,      2806
      2577,      2806,      1501,        76,      1504
      2578,      1501,      2423,       765,        76
      2579,        76,       765,      2239,      1291
      2580,      1504,        76,      1291,      2689
      2581,      2423,      1483,        75,       765
      2582,      1483,      2801,      1484,        75
      2583,        75,      1484,      2691,      1295
      2584,       765,        75,      1295,      2239
      2585,      2239,      1295,        74,      1296
      2586,      1295,      2691,      2070,        74
      2587,        74,      2070,      2950,      2071
      2588,      1296,        74,      2071,      2692
      2589,      2689,      1291,        73,      2067
      2590,      1291,      2239,      1296,        73
      2591,        73,      1296,      2692,      2069
      2592,      2067,        73,      2069,      2949
      2593,      2843,      1651,        72,      1649
      2594,      1651,      2488,       895,        72
      2595,        72,       895,      2238,       891
      2596,      1649,        72,       891,      2486
      2597,      2488,      1648,        71,       895
      2598,      1648,      2842,      1645,        71
      2599,        71,      1645,      2483,       886
      2600,       895,        71,       886,      2238
      2601,      2238,       886,        70,       762
      2602,       886,      2483,      1480,        70
      2603,        70,      1480,      2800,      1479
      2604,       762,        70,      1479,      2421
      2605,      2486,       891,        69,      1500
      2606,       891,      2238,       762,        69
      2607,        69,       762,      2421,      1497
      2608,      1500,        69,      1497,      2805
      2609,      2805,      1497,        68,      1498
      2610,      1497,      2421,       761,        68
      2611,        68,       761,      2237,       763
      2612,      1498,        68,       763,      2422
      2613,      2421,      1479,        67,       761
      2614,      1479,      2800,      1478,        67
      2615,        67,      1478,      2413,       746
      2616,       761,        67,       746,      2237
      2617,      2237,       746,        66,       758
      2618,       746,      2413,      1475,        66
      2619,        66,      1475,      2799,      1476
      2620,       758,        66,      1476,      2419
      2621,      2422,       763,        65,      1495
      2622,       763,      2237,       758,        65
      2623,        65,       758,      2419,      1493
      2624,      1495,        65,      1493,      2804
      2625,      2804,      1493,        64,      1494
      2626,      1493,      2419,       757,        64
      2627,        64,       757,      2236,       759
      2628,      1494,        64,       759,      2420
      2629,      2419,      1476,        63,       757
      2630,      1476,      2799,      1474,        63
      2631,        63,      1474,      2411,       742
      2632,       757,        63,       742,      2236
      2633,      2236,       742,        62,       754
      2634,       742,      2411,      1471,        62
      2635,        62,      1471,      2798,      1472
      2636,       754,        62,      1472,      2417
      2637,      2420,       759,        61,      1491
      2638,       759,      2236,       754,        61
      2639,        61,       754,      2417,      1489
      2640,      1491,        61,      1489,      2803
      2641,      2803,      1489,        60,      1490
      2642,      1489,      2417,       753,        60
      2643,        60,       753,      2235,       755
      2644,      1490,        60,       755,      2418
      2645,      2417,      1472,        59,       753
      2646,      1472,      2798,      1470,        59
      2647,        59,      1470,      2409,       738
      2648,       753,        59,       738,      2235
      2649,      2235,       738,        58,       750
      2650,       738,      2409,      1467,        58
      2651,        58,      1467,      2797,      1468
      2652,       750,        58,      1468,      2415
      2653,      2418,       755,        57,      1487
      2654,       755,      2235,       750,        57
      2655,        57,       750,      2415,      1485
      2656,      1487,        57,      1485,      2802
      2657,      2802,      1485,        56,      1486
      2658,      1485,      2415,       749,        56
      2659,        56,       749,      2234,       751
      2660,      1486,        56,       751,      2416
      2661,      2415,      1468,        55,       749
      2662,      1468,      2797,      1466,        55
      2663,        55,      1466,      2407,       734
      2664,       749,        55,       734,      2234
      2665,      2234,       734,        54,       748
      2666,       734,      2407,      1462,        54
      2667,        54,      1462,      2796,      1463
      2668,       748,        54,      1463,      2414
      2669,      2416,       751,        53,      1482
      2670,       751,      2234,       748,        53
      2671,        53,       748,      2414,      1481
      2672,      1482,        53,      1481,      2801
      2673,      2801,      1481,        52,      1484
      2674,      1481,      2414,       747,        52
      2675,        52,       747,      2233,      1294
      2676,      1484,        52,      1294,      2691
      2677,      2414,      1463,        51,       747
      2678,      1463,      2796,      1464,        51
      2679,        51,      1464,      2693,      1298
      2680,       747,        51,      1298,      2233
      2681,      2233,      1298,        50,      1299
      2682,      1298,      2693,      2073,        50
      2683,        50,      2073,      2951,      2074
      2684,      1299,        50,      2074,      2694
      2685,      2691,      1294,        49,      2070
      2686,      1294,      2233,      1299,        49
      2687,        49,      1299,      2694,      2072
      2688,      2070,        49,      2072,      2950
      2689,      2842,      1647,        48,      1645
      2690,      1647,      2485,       889,        48
      2691,        48,       889,      2232,       885
      2692,      1645,        48,       885,      2483
      2693,      2485,      1643,        47,       889
      2694,      1643,      2841,      1641,        47
      2695,        47,      1641,      2481,       882
      2696,       889,        47,       882,      2232
      2697,      2232,       882,        46,       744
      2698,       882,      2481,      1459,        46
      2699,        46,      1459,      2795,      1458
      2700,       744,        46,      1458,      2412
      2701,      2483,       885,        45,      1480
      2702,       885,      2232,       744,        45
      2703,        45,       744,      2412,      1477
      2704,      1480,        45,      1477,      2800
      2705,      2800,      1477,        44,      1478
      2706,      1477,      2412,       743,        44
      2707,        44,       743,      2231,       745
      2708,      1478,        44,       745,      2413
      2709,      2412,      1458,        43,       743
      2710,      1458,      2795,      1457,        43
      2711,        43,      1457,      2404,       728
      2712,       743,        43,       728,      2231
      2713,      2231,       728,        42,       740
      2714,       728,      2404,      1454,        42
      2715,        42,      1454,      2794,      1455
      2716,       740,        42,      1455,      2410
      2717,      2413,       745,        41,      1475
      2718,       745,      2231,       740,        41
      2719,        41,       740,      2410,      1473
      2720,      1475,        41,      1473,      2799
      2721,      2799,      1473,        40,      1474
      2722,      1473,      2410,       739,        40
      2723,        40,       739,      2230,       741
      2724,      1474,        40,       741,      2411
      2725,      2410,      1455,        39,       739
      2726,      1455,      2794,      1453,        39
      2727,        39,      1453,      2403,       726
      2728,       739,        39,       726,      2230
      2729,      2230,       726,        38,       736
      2730,       726,      2403,      1450,        38
      2731,        38,      1450,      2793,      1451
      2732,       736,        38,      1451,      2408
      2733,      2411,       741,        37,      1471
      2734,       741,      2230,       736,        37
      2735,        37,       736,      2408,      1469
      2736,      1471,        37,      1469,      2798
      2737,      2798,      1469,        36,      1470
      2738,      1469,      2408,       735,        36
      2739,        36,       735,      2229,       737
      2740,      1470,        36,       737,      2409
      2741,      2408,      1451,        35,       735
      2742,      1451,      2793,      1449,        35
      2743,        35,      1449,      2402,       724
      2744,       735,        35,       724,      2229
      2745,      2229,       724,        34,       732
      2746,       724,      2402,      1446,        34
      2747,        34,      1446,      2792,      1447
      2748,       732,        34,      1447,      2406
      2749,      2409,       737,        33,      1467
      2750,       737,      2229,       732,        33
      2751,        33,       732,      2406,      1465
      2752,      1467,        33,      1465,      2797
      2753,      2797,      1465,        32,      1466
      2754,      1465,      2406,       731,        32
      2755,        32,       731,      2228,       733
      2756,      1466,        32,       733,      2407
      2757,      2406,      1447,        31,       731
      2758,      1447,      2792,      1445,        31
      2759,        31,      1445,      2401,       722
      2760,       731,        31,       722,      2228
      2761,      2228,       722,        30,       730
      2762,       722,      2401,      1441,        30
      2763,        30,      1441,      2791,      1442
      2764,       730,        30,      1442,      2405
      2765,      2407,       733,        29,      1462
      2766,       733,      2228,       730,        29
      2767,        29,       730,      2405,      1461
      2768,      1462,        29,      1461,      2796
      2769,      2796,      1461,        28,      1464
      2770,      1461,      2405,       729,        28
      2771,        28,       729,      2227,      1297
      2772,      1464,        28,      1297,      2693
      2773,      2405,      1442,        27,       729
      2774,      1442,      2791,      1443,        27
      2775,        27,      1443,      2695,      1301
      2776,       729,        27,      1301,      2227
      2777,      2227,      1301,        26,      1302
      2778,      1301,      2695,      2076,        26
      2779,        26,      2076,      2952,      2077
      2780,      1302,        26,      2077,      2696
      2781,      2693,      1297,        25,      2073
      2782,      1297,      2227,      1302,        25
      2783,        25,      1302,      2696,      2075
      2784,      2073,        25,      2075,      2951
      2785,      2841,      1644,        24,      1641
      2786,      1644,      2706,      1317,        24
      2787,        24,      1317,      2226,       881
      2788,      1641,        24,       881,      2481
      2789,      2706,      2094,        23,      1317
      2790,      2094,      2958,      2095,        23
      2791,        23,      2095,      2707,      1319
      2792,      1317,        23,      1319,      2226
      2793,      2226,      1319,        22,      1315
      2794,      1319,      2707,      2093,        22
      2795,        22,      2093,      2957,      2091
      2796,      1315,        22,      2091,      2704
      2797,      2481,       881,        21,      1459
      2798,       881,      2226,      1315,        21
      2799,        21,      1315,      2704,      1460
      2800,      1459,        21,      1460,      2795
      2801,      2795,      1460,        20,      1457
      2802,      1460,      2704,      1314,        20
      2803,        20,      1314,      2225,       727
      2804,      1457,        20,       727,      2404
      2805,      2704,      2091,        19,      1314
      2806,      2091,      2957,      2092,        19
      2807,        19,      2092,      2705,      1316
      2808,      1314,        19,      1316,      2225
      2809,      2225,      1316,        18,      1312
      2810,      1316,      2705,      2090,        18
      2811,        18,      2090,      2956,      2088
      2812,      1312,        18,      2088,      2702
      2813,      2404,       727,        17,      1454
      2814,       727,      2225,      1312,        17
      2815,        17,      1312,      2702,      1456
      2816,      1454,        17,      1456,      2794
      2817,      2794,      1456,        16,      1453
      2818,      1456,      2702,      1311,        16
      2819,        16,      1311,      2224,       725
      2820,      1453,        16,       725,      2403
      2821,      2702,      2088,        15,      1311
      2822,      2088,      2956,      2089,        15
      2823,        15,      2089,      2703,      1313
      2824,      1311,        15,      1313,      2224
      2825,      2224,      1313,        14,      1309
      2826,      1313,      2703,      2087,        14
      2827,        14,      2087,      2955,      2085
      2828,      1309,        14,      2085,      2700
      2829,      2403,       725,        13,      1450
      2830,       725,      2224,      1309,        13
      2831,        13,      1309,      2700,      1452
      2832,      1450,        13,      1452,      2793
      2833,      2793,      1452,        12,      1449
      2834,      1452,      2700,      1308,        12
      2835,        12,      1308,      2223,       723
      2836,      1449,        12,       723,      2402
      2837,      2700,      2085,        11,      1308
      2838,      2085,      2955,      2086,        11
      2839,        11,      2086,      2701,      1310
      2840,      1308,        11,      1310,      2223
      2841,      2223,      1310,        10,      1306
      2842,      1310,      2701,      2084,        10
      2843,        10,      2084,      2954,      2082
      2844,      1306,        10,      2082,      2698
      2845,      2402,       723,         9,      1446
      2846,       723,      2223,      1306,         9
      2847,         9,      1306,      2698,      1448
      2848,      1446,         9,      1448,      2792
      2849,      2792,      1448,         8,      1445
      2850,      1448,      2698,      1305,         8
      2851,         8,      1305,      2222,       721
      2852,      1445,         8,       721,      2401
      2853,      2698,      2082,         7,      1305
      2854,      2082,      2954,      2083,         7
      2855,         7,      2083,      2699,      1307
      2856,      1305,         7,      1307,      2222
      2857,      2222,      1307,         6,      1304
      2858,      1307,      2699,      2080,         6
      2859,         6,      2080,      2953,      2079
      2860,      1304,         6,      2079,      2697
      2861,      2401,       721,         5,      1441
      2862,       721,      2222,      1304,         5
      2863,         5,      1304,      2697,      1444
      2864,      1441,         5,      1444,      2791
      2865,      2791,      1444,         4,      1443
      2866,      1444,      2697,      1303,         4
      2867,         4,      1303,      2221,      1300
      2868,      1443,         4,      1300,      2695
      2869,      2697,      2079,         3,      1303
      2870,      2079,      2953,      2081,         3
      2871,         3,      2081,      2790,      1440
      2872,      1303,         3,      1440,      2221
      2873,      2221,      1440,         2,      1439
      2874,      1440,      2790,      2220,         2
      2875,         2,      2220,      3001,      2219
      2876,      1439,         2,      2219,      2789
      2877,      2695,      1300,         1,      2076
      2878,      1300,      2221,      1439,         1
      2879,         1,      1439,      2789,      2078
      2880,      2076,         1,      2078,      2952
*****