**
**   Template:  2D Helmholtz solver
**
*NODE
         1,  494.68646829133,  382.64192138778,  0.0            
         2,  463.02122156191,  352.05986023843,  0.0            
         3,  460.74716335598,  350.15384088452,  0.0            
         4,  491.95744602638,  380.2597075551 ,  0.0            
         5,  489.22138377191,  377.88710870193,  0.0            
         6,  465.28622317862,  355.08660557046,  0.0            
         7,  486.49706690006,  375.48621041174,  0.0            
         8,  483.81956585777,  373.04096261382,  0.0            
         9,  475.54041699048,  365.76314623811,  0.0            
        10,  481.2138698883 ,  370.5513225856 ,  0.0            
        11,  478.57165868083,  368.062262696  ,  0.0            
        12,  467.94542421881,  357.85186723291,  0.0            
        13,  473.55831265004,  362.34237579353,  0.0            
        14,  470.78870787216,  360.20576785148,  0.0            
        15,  458.725193923  ,  349.39079014623,  0.0            
        16,  497.40996945565,  387.53842618073,  0.0            
        17,  494.73617002228,  385.1154367932 ,  0.0            
        18,  460.22487002048,  352.33793147389,  0.0            
        19,  491.99677429124,  382.73660130072,  0.0            
        20,  473.48491774711,  364.49102510217,  0.0            
        21,  489.24227269594,  380.39293718885,  0.0            
        22,  486.49322619056,  378.04242248749,  0.0            
        23,  462.45828316898,  355.05028909174,  0.0            
        24,  483.77415252273,  375.64130916773,  0.0            
        25,  481.09928412546,  373.2084214311 ,  0.0            
        26,  475.92936989988,  368.47681631155,  0.0            
        27,  478.59124268115,  370.77042180816,  0.0            
        28,  465.07730213227,  358.04043312138,  0.0            
        29,  497.44770546375,  390.02810835685,  0.0            
        30,  468.0383940401 ,  360.67071911698,  0.0            
        31,  494.81340151272,  387.58740188759,  0.0            
        32,  470.92991737856,  362.8255915675 ,  0.0            
        33,  492.06728528454,  385.1936535835 ,  0.0            
        34,  457.55760824166,  351.77593144486,  0.0            
        35,  489.2747114723 ,  382.87642021149,  0.0            
        36,  486.5033455695 ,  380.58060800306,  0.0            
        37,  471.36803595696,  365.37007649622,  0.0            
        38,  483.76209265698,  378.22989297404,  0.0            
        39,  459.53133883512,  354.91273481447,  0.0            
        40,  481.02691337934,  375.82766587212,  0.0            
        41,  478.35448904743,  373.44932856958,  0.0            
        42,  476.08712531874,  371.13260178456,  0.0            
        43,  497.47479229274,  392.52115584245,  0.0            
        44,  472.5664008516 ,  367.46133372528,  0.0            
        45,  494.90251195155,  390.06569897062,  0.0            
        46,  462.12151048055,  358.04524845571,  0.0            
        47,  492.20355584833,  387.64350192034,  0.0            
        48,  489.34667338992,  385.32090870162,  0.0            
        49,  465.20612981407,  360.97461384483,  0.0            
        50,  468.37629667554,  363.53072036054,  0.0            
        51,  486.5204496103 ,  383.1078987299 ,  0.0            
        52,  473.30016875206,  369.57980045647,  0.0            
        53,  483.76105618551,  380.81254573658,  0.0            
        54,  456.58471240258,  354.24812414657,  0.0            
        55,  481.01506227344,  378.43699030364,  0.0            
        56,  468.89112958368,  366.31584699904,  0.0            
        57,  497.48883261064,  395.01458020977,  0.0            
        58,  478.25434755017,  376.05384415025,  0.0            
        59,  475.4800188211 ,  373.79203700148,  0.0            
        60,  494.96071266187,  392.55195721435,  0.0            
        61,  492.38175304625,  390.10659999137,  0.0            
        62,  473.90070719718,  371.51019035121,  0.0            
        63,  489.55386807152,  387.73382651728,  0.0            
        64,  459.03657225255,  357.69807599782,  0.0            
        65,  486.55407214485,  385.60493257861,  0.0            
        66,  469.9013328435 ,  368.82270849086,  0.0            
        67,  462.11061114454,  361.12786361664,  0.0            
        68,  483.75992677416,  383.41300138527,  0.0            
        69,  465.87280374057,  363.97309945257,  0.0            
        70,  481.0042447849 ,  381.04570527244,  0.0            
        71,  497.49643879685,  397.50728996114,  0.0            
        72,  494.98400361764,  395.03779532819,  0.0            
        73,  478.2758926288 ,  378.65511992577,  0.0            
        74,  492.47860054997,  392.58790116124,  0.0            
        75,  475.40422320688,  376.30176201268,  0.0            
        76,  470.88435667332,  371.3274566496 ,  0.0            
        77,  489.90656886656,  390.16367315287,  0.0            
        78,  455.73711418697,  356.99166945276,  0.0            
        79,  486.79120851663,  387.96273217821,  0.0            
        80,  466.23280337382,  367.35230938958,  0.0            
        81,  483.77255153577,  386.06346345576,  0.0            
        82,  458.86132245733,  360.50439504951,  0.0            
        83,  472.25619018204,  373.88272227319,  0.0            
        84,  480.97924023465,  383.66817000828,  0.0            
        85,  494.9942007214 ,  397.51994751725,  0.0            
        86,  463.35267819588,  364.09276300134,  0.0            
        87,  492.49744031185,  395.06606217614,  0.0            
        88,  467.38729405964,  370.08356444346,  0.0            
        89,  490.04024037745,  392.63383371761,  0.0            
        90,  478.25911942758,  381.26841078591,  0.0            
        91,  487.5541452852 ,  390.27688055867,  0.0            
        92,  463.88886314958,  366.41500892535,  0.0            
        93,  460.49802093022,  363.38499453054,  0.0            
        94,  475.53775783997,  378.88462609019,  0.0            
        95,  483.77367460187,  388.85876307089,  0.0            
        96,  472.55295653264,  376.63110657014,  0.0            
        97,  468.41934059171,  372.63129167128,  0.0            
        98,  453.15942628078,  357.95918353801,  0.0            
        99,  485.53855527925,  390.56497460068,  0.0            
       100,  480.9701005305 ,  386.30668265992,  0.0            
       101,  455.91235772901,  360.39274998772,  0.0            
       102,  492.49762351915,  397.53549186619,  0.0            
       103,  490.02533338757,  395.0965831043 ,  0.0            
       104,  487.65821843563,  392.70413844185,  0.0            
       105,  458.42876102604,  363.46048073631,  0.0            
       106,  478.17479747938,  383.88294484207,  0.0            
       107,  461.09844441134,  365.42827707658,  0.0            
       108,  475.5311900061 ,  381.48611632904,  0.0            
       109,  462.05108123216,  367.63426405011,  0.0            
       110,  469.25738227402,  375.06818083412,  0.0            
       111,  463.77126228682,  369.44237583388,  0.0            
       112,  465.00502088927,  371.5093869474 ,  0.0            
       113,  485.23887468361,  392.57951537568,  0.0            
       114,  472.84017253596,  379.16965294227,  0.0            
       115,  480.87587286   ,  388.97355723201,  0.0            
       116,  452.78015724475,  359.78358803348,  0.0            
       117,  490.00158209121,  397.54832331902,  0.0            
       118,  487.5604452871 ,  395.09923666972,  0.0            
       119,  469.70415335493,  377.53392887654,  0.0            
       120,  482.91101140566,  391.85023200007,  0.0            
       121,  478.1349527619 ,  386.48182542528,  0.0            
       122,  465.89548315271,  373.86733451198,  0.0            
       123,  475.310843678  ,  384.07489394547,  0.0            
       124,  456.25764550907,  363.78536202624,  0.0            
       125,  458.6459582914 ,  366.29467515577,  0.0            
       126,  472.92531714973,  381.70149786252,  0.0            
       127,  450.43446308205,  361.50038128242,  0.0            
       128,  459.68381300082,  368.66207517861,  0.0            
       129,  485.0938988465 ,  394.95530743088,  0.0            
       130,  461.20110152802,  370.69751742089,  0.0            
       131,  466.42666827774,  376.33360934197,  0.0            
       132,  470.09605077906,  379.88134109375,  0.0            
       133,  487.50727259044,  397.53726053538,  0.0            
       134,  462.55025662786,  372.7051172212 ,  0.0            
       135,  480.49382285088,  391.70017690743,  0.0            
       136,  478.07671876296,  389.10653743267,  0.0            
       137,  452.10546495674,  362.00735262044,  0.0            
       138,  475.26635526769,  386.62590569905,  0.0            
       139,  466.88861625817,  378.79672156462,  0.0            
       140,  482.66410455483,  394.62812631757,  0.0            
       141,  470.65016739957,  381.82386555341,  0.0            
       142,  472.32456110721,  384.20516317648,  0.0            
       143,  453.93619638551,  364.2430499079 ,  0.0            
       144,  463.45706096781,  374.92713996321,  0.0            
       145,  485.01595743981,  397.45936755001,  0.0            
       146,  456.09689013444,  367.21556807271,  0.0            
       147,  453.88620407082,  362.31019145971,  0.0            
       148,  457.24702776282,  369.77796232441,  0.0            
       149,  467.50646534766,  381.3238375996 ,  0.0            
       150,  458.81718445509,  371.8614223906 ,  0.0            
       151,  480.22471530346,  394.49009360432,  0.0            
       152,  477.90320525563,  391.78292200244,  0.0            
       153,  454.07210710669,  366.18727474824,  0.0            
       154,  463.53172352215,  377.43512148055,  0.0            
       155,  449.40356386167,  363.1918316476 ,  0.0            
       156,  460.18192739795,  373.86182531587,  0.0            
       157,  475.30199475484,  389.21975482934,  0.0            
       158,  472.36883201605,  386.66874077651,  0.0            
       159,  451.38084448946,  364.67992827658,  0.0            
       160,  482.54744182842,  397.32667554941,  0.0            
       161,  452.50085016549,  367.17130835016,  0.0            
       162,  461.31217014021,  375.56366755239,  0.0            
       163,  468.93558583522,  383.91215542838,  0.0            
       164,  464.01273330291,  379.83113269408,  0.0            
       165,  453.65859803034,  369.39631693753,  0.0            
       166,  454.92080585549,  371.35310057808,  0.0            
       167,  472.55882794279,  389.27114778487,  0.0            
       168,  477.72684590999,  394.50917436153,  0.0            
       169,  480.08355208094,  397.25560809525,  0.0            
       170,  475.2621877317 ,  391.86716262533,  0.0            
       171,  456.80805449528,  373.18484501156,  0.0            
       172,  448.09726802964,  364.93838511418,  0.0            
       173,  469.53116047889,  386.64759148753,  0.0            
       174,  449.65047571654,  366.59557560364,  0.0            
       175,  464.74583321594,  382.32748139754,  0.0            
       176,  458.32773810531,  375.48574801057,  0.0            
       177,  451.01572867672,  368.12124120012,  0.0            
       178,  460.26304993878,  377.88015274021,  0.0            
       179,  461.13164320826,  380.54676149983,  0.0            
       180,  469.87230505444,  389.32071492847,  0.0            
       181,  455.15744319368,  374.37099226892,  0.0            
       182,  472.61666959012,  391.91766354826,  0.0            
       183,  477.59822954747,  397.25341841694,  0.0            
       184,  475.17220533887,  394.55934344647,  0.0            
       185,  465.72332166586,  384.65298610699,  0.0            
       186,  452.59876691867,  373.4580161887 ,  0.0            
       187,  446.79575635949,  366.78252864425,  0.0            
       188,  456.09461098822,  376.45121847974,  0.0            
       189,  450.97368120439,  370.8067425287 ,  0.0            
       190,  448.57887348723,  368.79454229944,  0.0            
       191,  466.90664102802,  386.97106113609,  0.0            
       192,  457.35902954547,  378.76468755994,  0.0            
       193,  467.27852472078,  389.52061466936,  0.0            
       194,  461.90029874488,  383.21906163564,  0.0            
       195,  469.9838789514 ,  391.96880456538,  0.0            
       196,  472.59394930201,  394.59398937687,  0.0            
       197,  475.08217193138,  397.2726307236 ,  0.0            
       198,  458.30331389837,  381.26937552841,  0.0            
       199,  453.40859974043,  376.63103853347,  0.0            
       200,  464.70816570678,  387.52970376465,  0.0            
       201,  445.4242045689 ,  368.347438197  ,  0.0            
       202,  447.09299222483,  370.3621942067 ,  0.0            
       203,  448.71146249972,  372.41674043919,  0.0            
       204,  450.01455514804,  374.76128158851,  0.0            
       205,  464.65500629909,  389.63500339859,  0.0            
       206,  462.5756033125 ,  386.00464043503,  0.0            
       207,  467.36680225961,  392.06079935999,  0.0            
       208,  470.00816596662,  394.62402836322,  0.0            
       209,  454.56469495643,  379.32396175992,  0.0            
       210,  472.54835708643,  397.28772649123,  0.0            
       211,  459.053567856  ,  383.89180644328,  0.0            
       212,  450.96570850258,  377.37764361001,  0.0            
       213,  444.13933997796,  369.62291848311,  0.0            
       214,  455.52566253126,  381.9123670006 ,  0.0            
       215,  445.12886489117,  371.53181360944,  0.0            
       216,  464.75374224595,  392.08581514746,  0.0            
       217,  462.1093753518 ,  389.15890842301,  0.0            
       218,  467.42800455707,  394.66205478861,  0.0            
       219,  446.38483771243,  373.67064587766,  0.0            
       220,  470.00752557554,  397.29985569491,  0.0            
       221,  459.56317982514,  386.55186962215,  0.0            
       222,  447.5377490713 ,  375.97368619622,  0.0            
       223,  451.94210046439,  380.02697879599,  0.0            
       224,  456.2737537615 ,  384.50207269616,  0.0            
       225,  442.91140442325,  372.10342052591,  0.0            
       226,  448.51446341508,  378.43051947768,  0.0            
       227,  462.19735490076,  391.96818833104,  0.0            
       228,  464.85656107113,  394.67520438461,  0.0            
       229,  452.84145537237,  382.61046874606,  0.0            
       230,  467.46984727218,  397.31359524628,  0.0            
       231,  459.6267932131 ,  389.30232548468,  0.0            
       232,  444.0658288338 ,  374.70479912513,  0.0            
       233,  456.8033196781 ,  387.09797484342,  0.0            
       234,  449.4237549742 ,  380.95069789146,  0.0            
       235,  445.13194402567,  377.14906834203,  0.0            
       236,  453.58642292598,  385.15997568136,  0.0            
       237,  441.03106761166,  373.39824211125,  0.0            
       238,  462.32256058584,  394.66749280224,  0.0            
       239,  464.93925254622,  397.32237479875,  0.0            
       240,  459.70872854267,  392.06934210647,  0.0            
       241,  457.09597367399,  389.72609279503,  0.0            
       242,  450.26527170953,  383.46178071706,  0.0            
       243,  446.0788843153 ,  379.59741251705,  0.0            
       244,  441.93493900417,  376.01387537028,  0.0            
       245,  454.17388048852,  387.67710675301,  0.0            
       246,  462.4279818918 ,  397.33576190293,  0.0            
       247,  446.95415386822,  382.06962515471,  0.0            
       248,  459.82764910686,  394.75809582157,  0.0            
       249,  451.00525288569,  385.93915871066,  0.0            
       250,  442.85314499878,  378.50628724147,  0.0            
       251,  457.27088514757,  392.3569522283 ,  0.0            
       252,  439.1637702168 ,  375.07394633369,  0.0            
       253,  454.61806884582,  390.18208832108,  0.0            
       254,  447.78048976342,  384.53658752832,  0.0            
       255,  443.72957322864,  380.96410047345,  0.0            
       256,  451.64244110472,  388.34940273047,  0.0            
       257,  439.8959616089 ,  377.6241797311 ,  0.0            
       258,  459.93373928272,  397.39101954066,  0.0            
       259,  457.3718944358 ,  394.95024094481,  0.0            
       260,  454.892539523  ,  392.6911471918 ,  0.0            
       261,  448.54473653186,  386.98459593332,  0.0            
       262,  444.57926279172,  383.42416900809,  0.0            
       263,  452.23400170062,  390.6673362095 ,  0.0            
       264,  440.67013079433,  380.11190618678,  0.0            
       265,  437.28249099584,  376.81990077954,  0.0            
       266,  457.45866811348,  397.4899761152 ,  0.0            
       267,  445.43926702723,  385.88511203359,  0.0            
       268,  449.23460762333,  389.35901643375,  0.0            
       269,  454.94265989637,  395.17416112968,  0.0            
       270,  441.46571392761,  382.57270256149,  0.0            
       271,  437.85703842408,  379.37287970756,  0.0            
       272,  452.67914130386,  393.00861462764,  0.0            
       273,  446.30537997196,  388.38360789831,  0.0            
       274,  449.93952840758,  391.52908998866,  0.0            
       275,  442.28919187335,  385.02551283211,  0.0            
       276,  455.00481376881,  397.60082481009,  0.0            
       277,  435.39474372843,  378.50392340151,  0.0            
       278,  438.51558569616,  381.8618565373 ,  0.0            
       279,  447.1069506049 ,  390.96565643008,  0.0            
       280,  452.52927133142,  395.36770976372,  0.0            
       281,  450.78863672433,  393.26049283926,  0.0            
       282,  443.21781321694,  387.45296358007,  0.0            
       283,  439.25559299353,  384.32896279033,  0.0            
       284,  435.77712747444,  381.08969317578,  0.0            
       285,  448.04755528691,  393.37145288918,  0.0            
       286,  452.6214812102 ,  397.66568155719,  0.0            
       287,  444.27708931493,  389.942396375  ,  0.0            
       288,  433.54198064078,  379.97759691714,  0.0            
       289,  449.95473143871,  395.22900366402,  0.0            
       290,  440.0553761875 ,  386.80365506407,  0.0            
       291,  436.33853069921,  383.56676684268,  0.0            
       292,  445.24855942985,  392.75865348728,  0.0            
       293,  450.48085423412,  397.71276362109,  0.0            
       294,  441.027012024  ,  389.1248361595 ,  0.0            
       295,  433.54983298886,  382.62568388351,  0.0            
       296,  437.05312790628,  386.03576682021,  0.0            
       297,  448.22719314689,  396.40864672236,  0.0            
       298,  446.25393158666,  395.95794267995,  0.0            
       299,  431.87506930069,  380.92760850267,  0.0            
       300,  442.40827247626,  391.30573103285,  0.0            
       301,  448.66208958668,  397.91023147714,  0.0            
       302,  434.0671364735 ,  385.02798113369,  0.0            
       303,  437.87062109175,  388.57435285796,  0.0            
       304,  443.35901487178,  394.04572470814,  0.0            
       305,  440.81729426653,  392.43775915935,  0.0            
       306,  438.80710474675,  391.27514829004,  0.0            
       307,  434.7950626694 ,  387.49640124302,  0.0            
       308,  430.9448792112 ,  383.43814263513,  0.0            
       309,  444.22079194445,  396.97905410942,  0.0            
       310,  441.28054833261,  394.72265511264,  0.0            
       311,  435.58060840591,  389.96841520185,  0.0            
       312,  431.81641327724,  386.14982935508,  0.0            
       313,  441.94732439433,  397.31931990885,  0.0            
       314,  439.06046999646,  394.53948695511,  0.0            
       315,  432.54728886059,  388.77602423342,  0.0            
       316,  436.38066410305,  392.41265835247,  0.0            
       317,  428.80610394899,  384.81382915578,  0.0            
       318,  439.68635133936,  397.35798929458,  0.0            
       319,  433.27566873242,  391.27565459003,  0.0            
       320,  437.02583655688,  394.91996018116,  0.0            
       321,  429.70842343332,  387.39245379917,  0.0            
       322,  430.37202298297,  390.0675678951 ,  0.0            
       323,  426.9362950002 ,  386.06664883942,  0.0            
       324,  437.6208212077 ,  397.51243644312,  0.0            
       325,  434.09509385525,  393.61901687869,  0.0            
       326,  435.01799915345,  395.81042681476,  0.0            
       327,  425.35619583539,  387.0617374349 ,  0.0            
       328,  427.72584096726,  388.57000586571,  0.0            
       329,  431.02758456434,  392.67820330948,  0.0            
       330,  435.86317672177,  397.73952612957,  0.0            
       331,  425.69138247355,  389.27783588529,  0.0            
       332,  428.255545725  ,  391.20848916696,  0.0            
       333,  431.91652543869,  395.04411037918,  0.0            
       334,  433.41376863445,  397.20266365269,  0.0            
       335,  423.66380340276,  389.07944003112,  0.0            
       336,  428.83131787147,  393.93998605761,  0.0            
       337,  426.10653542757,  391.85061857364,  0.0            
       338,  431.89095173557,  398.06838954258,  0.0            
       339,  429.64100868905,  396.80729627059,  0.0            
       340,  424.05266475738,  391.98964423121,  0.0            
       341,  421.74838333272,  389.8009444843 ,  0.0            
       342,  426.47985521222,  394.54057012328,  0.0            
       343,  422.31151185519,  392.04877861252,  0.0            
       344,  427.0344820354 ,  397.2350327408 ,  0.0            
       345,  423.98807600456,  394.68918136931,  0.0            
       346,  419.90923124167,  391.46896284417,  0.0            
       347,  424.42434186678,  397.29812570434,  0.0            
       348,  421.19836111235,  394.3465264066 ,  0.0            
       349,  417.88842326828,  392.61722214923,  0.0            
       350,  421.8830329108 ,  397.24589057176,  0.0            
       351,  418.6737373964 ,  395.06093196877,  0.0            
       352,  419.46667636599,  397.50277962415,  0.0            
       353,  415.65734184992,  393.70235571704,  0.0            
       354,  416.11460769822,  395.91621396492,  0.0            
       355,  417.1318394925 ,  397.8905064646 ,  0.0            
       356,  413.49094316559,  394.81032349208,  0.0            
       357,  415.11600796659,  398.41869570299,  0.0            
       358,  411.56079863797,  395.4253578165 ,  0.0            
       359,  413.22781318312,  397.34066352182,  0.0            
       360,  410.26710341418,  397.46731648096,  0.0            
       361,  407.6826569496 ,  398.07034781601,  0.0            
       362,  405.40298895621,  398.63895665635,  0.0            
       363,  403.35541904674,  399.15443981498,  0.0            
       364,  663.33349167644,  265.81905140846,  0.0            
       365,  661.29716749964,  265.29976286957,  0.0            
       366,  659.02727469649,  264.70124241542,  0.0            
       367,  656.46231631262,  264.045683704  ,  0.0            
       368,  653.47906585724,  263.85956230014,  0.0            
       369,  655.20118662836,  261.93340185811,  0.0            
       370,  651.63491269977,  264.97918284098,  0.0            
       371,  653.24775519454,  261.24167459245,  0.0            
       372,  649.56485253331,  264.39255183214,  0.0            
       373,  650.53542516374,  262.30070528519,  0.0            
       374,  651.04982670089,  259.98760664856,  0.0            
       375,  647.12980450978,  263.94333625362,  0.0            
       376,  647.91604858737,  261.33360559154,  0.0            
       377,  644.48440520085,  263.44981257541,  0.0            
       378,  648.7150623455 ,  258.70399806172,  0.0            
       379,  642.25205228642,  264.86276490197,  0.0            
       380,  645.37746369941,  260.55261864539,  0.0            
       381,  640.25013379302,  264.38803746398,  0.0            
       382,  641.72572144865,  262.22160679474,  0.0            
       383,  646.27179559844,  257.54889529511,  0.0            
       384,  642.72867088927,  259.92606168992,  0.0            
       385,  637.79505350472,  264.11529591176,  0.0            
       386,  638.84579562917,  261.69646584039,  0.0            
       387,  643.38824192835,  257.44464272422,  0.0            
       388,  645.22871509942,  254.98863458525,  0.0            
       389,  639.85446819663,  259.36571814095,  0.0            
       390,  635.23965764875,  263.81064690254,  0.0            
       391,  636.04036320504,  261.06846313226,  0.0            
       392,  640.78442010707,  257.01833508034,  0.0            
       393,  643.48932423528,  254.64894267338,  0.0            
       394,  636.95859659868,  258.58746409126,  0.0            
       395,  632.68111008119,  263.48525772465,  0.0            
       396,  641.35933705728,  254.60502921521,  0.0            
       397,  638.38081441132,  256.31684593439,  0.0            
       398,  641.88496642446,  252.46810431717,  0.0            
       399,  633.36476667215,  260.29179330976,  0.0            
       400,  639.17827035263,  253.77766505211,  0.0            
       401,  630.11844083781,  263.32844402804,  0.0            
       402,  636.44876917915,  255.37550776441,  0.0            
       403,  640.22995957944,  251.35352745774,  0.0            
       404,  634.0680248118 ,  256.90641880133,  0.0            
       405,  636.87629004642,  252.91282724623,  0.0            
       406,  680.13327696644,  132.5067067709 ,  0.0            
       407,  678.44042596958,  132.02560027675,  0.0            
       408,  676.14155859179,  131.27863399118,  0.0            
       409,  673.3810914329 ,  130.03102993911,  0.0            
       410,  670.63713115877,  129.97343131278,  0.0            
       411,  672.30517458099,  127.76747301783,  0.0            
       412,  666.46410568548,  131.22172133974,  0.0            
       413,  670.78753656492,  127.11019715296,  0.0            
       414,  666.55625193181,  130.11148165954,  0.0            
       415,  668.01528672012,  129.22668428177,  0.0            
       416,  665.10951914028,  131.19373099904,  0.0            
       417,  665.34327195424,  129.25456168068,  0.0            
       418,  668.81274574582,  125.88922147542,  0.0            
       419,  662.95725371564,  130.80744920704,  0.0            
       420,  666.03114924676,  127.19727193173,  0.0            
       421,  663.40414177958,  128.43770541173,  0.0            
       422,  660.1395360436 ,  130.16155696728,  0.0            
       423,  666.81962745527,  124.63009833302,  0.0            
       424,  664.04280755136,  126.115222926  ,  0.0            
       425,  661.26597970269,  127.61546074727,  0.0            
       426,  657.4391682863 ,  130.78989545046,  0.0            
       427,  658.79823130734,  128.43710211492,  0.0            
       428,  664.73907640711,  123.68580535106,  0.0            
       429,  661.89379773928,  125.2924086952 ,  0.0            
       430,  659.22019374779,  126.85908971354,  0.0            
       431,  657.17445320334,  128.5360148048 ,  0.0            
       432,  665.30879354277,  121.77626605502,  0.0            
       433,  654.99854766583,  130.88866411771,  0.0            
       434,  662.49095890789,  122.87722497933,  0.0            
       435,  663.46864248577,  120.0859087302 ,  0.0            
       436,  659.64821613056,  124.63440115018,  0.0            
       437,  657.15086279602,  126.40796556394,  0.0            
       438,  654.90142804853,  128.51295798062,  0.0            
       439,  652.51353901625,  130.86799333248,  0.0            
       440,  660.0461588286 ,  122.21058535188,  0.0            
       441,  657.33628392898,  124.1558651862 ,  0.0            
       442,  654.88422858279,  126.17839219893,  0.0            
       443,  652.47798485259,  128.41962501721,  0.0            
       444,  660.28189148835,  119.63850923219,  0.0            
       445,  662.7027903836 ,  117.12072389631,  0.0            
       446,  657.5422369704 ,  121.75942680078,  0.0            
       447,  654.9518423261 ,  123.81456304733,  0.0            
       448,  652.47103585898,  125.98120837518,  0.0            
       449,  657.67975279184,  119.30380153794,  0.0            
       450,  660.21863020532,  117.00633746802,  0.0            
       451,  655.06502381106,  121.39529005994,  0.0            
       452,  662.33418302758,  115.28067871246,  0.0            
       453,  652.49716254569,  123.53366670216,  0.0            
       454,  655.19923824877,  118.95778501909,  0.0            
       455,  657.65299949568,  116.84568782003,  0.0            
       456,  652.5550412865 ,  121.06557885364,  0.0            
       457,  660.26406477138,  113.98859866646,  0.0            
       458,  655.33816485982,  116.74807767775,  0.0            
       459,  657.20962328648,  114.3736771059 ,  0.0            
       460,  652.66999434198,  118.5691666788 ,  0.0            
       461,  655.05516127168,  114.85116768428,  0.0            
       462,  658.93592915143,  110.86382452859,  0.0            
       463,  653.03684087096,  115.86016721061,  0.0            
       464,  654.42588895256,  113.40022390354,  0.0            
       465,  655.74083045742,  111.62525300567,  0.0            
       466,  658.08793825364,  108.1448038931 ,  0.0            
       467,  652.59712239836,  113.29814879112,  0.0            
       468,  652.66029082199,  110.91864120011,  0.0            
       469,  655.38390794589,  108.39809124185,  0.0            
       470,  657.44617009363,  105.58890965892,  0.0            
       471,  652.65752315341,  108.34717107382,  0.0            
       472,  654.98229993581,  105.75296441418,  0.0            
       473,  656.86864940605,  103.1784327608 ,  0.0            
       474,  652.49032716405,  105.75923667729,  0.0            
       475,  654.58174094504,  103.31653974776,  0.0            
       476,  656.30503419824,  100.83675802877,  0.0            
       477,  652.29189449938,  103.30047740696,  0.0            
       478,  654.17239072253,  101.06941312185,  0.0            
       479,  655.72433416626,  98.513376624804,  0.0            
       480,  652.09846749863,  101.03811923076,  0.0            
       481,  653.60081331964,  99.008520597197,  0.0            
       482,  655.16111481257,  96.17620541409 ,  0.0            
       483,  652.04909128954,  99.440235511494,  0.0            
       484,  652.90050185113,  96.939218108836,  0.0            
       485,  654.69066656477,  93.802495131726,  0.0            
       486,  652.42218430149,  94.654995192549,  0.0            
       487,  654.33093199335,  91.375762067453,  0.0            
       488,  652.1953841715 ,  92.215734373922,  0.0            
       489,  654.04369520667,  88.912260139844,  0.0            
       490,  652.04102291227,  89.745557761223,  0.0            
       491,  653.80129468276,  86.465653365608,  0.0            
       492,  651.92275540428,  87.299841798459,  0.0            
       493,  653.60050816478,  84.165403945616,  0.0            
       494,  651.85021063047,  84.959091038179,  0.0            
       495,  653.38801287047,  82.566362228176,  0.0            
       496,  651.9616251163 ,  82.716062965442,  0.0            
       497,  652.22037013565,  80.411738186549,  0.0            
       498,  652.31365275387,  77.974604969213,  0.0            
       499,  652.22481099535,  75.474314680065,  0.0            
       500,  652.11289899601,  72.959957105262,  0.0            
       501,  652.00436798483,  70.440984943918,  0.0            
       502,  651.90306661804,  67.919782878247,  0.0            
       503,  651.80904656842,  65.397344379484,  0.0            
       504,  651.72177181989,  62.874279343142,  0.0            
       505,  651.64065423724,  60.351028888917,  0.0            
       506,  651.56514987556,  57.827918684884,  0.0            
       507,  651.4947627502 ,  55.305191415704,  0.0            
       508,  651.42904979528,  52.783023814326,  0.0            
       509,  651.36760976097,  50.261542374562,  0.0            
       510,  651.31008415962,  47.740834650509,  0.0            
       511,  651.25614802311,  45.220957758236,  0.0            
       512,  651.2055101385 ,  42.70194621152 ,  0.0            
       513,  651.15790618389,  40.183816347616,  0.0            
       514,  651.11309844044,  37.666571731978,  0.0            
       515,  651.07087081822,  35.1502053454  ,  0.0            
       516,  651.03102819501,  32.634703277126,  0.0            
       517,  650.99339288941,  30.120045726958,  0.0            
       518,  650.95780378788,  27.60620949472 ,  0.0            
       519,  650.92411389494,  25.093168382822,  0.0            
       520,  650.89218936535,  22.580894842746,  0.0            
       521,  650.86190783711,  20.069360094564,  0.0            
       522,  650.83315744766,  17.55853518718 ,  0.0            
       523,  650.80583573795,  15.048391005703,  0.0            
       524,  650.77984876866,  12.538898959691,  0.0            
       525,  650.75510981131,  10.030030637371,  0.0            
       526,  650.73153782896,  7.5217578272058,  0.0            
       527,  650.70905183073,  5.014049615886 ,  0.0            
       528,  650.68753745708,  2.5068547866962,  0.0            
       529,  650.6666604    ,  -5.68434189E-14,  0.0            
       530,  650.0000004    ,  -7.57910357E-14,  0.0            
       531,  650.0000004    ,  2.5156981132074,  0.0            
       532,  650.0000004    ,  5.031396226415 ,  0.0            
       533,  650.0000004    ,  7.5470943396226,  0.0            
       534,  650.0000004    ,  10.06279245283 ,  0.0            
       535,  650.0000004    ,  12.578490566038,  0.0            
       536,  650.0000004    ,  15.094188679245,  0.0            
       537,  650.0000004    ,  17.609886792453,  0.0            
       538,  650.0000004    ,  20.12558490566 ,  0.0            
       539,  650.0000004    ,  22.641283018868,  0.0            
       540,  650.0000004    ,  25.156981132075,  0.0            
       541,  650.0000004    ,  27.672679245283,  0.0            
       542,  650.0000004    ,  30.18837735849 ,  0.0            
       543,  650.0000004    ,  32.704075471698,  0.0            
       544,  650.0000004    ,  35.219773584906,  0.0            
       545,  650.0000004    ,  37.735471698113,  0.0            
       546,  650.0000004    ,  40.251169811321,  0.0            
       547,  650.0000004    ,  42.766867924528,  0.0            
       548,  650.0000004    ,  45.282566037736,  0.0            
       549,  650.0000004    ,  47.798264150943,  0.0            
       550,  650.0000004    ,  50.313962264151,  0.0            
       551,  650.0000004    ,  52.829660377358,  0.0            
       552,  650.0000004    ,  55.345358490566,  0.0            
       553,  650.0000004    ,  57.861056603774,  0.0            
       554,  650.0000004    ,  60.376754716981,  0.0            
       555,  650.0000004    ,  62.892452830189,  0.0            
       556,  650.0000004    ,  65.408150943396,  0.0            
       557,  650.0000004    ,  67.923849056604,  0.0            
       558,  650.0000004    ,  70.439547169811,  0.0            
       559,  650.0000004    ,  72.955245283019,  0.0            
       560,  650.0000004    ,  75.470943396226,  0.0            
       561,  650.0000004    ,  77.986641509434,  0.0            
       562,  650.0000004    ,  80.502339622641,  0.0            
       563,  650.0000004    ,  83.018037735849,  0.0            
       564,  650.0000004    ,  85.533735849056,  0.0            
       565,  650.0000004    ,  88.049433962264,  0.0            
       566,  650.0000004    ,  90.565132075472,  0.0            
       567,  650.0000004    ,  93.080830188679,  0.0            
       568,  650.0000004    ,  95.596528301887,  0.0            
       569,  650.0000004    ,  98.112226415094,  0.0            
       570,  650.0000004    ,  100.6279245283 ,  0.0            
       571,  650.0000004    ,  103.14362264151,  0.0            
       572,  650.0000004    ,  105.65932075472,  0.0            
       573,  650.0000004    ,  108.17501886792,  0.0            
       574,  650.0000004    ,  110.69071698113,  0.0            
       575,  650.0000004    ,  113.20641509434,  0.0            
       576,  650.0000004    ,  115.72211320755,  0.0            
       577,  650.0000004    ,  118.23781132076,  0.0            
       578,  650.0000004    ,  120.75350943396,  0.0            
       579,  650.0000004    ,  123.26920754717,  0.0            
       580,  650.0000004    ,  125.78490566038,  0.0            
       581,  650.0000004    ,  128.30060377358,  0.0            
       582,  650.0000004    ,  130.81630188679,  0.0            
       583,  650.0000004    ,  133.332        ,  0.0            
       584,  652.56407732308,  133.332        ,  0.0            
       585,  655.12815424615,  133.332        ,  0.0            
       586,  657.69223116923,  133.332        ,  0.0            
       587,  660.25630809231,  133.332        ,  0.0            
       588,  662.82038501538,  133.332        ,  0.0            
       589,  665.38446193846,  133.332        ,  0.0            
       590,  667.94853886154,  133.332        ,  0.0            
       591,  670.51261578462,  133.332        ,  0.0            
       592,  673.07669270769,  133.332        ,  0.0            
       593,  675.64076963077,  133.332        ,  0.0            
       594,  678.20484655385,  133.332        ,  0.0            
       595,  680.76892347692,  133.332        ,  0.0            
       596,  683.3330004    ,  133.332        ,  0.0            
       597,  681.14411150784,  132.15480487576,  0.0            
       598,  678.95383526127,  130.8710288603 ,  0.0            
       599,  676.86152130092,  129.51051545925,  0.0            
       600,  674.80644020484,  128.00943892116,  0.0            
       601,  672.93181654541,  126.46694033882,  0.0            
       602,  671.06041567361,  124.71635356171,  0.0            
       603,  669.38739551563,  122.94125816729,  0.0            
       604,  667.82051386915,  121.05598678693,  0.0            
       605,  666.2671228101 ,  118.92952008584,  0.0            
       606,  664.90791882531,  116.81503868056,  0.0            
       607,  663.68086481314,  114.62117015601,  0.0            
       608,  662.54206404527,  112.30576131838,  0.0            
       609,  661.57501146143,  110.09543251289,  0.0            
       610,  660.64755732114,  107.67069043946,  0.0            
       611,  659.83487688184,  105.28909844114,  0.0            
       612,  659.13884758487,  102.99475488132,  0.0            
       613,  658.48289121139,  100.57521183186,  0.0            
       614,  657.8680232426 ,  98.04794857077 ,  0.0            
       615,  657.30013962134,  95.426450126714,  0.0            
       616,  656.83160458731,  93.027471714865,  0.0            
       617,  656.39862114575,  90.572891257701,  0.0            
       618,  655.99759989434,  88.076273341228,  0.0            
       619,  655.62948912578,  85.543091245362,  0.0            
       620,  655.28993403986,  82.983663729051,  0.0            
       621,  654.98925372382,  80.49711784682 ,  0.0            
       622,  654.71159174492,  77.9975509572  ,  0.0            
       623,  654.45586899485,  75.486818903528,  0.0            
       624,  654.21934799181,  72.968431836906,  0.0            
       625,  654.00096646906,  70.444447805807,  0.0            
       626,  653.79869528334,  67.916898728239,  0.0            
       627,  653.61125248806,  65.387127351553,  0.0            
       628,  653.43734758377,  62.856271464223,  0.0            
       629,  653.27553374936,  60.325141603586,  0.0            
       630,  653.12513142557,  57.794395715476,  0.0            
       631,  652.98461345968,  55.264445560874,  0.0            
       632,  652.85375234139,  52.735715767208,  0.0            
       633,  652.73101561668,  50.208327058876,  0.0            
       634,  652.61648602069,  47.682602453399,  0.0            
       635,  652.50868087425,  45.158458582129,  0.0            
       636,  652.40788158832,  42.636180457174,  0.0            
       637,  652.31269095291,  40.115548730458,  0.0            
       638,  652.22350696071,  37.596837020438,  0.0            
       639,  652.13903811286,  35.079741628155,  0.0            
       640,  652.05974118559,  32.564532828873,  0.0            
       641,  651.98443944835,  30.05086051232 ,  0.0            
       642,  651.91360919828,  27.538991271294,  0.0            
       643,  651.84618994324,  25.02855564895 ,  0.0            
       644,  651.78265177852,  22.519813114853,  0.0            
       645,  651.72204706462,  20.012393579576,  0.0            
       646,  651.66482358806,  17.506545410385,  0.0            
       647,  651.61014027695,  15.001910354023,  0.0            
       648,  651.55841318347,  12.498722265886,  0.0            
       649,  651.50890199022,  9.9966436621021,  0.0            
       650,  651.46198007823,  7.4958883152456,  0.0            
       651,  651.41700349808,  4.9961462676914,  0.0            
       652,  651.37430499878,  2.4976115581705,  0.0            
       653,  651.3333204    ,  -1.32633886E-13,  0.0            
       654,  630.64538130576,  260.00690025426,  0.0            
       655,  627.53772174704,  263.31503586652,  0.0            
       656,  638.14399896847,  250.17031432664,  0.0            
       657,  631.09794763478,  256.67712889364,  0.0            
       658,  634.19220338961,  253.06750357082,  0.0            
       659,  624.96997875617,  263.38467162774,  0.0            
       660,  627.89766011212,  260.00052077943,  0.0            
       661,  622.41264324186,  263.50665888047,  0.0            
       662,  625.20056349493,  260.13523894456,  0.0            
       663,  631.35631031326,  253.36528459187,  0.0            
       664,  628.18591223426,  256.70704351278,  0.0            
       665,  619.87830359241,  263.647825674  ,  0.0            
       666,  635.49973163605,  249.18255934718,  0.0            
       667,  622.54200095245,  260.37164015287,  0.0            
       668,  625.36860526341,  256.90852582579,  0.0            
       669,  631.81937281174,  250.31003779042,  0.0            
       670,  617.35598968205,  263.776775491  ,  0.0            
       671,  619.94096661572,  260.64575096232,  0.0            
       672,  628.34683107642,  253.4225914934 ,  0.0            
       673,  634.7795634579 ,  246.25705759912,  0.0            
       674,  622.61858151422,  257.25703667392,  0.0            
       675,  614.85303004832,  263.87595058888,  0.0            
       676,  617.3738825832 ,  260.89543311172,  0.0            
       677,  632.16276107188,  247.46274240863,  0.0            
       678,  625.42135063392,  253.70219467376,  0.0            
       679,  619.95911966644,  257.65497502743,  0.0            
       680,  633.66898887575,  243.82344480177,  0.0            
       681,  629.84232179845,  247.81245006893,  0.0            
       682,  628.2529794659 ,  250.13268217369,  0.0            
       683,  612.36300128168,  263.94878510694,  0.0            
       684,  622.60371239943,  254.16572984729,  0.0            
       685,  614.84888793721,  261.0867118353 ,  0.0            
       686,  617.35741504716,  258.01349984486,  0.0            
       687,  631.4924090478 ,  245.01614009723,  0.0            
       688,  625.1943342635 ,  250.54031447101,  0.0            
       689,  619.91222875068,  254.67758280891,  0.0            
       690,  629.10713496036,  245.96561046476,  0.0            
       691,  609.8865477444 ,  264.00697260306,  0.0            
       692,  612.34907179552,  261.22862613322,  0.0            
       693,  632.33845483995,  241.70484080751,  0.0            
       694,  614.81908009748,  258.28626187777,  0.0            
       695,  622.41080399083,  251.10968228643,  0.0            
       696,  617.29631215755,  255.13028617752,  0.0            
       697,  626.80103016202,  246.78820192608,  0.0            
       698,  630.3548161342 ,  242.91712157498,  0.0            
       699,  628.63228320988,  244.05681924699,  0.0            
       700,  607.41570971489,  264.0582511359 ,  0.0            
       701,  619.7563074721 ,  251.72704216951,  0.0            
       702,  624.51032328822,  247.3899270104 ,  0.0            
       703,  609.87261818642,  261.34695282652,  0.0            
       704,  612.31820858555,  258.49315977093,  0.0            
       705,  631.0124591082 ,  239.88260560149,  0.0            
       706,  614.75627075826,  255.46794581112,  0.0            
       707,  622.00819852271,  248.07001707394,  0.0            
       708,  628.74180420587,  241.23098501438,  0.0            
       709,  617.15919432709,  252.25711043255,  0.0            
       710,  626.41809149387,  243.24962763936,  0.0            
       711,  604.94705698854,  264.10247605056,  0.0            
       712,  607.40393944922,  261.45489667737,  0.0            
       713,  609.84846048675,  258.67987645103,  0.0            
       714,  619.47799772385,  248.81492854877,  0.0            
       715,  629.99104243103,  238.30301190435,  0.0            
       716,  612.26445222108,  255.72855930706,  0.0            
       717,  623.95923270203,  244.16907286161,  0.0            
       718,  614.62572954102,  252.63436018141,  0.0            
       719,  627.90737046408,  239.1063738039 ,  0.0            
       720,  616.92303581232,  249.41666202076,  0.0            
       721,  602.47626926825,  264.13948698112,  0.0            
       722,  621.54757882428,  245.01647539431,  0.0            
       723,  604.93837684833,  261.545965455  ,  0.0            
       724,  607.38501894787,  258.86067303736,  0.0            
       725,  625.62074123949,  240.24165845656,  0.0            
       726,  609.81171236091,  255.994978375  ,  0.0            
       727,  612.14872634391,  252.92108923805,  0.0            
       728,  619.12383226522,  245.97766237326,  0.0            
       729,  614.38026887332,  249.8097070283 ,  0.0            
       730,  623.22414912282,  241.08396939639,  0.0            
       731,  627.83219646113,  236.63463572115,  0.0            
       732,  602.47107008145,  261.61893906319,  0.0            
       733,  604.92303239445,  259.00364062036,  0.0            
       734,  616.60700998876,  246.63973475994,  0.0            
       735,  607.35907014396,  256.28366773818,  0.0            
       736,  620.90949001315,  241.94699352941,  0.0            
       737,  609.73046158289,  253.27401714138,  0.0            
       738,  611.86315867352,  250.07007657676,  0.0            
       739,  625.01304249331,  237.48057758119,  0.0            
       740,  618.6898577963 ,  243.32351699671,  0.0            
       741,  627.08146187005,  234.40167671828,  0.0            
       742,  614.04045445787,  247.01844818681,  0.0            
       743,  602.46130187216,  259.10635495938,  0.0            
       744,  604.90076986644,  256.48465295726,  0.0            
       745,  607.30708770317,  253.75418113951,  0.0            
       746,  616.24374008175,  243.94690055399,  0.0            
       747,  622.32483924435,  238.23490170218,  0.0            
       748,  609.49898991242,  250.45267200041,  0.0            
       749,  618.10276142042,  241.12465221542,  0.0            
       750,  611.39501914236,  247.26907603292,  0.0            
       751,  624.25177563722,  234.94262437126,  0.0            
       752,  602.44689297559,  256.60402450492,  0.0            
       753,  619.52881440965,  238.88488739516,  0.0            
       754,  604.85884689371,  254.00862492549,  0.0            
       755,  613.75666684362,  244.24749548787,  0.0            
       756,  626.00721760936,  232.14527625013,  0.0            
       757,  607.18551984864,  251.34950181932,  0.0            
       758,  616.03574009567,  241.21562740627,  0.0            
       759,  608.58832152599,  247.43315273518,  0.0            
       760,  621.52312149139,  235.50033183357,  0.0            
       761,  606.88134359128,  249.30799362255,  0.0            
       762,  602.42219807265,  254.11314499342,  0.0            
       763,  611.16125861464,  244.48169531634,  0.0            
       764,  604.77319516227,  251.58067028305,  0.0            
       765,  623.2789927488 ,  232.50821461445,  0.0            
       766,  613.61994865051,  241.47648056682,  0.0            
       767,  624.88222011048,  229.84785996368,  0.0            
       768,  616.39318251971,  238.54099734349,  0.0            
       769,  604.86196254474,  249.11049142367,  0.0            
       770,  618.81816936522,  235.90320104606,  0.0            
       771,  602.40093713546,  251.61445568306,  0.0            
       772,  608.4812642316 ,  244.54163785676,  0.0            
       773,  620.58701913592,  232.89306580716,  0.0            
       774,  611.04467457445,  241.72266603224,  0.0            
       775,  605.56047435434,  246.70925740986,  0.0            
       776,  622.20133332576,  230.1062422526 ,  0.0            
       777,  613.62604994024,  238.77060879436,  0.0            
       778,  602.48822737004,  249.1063392615 ,  0.0            
       779,  616.03727662984,  235.96594579206,  0.0            
       780,  623.78407193458,  227.5395045472 ,  0.0            
       781,  617.88509853265,  233.19318305205,  0.0            
       782,  605.70399522304,  244.27948972802,  0.0            
       783,  608.37709047282,  241.81694693238,  0.0            
       784,  619.51322883436,  230.38611627871,  0.0            
       785,  610.94696045685,  239.07092436133,  0.0            
       786,  602.74411843947,  246.62725367674,  0.0            
       787,  613.30347756387,  236.15496659715,  0.0            
       788,  621.13603497754,  227.73990377861,  0.0            
       789,  615.1403119952 ,  233.37183830253,  0.0            
       790,  622.73239379619,  225.2191935069 ,  0.0            
       791,  605.62698528227,  241.71866745549,  0.0            
       792,  602.847452397  ,  244.16944568417,  0.0            
       793,  608.24835123404,  239.23098790797,  0.0            
       794,  616.77435903512,  230.63585432884,  0.0            
       795,  610.70761518367,  236.5363304717 ,  0.0            
       796,  618.4550963646 ,  227.96108166235,  0.0            
       797,  620.13741959864,  225.3791282607 ,  0.0            
       798,  612.4527894304 ,  233.61387691   ,  0.0            
       799,  621.74739774086,  222.88520341907,  0.0            
       800,  613.95961637709,  230.85664716439,  0.0            
       801,  602.82869711233,  241.67672218144,  0.0            
       802,  605.51723669876,  239.13439514775,  0.0            
       803,  608.0755126333 ,  236.83717038542,  0.0            
       804,  615.69788849749,  228.18580027547,  0.0            
       805,  617.49720717558,  225.56015739612,  0.0            
       806,  609.97822717633,  234.07182110688,  0.0            
       807,  619.21878107565,  223.02071292317,  0.0            
       808,  611.08678495497,  231.15736854917,  0.0            
       809,  602.77687980232,  239.13708274522,  0.0            
       810,  620.82436361808,  220.54498919554,  0.0            
       811,  605.41474829867,  236.50795791729,  0.0            
       812,  612.83507969204,  228.43102280312,  0.0            
       813,  607.96043998016,  234.79876484474,  0.0            
       814,  614.78126790976,  225.76169896993,  0.0            
       815,  616.64250530175,  223.16952136969,  0.0            
       816,  608.34351384818,  231.84822937077,  0.0            
       817,  618.35043839773,  220.64711448892,  0.0            
       818,  602.76961932682,  236.56908241742,  0.0            
       819,  609.82435392471,  228.78703140226,  0.0            
       820,  619.93743678716,  218.18904267295,  0.0            
       821,  611.98450780534,  226.00526848742,  0.0            
       822,  605.77663801812,  233.67069162841,  0.0            
       823,  614.00146064621,  223.33902465069,  0.0            
       824,  615.8328251051 ,  220.7653771342 ,  0.0            
       825,  617.50834838316,  218.26827570738,  0.0            
       826,  602.80069161554,  234.06854673373,  0.0            
       827,  606.61880957932,  229.37517992645,  0.0            
       828,  605.02331708275,  231.49451614521,  0.0            
       829,  619.0883990768 ,  215.82080213843,  0.0            
       830,  609.09755786339,  226.34093437107,  0.0            
       831,  611.31207576753,  223.55078484671,  0.0            
       832,  613.25578951276,  220.89076268626,  0.0            
       833,  602.68009865512,  231.56002980127,  0.0            
       834,  615.02646061629,  218.36173467897,  0.0            
       835,  616.6903901072 ,  215.88379148521,  0.0            
       836,  606.15528542776,  226.6771881302 ,  0.0            
       837,  608.57538325826,  223.8445460142 ,  0.0            
       838,  618.27666310616,  213.45007936707,  0.0            
       839,  610.65692054448,  221.04224248117,  0.0            
       840,  603.14273558744,  229.09157684979,  0.0            
       841,  612.46865708339,  218.4411289354 ,  0.0            
       842,  614.23229513666,  215.9640926074 ,  0.0            
       843,  615.9119360763 ,  213.49779369473,  0.0            
       844,  605.78275195133,  224.15186275633,  0.0            
       845,  603.10214412748,  226.72055404801,  0.0            
       846,  608.06090255225,  221.31772874446,  0.0            
       847,  617.4967410247 ,  211.0704251887 ,  0.0            
       848,  609.86843059586,  218.48468274246,  0.0            
       849,  611.66449747593,  216.0118214538 ,  0.0            
       850,  613.50350436718,  213.5773096353 ,  0.0            
       851,  602.90324530194,  224.2872223271 ,  0.0            
       852,  605.43578270332,  221.71879424987,  0.0            
       853,  615.15825208432,  211.10677703715,  0.0            
       854,  607.40058264209,  218.69018667624,  0.0            
       855,  616.73763854902,  208.69368969742,  0.0            
       856,  608.95174843298,  215.95394683025,  0.0            
       857,  610.99579367005,  213.62516257624,  0.0            
       858,  602.71918480001,  221.87029418913,  0.0            
       859,  612.81448350927,  211.18161566549,  0.0            
       860,  605.04341029342,  219.40773039945,  0.0            
       861,  614.38194747983,  208.72415044668,  0.0            
       862,  616.00876467363,  206.32391602862,  0.0            
       863,  606.03727292505,  215.7749022171 ,  0.0            
       864,  604.50023456171,  217.41773993088,  0.0            
       865,  608.35448989685,  213.47746459746,  0.0            
       866,  602.49664417473,  219.48454335767,  0.0            
       867,  610.45836688806,  211.27463671162,  0.0            
       868,  612.0292032432 ,  208.78452419028,  0.0            
       869,  613.60094780817,  206.37638514986,  0.0            
       870,  602.39588796523,  217.05163493735,  0.0            
       871,  615.35292959495,  203.96208944677,  0.0            
       872,  605.62665083358,  212.98107920271,  0.0            
       873,  607.95767351902,  211.11341003034,  0.0            
       874,  602.87382228774,  214.73281421114,  0.0            
       875,  609.75499132687,  208.87536871375,  0.0            
       876,  611.11056090576,  206.43256192591,  0.0            
       877,  612.95545130796,  204.0724662607 ,  0.0            
       878,  614.75267582692,  201.5821465704 ,  0.0            
       879,  607.82197476861,  209.10750370634,  0.0            
       880,  602.85122942564,  212.31362858532,  0.0            
       881,  605.36606093383,  210.21442238132,  0.0            
       882,  608.49140921886,  206.54945754052,  0.0            
       883,  610.45429165243,  204.12660044717,  0.0            
       884,  612.47249946434,  201.78976370216,  0.0            
       885,  614.09203973518,  199.18510962285,  0.0            
       886,  605.70684488658,  207.28789296858,  0.0            
       887,  602.76755382922,  209.70021629858,  0.0            
       888,  607.87841692778,  204.1354162797 ,  0.0            
       889,  610.07603725585,  201.8860645475 ,  0.0            
       890,  611.86272404514,  199.458447494  ,  0.0            
       891,  613.31175449842,  196.8132307859 ,  0.0            
       892,  602.83497745949,  207.08413770582,  0.0            
       893,  605.34412301864,  204.39444212885,  0.0            
       894,  609.98657464627,  199.92684868208,  0.0            
       895,  607.63549272639,  201.45433179054,  0.0            
       896,  610.71151559663,  197.24027425875,  0.0            
       897,  612.70561209722,  194.42521679204,  0.0            
       898,  602.72547588454,  204.43549458142,  0.0            
       899,  605.21305862537,  201.57056958784,  0.0            
       900,  607.99954692048,  198.41608520634,  0.0            
       901,  610.11011162901,  194.88282596335,  0.0            
       902,  612.19362813052,  191.98003176294,  0.0            
       903,  602.64924529269,  201.76900508066,  0.0            
       904,  605.27783680442,  198.79670373861,  0.0            
       905,  607.60906325212,  195.56308319956,  0.0            
       906,  609.64720893701,  192.32795968113,  0.0            
       907,  602.64191670845,  199.12895597005,  0.0            
       908,  611.68432639629,  189.50233698349,  0.0            
       909,  605.10647134575,  196.07388434959,  0.0            
       910,  607.19032790128,  192.78740053729,  0.0            
       911,  602.56886419434,  196.53580804729,  0.0            
       912,  609.12019558243,  189.74868570209,  0.0            
       913,  611.1933701948 ,  187.02479325248,  0.0            
       914,  604.80860152072,  193.32678717836,  0.0            
       915,  602.42989616688,  193.9849044298 ,  0.0            
       916,  606.62396535089,  190.03739368157,  0.0            
       917,  610.76952509355,  184.55649963177,  0.0            
       918,  608.56698527038,  187.18550734105,  0.0            
       919,  604.33825413118,  190.50833786584,  0.0            
       920,  602.21154489662,  191.54722866224,  0.0            
       921,  610.40656691237,  182.08133776577,  0.0            
       922,  608.14805218043,  184.65206461206,  0.0            
       923,  605.90405734749,  187.37536435242,  0.0            
       924,  601.75321016253,  189.48715066574,  0.0            
       925,  610.07901836709,  179.59908502841,  0.0            
       926,  607.84853547421,  182.12460809041,  0.0            
       927,  605.49312393665,  184.75631647583,  0.0            
       928,  603.11336138768,  187.53822878133,  0.0            
       929,  607.60184310981,  179.60812676177,  0.0            
       930,  609.77047238762,  177.10686111036,  0.0            
       931,  605.26789281728,  182.1622559106 ,  0.0            
       932,  602.78810687934,  184.75988612657,  0.0            
       933,  605.09913468115,  179.60857938373,  0.0            
       934,  607.37398446368,  177.09653064751,  0.0            
       935,  609.47472550923,  174.61130884572,  0.0            
       936,  602.65432076525,  182.12658122852,  0.0            
       937,  604.94728193756,  177.07899388151,  0.0            
       938,  602.56375951226,  179.56576052402,  0.0            
       939,  607.1552141642 ,  174.59463593527,  0.0            
       940,  609.18893069051,  172.11390687737,  0.0            
       941,  602.48559542677,  177.03818298501,  0.0            
       942,  604.80196076637,  174.56844548254,  0.0            
       943,  606.94218587041,  172.09736308664,  0.0            
       944,  608.91400298975,  169.62472853568,  0.0            
       945,  602.41221403951,  174.52911027739,  0.0            
       946,  604.65977310699,  172.06299233704,  0.0            
       947,  606.73463463598,  169.61086812099,  0.0            
       948,  608.65236238172,  167.15701100705,  0.0            
       949,  602.34114639681,  172.0238150421 ,  0.0            
       950,  604.51984746394,  169.55764380398,  0.0            
       951,  606.53565182337,  167.13822841068,  0.0            
       952,  608.4160848886 ,  164.72763698326,  0.0            
       953,  602.27193577718,  169.51396476238,  0.0            
       954,  604.3848305517 ,  167.03549422561,  0.0            
       955,  606.3641615441 ,  164.70342962417,  0.0            
       956,  608.23972148358,  162.33710067075,  0.0            
       957,  602.20720724612,  166.98223567424,  0.0            
       958,  604.27516903838,  164.47328176483,  0.0            
       959,  606.26872659735,  162.37353246747,  0.0            
       960,  607.9709665283 ,  159.91291340852,  0.0            
       961,  602.16324529713,  164.40888545603,  0.0            
       962,  606.36885603072,  160.37121704736,  0.0            
       963,  604.27105766362,  161.79252488938,  0.0            
       964,  607.25825369387,  157.64564444888,  0.0            
       965,  602.21179692272,  161.77378746523,  0.0            
       966,  604.80687007692,  158.81511407158,  0.0            
       967,  606.95602451196,  155.2792338096 ,  0.0            
       968,  602.37870191106,  159.15673121885,  0.0            
       969,  604.66766011989,  156.04416937426,  0.0            
       970,  606.76514214533,  152.73188755992,  0.0            
       971,  602.3575296313 ,  156.5778413102 ,  0.0            
       972,  604.52861004187,  153.37353256482,  0.0            
       973,  606.53878175808,  150.11200941203,  0.0            
       974,  602.2831354196 ,  154.00666759881,  0.0            
       975,  604.35964133374,  150.698648026  ,  0.0            
       976,  606.1883718151 ,  147.45701548197,  0.0            
       977,  602.19641700432,  151.47334928916,  0.0            
       978,  604.03448245597,  147.94470601553,  0.0            
       979,  605.68749405428,  144.87818384163,  0.0            
       980,  602.04130610133,  149.06059703361,  0.0            
       981,  601.64358704075,  147.04073889802,  0.0            
       982,  605.42610130968,  142.32949729516,  0.0            
       983,  602.96817940704,  145.05766743187,  0.0            
       984,  605.27450270858,  139.79065119564,  0.0            
       985,  602.73408214824,  142.33820157519,  0.0            
       986,  605.14147585489,  137.26878631718,  0.0            
       987,  602.6437705022 ,  139.74684142252,  0.0            
       988,  605.0138274247 ,  134.75943261739,  0.0            
       989,  602.57388842404,  137.21084744624,  0.0            
       990,  602.50874057148,  134.69876092882,  0.0            
       991,  604.89016966001,  132.25757881948,  0.0            
       992,  602.44635549741,  132.19737654009,  0.0            
       993,  604.77068104922,  129.75900684968,  0.0            
       994,  602.3864386541 ,  129.700283332  ,  0.0            
       995,  604.65591108863,  127.26176697577,  0.0            
       996,  602.32896530915,  127.20487493843,  0.0            
       997,  604.54530163693,  124.76486907734,  0.0            
       998,  602.27363436402,  124.70992774295,  0.0            
       999,  604.43828058422,  122.26800359077,  0.0            
      1000,  602.22016063339,  122.21506860137,  0.0            
      1001,  604.3348065232 ,  119.77103471548,  0.0            
      1002,  602.16848632221,  119.72014666746,  0.0            
      1003,  604.23526249657,  117.27412962807,  0.0            
      1004,  602.11868894448,  117.2252443032 ,  0.0            
      1005,  604.13918243836,  114.77748389108,  0.0            
      1006,  602.07061218423,  114.73045694267,  0.0            
      1007,  604.04609702255,  112.28112782359,  0.0            
      1008,  602.02406770817,  112.23581242389,  0.0            
      1009,  603.9559736585 ,  109.78502856148,  0.0            
      1010,  601.97903149395,  109.74129297779,  0.0            
      1011,  603.86914089791,  107.2892332888 ,  0.0            
      1012,  601.93557530457,  107.2469013069 ,  0.0            
      1013,  603.78520221063,  104.79378850026,  0.0            
      1014,  601.89357022831,  104.75261862608,  0.0            
      1015,  603.70376539433,  102.2984676482 ,  0.0            
      1016,  601.85286639374,  102.2582848669 ,  0.0            
      1017,  603.62482094904,  99.802820443223,  0.0            
      1018,  601.81348884681,  99.763659945481,  0.0            
      1019,  603.54886864679,  97.305928403298,  0.0            
      1020,  601.7755805395 ,  97.268565130137,  0.0            
      1021,  603.47558848846,  94.807302382584,  0.0            
      1022,  601.73897275443,  94.772956121848,  0.0            
      1023,  603.40405777516,  92.306996449022,  0.0            
      1024,  601.70330437763,  92.276770438993,  0.0            
      1025,  603.33418757648,  89.805134695498,  0.0            
      1026,  601.66848925275,  89.780084940952,  0.0            
      1027,  603.26662152671,  87.302908040001,  0.0            
      1028,  601.63469943976,  87.283073032755,  0.0            
      1029,  603.20113774785,  84.800908254312,  0.0            
      1030,  601.60192332357,  84.78603396358 ,  0.0            
      1031,  603.13747378919,  82.299305920633,  0.0            
      1032,  601.57006865928,  82.289116330408,  0.0            
      1033,  603.07561090792,  79.798161344578,  0.0            
      1034,  601.53912744612,  79.792393459173,  0.0            
      1035,  603.01575110681,  77.297542821734,  0.0            
      1036,  601.50914754451,  77.295921872643,  0.0            
      1037,  602.95768710724,  74.797558381438,  0.0            
      1038,  601.480060345  ,  74.799758797312,  0.0            
      1039,  602.90117868497,  72.298167907167,  0.0            
      1040,  601.45177054244,  72.303895613945,  0.0            
      1041,  602.84620360736,  69.79931503286 ,  0.0            
      1042,  601.42426350459,  69.808305270587,  0.0            
      1043,  602.79293556842,  67.30100487725 ,  0.0            
      1044,  601.39757850089,  67.312990263296,  0.0            
      1045,  602.74120805304,  64.803313567749,  0.0            
      1046,  601.37165886759,  64.817981359674,  0.0            
      1047,  602.69081461917,  62.306206203401,  0.0            
      1048,  601.34642274613,  62.323272976577,  0.0            
      1049,  602.64173876903,  59.809672660802,  0.0            
      1050,  601.32185666306,  59.828884445608,  0.0            
      1051,  602.59413764326,  57.313820607772,  0.0            
      1052,  601.29799416879,  57.334923941578,  0.0            
      1053,  602.54787863911,  54.818986778799,  0.0            
      1054,  601.27478450406,  54.841686479331,  0.0            
      1055,  602.50280154286,  52.32563306099 ,  0.0            
      1056,  601.25215434059,  52.34966803566 ,  0.0            
      1057,  602.4589208439 ,  49.834656130827,  0.0            
      1058,  601.23008788876,  49.8598054362  ,  0.0            
      1059,  602.4163986541 ,  47.347780173876,  0.0            
      1060,  601.2086130693 ,  47.373842090554,  0.0            
      1061,  602.37541305544,  44.868086435489,  0.0            
      1062,  601.18737875458,  44.894817329107,  0.0            
      1063,  602.33173582681,  42.400505118197,  0.0            
      1064,  601.17038311936,  42.427396921951,  0.0            
      1065,  601.72107200557,  39.952414538009,  0.0            
      1066,  601.69141002695,  37.399432797715,  0.0            
      1067,  601.66303977186,  34.884693972796,  0.0            
      1068,  601.63547834641,  32.384694901395,  0.0            
      1069,  601.60861697435,  29.890382586755,  0.0            
      1070,  601.58252835122,  27.398430224091,  0.0            
      1071,  601.55709352055,  24.907555330713,  0.0            
      1072,  601.5322172656 ,  22.417268325285,  0.0            
      1073,  601.50790282572,  19.927340624014,  0.0            
      1074,  601.48425381559,  17.437723179629,  0.0            
      1075,  601.46116451054,  14.948424105508,  0.0            
      1076,  601.43855995306,  12.459367097089,  0.0            
      1077,  601.41644985442,  9.9704294597364,  0.0            
      1078,  601.3949305447 ,  7.4813759515409,  0.0            
      1079,  601.37388881826,  4.9915946041346,  0.0            
      1080,  601.35324993965,  2.4993196415644,  0.0            
      1081,  601.3333204    ,  0.0            ,  0.0            
      1082,  600.0000004    ,  -1.89481852E-14,  0.0            
      1083,  600.0000004    ,  2.4921869158878,  0.0            
      1084,  600.0000004    ,  4.9843738317757,  0.0            
      1085,  600.0000004    ,  7.4765607476635,  0.0            
      1086,  600.0000004    ,  9.9687476635514,  0.0            
      1087,  600.0000004    ,  12.460934579439,  0.0            
      1088,  600.0000004    ,  14.953121495327,  0.0            
      1089,  600.0000004    ,  17.445308411215,  0.0            
      1090,  600.0000004    ,  19.937495327103,  0.0            
      1091,  600.0000004    ,  22.429682242991,  0.0            
      1092,  600.0000004    ,  24.921869158878,  0.0            
      1093,  600.0000004    ,  27.414056074766,  0.0            
      1094,  600.0000004    ,  29.906242990654,  0.0            
      1095,  600.0000004    ,  32.398429906542,  0.0            
      1096,  600.0000004    ,  34.89061682243 ,  0.0            
      1097,  600.0000004    ,  37.382803738318,  0.0            
      1098,  600.0000004    ,  39.874990654206,  0.0            
      1099,  600.0000004    ,  42.367177570094,  0.0            
      1100,  600.0000004    ,  44.859364485981,  0.0            
      1101,  600.0000004    ,  47.351551401869,  0.0            
      1102,  600.0000004    ,  49.843738317757,  0.0            
      1103,  600.0000004    ,  52.335925233645,  0.0            
      1104,  600.0000004    ,  54.828112149533,  0.0            
      1105,  600.0000004    ,  57.320299065421,  0.0            
      1106,  600.0000004    ,  59.812485981308,  0.0            
      1107,  600.0000004    ,  62.304672897196,  0.0            
      1108,  600.0000004    ,  64.796859813084,  0.0            
      1109,  600.0000004    ,  67.289046728972,  0.0            
      1110,  600.0000004    ,  69.78123364486 ,  0.0            
      1111,  600.0000004    ,  72.273420560748,  0.0            
      1112,  600.0000004    ,  74.765607476636,  0.0            
      1113,  600.0000004    ,  77.257794392523,  0.0            
      1114,  600.0000004    ,  79.749981308411,  0.0            
      1115,  600.0000004    ,  82.242168224299,  0.0            
      1116,  600.0000004    ,  84.734355140187,  0.0            
      1117,  600.0000004    ,  87.226542056075,  0.0            
      1118,  600.0000004    ,  89.718728971963,  0.0            
      1119,  600.0000004    ,  92.21091588785 ,  0.0            
      1120,  600.0000004    ,  94.703102803738,  0.0            
      1121,  600.0000004    ,  97.195289719626,  0.0            
      1122,  600.0000004    ,  99.687476635514,  0.0            
      1123,  600.0000004    ,  102.1796635514 ,  0.0            
      1124,  600.0000004    ,  104.67185046729,  0.0            
      1125,  600.0000004    ,  107.16403738318,  0.0            
      1126,  600.0000004    ,  109.65622429906,  0.0            
      1127,  600.0000004    ,  112.14841121495,  0.0            
      1128,  600.0000004    ,  114.64059813084,  0.0            
      1129,  600.0000004    ,  117.13278504673,  0.0            
      1130,  600.0000004    ,  119.62497196262,  0.0            
      1131,  600.0000004    ,  122.1171588785 ,  0.0            
      1132,  600.0000004    ,  124.60934579439,  0.0            
      1133,  600.0000004    ,  127.10153271028,  0.0            
      1134,  600.0000004    ,  129.59371962617,  0.0            
      1135,  600.0000004    ,  132.08590654206,  0.0            
      1136,  600.0000004    ,  134.57809345794,  0.0            
      1137,  600.0000004    ,  137.07028037383,  0.0            
      1138,  600.0000004    ,  139.56246728972,  0.0            
      1139,  600.0000004    ,  142.05465420561,  0.0            
      1140,  600.0000004    ,  144.5468411215 ,  0.0            
      1141,  600.0000004    ,  147.03902803738,  0.0            
      1142,  600.0000004    ,  149.53121495327,  0.0            
      1143,  600.0000004    ,  152.02340186916,  0.0            
      1144,  600.0000004    ,  154.51558878505,  0.0            
      1145,  600.0000004    ,  157.00777570094,  0.0            
      1146,  600.0000004    ,  159.49996261682,  0.0            
      1147,  600.0000004    ,  161.99214953271,  0.0            
      1148,  600.0000004    ,  164.4843364486 ,  0.0            
      1149,  600.0000004    ,  166.97652336449,  0.0            
      1150,  600.0000004    ,  169.46871028037,  0.0            
      1151,  600.0000004    ,  171.96089719626,  0.0            
      1152,  600.0000004    ,  174.45308411215,  0.0            
      1153,  600.0000004    ,  176.94527102804,  0.0            
      1154,  600.0000004    ,  179.43745794392,  0.0            
      1155,  600.0000004    ,  181.92964485981,  0.0            
      1156,  600.0000004    ,  184.4218317757 ,  0.0            
      1157,  600.0000004    ,  186.91401869159,  0.0            
      1158,  600.0000004    ,  189.40620560748,  0.0            
      1159,  600.0000004    ,  191.89839252336,  0.0            
      1160,  600.0000004    ,  194.39057943925,  0.0            
      1161,  600.0000004    ,  196.88276635514,  0.0            
      1162,  600.0000004    ,  199.37495327103,  0.0            
      1163,  600.0000004    ,  201.86714018692,  0.0            
      1164,  600.0000004    ,  204.3593271028 ,  0.0            
      1165,  600.0000004    ,  206.85151401869,  0.0            
      1166,  600.0000004    ,  209.34370093458,  0.0            
      1167,  600.0000004    ,  211.83588785047,  0.0            
      1168,  600.0000004    ,  214.32807476636,  0.0            
      1169,  600.0000004    ,  216.82026168224,  0.0            
      1170,  600.0000004    ,  219.31244859813,  0.0            
      1171,  600.0000004    ,  221.80463551402,  0.0            
      1172,  600.0000004    ,  224.29682242991,  0.0            
      1173,  600.0000004    ,  226.78900934579,  0.0            
      1174,  600.0000004    ,  229.28119626168,  0.0            
      1175,  600.0000004    ,  231.77338317757,  0.0            
      1176,  600.0000004    ,  234.26557009346,  0.0            
      1177,  600.0000004    ,  236.75775700935,  0.0            
      1178,  600.0000004    ,  239.24994392523,  0.0            
      1179,  600.0000004    ,  241.74213084112,  0.0            
      1180,  600.0000004    ,  244.23431775701,  0.0            
      1181,  600.0000004    ,  246.7265046729 ,  0.0            
      1182,  600.0000004    ,  249.21869158878,  0.0            
      1183,  600.0000004    ,  251.71087850467,  0.0            
      1184,  600.0000004    ,  254.20306542056,  0.0            
      1185,  600.0000004    ,  256.69525233645,  0.0            
      1186,  600.0000004    ,  259.18743925234,  0.0            
      1187,  600.0000004    ,  261.67962616822,  0.0            
      1188,  600.0000004    ,  264.17181308411,  0.0            
      1189,  600.0000004    ,  266.664        ,  0.0            
      1190,  602.46911151111,  266.664        ,  0.0            
      1191,  604.93822262222,  266.664        ,  0.0            
      1192,  607.40733373333,  266.664        ,  0.0            
      1193,  609.87644484444,  266.664        ,  0.0            
      1194,  612.34555595556,  266.664        ,  0.0            
      1195,  614.81466706667,  266.664        ,  0.0            
      1196,  617.28377817778,  266.664        ,  0.0            
      1197,  619.75288928889,  266.664        ,  0.0            
      1198,  622.2220004    ,  266.664        ,  0.0            
      1199,  624.69111151111,  266.664        ,  0.0            
      1200,  627.16022262222,  266.664        ,  0.0            
      1201,  629.62933373333,  266.664        ,  0.0            
      1202,  632.09844484444,  266.664        ,  0.0            
      1203,  634.56755595556,  266.664        ,  0.0            
      1204,  637.03666706667,  266.664        ,  0.0            
      1205,  639.50577817778,  266.664        ,  0.0            
      1206,  641.97488928889,  266.664        ,  0.0            
      1207,  644.4440004    ,  266.664        ,  0.0            
      1208,  646.91311151111,  266.664        ,  0.0            
      1209,  649.38222262222,  266.664        ,  0.0            
      1210,  651.85133373333,  266.664        ,  0.0            
      1211,  654.32044484444,  266.664        ,  0.0            
      1212,  656.78955595556,  266.664        ,  0.0            
      1213,  659.25866706667,  266.664        ,  0.0            
      1214,  661.72777817778,  266.664        ,  0.0            
      1215,  664.19688928889,  266.664        ,  0.0            
      1216,  666.6660004    ,  266.664        ,  0.0            
      1217,  664.46764170536,  265.48171196978,  0.0            
      1218,  662.26928301071,  264.29942393957,  0.0            
      1219,  660.10826888078,  263.10747807281,  0.0            
      1220,  657.97003058134,  261.78075093504,  0.0            
      1221,  655.8817116042 ,  260.48499757582,  0.0            
      1222,  653.83113334334,  259.09790653934,  0.0            
      1223,  651.78020029495,  257.63926016728,  0.0            
      1224,  649.73875227508,  256.12088258361,  0.0            
      1225,  647.82257222949,  254.56804289169,  0.0            
      1226,  645.90696739297,  252.97367785312,  0.0            
      1227,  644.06799563943,  251.28482624134,  0.0            
      1228,  642.27257021179,  249.58983908232,  0.0            
      1229,  640.51026272992,  247.76490057594,  0.0            
      1230,  638.85778533429,  245.97897888568,  0.0            
      1231,  637.21005412137,  244.06386442018,  0.0            
      1232,  635.62238680332,  242.0877605357 ,  0.0            
      1233,  634.15685397441,  240.18411333105,  0.0            
      1234,  632.70276548645,  238.10270865068,  0.0            
      1235,  631.26913891438,  235.9605943718 ,  0.0            
      1236,  630.03310337615,  233.97848568817,  0.0            
      1237,  628.80875508173,  231.87665886567,  0.0            
      1238,  627.592790515  ,  229.69348931262,  0.0            
      1239,  626.39497505929,  227.35474512606,  0.0            
      1240,  625.27059691769,  225.01140445969,  0.0            
      1241,  624.25258877266,  222.78042287846,  0.0            
      1242,  623.25321391234,  220.43322694552,  0.0            
      1243,  622.33653433098,  218.12175960856,  0.0            
      1244,  621.4623945932 ,  215.80894124101,  0.0            
      1245,  620.60566202306,  213.41431336932,  0.0            
      1246,  619.83323888768,  211.07487486355,  0.0            
      1247,  619.09775406563,  208.74264227526,  0.0            
      1248,  618.37908582233,  206.35101561238,  0.0            
      1249,  617.68565087598,  203.87860031404,  0.0            
      1250,  617.03869094596,  201.43116916223,  0.0            
      1251,  616.4414337839 ,  199.0638346169 ,  0.0            
      1252,  615.86103127325,  196.65405464077,  0.0            
      1253,  615.30778456633,  194.1833714886 ,  0.0            
      1254,  614.77218092023,  191.67743261778,  0.0            
      1255,  614.28104246594,  189.27278643699,  0.0            
      1256,  613.81794778362,  186.89100001867,  0.0            
      1257,  613.37629429272,  184.47514070351,  0.0            
      1258,  612.94893698301,  182.03863731701,  0.0            
      1259,  612.53605312446,  179.58219413619,  0.0            
      1260,  612.1413980237 ,  177.10273950713,  0.0            
      1261,  611.76395425915,  174.60395403933,  0.0            
      1262,  611.39997021229,  172.09128068721,  0.0            
      1263,  611.04929356824,  169.56570184108,  0.0            
      1264,  610.71423589957,  167.02632852037,  0.0            
      1265,  610.40172657228,  164.53371043904,  0.0            
      1266,  610.10571427201,  162.07999011225,  0.0            
      1267,  609.81992819677,  159.6194684407 ,  0.0            
      1268,  609.54696743795,  157.15127408008,  0.0            
      1269,  609.28545039696,  154.67714100601,  0.0            
      1270,  609.03285470219,  152.19882353748,  0.0            
      1271,  608.78896237109,  149.71671894039,  0.0            
      1272,  608.55622255216,  147.23038673889,  0.0            
      1273,  608.33260757481,  144.74115979465,  0.0            
      1274,  608.1164889023 ,  142.24982968317,  0.0            
      1275,  607.90765343146,  139.7566585959 ,  0.0            
      1276,  607.7082158552 ,  137.26154022147,  0.0            
      1277,  607.51621448104,  134.76524576637,  0.0            
      1278,  607.3304566517 ,  132.26814191701,  0.0            
      1279,  607.15075458674,  129.77038957483,  0.0            
      1280,  606.97888578076,  127.27208715914,  0.0            
      1281,  606.81315207382,  124.77359612304,  0.0            
      1282,  606.652609516  ,  122.27506420593,  0.0            
      1283,  606.49710041206,  119.77658485353,  0.0            
      1284,  606.34812217347,  117.27836992816,  0.0            
      1285,  606.20423666712,  114.78052508452,  0.0            
      1286,  606.06467725709,  112.2830750944 ,  0.0            
      1287,  605.92931445601,  109.78607096938,  0.0            
      1288,  605.79943195473,  107.2897850978 ,  0.0            
      1289,  605.67378697528,  104.79416699193,  0.0            
      1290,  605.55176343061,  102.29917461195,  0.0            
      1291,  605.43325595647,  99.80483313531 ,  0.0            
      1292,  605.31939215429,  97.311448034568,  0.0            
      1293,  605.20873850217,  94.811644087562,  0.0            
      1294,  605.10070907805,  92.301853110694,  0.0            
      1295,  604.99570326873,  89.792821446236,  0.0            
      1296,  604.8946334796 ,  87.284846477994,  0.0            
      1297,  604.7966222194 ,  84.777749324669,  0.0            
      1298,  604.70124266293,  82.271436031341,  0.0            
      1299,  604.60842117382,  79.765907366509,  0.0            
      1300,  604.51890778505,  77.261440926652,  0.0            
      1301,  604.43203222545,  74.757862874242,  0.0            
      1302,  604.34739441528,  72.255059498142,  0.0            
      1303,  604.26493440053,  69.753026279286,  0.0            
      1304,  604.1852877749 ,  67.252022047298,  0.0            
      1305,  604.1079122643 ,  64.751878841186,  0.0            
      1306,  604.03245124347,  62.252476943971,  0.0            
      1307,  603.95885560189,  59.753809124706,  0.0            
      1308,  603.88768041509,  57.256118896959,  0.0            
      1309,  603.81845742658,  54.75923953927 ,  0.0            
      1310,  603.75088204707,  52.263055933825,  0.0            
      1311,  603.68491378271,  49.767559655202,  0.0            
      1312,  603.62105094101,  47.27298276701 ,  0.0            
      1313,  603.55886351152,  44.779154087867,  0.0            
      1314,  603.49810196317,  42.285970560412,  0.0            
      1315,  603.43873268093,  39.793423443575,  0.0            
      1316,  603.38121368118,  37.301736765756,  0.0            
      1317,  603.32513025144,  34.810730013448,  0.0            
      1318,  603.27028733307,  32.320316950954,  0.0            
      1319,  603.21665683515,  29.83048901647 ,  0.0            
      1320,  603.16466780139,  27.341464875448,  0.0            
      1321,  603.11390674495,  24.853051259759,  0.0            
      1322,  603.06423028047,  22.365181382714,  0.0            
      1323,  603.01561478115,  19.877847125898,  0.0            
      1324,  602.96846801526,  17.39126370998 ,  0.0            
      1325,  602.92236967942,  14.905223159503,  0.0            
      1326,  602.87722401915,  12.419679176382,  0.0            
      1327,  602.83301103878,  9.9346242121917,  0.0            
      1328,  602.79012239997,  7.4502713061054,  0.0            
      1329,  602.74812696262,  4.966397070349 ,  0.0            
      1330,  602.70697196978,  2.482975612343 ,  0.0            
      1331,  602.6666404    ,  -1.32633886E-13,  0.0            
      1332,  596.64458095326,  399.15443981498,  0.0            
      1333,  594.59701104379,  398.63895665635,  0.0            
      1334,  592.3173430504 ,  398.07034781601,  0.0            
      1335,  589.73289658582,  397.46731648096,  0.0            
      1336,  586.77218681688,  397.34066352182,  0.0            
      1337,  588.43920136203,  395.4253578165 ,  0.0            
      1338,  584.88399203341,  398.41869570299,  0.0            
      1339,  586.50905683441,  394.81032349208,  0.0            
      1340,  582.8681605075 ,  397.8905064646 ,  0.0            
      1341,  583.88539230178,  395.91621396492,  0.0            
      1342,  584.34265815008,  393.70235571704,  0.0            
      1343,  580.53332363401,  397.50277962415,  0.0            
      1344,  581.3262626036 ,  395.06093196877,  0.0            
      1345,  578.1169670892 ,  397.24589057176,  0.0            
      1346,  582.11157673172,  392.61722214923,  0.0            
      1347,  578.80163888765,  394.3465264066 ,  0.0            
      1348,  575.57565813322,  397.29812570434,  0.0            
      1349,  580.09076875833,  391.46896284417,  0.0            
      1350,  576.01192399544,  394.68918136931,  0.0            
      1351,  572.9655179646 ,  397.2350327408 ,  0.0            
      1352,  577.68848814481,  392.04877861252,  0.0            
      1353,  573.52014478778,  394.54057012328,  0.0            
      1354,  578.25161666728,  389.8009444843 ,  0.0            
      1355,  575.94733524262,  391.98964423121,  0.0            
      1356,  570.35899131095,  396.80729627059,  0.0            
      1357,  568.10904826443,  398.06838954258,  0.0            
      1358,  573.89346457243,  391.85061857364,  0.0            
      1359,  571.16868212853,  393.93998605761,  0.0            
      1360,  576.33619659724,  389.07944003112,  0.0            
      1361,  566.58623136555,  397.20266365269,  0.0            
      1362,  568.08347456131,  395.04411037918,  0.0            
      1363,  571.744454275  ,  391.20848916696,  0.0            
      1364,  574.30861752645,  389.27783588529,  0.0            
      1365,  564.13682327823,  397.73952612957,  0.0            
      1366,  568.97241543566,  392.67820330948,  0.0            
      1367,  572.27415903274,  388.57000586571,  0.0            
      1368,  574.64380416461,  387.0617374349 ,  0.0            
      1369,  564.98200084655,  395.81042681476,  0.0            
      1370,  565.90490614475,  393.61901687869,  0.0            
      1371,  562.3791787923 ,  397.51243644312,  0.0            
      1372,  573.0637049998 ,  386.06664883942,  0.0            
      1373,  569.62797701703,  390.0675678951 ,  0.0            
      1374,  570.29157656668,  387.39245379917,  0.0            
      1375,  562.97416344312,  394.91996018116,  0.0            
      1376,  566.72433126758,  391.27565459003,  0.0            
      1377,  560.31364866064,  397.35798929458,  0.0            
      1378,  571.193896051  ,  384.81382915578,  0.0            
      1379,  563.61933589695,  392.41265835247,  0.0            
      1380,  567.45271113941,  388.77602423342,  0.0            
      1381,  560.93953000354,  394.53948695511,  0.0            
      1382,  558.05267560567,  397.31931990885,  0.0            
      1383,  568.18358672275,  386.14982935508,  0.0            
      1384,  564.41939159409,  389.96841520185,  0.0            
      1385,  558.71945166739,  394.72265511264,  0.0            
      1386,  555.77920805555,  396.97905410942,  0.0            
      1387,  569.0551207888 ,  383.43814263513,  0.0            
      1388,  565.2049373306 ,  387.49640124302,  0.0            
      1389,  561.19289525325,  391.27514829004,  0.0            
      1390,  559.18270573347,  392.43775915935,  0.0            
      1391,  556.64098512822,  394.04572470814,  0.0            
      1392,  562.12937890825,  388.57435285796,  0.0            
      1393,  565.9328635265 ,  385.02798113369,  0.0            
      1394,  551.33791041332,  397.91023147714,  0.0            
      1395,  557.59172752374,  391.30573103285,  0.0            
      1396,  568.12493069931,  380.92760850267,  0.0            
      1397,  553.74606841334,  395.95794267995,  0.0            
      1398,  551.77280685311,  396.40864672236,  0.0            
      1399,  562.94687209372,  386.03576682021,  0.0            
      1400,  566.45016701114,  382.62568388351,  0.0            
      1401,  558.972987976  ,  389.1248361595 ,  0.0            
      1402,  549.51914576588,  397.71276362109,  0.0            
      1403,  554.75144057015,  392.75865348728,  0.0            
      1404,  563.66146930079,  383.56676684268,  0.0            
      1405,  559.9446238125 ,  386.80365506407,  0.0            
      1406,  550.04526856129,  395.22900366402,  0.0            
      1407,  566.45801935922,  379.97759691714,  0.0            
      1408,  555.72291068507,  389.942396375  ,  0.0            
      1409,  547.3785187898 ,  397.66568155719,  0.0            
      1410,  551.95244471309,  393.37145288918,  0.0            
      1411,  564.22287252556,  381.08969317578,  0.0            
      1412,  560.74440700647,  384.32896279033,  0.0            
      1413,  556.78218678306,  387.45296358007,  0.0            
      1414,  549.21136327567,  393.26049283926,  0.0            
      1415,  547.47072866858,  395.36770976372,  0.0            
      1416,  552.8930493951 ,  390.96565643008,  0.0            
      1417,  561.48441430384,  381.8618565373 ,  0.0            
      1418,  564.60525627157,  378.50392340151,  0.0            
      1419,  544.99518623119,  397.60082481009,  0.0            
      1420,  557.71080812665,  385.02551283211,  0.0            
      1421,  550.06047159242,  391.52908998866,  0.0            
      1422,  553.69462002804,  388.38360789831,  0.0            
      1423,  547.32085869614,  393.00861462764,  0.0            
      1424,  562.14296157592,  379.37287970756,  0.0            
      1425,  558.53428607239,  382.57270256149,  0.0            
      1426,  545.05734010363,  395.17416112968,  0.0            
      1427,  550.76539237667,  389.35901643375,  0.0            
      1428,  554.56073297277,  385.88511203359,  0.0            
      1429,  542.54133188652,  397.4899761152 ,  0.0            
      1430,  562.71750900416,  376.81990077954,  0.0            
      1431,  559.32986920567,  380.11190618678,  0.0            
      1432,  547.76599829938,  390.6673362095 ,  0.0            
      1433,  555.42073720828,  383.42416900809,  0.0            
      1434,  551.45526346814,  386.98459593332,  0.0            
      1435,  545.107460477  ,  392.6911471918 ,  0.0            
      1436,  542.6281055642 ,  394.95024094481,  0.0            
      1437,  540.06626071728,  397.39101954066,  0.0            
      1438,  560.1040383911 ,  377.6241797311 ,  0.0            
      1439,  548.35755889528,  388.34940273047,  0.0            
      1440,  556.27042677136,  380.96410047345,  0.0            
      1441,  552.21951023658,  384.53658752832,  0.0            
      1442,  545.38193115418,  390.18208832108,  0.0            
      1443,  560.8362297832 ,  375.07394633369,  0.0            
      1444,  542.72911485243,  392.3569522283 ,  0.0            
      1445,  557.14685500122,  378.50628724147,  0.0            
      1446,  548.99474711431,  385.93915871066,  0.0            
      1447,  540.17235089314,  394.75809582157,  0.0            
      1448,  553.04584613178,  382.06962515471,  0.0            
      1449,  537.5720181082 ,  397.33576190293,  0.0            
      1450,  545.82611951148,  387.67710675301,  0.0            
      1451,  558.06506099583,  376.01387537028,  0.0            
      1452,  553.9211156847 ,  379.59741251705,  0.0            
      1453,  549.73472829047,  383.46178071706,  0.0            
      1454,  542.90402632601,  389.72609279503,  0.0            
      1455,  540.29127145733,  392.06934210647,  0.0            
      1456,  535.06074745378,  397.32237479875,  0.0            
      1457,  537.67743941416,  394.66749280224,  0.0            
      1458,  558.96893238834,  373.39824211125,  0.0            
      1459,  546.41357707402,  385.15997568136,  0.0            
      1460,  554.86805597433,  377.14906834203,  0.0            
      1461,  550.5762450258 ,  380.95069789146,  0.0            
      1462,  543.1966803219 ,  387.09797484342,  0.0            
      1463,  555.9341711662 ,  374.70479912513,  0.0            
      1464,  540.3732067869 ,  389.30232548468,  0.0            
      1465,  532.53015272782,  397.31359524628,  0.0            
      1466,  547.15854462763,  382.61046874606,  0.0            
      1467,  535.14343892887,  394.67520438461,  0.0            
      1468,  537.80264509924,  391.96818833104,  0.0            
      1469,  551.48553658492,  378.43051947768,  0.0            
      1470,  557.08859557675,  372.10342052591,  0.0            
      1471,  543.7262462385 ,  384.50207269616,  0.0            
      1472,  548.05789953561,  380.02697879599,  0.0            
      1473,  552.4622509287 ,  375.97368619622,  0.0            
      1474,  540.43682017486,  386.55186962215,  0.0            
      1475,  529.99247442446,  397.29985569491,  0.0            
      1476,  553.61516228757,  373.67064587766,  0.0            
      1477,  532.57199544293,  394.66205478861,  0.0            
      1478,  537.8906246482 ,  389.15890842301,  0.0            
      1479,  535.24625775405,  392.08581514746,  0.0            
      1480,  554.87113510883,  371.53181360944,  0.0            
      1481,  544.47433746874,  381.9123670006 ,  0.0            
      1482,  555.86066002204,  369.62291848311,  0.0            
      1483,  549.03429149742,  377.37764361001,  0.0            
      1484,  540.946432144  ,  383.89180644328,  0.0            
      1485,  527.45164291357,  397.28772649123,  0.0            
      1486,  545.43530504357,  379.32396175992,  0.0            
      1487,  529.99183403338,  394.62402836322,  0.0            
      1488,  532.63319774039,  392.06079935999,  0.0            
      1489,  537.4243966875 ,  386.00464043503,  0.0            
      1490,  535.34499370091,  389.63500339859,  0.0            
      1491,  549.98544485196,  374.76128158851,  0.0            
      1492,  551.28853750028,  372.41674043919,  0.0            
      1493,  552.90700777517,  370.3621942067 ,  0.0            
      1494,  554.5757954311 ,  368.347438197  ,  0.0            
      1495,  535.29183429322,  387.52970376465,  0.0            
      1496,  546.59140025957,  376.63103853347,  0.0            
      1497,  541.69668610163,  381.26937552841,  0.0            
      1498,  524.91782806862,  397.2726307236 ,  0.0            
      1499,  527.40605069799,  394.59398937687,  0.0            
      1500,  530.0161210486 ,  391.96880456538,  0.0            
      1501,  538.09970125512,  383.21906163564,  0.0            
      1502,  532.72147527922,  389.52061466936,  0.0            
      1503,  542.64097045453,  378.76468755994,  0.0            
      1504,  533.09335897198,  386.97106113609,  0.0            
      1505,  551.42112651277,  368.79454229944,  0.0            
      1506,  549.02631879561,  370.8067425287 ,  0.0            
      1507,  543.90538901178,  376.45121847974,  0.0            
      1508,  553.20424364051,  366.78252864425,  0.0            
      1509,  547.40123308133,  373.4580161887 ,  0.0            
      1510,  534.27667833414,  384.65298610699,  0.0            
      1511,  524.82779466113,  394.55934344647,  0.0            
      1512,  522.40177045253,  397.25341841694,  0.0            
      1513,  527.38333040988,  391.91766354826,  0.0            
      1514,  544.84255680632,  374.37099226892,  0.0            
      1515,  530.12769494556,  389.32071492847,  0.0            
      1516,  538.86835679173,  380.54676149983,  0.0            
      1517,  539.73695006122,  377.88015274021,  0.0            
      1518,  548.98427132327,  368.12124120012,  0.0            
      1519,  541.67226189469,  375.48574801057,  0.0            
      1520,  535.25416678406,  382.32748139754,  0.0            
      1521,  550.34952428346,  366.59557560364,  0.0            
      1522,  530.46883952111,  386.64759148753,  0.0            
      1523,  551.90273197036,  364.93838511418,  0.0            
      1524,  543.19194550472,  373.18484501156,  0.0            
      1525,  524.7378122683 ,  391.86716262533,  0.0            
      1526,  519.91644791906,  397.25560809525,  0.0            
      1527,  522.27315409001,  394.50917436153,  0.0            
      1528,  527.4411720572 ,  389.27114778487,  0.0            
      1529,  545.07919414451,  371.35310057808,  0.0            
      1530,  546.34140196966,  369.39631693753,  0.0            
      1531,  535.98726669709,  379.83113269408,  0.0            
      1532,  531.06441416478,  383.91215542838,  0.0            
      1533,  538.68782985979,  375.56366755239,  0.0            
      1534,  547.49914983451,  367.17130835016,  0.0            
      1535,  517.45255817158,  397.32667554941,  0.0            
      1536,  548.61915551054,  364.67992827658,  0.0            
      1537,  527.63116798395,  386.66874077651,  0.0            
      1538,  524.69800524516,  389.21975482934,  0.0            
      1539,  539.81807260205,  373.86182531587,  0.0            
      1540,  550.59643613833,  363.1918316476 ,  0.0            
      1541,  536.46827647785,  377.43512148055,  0.0            
      1542,  545.92789289331,  366.18727474824,  0.0            
      1543,  522.09679474436,  391.78292200244,  0.0            
      1544,  519.77528469654,  394.49009360432,  0.0            
      1545,  541.18281554491,  371.8614223906 ,  0.0            
      1546,  532.49353465234,  381.3238375996 ,  0.0            
      1547,  542.75297223718,  369.77796232441,  0.0            
      1548,  546.11379592918,  362.31019145971,  0.0            
      1549,  543.90310986556,  367.21556807271,  0.0            
      1550,  514.98404256019,  397.45936755001,  0.0            
      1551,  536.54293903219,  374.92713996321,  0.0            
      1552,  546.06380361449,  364.2430499079 ,  0.0            
      1553,  527.67543889279,  384.20516317648,  0.0            
      1554,  529.34983260043,  381.82386555341,  0.0            
      1555,  517.33589544517,  394.62812631757,  0.0            
      1556,  533.11138374183,  378.79672156462,  0.0            
      1557,  524.73364473231,  386.62590569905,  0.0            
      1558,  547.89453504326,  362.00735262044,  0.0            
      1559,  521.92328123704,  389.10653743267,  0.0            
      1560,  519.50617714912,  391.70017690743,  0.0            
      1561,  537.44974337214,  372.7051172212 ,  0.0            
      1562,  512.49272740956,  397.53726053538,  0.0            
      1563,  529.90394922094,  379.88134109375,  0.0            
      1564,  533.57333172226,  376.33360934197,  0.0            
      1565,  538.79889847198,  370.69751742089,  0.0            
      1566,  514.9061011535 ,  394.95530743088,  0.0            
      1567,  540.31618699918,  368.66207517861,  0.0            
      1568,  549.56553691795,  361.50038128242,  0.0            
      1569,  527.07468285027,  381.70149786252,  0.0            
      1570,  541.3540417086 ,  366.29467515577,  0.0            
      1571,  543.74235449093,  363.78536202624,  0.0            
      1572,  524.689156322  ,  384.07489394547,  0.0            
      1573,  534.10451684729,  373.86733451198,  0.0            
      1574,  521.8650472381 ,  386.48182542528,  0.0            
      1575,  517.08898859434,  391.85023200007,  0.0            
      1576,  530.29584664507,  377.53392887654,  0.0            
      1577,  512.4395547129 ,  395.09923666972,  0.0            
      1578,  509.99841790879,  397.54832331902,  0.0            
      1579,  547.21984275525,  359.78358803348,  0.0            
      1580,  519.12412714   ,  388.97355723201,  0.0            
      1581,  527.15982746404,  379.16965294227,  0.0            
      1582,  514.76112531639,  392.57951537568,  0.0            
      1583,  534.99497911073,  371.5093869474 ,  0.0            
      1584,  536.22873771318,  369.44237583388,  0.0            
      1585,  530.74261772598,  375.06818083412,  0.0            
      1586,  537.94891876784,  367.63426405011,  0.0            
      1587,  524.4688099939 ,  381.48611632904,  0.0            
      1588,  538.90155558866,  365.42827707658,  0.0            
      1589,  521.82520252062,  383.88294484207,  0.0            
      1590,  541.57123897396,  363.46048073631,  0.0            
      1591,  512.34178156437,  392.70413844185,  0.0            
      1592,  509.97466661243,  395.0965831043 ,  0.0            
      1593,  507.50237648085,  397.53549186619,  0.0            
      1594,  544.08764227099,  360.39274998772,  0.0            
      1595,  519.0298994695 ,  386.30668265992,  0.0            
      1596,  514.46144472075,  390.56497460068,  0.0            
      1597,  546.84057371921,  357.95918353801,  0.0            
      1598,  531.58065940829,  372.63129167128,  0.0            
      1599,  527.44704346736,  376.63110657014,  0.0            
      1600,  516.22632539813,  388.85876307089,  0.0            
      1601,  524.46224216003,  378.88462609019,  0.0            
      1602,  539.50197906978,  363.38499453054,  0.0            
      1603,  536.11113685042,  366.41500892535,  0.0            
      1604,  512.4458547148 ,  390.27688055867,  0.0            
      1605,  521.74088057242,  381.26841078591,  0.0            
      1606,  509.95975962255,  392.63383371761,  0.0            
      1607,  532.61270594036,  370.08356444346,  0.0            
      1608,  507.50255968815,  395.06606217614,  0.0            
      1609,  536.64732180412,  364.09276300134,  0.0            
      1610,  505.0057992786 ,  397.51994751725,  0.0            
      1611,  519.02075976535,  383.66817000828,  0.0            
      1612,  527.74380981796,  373.88272227319,  0.0            
      1613,  541.13867754267,  360.50439504951,  0.0            
      1614,  516.22744846423,  386.06346345576,  0.0            
      1615,  533.76719662618,  367.35230938958,  0.0            
      1616,  513.20879148337,  387.96273217821,  0.0            
      1617,  544.26288581303,  356.99166945276,  0.0            
      1618,  510.09343113344,  390.16367315287,  0.0            
      1619,  529.11564332668,  371.3274566496 ,  0.0            
      1620,  524.59577679312,  376.30176201268,  0.0            
      1621,  507.52139945003,  392.58790116124,  0.0            
      1622,  521.7241073712 ,  378.65511992577,  0.0            
      1623,  505.01599638236,  395.03779532819,  0.0            
      1624,  502.50356120315,  397.50728996114,  0.0            
      1625,  518.99575521509,  381.04570527244,  0.0            
      1626,  534.12719625943,  363.97309945257,  0.0            
      1627,  516.24007322584,  383.41300138527,  0.0            
      1628,  537.88938885546,  361.12786361664,  0.0            
      1629,  530.0986671565 ,  368.82270849086,  0.0            
      1630,  513.44592785515,  385.60493257861,  0.0            
      1631,  540.96342774745,  357.69807599782,  0.0            
      1632,  510.44613192848,  387.73382651728,  0.0            
      1633,  526.09929280282,  371.51019035121,  0.0            
      1634,  507.61824695375,  390.10659999137,  0.0            
      1635,  505.03928733813,  392.55195721435,  0.0            
      1636,  524.5199811789 ,  373.79203700148,  0.0            
      1637,  521.74565244983,  376.05384415025,  0.0            
      1638,  502.51116738936,  395.01458020977,  0.0            
      1639,  531.10887041632,  366.31584699904,  0.0            
      1640,  518.98493772656,  378.43699030364,  0.0            
      1641,  543.41528759742,  354.24812414657,  0.0            
      1642,  516.23894381449,  380.81254573658,  0.0            
      1643,  526.69983124794,  369.57980045647,  0.0            
      1644,  513.4795503897 ,  383.1078987299 ,  0.0            
      1645,  531.62370332446,  363.53072036054,  0.0            
      1646,  534.79387018593,  360.97461384483,  0.0            
      1647,  510.65332661008,  385.32090870162,  0.0            
      1648,  507.79644415167,  387.64350192034,  0.0            
      1649,  537.87848951945,  358.04524845571,  0.0            
      1650,  505.09748804845,  390.06569897062,  0.0            
      1651,  527.4335991484 ,  367.46133372528,  0.0            
      1652,  502.52520770726,  392.52115584245,  0.0            
      1653,  523.91287468126,  371.13260178456,  0.0            
      1654,  521.64551095257,  373.44932856958,  0.0            
      1655,  518.97308662066,  375.82766587212,  0.0            
      1656,  540.46866116488,  354.91273481447,  0.0            
      1657,  516.23790734302,  378.22989297404,  0.0            
      1658,  528.63196404304,  365.37007649622,  0.0            
      1659,  513.4966544305 ,  380.58060800306,  0.0            
      1660,  510.7252885277 ,  382.87642021149,  0.0            
      1661,  542.44239175834,  351.77593144486,  0.0            
      1662,  507.93271471546,  385.1936535835 ,  0.0            
      1663,  529.07008262144,  362.8255915675 ,  0.0            
      1664,  505.18659848728,  387.58740188759,  0.0            
      1665,  531.9616059599 ,  360.67071911698,  0.0            
      1666,  502.55229453625,  390.02810835685,  0.0            
      1667,  534.92269786773,  358.04043312138,  0.0            
      1668,  521.40875731885,  370.77042180816,  0.0            
      1669,  524.07063010012,  368.47681631155,  0.0            
      1670,  518.90071587453,  373.2084214311 ,  0.0            
      1671,  516.22584747727,  375.64130916773,  0.0            
      1672,  537.54171683102,  355.05028909174,  0.0            
      1673,  513.50677380943,  378.04242248749,  0.0            
      1674,  510.75772730406,  380.39293718885,  0.0            
      1675,  526.51508225289,  364.49102510217,  0.0            
      1676,  508.00322570876,  382.73660130072,  0.0            
      1677,  539.77512997952,  352.33793147389,  0.0            
      1678,  505.26382997772,  385.1154367932 ,  0.0            
      1679,  502.59003054435,  387.53842618073,  0.0            
      1680,  541.274806077  ,  349.39079014623,  0.0            
      1681,  529.21129212784,  360.20576785148,  0.0            
      1682,  526.44168734996,  362.34237579353,  0.0            
      1683,  532.05457578119,  357.85186723291,  0.0            
      1684,  521.42834131917,  368.062262696  ,  0.0            
      1685,  518.7861301117 ,  370.5513225856 ,  0.0            
      1686,  524.45958300952,  365.76314623811,  0.0            
      1687,  516.18043414222,  373.04096261382,  0.0            
      1688,  513.50293309994,  375.48621041174,  0.0            
      1689,  534.71377682138,  355.08660557046,  0.0            
      1690,  510.77861622809,  377.88710870193,  0.0            
      1691,  508.04255397362,  380.2597075551 ,  0.0            
      1692,  539.25283664402,  350.15384088452,  0.0            
      1693,  536.97877843809,  352.05986023843,  0.0            
      1694,  505.31353170867,  382.64192138778,  0.0            
      1695,  502.62487932378,  385.05148709141,  0.0            
      1696,  539.5072651995 ,  347.29359153383,  0.0            
      1697,  526.48414409212,  359.85620168702,  0.0            
      1698,  518.75133193584,  367.87838537032,  0.0            
      1699,  521.51065713245,  365.36464910486,  0.0            
      1700,  529.23441576072,  357.53717297068,  0.0            
      1701,  516.11353483423,  370.41535110511,  0.0            
      1702,  523.86088995594,  362.6578779027 ,  0.0            
      1703,  513.47538267544,  372.91406886459,  0.0            
      1704,  510.78493275622,  375.35781656345,  0.0            
      1705,  531.92623099055,  355.07233669534,  0.0            
      1706,  508.06836575201,  377.76576755786,  0.0            
      1707,  505.34607163934,  380.15878177086,  0.0            
      1708,  534.3333819172 ,  352.16067621146,  0.0            
      1709,  502.65025804013,  382.56434506094,  0.0            
      1710,  536.69002349987,  348.79961822023,  0.0            
      1711,  518.73525359243,  365.2062036024 ,  0.0            
      1712,  516.0661149772 ,  367.77708192042,  0.0            
      1713,  513.43054444008,  370.31916470592,  0.0            
      1714,  521.30304684754,  362.62792265476,  0.0            
      1715,  510.77151425451,  372.81082699787,  0.0            
      1716,  526.47161462888,  357.2230092089 ,  0.0            
      1717,  523.80578983954,  359.84246364797,  0.0            
      1718,  538.24590490144,  345.09011961234,  0.0            
      1719,  508.08039760767,  375.25221938544,  0.0            
      1720,  529.1166228714 ,  354.88581415864,  0.0            
      1721,  505.36900939898,  377.66612791812,  0.0            
      1722,  502.66851403481,  380.07333575804,  0.0            
      1723,  531.66401319921,  352.3897937217 ,  0.0            
      1724,  533.73674156739,  349.36122745597,  0.0            
      1725,  535.39840810174,  346.03286847781,  0.0            
      1726,  516.02364014017,  365.13232144842,  0.0            
      1727,  513.38536334866,  367.71231171482,  0.0            
      1728,  518.63387317766,  362.52517829513,  0.0            
      1729,  510.74199793729,  370.24275035102,  0.0            
      1730,  521.1750625948 ,  359.846521134  ,  0.0            
      1731,  508.07575169796,  372.72364258084,  0.0            
      1732,  523.76499955146,  357.10488324134,  0.0            
      1733,  505.38172475994,  375.16093256815,  0.0            
      1734,  526.35204078983,  354.51546959725,  0.0            
      1735,  502.68192263665,  377.57834798948,  0.0            
      1736,  528.89994500153,  352.37891246492,  0.0            
      1737,  537.18095109601,  342.74654240628,  0.0            
      1738,  531.03209914317,  349.78641356225,  0.0            
      1739,  532.52342138398,  346.85596721934,  0.0            
      1740,  513.33985088174,  365.09665386611,  0.0            
      1741,  515.95591056189,  362.48877956784,  0.0            
      1742,  510.70559092403,  367.66394413012,  0.0            
      1743,  518.53570028577,  359.83321657584,  0.0            
      1744,  508.05698960131,  370.17774800704,  0.0            
      1745,  521.10311369716,  357.10971686474,  0.0            
      1746,  505.38222052442,  372.64564460893,  0.0            
      1747,  523.65255704605,  354.36242911044,  0.0            
      1748,  502.68995552656,  375.07762209828,  0.0            
      1749,  534.10825856039,  343.41872712271,  0.0            
      1750,  528.77030527768,  350.25651082425,  0.0            
      1751,  526.15423239593,  351.714994292  ,  0.0            
      1752,  529.45506126842,  347.5153950796 ,  0.0            
      1753,  536.39979931164,  340.31990929202,  0.0            
      1754,  510.66632668614,  365.07712829788,  0.0            
      1755,  513.28673637253,  362.48565685305,  0.0            
      1756,  508.03023911037,  367.62371915378,  0.0            
      1757,  515.88187020296,  359.84531516134,  0.0            
      1758,  505.37201482624,  370.1183690194 ,  0.0            
      1759,  518.44917541777,  357.15509926529,  0.0            
      1760,  531.15570281386,  344.60869846398,  0.0            
      1761,  502.69156842488,  372.5720259418 ,  0.0            
      1762,  520.98351306585,  354.40027628435,  0.0            
      1763,  523.49622498841,  351.59904675625,  0.0            
      1764,  526.37426586313,  348.66875005179,  0.0            
      1765,  533.88973475992,  340.61565511356,  0.0            
      1766,  531.53717404268,  342.0079222507 ,  0.0            
      1767,  528.19309691725,  345.2696357875 ,  0.0            
      1768,  535.51687462981,  337.87267815376,  0.0            
      1769,  510.62426063544,  362.49844857769,  0.0            
      1770,  507.99977903498,  365.06472429298,  0.0            
      1771,  513.22802420905,  359.88110589881,  0.0            
      1772,  505.35494983711,  367.58613480801,  0.0            
      1773,  515.79850974839,  357.22072172732,  0.0            
      1774,  502.68741189423,  370.06028471926,  0.0            
      1775,  518.31609572577,  354.50128364058,  0.0            
      1776,  520.77895465606,  351.72667490081,  0.0            
      1777,  529.44473892204,  342.47160548941,  0.0            
      1778,  523.29057415987,  348.89722387095,  0.0            
      1779,  531.17844682424,  340.17186513446,  0.0            
      1780,  525.41910472884,  345.92389348228,  0.0            
      1781,  533.18852191221,  338.19720532655,  0.0            
      1782,  507.96742182672,  362.51822998353,  0.0            
      1783,  510.57821927803,  359.93170387716,  0.0            
      1784,  505.33411126319,  365.05246938671,  0.0            
      1785,  513.15327134497,  357.30149350839,  0.0            
      1786,  502.67915019158,  367.54628899057,  0.0            
      1787,  515.66074556256,  354.61880051056,  0.0            
      1788,  534.46570972456,  335.48540998659,  0.0            
      1789,  518.07809880309,  351.88764356213,  0.0            
      1790,  526.97377672251,  342.88219116508,  0.0            
      1791,  520.43362536838,  349.09770700682,  0.0            
      1792,  528.54971937176,  340.10153830163,  0.0            
      1793,  522.62194162626,  346.27425440221,  0.0            
      1794,  530.65546017395,  338.13181429962,  0.0            
      1795,  507.93228342878,  359.99099157059,  0.0            
      1796,  505.31096078557,  362.53422510324,  0.0            
      1797,  532.24421239659,  335.86653889443,  0.0            
      1798,  510.5163533898 ,  357.39739594327,  0.0            
      1799,  502.66813358318,  365.03271711184,  0.0            
      1800,  513.02019593005,  354.74690612008,  0.0            
      1801,  524.40922651361,  343.3160269266 ,  0.0            
      1802,  515.40720235207,  352.05814902667,  0.0            
      1803,  533.29944966359,  333.19530826997,  0.0            
      1804,  517.68680392124,  349.31318211418,  0.0            
      1805,  526.08964735615,  340.36144276387,  0.0            
      1806,  530.33897002152,  336.2855353454 ,  0.0            
      1807,  528.04983674461,  337.63089567653,  0.0            
      1808,  519.85045140396,  346.52328071888,  0.0            
      1809,  505.28503797612,  360.04212116297,  0.0            
      1810,  507.88519315064,  357.50738313811,  0.0            
      1811,  502.65460096   ,  362.53103658457,  0.0            
      1812,  521.79044071199,  343.66064862718,  0.0            
      1813,  510.39812224203,  354.8928060507 ,  0.0            
      1814,  512.76183110259,  352.23729848654,  0.0            
      1815,  530.73889005251,  333.72558160406,  0.0            
      1816,  514.99536792864,  349.53547176154,  0.0            
      1817,  523.60329215563,  340.71131512706,  0.0            
      1818,  532.31107092766,  330.90493298062,  0.0            
      1819,  517.13542976651,  346.77980671   ,  0.0            
      1820,  525.57575575579,  337.74684308106,  0.0            
      1821,  528.07587369716,  334.81271946735,  0.0            
      1822,  519.15086525474,  343.95222172445,  0.0            
      1823,  502.63793289219,  360.05158887602,  0.0            
      1824,  505.25100971783,  357.60659865033,  0.0            
      1825,  507.79397400704,  355.06582007609,  0.0            
      1826,  510.14528822348,  352.43859251648,  0.0            
      1827,  512.32880815204,  349.77065065372,  0.0            
      1828,  521.06253710646,  341.04866299862,  0.0            
      1829,  529.79870573846,  331.46557169952,  0.0            
      1830,  514.45330529463,  347.0537441073 ,  0.0            
      1831,  523.04359430124,  338.08108289315,  0.0            
      1832,  531.47246605465,  328.55940554635,  0.0            
      1833,  516.5118356673 ,  344.2513365541 ,  0.0            
      1834,  525.27634340224,  335.12544639686,  0.0            
      1835,  502.6147287248 ,  357.62242196369,  0.0            
      1836,  505.1890624634 ,  355.24116969241,  0.0            
      1837,  507.57197082924,  352.67956520546,  0.0            
      1838,  527.31658545223,  332.11563736164,  0.0            
      1839,  509.6758678549 ,  350.03688200018,  0.0            
      1840,  518.49734405847,  341.36911042226,  0.0            
      1841,  511.77103474587,  347.35521485605,  0.0            
      1842,  520.4924449203 ,  338.41707704524,  0.0            
      1843,  529.07254405151,  329.01711694146,  0.0            
      1844,  513.87414078645,  344.57969841115,  0.0            
      1845,  522.61960615678,  335.45019868339,  0.0            
      1846,  530.68569352611,  326.14942282786,  0.0            
      1847,  515.92188470588,  341.70775509706,  0.0            
      1848,  502.57631747673,  355.27733057288,  0.0            
      1849,  505.05278107188,  352.97026650414,  0.0            
      1850,  524.7525880047 ,  332.5053703199 ,  0.0            
      1851,  507.053105096  ,  350.35910800647,  0.0            
      1852,  509.05563731178,  347.70752556345,  0.0            
      1853,  517.94594917833,  338.75712397119,  0.0            
      1854,  526.65317899537,  329.48271163817,  0.0            
      1855,  511.21670805968,  344.95143352167,  0.0            
      1856,  520.02493216415,  335.78066031155,  0.0            
      1857,  513.34084705329,  342.08818933107,  0.0            
      1858,  528.38994582667,  326.49828572575,  0.0            
      1859,  522.15336048598,  332.81552380873,  0.0            
      1860,  502.49195384342,  353.09966499912,  0.0            
      1861,  504.53441389381,  350.75363207467,  0.0            
      1862,  506.26837529679,  348.15177579363,  0.0            
      1863,  515.40630045884,  339.12768601731,  0.0            
      1864,  529.93293104534,  323.70296045677,  0.0            
      1865,  524.18202378348,  329.85003510518,  0.0            
      1866,  508.51071721496,  345.38919592198,  0.0            
      1867,  517.47060509462,  336.12610408786,  0.0            
      1868,  510.7411233784 ,  342.52726665671,  0.0            
      1869,  526.05116105232,  326.84984717942,  0.0            
      1870,  502.40834977357,  351.248078668  ,  0.0            
      1871,  519.56956887377,  333.13337959964,  0.0            
      1872,  512.87577741069,  339.55360291027,  0.0            
      1873,  503.31625231831,  348.78406542194,  0.0            
      1874,  527.73796132131,  323.94334691358,  0.0            
      1875,  505.73142426511,  345.92917764356,  0.0            
      1876,  521.6587287563 ,  330.1619320453 ,  0.0            
      1877,  514.94689248343,  336.51168514514,  0.0            
      1878,  508.10360359034,  343.03706445409,  0.0            
      1879,  529.1997891641 ,  321.22531619163,  0.0            
      1880,  523.65218281865,  327.17584918392,  0.0            
      1881,  510.34192133519,  340.05661639289,  0.0            
      1882,  517.01496413284,  333.47683851262,  0.0            
      1883,  525.48725384146,  324.20663050448,  0.0            
      1884,  502.86548210377,  346.64268176845,  0.0            
      1885,  512.45631551761,  336.96784880008,  0.0            
      1886,  519.10831284239,  330.47695604408,  0.0            
      1887,  505.42195849987,  343.62473325493,  0.0            
      1888,  527.10895480498,  321.35585440479,  0.0            
      1889,  521.18533190477,  327.48710480244,  0.0            
      1890,  507.78537416782,  340.63422473454,  0.0            
      1891,  514.4954192967 ,  333.86320353887,  0.0            
      1892,  528.49513248709,  318.74830747213,  0.0            
      1893,  509.98774247567,  337.53628281313,  0.0            
      1894,  523.16379012756,  324.49430254751,  0.0            
      1895,  516.55413127626,  330.82058992087,  0.0            
      1896,  502.70986059906,  344.29604745436,  0.0            
      1897,  524.95544111941,  321.54463501533,  0.0            
      1898,  505.19992794066,  341.25025065783,  0.0            
      1899,  518.66753139949,  327.81073122118,  0.0            
      1900,  512.03278536987,  334.32534583451,  0.0            
      1901,  507.51080552787,  338.20414019824,  0.0            
      1902,  526.50625203318,  318.74408386726,  0.0            
      1903,  520.75566349755,  324.80484779258,  0.0            
      1904,  514.01201385203,  331.20441679624,  0.0            
      1905,  527.83591515291,  316.29045527719,  0.0            
      1906,  522.71603941684,  321.80897717497,  0.0            
      1907,  502.59751535225,  341.8845698233 ,  0.0            
      1908,  509.63331304766,  334.9583126164 ,  0.0            
      1909,  516.11388222919,  328.16412578604,  0.0            
      1910,  505.00823384514,  338.85003689957,  0.0            
      1911,  524.45663896427,  318.8659645176 ,  0.0            
      1912,  518.27843848055,  325.14175053023,  0.0            
      1913,  511.51270998931,  331.63912350692,  0.0            
      1914,  507.24656811926,  335.78579997859,  0.0            
      1915,  525.93981575386,  316.09388376433,  0.0            
      1916,  520.37510842756,  322.1290296595 ,  0.0            
      1917,  502.49952344848,  339.44842663827,  0.0            
      1918,  513.53061944527,  328.55481249527,  0.0            
      1919,  527.27562579011,  313.93941013523,  0.0            
      1920,  522.30637737084,  319.12625253018,  0.0            
      1921,  515.74759365637,  325.5077992471 ,  0.0            
      1922,  509.18426656866,  332.28611741886,  0.0            
      1923,  504.820102934  ,  336.45457993385,  0.0            
      1924,  523.99817074294,  316.16962475037,  0.0            
      1925,  517.94803627005,  322.48523894785,  0.0            
      1926,  510.90270504513,  328.99491869152,  0.0            
      1927,  506.96065895505,  333.4781921492 ,  0.0            
      1928,  520.03618005394,  319.47165691114,  0.0            
      1929,  525.45676372065,  313.34145239236,  0.0            
      1930,  502.40124074464,  336.99801831576,  0.0            
      1931,  526.99578487087,  311.92935853677,  0.0            
      1932,  513.17789515762,  325.90341367427,  0.0            
      1933,  521.93370957614,  316.46698462045,  0.0            
      1934,  515.45637856915,  322.86197926295,  0.0            
      1935,  504.6163970912 ,  334.09329516005,  0.0            
      1936,  506.56369365888,  331.53789637814,  0.0            
      1937,  508.15697448401,  329.48251932631,  0.0            
      1938,  517.66066592806,  319.85695024543,  0.0            
      1939,  523.61995979616,  313.44731794961,  0.0            
      1940,  510.58055506694,  326.32258939975,  0.0            
      1941,  502.31650623734,  334.52611766342,  0.0            
      1942,  519.72749238886,  316.8668298185 ,  0.0            
      1943,  504.61031361288,  331.65023283077,  0.0            
      1944,  512.92599262094,  323.25117839452,  0.0            
      1945,  525.42712044761,  310.31644687004,  0.0            
      1946,  515.20923252941,  320.24285361608,  0.0            
      1947,  521.59052339266,  313.84486928052,  0.0            
      1948,  517.39761147729,  317.29998365756,  0.0            
      1949,  507.96969802371,  326.66940260289,  0.0            
      1950,  502.34967018172,  332.01735401929,  0.0            
      1951,  505.22697790995,  329.18447321981,  0.0            
      1952,  523.32702387237,  310.80226345895,  0.0            
      1953,  510.3796049953 ,  323.64202622282,  0.0            
      1954,  519.42711297623,  314.32619339206,  0.0            
      1955,  512.71588287688,  320.61556946552,  0.0            
      1956,  524.83765330781,  307.63668823763,  0.0            
      1957,  514.97968640652,  317.6912738064 ,  0.0            
      1958,  521.21741113889,  311.31759942222,  0.0            
      1959,  505.3233694916 ,  326.77608763381,  0.0            
      1960,  502.56201934858,  329.51342420427,  0.0            
      1961,  507.81860554957,  323.98684509013,  0.0            
      1962,  517.14106595039,  314.83639606296,  0.0            
      1963,  510.20719373587,  320.99150344506,  0.0            
      1964,  522.79626779161,  308.30322221484,  0.0            
      1965,  512.51830148736,  318.01689938254,  0.0            
      1966,  519.07051228186,  311.88610552965,  0.0            
      1967,  502.64042114512,  327.05967211898,  0.0            
      1968,  524.17477125529,  305.1596293949 ,  0.0            
      1969,  514.7568439993 ,  315.23448709846,  0.0            
      1970,  505.22976898194,  324.26054223617,  0.0            
      1971,  520.66641543516,  308.9249420043 ,  0.0            
      1972,  507.68300714708,  321.36140136736,  0.0            
      1973,  516.87835756227,  312.50205721588,  0.0            
      1974,  510.04892954523,  318.36878951835,  0.0            
      1975,  522.14702969743,  305.94350478007,  0.0            
      1976,  518.5012267609 ,  309.57500974828,  0.0            
      1977,  512.33146735934,  315.43405566095,  0.0            
      1978,  502.61600085803,  324.59440765884,  0.0            
      1979,  505.13858542413,  321.71723061852,  0.0            
      1980,  523.54676608883,  302.76253442709,  0.0            
      1981,  519.98901918697,  306.68398540119,  0.0            
      1982,  514.56595253107,  312.95528645555,  0.0            
      1983,  507.56406601814,  318.76106599445,  0.0            
      1984,  516.37208814151,  310.2615900095 ,  0.0            
      1985,  509.91471857782,  315.74618190892,  0.0            
      1986,  521.54151273862,  303.66245269348,  0.0            
      1987,  517.70994924141,  307.44727316376,  0.0            
      1988,  514.53682256579,  311.00916685062,  0.0            
      1989,  502.57365102895,  322.09711234232,  0.0            
      1990,  512.21935732042,  312.80066553007,  0.0            
      1991,  505.05896162228,  319.16694474754,  0.0            
      1992,  519.3895264094 ,  304.50109444025,  0.0            
      1993,  515.26630021502,  308.34677183519,  0.0            
      1994,  522.97720920527,  300.37694501499,  0.0            
      1995,  507.47127930123,  316.16642914384,  0.0            
      1996,  509.88248571849,  313.09850508432,  0.0            
      1997,  517.10930447854,  305.32434489259,  0.0            
      1998,  521.0372371671 ,  301.43997501236,  0.0            
      1999,  512.63016465008,  309.86261315847,  0.0            
      2000,  502.53519933783,  319.58304873531,  0.0            
      2001,  504.99687770782,  316.61281699425,  0.0            
      2002,  518.93365406763,  302.33683333333,  0.0            
      2003,  514.71689589289,  306.25678981921,  0.0            
      2004,  522.39916460343,  297.90526328412,  0.0            
      2005,  507.43493696875,  313.58021478923,  0.0            
      2006,  509.97928931571,  310.47680141376,  0.0            
      2007,  520.59876905602,  299.31300560901,  0.0            
      2008,  516.72337151768,  303.13373741593,  0.0            
      2009,  512.32055238922,  307.2589654274 ,  0.0            
      2010,  502.50425842733,  317.06029026238,  0.0            
      2011,  518.56092076602,  300.17529897541,  0.0            
      2012,  504.96295242327,  314.0623573134 ,  0.0            
      2013,  514.43759789971,  303.9579997594 ,  0.0            
      2014,  507.44228011376,  311.0123263143 ,  0.0            
      2015,  520.10591465621,  297.53905312252,  0.0            
      2016,  509.86946905279,  307.94503259821,  0.0            
      2017,  516.4593548154 ,  300.86669161141,  0.0            
      2018,  512.10778546952,  304.77172608107,  0.0            
      2019,  518.37536137592,  297.90767605695,  0.0            
      2020,  502.48462514628,  314.53646360744,  0.0            
      2021,  521.30565743532,  295.39498564381,  0.0            
      2022,  504.9490139223 ,  311.52176255069,  0.0            
      2023,  514.25516925472,  301.60798917711,  0.0            
      2024,  507.39297186127,  308.49105308701,  0.0            
      2025,  516.33235530354,  298.53199560994,  0.0            
      2026,  509.72991430885,  305.43976502881,  0.0            
      2027,  518.68703048166,  295.53441563983,  0.0            
      2028,  511.97503913591,  302.33814841088,  0.0            
      2029,  502.47350878898,  312.01577590195,  0.0            
      2030,  504.92220758421,  309.00295209892,  0.0            
      2031,  514.14366087245,  299.23581906864,  0.0            
      2032,  520.85142899996,  292.81894858983,  0.0            
      2033,  507.31661576365,  305.99208896596,  0.0            
      2034,  516.3277321378 ,  296.17292814218,  0.0            
      2035,  509.63129520103,  302.98291576621,  0.0            
      2036,  511.87349389107,  299.94044732358,  0.0            
      2037,  502.46069048523,  309.50392538228,  0.0            
      2038,  518.49145779801,  293.28881100128,  0.0            
      2039,  504.8824862826 ,  306.49821887958,  0.0            
      2040,  514.03845376988,  296.88317095969,  0.0            
      2041,  507.24509677145,  303.52635641263,  0.0            
      2042,  520.35616483599,  290.36161842004,  0.0            
      2043,  516.11492357962,  293.89177180221,  0.0            
      2044,  509.54155869971,  300.58192200118,  0.0            
      2045,  502.44319635741,  306.99817694785,  0.0            
      2046,  511.74714800456,  297.59747181219,  0.0            
      2047,  518.04993167553,  290.99210051342,  0.0            
      2048,  504.8366280049 ,  304.00947972324,  0.0            
      2049,  513.79587269974,  294.58729306915,  0.0            
      2050,  507.16504790646,  301.10614021116,  0.0            
      2051,  519.86092644975,  287.96361112569,  0.0            
      2052,  509.42692817924,  298.26451829153,  0.0            
      2053,  515.70979493033,  291.64731493623,  0.0            
      2054,  502.42112499812,  304.4961857983 ,  0.0            
      2055,  511.51495058603,  295.30383538707,  0.0            
      2056,  517.58304396785,  288.6850841458 ,  0.0            
      2057,  504.77705931544,  301.5302635041 ,  0.0            
      2058,  513.37992029942,  292.35197165058,  0.0            
      2059,  507.06337041818,  298.76413968298,  0.0            
      2060,  519.39224412956,  285.58069860361,  0.0            
      2061,  509.27756198017,  296.0223289259 ,  0.0            
      2062,  515.25036306058,  289.40316598326,  0.0            
      2063,  502.39178742834,  301.98773546824,  0.0            
      2064,  511.07843038233,  293.08764974582,  0.0            
      2065,  504.70500674779,  299.04181906064,  0.0            
      2066,  517.15322957846,  286.36327949783,  0.0            
      2067,  512.88138452178,  290.153722725  ,  0.0            
      2068,  506.9712270468 ,  296.54980445059,  0.0            
      2069,  518.96996286406,  283.19379585169,  0.0            
      2070,  508.89403568708,  293.83717872419,  0.0            
      2071,  514.84577802801,  287.13534716243,  0.0            
      2072,  502.36313109324,  299.45210530431,  0.0            
      2073,  510.45357293347,  290.96605037531,  0.0            
      2074,  504.69370658079,  296.45460239682,  0.0            
      2075,  507.03530759555,  294.63148977274,  0.0            
      2076,  516.78487727379,  284.00757686796,  0.0            
      2077,  512.47815775769,  287.93600290816,  0.0            
      2078,  507.93366750822,  291.92180202119,  0.0            
      2079,  518.57611973557,  280.77613602083,  0.0            
      2080,  514.53063693802,  284.8207211856 ,  0.0            
      2081,  502.40861559668,  296.85511511553,  0.0            
      2082,  510.03162460896,  288.80159662744,  0.0            
      2083,  516.46509067636,  281.59691496855,  0.0            
      2084,  505.22712885241,  293.50919763497,  0.0            
      2085,  512.20889754288,  285.65961006613,  0.0            
      2086,  507.52730258599,  289.80065522226,  0.0            
      2087,  518.19286690395,  278.31263338105,  0.0            
      2088,  514.28482413781,  282.44525917372,  0.0            
      2089,  502.56843870793,  294.26325480297,  0.0            
      2090,  509.80978072711,  286.53927198393,  0.0            
      2091,  516.15763553713,  279.11860921537,  0.0            
      2092,  505.03640370524,  290.90467313118,  0.0            
      2093,  512.02878403932,  283.32833265794,  0.0            
      2094,  507.37419493973,  287.46539831378,  0.0            
      2095,  517.78017641053,  275.80091745155,  0.0            
      2096,  514.06228409088,  280.00590877485,  0.0            
      2097,  502.531838817  ,  291.74627401271,  0.0            
      2098,  509.6837450654 ,  284.21618221483,  0.0            
      2099,  515.79835856646,  276.56397227931,  0.0            
      2100,  504.92251882473,  288.40346511576,  0.0            
      2101,  511.88225142267,  280.96485851153,  0.0            
      2102,  507.2915781185 ,  285.08883223711,  0.0            
      2103,  513.7930097309 ,  277.49326197541,  0.0            
      2104,  509.58996456004,  281.87469226476,  0.0            
      2105,  502.46904600036,  289.23679758816,  0.0            
      2106,  517.30647691601,  273.27195251638,  0.0            
      2107,  504.86912217894,  285.94012216362,  0.0            
      2108,  511.71063633956,  278.61111342859,  0.0            
      2109,  507.23671625245,  282.7072973368 ,  0.0            
      2110,  515.28072146957,  273.96101781809,  0.0            
      2111,  509.48020704982,  279.5516846398 ,  0.0            
      2112,  502.43910817305,  286.73982559511,  0.0            
      2113,  513.35510310894,  274.87648205484,  0.0            
      2114,  504.83848589579,  283.49991622071,  0.0            
      2115,  516.7842580606 ,  270.74931085309,  0.0            
      2116,  511.45908955628,  276.35985181867,  0.0            
      2117,  507.17508779367,  280.3373646969 ,  0.0            
      2118,  509.31701529313,  277.26515159686,  0.0            
      2119,  502.42410051672,  284.26029976517,  0.0            
      2120,  514.5968509272 ,  271.40241191236,  0.0            
      2121,  504.80995154708,  281.07769120587,  0.0            
      2122,  511.05332377289,  274.47056465196,  0.0            
      2123,  507.10894611842,  277.9648409441 ,  0.0            
      2124,  516.31152068367,  268.21895493829,  0.0            
      2125,  509.27648532254,  274.8697730849 ,  0.0            
      2126,  512.2816296987 ,  272.16673118996,  0.0            
      2127,  502.41272695824,  281.7951583298 ,  0.0            
      2128,  504.78810697411,  278.6652440865 ,  0.0            
      2129,  514.06421595489,  268.78975731171,  0.0            
      2130,  507.13129491899,  275.56238198914,  0.0            
      2131,  509.70317139094,  272.31364854562,  0.0            
      2132,  515.87469214155,  265.68094953639,  0.0            
      2133,  502.40587187985,  279.33987927658,  0.0            
      2134,  511.77350891524,  269.31529080341,  0.0            
      2135,  504.80672229847,  276.25786203908,  0.0            
      2136,  507.27790422537,  273.16483095571,  0.0            
      2137,  513.56295193853,  266.17691480228,  0.0            
      2138,  515.48466470532,  263.14068608317,  0.0            
      2139,  502.41258877672,  276.89165383777,  0.0            
      2140,  509.5003060649 ,  269.80082800974,  0.0            
      2141,  504.85208556295,  273.88423489761,  0.0            
      2142,  511.12303876243,  266.64864121019,  0.0            
      2143,  507.21524617647,  270.93942524501,  0.0            
      2144,  513.15860866684,  263.58566485582,  0.0            
      2145,  504.80387559039,  271.57824915575,  0.0            
      2146,  502.42206189096,  274.45631550655,  0.0            
      2147,  515.13482841901,  260.60151348029,  0.0            
      2148,  506.87343427862,  269.08034021892,  0.0            
      2149,  508.44276460973,  267.07942761731,  0.0            
      2150,  504.8569676175 ,  269.20768053099,  0.0            
      2151,  510.72982059567,  264.01207162271,  0.0            
      2152,  502.41553796606,  272.0193893005 ,  0.0            
      2153,  512.8346188611 ,  261.00775263723,  0.0            
      2154,  514.81501738646,  258.06626657436,  0.0            
      2155,  505.46420819442,  266.7971054864 ,  0.0            
      2156,  508.19483713917,  264.33167943734,  0.0            
      2157,  502.48363070043,  269.55622723224,  0.0            
      2158,  510.44940092186,  261.38669048232,  0.0            
      2159,  512.55095049868,  258.44709877318,  0.0            
      2160,  514.51309384332,  255.54046926678,  0.0            
      2161,  502.69631792306,  267.09022603049,  0.0            
      2162,  505.52188345545,  264.42269811509,  0.0            
      2163,  507.97167997605,  261.69792422555,  0.0            
      2164,  510.20296495206,  258.79896661681,  0.0            
      2165,  512.29259993514,  255.91342967153,  0.0            
      2166,  514.2273499046 ,  253.03071668349,  0.0            
      2167,  502.75710127556,  264.65729652515,  0.0            
      2168,  505.37798133457,  261.93202846893,  0.0            
      2169,  507.76950380045,  259.11487123934,  0.0            
      2170,  509.98431048436,  256.24742261456,  0.0            
      2171,  512.05119812812,  253.41135594976,  0.0            
      2172,  513.95090575041,  250.54459485245,  0.0            
      2173,  502.70748415656,  262.19921328529,  0.0            
      2174,  505.23829893882,  259.40551625495,  0.0            
      2175,  507.59479746214,  256.55661515232,  0.0            
      2176,  509.78298568963,  253.72685911249,  0.0            
      2177,  511.82315709599,  250.94859170239,  0.0            
      2178,  513.69149761886,  248.08131131833,  0.0            
      2179,  502.64013822306,  259.70335440722,  0.0            
      2180,  505.11746897608,  256.86564364817,  0.0            
      2181,  507.43709048692,  254.008586259  ,  0.0            
      2182,  509.59464669783,  251.24191416416,  0.0            
      2183,  511.61944409377,  248.53566840145,  0.0            
      2184,  513.43421567686,  245.61866869124,  0.0            
      2185,  502.58041746533,  257.18570067644,  0.0            
      2186,  505.01113531405,  254.31311324557,  0.0            
      2187,  507.2922679248 ,  251.46015740611,  0.0            
      2188,  509.43449381856,  248.80767106893,  0.0            
      2189,  511.45970519511,  246.1652794137 ,  0.0            
      2190,  502.52867623373,  254.65261540001,  0.0            
      2191,  513.08688911806,  243.18139242059,  0.0            
      2192,  504.91888459703,  251.74134618916,  0.0            
      2193,  507.18012959614,  248.87785168508,  0.0            
      2194,  509.34334027498,  246.48513134815,  0.0            
      2195,  511.1348181538 ,  243.79603505   ,  0.0            
      2196,  502.48627941808,  252.10407641097,  0.0            
      2197,  512.59601432644,  240.81969977574,  0.0            
      2198,  504.86435652295,  249.12301565023,  0.0            
      2199,  509.43297869358,  244.47577079734,  0.0            
      2200,  507.1800466869 ,  246.1783874865 ,  0.0            
      2201,  510.27309643736,  241.65785653838,  0.0            
      2202,  502.46803512383,  249.53066445932,  0.0            
      2203,  512.2453326769 ,  238.43133296749,  0.0            
      2204,  504.92928297145,  246.43202734314,  0.0            
      2205,  507.71329171858,  243.12581480589,  0.0            
      2206,  509.90268548785,  239.33006002175,  0.0            
      2207,  502.50114224305,  246.93913093473,  0.0            
      2208,  511.99005132863,  235.95986691249,  0.0            
      2209,  505.12253970263,  243.72938566364,  0.0            
      2210,  507.53454310251,  240.33460054264,  0.0            
      2211,  509.70098228264,  236.78319195349,  0.0            
      2212,  502.56741539382,  244.3478319444 ,  0.0            
      2213,  505.09369256341,  241.08304756434,  0.0            
      2214,  511.74487942504,  233.43584312329,  0.0            
      2215,  507.37289835401,  237.64187331194,  0.0            
      2216,  502.5676762349 ,  241.78280714692,  0.0            
      2217,  509.48423056257,  234.19086029044,  0.0            
      2218,  504.98712382549,  238.44054906046,  0.0            
      2219,  511.48337681707,  230.89010779262,  0.0            
      2220,  507.19299115119,  234.98299799421,  0.0            
      2221,  502.52143382723,  239.2235469387 ,  0.0            
      2222,  509.23131232651,  231.58212943242,  0.0            
      2223,  504.85728365401,  235.80810404739,  0.0            
      2224,  511.20477773448,  228.34826613464,  0.0            
      2225,  506.96970500377,  232.32796841081,  0.0            
      2226,  502.45478483036,  236.66590416676,  0.0            
      2227,  508.93187571196,  228.98225064299,  0.0            
      2228,  504.69364278217,  233.17658605416,  0.0            
      2229,  510.90678848471,  225.82591427916,  0.0            
      2230,  502.36995446396,  234.11912291389,  0.0            
      2231,  506.68121122549,  229.66868676882,  0.0            
      2232,  508.56685204869,  226.42051784885,  0.0            
      2233,  504.47437627623,  230.52667709466,  0.0            
      2234,  510.61540088424,  223.33109739412,  0.0            
      2235,  502.25889021361,  231.60753881797,  0.0            
      2236,  506.23997400876,  227.02678724689,  0.0            
      2237,  508.17912386338,  223.92316748866,  0.0            
      2238,  510.37360391978,  220.84109099727,  0.0            
      2239,  504.09060804147,  227.81914925978,  0.0            
      2240,  502.0780241072 ,  229.2206864814 ,  0.0            
      2241,  505.6502465725 ,  224.51222102945,  0.0            
      2242,  507.91308597276,  221.46189503102,  0.0            
      2243,  510.17517555051,  218.31969351087,  0.0            
      2244,  501.66244114451,  227.2559042416 ,  0.0            
      2245,  505.3497176685 ,  222.01232903121,  0.0            
      2246,  507.74561876568,  219.04029711937,  0.0            
      2247,  502.97222535089,  225.08774164387,  0.0            
      2248,  509.93248161648,  215.6990493155 ,  0.0            
      2249,  505.20788369735,  219.55169550849,  0.0            
      2250,  502.71372137407,  222.40740070071,  0.0            
      2251,  507.57826007364,  216.74080259446,  0.0            
      2252,  505.07326237561,  217.16398777111,  0.0            
      2253,  502.62135967131,  219.84961957055,  0.0            
      2254,  507.24598892532,  214.80601116108,  0.0            
      2255,  509.02467027108,  212.9328972942 ,  0.0            
      2256,  505.12118521957,  214.75343291067,  0.0            
      2257,  502.56499194243,  217.34341513702,  0.0            
      2258,  508.93951837478,  210.27474447587,  0.0            
      2259,  505.81407768669,  212.40096725764,  0.0            
      2260,  502.62186277584,  214.8523427978 ,  0.0            
      2261,  508.80327718754,  207.72530233896,  0.0            
      2262,  505.96090711297,  210.06723661024,  0.0            
      2263,  502.85966406614,  212.39859101432,  0.0            
      2264,  508.64966180644,  205.21389856212,  0.0            
      2265,  505.8786987614 ,  207.61885361189,  0.0            
      2266,  502.95685312164,  209.98161862818,  0.0            
      2267,  508.5003972676 ,  202.71211597395,  0.0            
      2268,  505.77577146519,  205.1423029368 ,  0.0            
      2269,  502.93719009805,  207.54216329955,  0.0            
      2270,  508.3555624535 ,  200.21245508493,  0.0            
      2271,  505.67320225992,  202.65281413868,  0.0            
      2272,  502.888612494  ,  205.07262797322,  0.0            
      2273,  508.21651711371,  197.71169391529,  0.0            
      2274,  505.57472748907,  200.15795281334,  0.0            
      2275,  502.83780538094,  202.58553008307,  0.0            
      2276,  508.0818459064 ,  195.2099407735 ,  0.0            
      2277,  505.48087162824,  197.65890422586,  0.0            
      2278,  502.78846426886,  200.09065293772,  0.0            
      2279,  507.95225917126,  192.70687132178,  0.0            
      2280,  505.39145865926,  195.15804908624,  0.0            
      2281,  502.74142312736,  197.59129065988,  0.0            
      2282,  507.82581411075,  190.20287237956,  0.0            
      2283,  505.30604068572,  192.65563855687,  0.0            
      2284,  502.69692694297,  195.09026440508,  0.0            
      2285,  507.70312666676,  187.69814232335,  0.0            
      2286,  505.22345059765,  190.15251660925,  0.0            
      2287,  502.65464081129,  192.58829213075,  0.0            
      2288,  507.58277923765,  185.193025618  ,  0.0            
      2289,  505.14314975049,  187.6488168128 ,  0.0            
      2290,  502.61393554928,  190.08614592238,  0.0            
      2291,  507.46575171632,  182.68773663777,  0.0            
      2292,  505.06461365931,  185.14486733531,  0.0            
      2293,  502.57435730007,  187.58388223182,  0.0            
      2294,  507.35088542925,  180.18245480095,  0.0            
      2295,  504.98792017516,  182.64078838018,  0.0            
      2296,  502.53566690821,  185.08162045007,  0.0            
      2297,  507.23917596241,  177.67740419691,  0.0            
      2298,  504.91284120261,  180.13672280378,  0.0            
      2299,  502.49782997704,  182.57934890234,  0.0            
      2300,  507.1295570156 ,  175.17285979765,  0.0            
      2301,  504.83952246264,  177.6329370116 ,  0.0            
      2302,  502.4607983766 ,  180.0771133282 ,  0.0            
      2303,  507.02313851506,  172.670141873  ,  0.0            
      2304,  504.76775779275,  175.12976369764,  0.0            
      2305,  502.4245707343 ,  177.57507951644,  0.0            
      2306,  504.69775441582,  172.62917174696,  0.0            
      2307,  506.91908535409,  170.17056080678,  0.0            
      2308,  502.38908220382,  175.07349740565,  0.0            
      2309,  504.62945999005,  170.13331986497,  0.0            
      2310,  502.35424859597,  172.57385964933,  0.0            
      2311,  506.81893997164,  167.67887336932,  0.0            
      2312,  502.31998552911,  170.07802141332,  0.0            
      2313,  504.56351034736,  167.65021645633,  0.0            
      2314,  506.72230456652,  165.19760444874,  0.0            
      2315,  502.28620614191,  167.59265768055,  0.0            
      2316,  504.50057367408,  165.18689118354,  0.0            
      2317,  506.63072909515,  162.73360559112,  0.0            
      2318,  502.25309001285,  165.12578265118,  0.0            
      2319,  504.44212937786,  162.76185931854,  0.0            
      2320,  506.54033708373,  160.28221236065,  0.0            
      2321,  502.22070010283,  162.69913324441,  0.0            
      2322,  504.38539351511,  160.38694586712,  0.0            
      2323,  506.41994987363,  157.83830536448,  0.0            
      2324,  502.18773125185,  160.3462724471 ,  0.0            
      2325,  504.31284609567,  158.07866642558,  0.0            
      2326,  506.15553226599,  155.42373295542,  0.0            
      2327,  502.1338018746 ,  158.14910215454,  0.0            
      2328,  503.96787580546,  155.79878055516,  0.0            
      2329,  505.73125489509,  153.10069822946,  0.0            
      2330,  502.10430875419,  156.27812911203,  0.0            
      2331,  503.0306573925 ,  153.7562191431 ,  0.0            
      2332,  505.49344403844,  150.77417080104,  0.0            
      2333,  502.74567475794,  151.55656153555,  0.0            
      2334,  505.38494296863,  148.38243178242,  0.0            
      2335,  502.69097822928,  149.1676659578 ,  0.0            
      2336,  505.30553624304,  145.936621254  ,  0.0            
      2337,  502.65310375621,  146.72153763711,  0.0            
      2338,  505.23154514432,  143.46214363008,  0.0            
      2339,  502.61805478662,  144.24894830976,  0.0            
      2340,  505.15886358994,  140.96987530076,  0.0            
      2341,  502.58295958797,  141.76016030209,  0.0            
      2342,  505.08757204522,  138.46832494622,  0.0            
      2343,  502.54795375076,  139.26361064986,  0.0            
      2344,  505.01745056618,  135.96211736057,  0.0            
      2345,  502.51318875816,  136.76248069565,  0.0            
      2346,  504.9491201515 ,  133.45405848053,  0.0            
      2347,  502.47904588903,  134.25967933331,  0.0            
      2348,  504.8818927137 ,  130.94563862364,  0.0            
      2349,  502.44547146115,  131.75614619362,  0.0            
      2350,  504.81635428962,  128.43707959194,  0.0            
      2351,  502.41261235891,  129.25252859546,  0.0            
      2352,  504.75183147476,  125.9290068969 ,  0.0            
      2353,  502.38035345696,  126.74897089122,  0.0            
      2354,  504.6889095295 ,  123.42101331883,  0.0            
      2355,  502.34878988272,  124.24553705039,  0.0            
      2356,  504.6269393144 ,  120.91359611278,  0.0            
      2357,  502.31780107057,  121.74224434821,  0.0            
      2358,  504.56649363963,  118.40626412051,  0.0            
      2359,  502.28747403142,  119.23908382316,  0.0            
      2360,  504.50694850095,  115.89950667307,  0.0            
      2361,  502.25769223847,  116.73606329267,  0.0            
      2362,  504.44884485403,  113.39283242054,  0.0            
      2363,  502.22853702819,  114.23317077796,  0.0            
      2364,  504.39159842155,  110.88671537904,  0.0            
      2365,  502.19989912262,  111.73040879338,  0.0            
      2366,  504.33571356559,  108.38067966052,  0.0            
      2367,  502.17185434729,  109.2277681586 ,  0.0            
      2368,  504.28064616238,  105.87518267785,  0.0            
      2369,  502.14430072685,  106.72524980858,  0.0            
      2370,  504.22686755643,  103.36976448467,  0.0            
      2371,  502.11730953643,  104.22284575105,  0.0            
      2372,  504.17386866326,  100.86487001859,  0.0            
      2373,  502.09078519329,  101.72055910284,  0.0            
      2374,  504.1220910128 ,  98.360050922252,  0.0            
      2375,  502.06479464381,  99.218379488747,  0.0            
      2376,  504.07105700685,  95.855740866269,  0.0            
      2377,  502.03924829954,  96.716312658081,  0.0            
      2378,  504.02118144158,  93.351501308554,  0.0            
      2379,  502.01420893323,  94.214344901549,  0.0            
      2380,  503.9720150661 ,  90.847753810794,  0.0            
      2381,  501.98959242333,  91.712483017122,  0.0            
      2382,  503.92394864604,  88.34407133273 ,  0.0            
      2383,  501.96545774141,  89.210712261642,  0.0            
      2384,  503.8765586941 ,  85.84086327475 ,  0.0            
      2385,  501.94172566349,  86.709039799888,  0.0            
      2386,  503.83021418554,  83.337715500968,  0.0            
      2387,  501.91845190312,  84.207451732248,  0.0            
      2388,  503.78451505695,  80.835026230531,  0.0            
      2389,  501.89556163462,  81.705955941898,  0.0            
      2390,  503.73981049931,  78.332393015582,  0.0            
      2391,  501.87310769812,  79.204538712008,  0.0            
      2392,  503.695721663  ,  75.830203451521,  0.0            
      2393,  501.85101930536,  76.703208491881,  0.0            
      2394,  503.65257989967,  73.328065233062,  0.0            
      2395,  501.82934661723,  74.20195089443 ,  0.0            
      2396,  503.61002555852,  70.826355123881,  0.0            
      2397,  501.80802257082,  71.700774024897,  0.0            
      2398,  503.56837390914,  68.324691131342,  0.0            
      2399,  501.78709485262,  69.199663651201,  0.0            
      2400,  503.52728276561,  65.823439128917,  0.0            
      2401,  501.76649976782,  66.698626876141,  0.0            
      2402,  503.48705278618,  63.32222809755 ,  0.0            
      2403,  501.74628282641,  64.19765080401 ,  0.0            
      2404,  503.44735776425,  60.821414125911,  0.0            
      2405,  501.72638333985,  61.696742121334,  0.0            
      2406,  503.4084850151 ,  58.320636496072,  0.0            
      2407,  501.7068449295 ,  59.195889068508,  0.0            
      2408,  503.37012292599,  55.820243294706,  0.0            
      2409,  501.6876096456 ,  56.695099153253,  0.0            
      2410,  503.33254666262,  53.319882264405,  0.0            
      2411,  501.66871938704,  54.194360437991,  0.0            
      2412,  503.2954578684 ,  50.819894370755,  0.0            
      2413,  501.65011877063,  51.693681541483,  0.0            
      2414,  503.25912071553,  48.319934570031,  0.0            
      2415,  501.63184805399,  49.193049667533,  0.0            
      2416,  503.22324889236,  45.82033631132 ,  0.0            
      2417,  501.61385424788,  46.692473613907,  0.0            
      2418,  503.18809660573,  43.320762036746,  0.0            
      2419,  501.59617607938,  44.191940493862,  0.0            
      2420,  503.15338857179,  40.821537313924,  0.0            
      2421,  501.57876272148,  41.691458504814,  0.0            
      2422,  503.1193698792 ,  38.322332741709,  0.0            
      2423,  501.56165155501,  39.191015710364,  0.0            
      2424,  503.08577541045,  35.823466815634,  0.0            
      2425,  501.54479368149,  36.690620181578,  0.0            
      2426,  503.05284185665,  33.324617828645,  0.0            
      2427,  501.52822531531,  34.190260789218,  0.0            
      2428,  503.02031013728,  30.826043494518,  0.0            
      2429,  501.51190187044,  31.689890256511,  0.0            
      2430,  502.98840856655,  28.327361951925,  0.0            
      2431,  501.49586015164,  29.189439221551,  0.0            
      2432,  502.95687251557,  25.828371632854,  0.0            
      2433,  501.48007493159,  26.68844256292 ,  0.0            
      2434,  502.92593965089,  23.328188542326,  0.0            
      2435,  501.46460868823,  24.186531011806,  0.0            
      2436,  502.89539716014,  20.824688475321,  0.0            
      2437,  501.4495527179 ,  21.682170213978,  0.0            
      2438,  502.86569903098,  18.313807388621,  0.0            
      2439,  501.43525492292,  19.175225823851,  0.0            
      2440,  502.83681609891,  15.783349514103,  0.0            
      2441,  501.42219629426,  16.667096206895,  0.0            
      2442,  502.80510774348,  13.203478923461,  0.0            
      2443,  501.40744850826,  14.178251949264,  0.0            
      2444,  502.71559871948,  10.509451813147,  0.0            
      2445,  501.35801531507,  11.795567768755,  0.0            
      2446,  501.12944573038,  9.8320431939841,  0.0            
      2447,  502.11210804865,  7.7332080923916,  0.0            
      2448,  502.04136739079,  5.0890829159039,  0.0            
      2449,  502.01989204056,  2.5321009722514,  0.0            
      2450,  502.0          ,  -5.68434189E-14,  0.0            
      2451,  500.0          ,  0.0            ,  0.0            
      2452,  500.0          ,  2.4999999999999,  0.0            
      2453,  500.0          ,  4.9999999999999,  0.0            
      2454,  500.0          ,  7.5            ,  0.0            
      2455,  500.0          ,  10.0           ,  0.0            
      2456,  500.0          ,  12.5           ,  0.0            
      2457,  500.0          ,  15.0           ,  0.0            
      2458,  500.0          ,  17.5           ,  0.0            
      2459,  500.0          ,  20.0           ,  0.0            
      2460,  500.0          ,  22.5           ,  0.0            
      2461,  500.0          ,  25.0           ,  0.0            
      2462,  500.0          ,  27.5           ,  0.0            
      2463,  500.0          ,  30.0           ,  0.0            
      2464,  500.0          ,  32.5           ,  0.0            
      2465,  500.0          ,  35.0           ,  0.0            
      2466,  500.0          ,  37.5           ,  0.0            
      2467,  500.0          ,  40.0           ,  0.0            
      2468,  500.0          ,  42.5           ,  0.0            
      2469,  500.0          ,  45.0           ,  0.0            
      2470,  500.0          ,  47.5           ,  0.0            
      2471,  500.0          ,  50.0           ,  0.0            
      2472,  500.0          ,  52.5           ,  0.0            
      2473,  500.0          ,  55.0           ,  0.0            
      2474,  500.0          ,  57.5           ,  0.0            
      2475,  500.0          ,  60.0           ,  0.0            
      2476,  500.0          ,  62.5           ,  0.0            
      2477,  500.0          ,  65.0           ,  0.0            
      2478,  500.0          ,  67.5           ,  0.0            
      2479,  500.0          ,  70.0           ,  0.0            
      2480,  500.0          ,  72.5           ,  0.0            
      2481,  500.0          ,  75.0           ,  0.0            
      2482,  500.0          ,  77.5           ,  0.0            
      2483,  500.0          ,  80.0           ,  0.0            
      2484,  500.0          ,  82.5           ,  0.0            
      2485,  500.0          ,  85.0           ,  0.0            
      2486,  500.0          ,  87.5           ,  0.0            
      2487,  500.0          ,  90.0           ,  0.0            
      2488,  500.0          ,  92.5           ,  0.0            
      2489,  500.0          ,  95.0           ,  0.0            
      2490,  500.0          ,  97.5           ,  0.0            
      2491,  500.0          ,  100.0          ,  0.0            
      2492,  500.0          ,  102.5          ,  0.0            
      2493,  500.0          ,  105.0          ,  0.0            
      2494,  500.0          ,  107.5          ,  0.0            
      2495,  500.0          ,  110.0          ,  0.0            
      2496,  500.0          ,  112.5          ,  0.0            
      2497,  500.0          ,  115.0          ,  0.0            
      2498,  500.0          ,  117.5          ,  0.0            
      2499,  500.0          ,  120.0          ,  0.0            
      2500,  500.0          ,  122.5          ,  0.0            
      2501,  500.0          ,  125.0          ,  0.0            
      2502,  500.0          ,  127.5          ,  0.0            
      2503,  500.0          ,  130.0          ,  0.0            
      2504,  500.0          ,  132.5          ,  0.0            
      2505,  500.0          ,  135.0          ,  0.0            
      2506,  500.0          ,  137.5          ,  0.0            
      2507,  500.0          ,  140.0          ,  0.0            
      2508,  500.0          ,  142.5          ,  0.0            
      2509,  500.0          ,  145.0          ,  0.0            
      2510,  500.0          ,  147.5          ,  0.0            
      2511,  500.0          ,  150.0          ,  0.0            
      2512,  500.0          ,  152.5          ,  0.0            
      2513,  500.0          ,  155.0          ,  0.0            
      2514,  500.0          ,  157.5          ,  0.0            
      2515,  500.0          ,  160.0          ,  0.0            
      2516,  500.0          ,  162.5          ,  0.0            
      2517,  500.0          ,  165.0          ,  0.0            
      2518,  500.0          ,  167.5          ,  0.0            
      2519,  500.0          ,  170.0          ,  0.0            
      2520,  500.0          ,  172.5          ,  0.0            
      2521,  500.0          ,  175.0          ,  0.0            
      2522,  500.0          ,  177.5          ,  0.0            
      2523,  500.0          ,  180.0          ,  0.0            
      2524,  500.0          ,  182.5          ,  0.0            
      2525,  500.0          ,  185.0          ,  0.0            
      2526,  500.0          ,  187.5          ,  0.0            
      2527,  500.0          ,  190.0          ,  0.0            
      2528,  500.0          ,  192.5          ,  0.0            
      2529,  500.0          ,  195.0          ,  0.0            
      2530,  500.0          ,  197.5          ,  0.0            
      2531,  500.0          ,  200.0          ,  0.0            
      2532,  500.0          ,  202.5          ,  0.0            
      2533,  500.0          ,  205.0          ,  0.0            
      2534,  500.0          ,  207.5          ,  0.0            
      2535,  500.0          ,  210.0          ,  0.0            
      2536,  500.0          ,  212.5          ,  0.0            
      2537,  500.0          ,  215.0          ,  0.0            
      2538,  500.0          ,  217.5          ,  0.0            
      2539,  500.0          ,  220.0          ,  0.0            
      2540,  500.0          ,  222.5          ,  0.0            
      2541,  500.0          ,  225.0          ,  0.0            
      2542,  500.0          ,  227.5          ,  0.0            
      2543,  500.0          ,  230.0          ,  0.0            
      2544,  500.0          ,  232.5          ,  0.0            
      2545,  500.0          ,  235.0          ,  0.0            
      2546,  500.0          ,  237.5          ,  0.0            
      2547,  500.0          ,  240.0          ,  0.0            
      2548,  500.0          ,  242.5          ,  0.0            
      2549,  500.0          ,  245.0          ,  0.0            
      2550,  500.0          ,  247.5          ,  0.0            
      2551,  500.0          ,  250.0          ,  0.0            
      2552,  500.0          ,  252.5          ,  0.0            
      2553,  500.0          ,  255.0          ,  0.0            
      2554,  500.0          ,  257.5          ,  0.0            
      2555,  500.0          ,  260.0          ,  0.0            
      2556,  500.0          ,  262.5          ,  0.0            
      2557,  500.0          ,  265.0          ,  0.0            
      2558,  500.0          ,  267.5          ,  0.0            
      2559,  500.0          ,  270.0          ,  0.0            
      2560,  500.0          ,  272.5          ,  0.0            
      2561,  500.0          ,  275.0          ,  0.0            
      2562,  500.0          ,  277.5          ,  0.0            
      2563,  500.0          ,  280.0          ,  0.0            
      2564,  500.0          ,  282.5          ,  0.0            
      2565,  500.0          ,  285.0          ,  0.0            
      2566,  500.0          ,  287.5          ,  0.0            
      2567,  500.0          ,  290.0          ,  0.0            
      2568,  500.0          ,  292.5          ,  0.0            
      2569,  500.0          ,  295.0          ,  0.0            
      2570,  500.0          ,  297.5          ,  0.0            
      2571,  500.0          ,  300.0          ,  0.0            
      2572,  500.0          ,  302.5          ,  0.0            
      2573,  500.0          ,  305.0          ,  0.0            
      2574,  500.0          ,  307.5          ,  0.0            
      2575,  500.0          ,  310.0          ,  0.0            
      2576,  500.0          ,  312.5          ,  0.0            
      2577,  500.0          ,  315.0          ,  0.0            
      2578,  500.0          ,  317.5          ,  0.0            
      2579,  500.0          ,  320.0          ,  0.0            
      2580,  500.0          ,  322.5          ,  0.0            
      2581,  500.0          ,  325.0          ,  0.0            
      2582,  500.0          ,  327.5          ,  0.0            
      2583,  500.0          ,  330.0          ,  0.0            
      2584,  500.0          ,  332.5          ,  0.0            
      2585,  500.0          ,  335.0          ,  0.0            
      2586,  500.0          ,  337.5          ,  0.0            
      2587,  500.0          ,  340.0          ,  0.0            
      2588,  500.0          ,  342.5          ,  0.0            
      2589,  500.0          ,  345.0          ,  0.0            
      2590,  500.0          ,  347.5          ,  0.0            
      2591,  500.0          ,  350.0          ,  0.0            
      2592,  500.0          ,  352.5          ,  0.0            
      2593,  500.0          ,  355.0          ,  0.0            
      2594,  500.0          ,  357.5          ,  0.0            
      2595,  500.0          ,  360.0          ,  0.0            
      2596,  500.0          ,  362.5          ,  0.0            
      2597,  500.0          ,  365.0          ,  0.0            
      2598,  500.0          ,  367.5          ,  0.0            
      2599,  500.0          ,  370.0          ,  0.0            
      2600,  500.0          ,  372.5          ,  0.0            
      2601,  500.0          ,  375.0          ,  0.0            
      2602,  500.0          ,  377.5          ,  0.0            
      2603,  500.0          ,  380.0          ,  0.0            
      2604,  500.0          ,  382.5          ,  0.0            
      2605,  500.0          ,  385.0          ,  0.0            
      2606,  500.0          ,  387.5          ,  0.0            
      2607,  500.0          ,  390.0          ,  0.0            
      2608,  500.0          ,  392.5          ,  0.0            
      2609,  500.0          ,  395.0          ,  0.0            
      2610,  500.0          ,  397.5          ,  0.0            
      2611,  500.0          ,  400.0          ,  0.0            
      2612,  502.5          ,  400.0          ,  0.0            
      2613,  505.0          ,  400.0          ,  0.0            
      2614,  507.5          ,  400.0          ,  0.0            
      2615,  510.0          ,  400.0          ,  0.0            
      2616,  512.5          ,  400.0          ,  0.0            
      2617,  515.0          ,  400.0          ,  0.0            
      2618,  517.5          ,  400.0          ,  0.0            
      2619,  520.0          ,  400.0          ,  0.0            
      2620,  522.5          ,  400.0          ,  0.0            
      2621,  525.0          ,  400.0          ,  0.0            
      2622,  527.5          ,  400.0          ,  0.0            
      2623,  530.0          ,  400.0          ,  0.0            
      2624,  532.5          ,  400.0          ,  0.0            
      2625,  535.0          ,  400.0          ,  0.0            
      2626,  537.5          ,  400.0          ,  0.0            
      2627,  540.0          ,  400.0          ,  0.0            
      2628,  542.5          ,  400.0          ,  0.0            
      2629,  545.0          ,  400.0          ,  0.0            
      2630,  547.5          ,  400.0          ,  0.0            
      2631,  550.0          ,  400.0          ,  0.0            
      2632,  552.5          ,  400.0          ,  0.0            
      2633,  555.0          ,  400.0          ,  0.0            
      2634,  557.5          ,  400.0          ,  0.0            
      2635,  560.0          ,  400.0          ,  0.0            
      2636,  562.5          ,  400.0          ,  0.0            
      2637,  565.0          ,  400.0          ,  0.0            
      2638,  567.5          ,  400.0          ,  0.0            
      2639,  570.0          ,  400.0          ,  0.0            
      2640,  572.5          ,  400.0          ,  0.0            
      2641,  575.0          ,  400.0          ,  0.0            
      2642,  577.5          ,  400.0          ,  0.0            
      2643,  580.0          ,  400.0          ,  0.0            
      2644,  582.5          ,  400.0          ,  0.0            
      2645,  585.0          ,  400.0          ,  0.0            
      2646,  587.5          ,  400.0          ,  0.0            
      2647,  590.0          ,  400.0          ,  0.0            
      2648,  592.5          ,  400.0          ,  0.0            
      2649,  595.0          ,  400.0          ,  0.0            
      2650,  597.5          ,  400.0          ,  0.0            
      2651,  600.0          ,  400.0          ,  0.0            
      2652,  597.79506464958,  398.81417501222,  0.0            
      2653,  595.59012929915,  397.62835002445,  0.0            
      2654,  593.38519394873,  396.44252503667,  0.0            
      2655,  591.20638672902,  395.27075188506,  0.0            
      2656,  589.06229870869,  393.98201536288,  0.0            
      2657,  586.91766451003,  392.65131971838,  0.0            
      2658,  584.79507872554,  391.33430460211,  0.0            
      2659,  582.7102866169 ,  390.04073958278,  0.0            
      2660,  580.62458292283,  388.56332142515,  0.0            
      2661,  578.57841761413,  387.10806592254,  0.0            
      2662,  576.55323511481,  385.6677336271 ,  0.0            
      2663,  574.54256204456,  384.13142772707,  0.0            
      2664,  572.62065165583,  382.57394426262,  0.0            
      2665,  570.6987412671 ,  381.01646079816,  0.0            
      2666,  568.7778169503 ,  379.38779108039,  0.0            
      2667,  566.91734081629,  377.67919054776,  0.0            
      2668,  565.11542115236,  376.02436636525,  0.0            
      2669,  563.31544224588,  374.29111360067,  0.0            
      2670,  561.51861667751,  372.43043026208,  0.0            
      2671,  559.83028351352,  370.68209506276,  0.0            
      2672,  558.16175120324,  368.82628217232,  0.0            
      2673,  556.49616006322,  366.8904095853 ,  0.0            
      2674,  554.85442819724,  364.9801828949 ,  0.0            
      2675,  553.37763682555,  363.0619114573 ,  0.0            
      2676,  551.90084545385,  361.14364001969,  0.0            
      2677,  550.42921683982,  359.14517883824,  0.0            
      2678,  548.96521034921,  357.02832819039,  0.0            
      2679,  547.50189013399,  354.90292509584,  0.0            
      2680,  546.19503077155,  352.80724320771,  0.0            
      2681,  544.95529920419,  350.81920756552,  0.0            
      2682,  543.72580302072,  348.72632589378,  0.0            
      2683,  542.50348060737,  346.55995979577,  0.0            
      2684,  541.28701555231,  344.34338427597,  0.0            
      2685,  540.08561835426,  341.99764670906,  0.0            
      2686,  538.88785573201,  339.62547671102,  0.0            
      2687,  537.8094469127 ,  337.31283729529,  0.0            
      2688,  536.78266515019,  335.11091170567,  0.0            
      2689,  535.77907112418,  332.76436600179,  0.0            
      2690,  534.77670702373,  330.41014934763,  0.0            
      2691,  533.85291368016,  328.07809976249,  0.0            
      2692,  532.96645155578,  325.80397111325,  0.0            
      2693,  532.09755066656,  323.44730887951,  0.0            
      2694,  531.23825332351,  321.04551228692,  0.0            
      2695,  530.41147457483,  318.62460285203,  0.0            
      2696,  529.65906886687,  316.3387530779 ,  0.0            
      2697,  528.91822845247,  314.01099176316,  0.0            
      2698,  528.19373597001,  311.62398707421,  0.0            
      2699,  527.47850867444,  309.20731833432,  0.0            
      2700,  526.78300116445,  306.72751339103,  0.0            
      2701,  526.09649050321,  304.22218240875,  0.0            
      2702,  525.47361899263,  301.8237328762 ,  0.0            
      2703,  524.87006401454,  299.4606854551 ,  0.0            
      2704,  524.28780734005,  297.04396084792,  0.0            
      2705,  523.70976997839,  294.617773455  ,  0.0            
      2706,  523.1548682087 ,  292.13969914149,  0.0            
      2707,  522.60365454103,  289.6542549794 ,  0.0            
      2708,  522.07576240922,  287.12220793389,  0.0            
      2709,  521.57915409261,  284.72143827839,  0.0            
      2710,  521.1146740797 ,  282.33252683418,  0.0            
      2711,  520.65075491334,  279.9427241304 ,  0.0            
      2712,  520.2100369299 ,  277.51605166988,  0.0            
      2713,  519.76931894646,  275.08937920936,  0.0            
      2714,  519.35066999073,  272.63143660389,  0.0            
      2715,  518.93286496516,  270.17229821315,  0.0            
      2716,  518.53548999904,  267.68736951563,  0.0            
      2717,  518.13965430216,  265.20049768985,  0.0            
      2718,  517.76309332239,  262.69197754785,  0.0            
      2719,  517.38822258929,  260.18155901254,  0.0            
      2720,  517.03183890742,  257.65270334323,  0.0            
      2721,  516.67689648499,  255.12241030606,  0.0            
      2722,  516.33992301054,  252.57624732929,  0.0            
      2723,  516.00386302926,  250.02927756731,  0.0            
      2724,  515.69252004902,  247.52550942834,  0.0            
      2725,  515.38740801182,  245.07007499458,  0.0            
      2726,  515.09797349498,  242.60390506423,  0.0            
      2727,  514.80899953856,  240.1374197559 ,  0.0            
      2728,  514.5343756708 ,  237.66234957021,  0.0            
      2729,  514.2605984884 ,  235.18677285874,  0.0            
      2730,  514.00003631985,  232.70433822037,  0.0            
      2731,  513.74055253375,  230.22134395579,  0.0            
      2732,  513.49330356696,  227.73289156031,  0.0            
      2733,  513.2472520016 ,  225.24390498663,  0.0            
      2734,  513.01257980809,  222.75060481239,  0.0            
      2735,  512.77914386611,  220.25683600989,  0.0            
      2736,  512.556332657  ,  217.75969664277,  0.0            
      2737,  512.3347413388 ,  215.26217028039,  0.0            
      2738,  512.12310190663,  212.76205544333,  0.0            
      2739,  511.91262966601,  210.26163702101,  0.0            
      2740,  511.71150335387,  207.75928207914,  0.0            
      2741,  511.51146926131,  205.25670082433,  0.0            
      2742,  511.32023026746,  202.75272857109,  0.0            
      2743,  511.12999654044,  200.24859732878,  0.0            
      2744,  510.94805305807,  197.74353260392,  0.0            
      2745,  510.76702329847,  195.23836499375,  0.0            
      2746,  510.59381768796,  192.73264794981,  0.0            
      2747,  510.42143482367,  190.2268731303 ,  0.0            
      2748,  510.25644314928,  187.72087107253,  0.0            
      2749,  510.0921872953 ,  185.21484639235,  0.0            
      2750,  509.93491835204,  182.70886422604,  0.0            
      2751,  509.77830457934,  180.20288604631,  0.0            
      2752,  509.62829864442,  177.69717541012,  0.0            
      2753,  509.47887481304,  175.19148834262,  0.0            
      2754,  509.3357021423 ,  172.68625553822,  0.0            
      2755,  509.19304672376,  170.18106032182,  0.0            
      2756,  509.05630595833,  167.67647316109,  0.0            
      2757,  508.92002597037,  165.17193337057,  0.0            
      2758,  508.7893424809 ,  162.6681270626 ,  0.0            
      2759,  508.65907150203,  160.16437481867,  0.0            
      2760,  508.53409573112,  157.66145701488,  0.0            
      2761,  508.40949202452,  155.15859784248,  0.0            
      2762,  508.28989785517,  152.65665294827,  0.0            
      2763,  508.17064259931,  150.15476990832,  0.0            
      2764,  508.05612577652,  147.65386276056,  0.0            
      2765,  507.94192140855,  145.15301996366,  0.0            
      2766,  507.83185727848,  142.64541514624,  0.0            
      2767,  507.72163762332,  140.12765291624,  0.0            
      2768,  507.61573346012,  137.61096454084,  0.0            
      2769,  507.51005978224,  135.09433351876,  0.0            
      2770,  507.40852645786,  132.57881404988,  0.0            
      2771,  507.30715437467,  130.06333786912,  0.0            
      2772,  507.20975276255,  127.54900123579,  0.0            
      2773,  507.1124537063 ,  125.03469403657,  0.0            
      2774,  507.01896052165,  122.5215458228 ,  0.0            
      2775,  506.92552058767,  120.00841382521,  0.0            
      2776,  506.83572721987,  117.49645273336,  0.0            
      2777,  506.74596752621,  114.98450279035,  0.0            
      2778,  506.65965753018,  112.47371466181,  0.0            
      2779,  506.57339618904,  109.96294364284,  0.0            
      2780,  506.49038132852,  107.45331425532,  0.0            
      2781,  506.40743670438,  104.94371055649,  0.0            
      2782,  506.32755186015,  102.43522596107,  0.0            
      2783,  506.24775389861,  99.926774304644,  0.0            
      2784,  506.1708440466 ,  97.419417589249,  0.0            
      2785,  506.09403342682,  94.912099755018,  0.0            
      2786,  506.01995292535,  92.405851635439,  0.0            
      2787,  505.94598027869,  89.899647077067,  0.0            
      2788,  505.87459221089,  87.394486397892,  0.0            
      2789,  505.80331740063,  84.889372761654,  0.0            
      2790,  505.73449296647,  82.385276919883,  0.0            
      2791,  505.6657844234 ,  79.881230480319,  0.0            
      2792,  505.59940238162,  77.378175784678,  0.0            
      2793,  505.53313649463,  74.87517181121 ,  0.0            
      2794,  505.46908264275,  72.373133783414,  0.0            
      2795,  505.40514319304,  69.871146845576,  0.0            
      2796,  505.34330989319,  67.370100476496,  0.0            
      2797,  505.2815875384 ,  64.869104701068,  0.0            
      2798,  505.2218732722 ,  62.369024662939,  0.0            
      2799,  505.16226506468,  59.868993945406,  0.0            
      2800,  505.10457402882,  57.369854772441,  0.0            
      2801,  505.04698297778,  54.87076295504 ,  0.0            
      2802,  504.9912247039 ,  52.3725391914  ,  0.0            
      2803,  504.93555936594,  49.874360207709,  0.0            
      2804,  504.881648373  ,  47.377026532101,  0.0            
      2805,  504.82782247807,  44.879734527349,  0.0            
      2806,  504.77567794802,  42.383265854679,  0.0            
      2807,  504.72361005171,  39.886835282748,  0.0            
      2808,  504.67315553035,  37.391206848003,  0.0            
      2809,  504.62276869401,  34.895612550356,  0.0            
      2810,  504.5739318138 ,  32.400799976736,  0.0            
      2811,  504.52515330872,  29.906017245451,  0.0            
      2812,  504.4778655295 ,  27.411996597957,  0.0            
      2813,  504.43062656144,  24.918001224344,  0.0            
      2814,  504.38482293307,  22.424749053679,  0.0            
      2815,  504.33905839029,  19.931517367182,  0.0            
      2816,  504.29467732879,  17.439010742103,  0.0            
      2817,  504.2503255455 ,  14.946519637952,  0.0            
      2818,  504.20730862917,  12.45473617162 ,  0.0            
      2819,  504.16431117016,  9.9629631325425,  0.0            
      2820,  504.12260294362,  7.471880998437 ,  0.0            
      2821,  504.08090439848,  4.9808041063611,  0.0            
      2822,  504.04045219924,  2.4904020531804,  0.0            
      2823,  504.0          ,  -1.70530257E-13,  0.0            
      2824,  449.9999904    ,  -40.0          ,  0.0            
      2825,  449.9999904    ,  -2.5           ,  0.0            
      2826,  449.9999904    ,  -5.0           ,  0.0            
      2827,  449.9999904    ,  -7.5           ,  0.0            
      2828,  449.9999904    ,  -10.0          ,  0.0            
      2829,  449.9999904    ,  -12.5          ,  0.0            
      2830,  449.9999904    ,  -15.0          ,  0.0            
      2831,  449.9999904    ,  -17.5          ,  0.0            
      2832,  449.9999904    ,  -20.0          ,  0.0            
      2833,  449.9999904    ,  -22.5          ,  0.0            
      2834,  449.9999904    ,  -25.0          ,  0.0            
      2835,  449.9999904    ,  -27.5          ,  0.0            
      2836,  449.9999904    ,  -30.0          ,  0.0            
      2837,  449.9999904    ,  -32.5          ,  0.0            
      2838,  449.9999904    ,  -35.0          ,  0.0            
      2839,  449.9999904    ,  -37.5          ,  0.0            
      2840,  480.66666973333,  -27.5          ,  0.0            
      2841,  483.22222751111,  -27.5          ,  0.0            
      2842,  480.66666973333,  -22.5          ,  0.0            
      2843,  483.22222751111,  -22.5          ,  0.0            
      2844,  480.66666973333,  -25.0          ,  0.0            
      2845,  483.22222751111,  -25.0          ,  0.0            
      2846,  475.55555417778,  -27.5          ,  0.0            
      2847,  475.55555417778,  -22.5          ,  0.0            
      2848,  475.55555417778,  -25.0          ,  0.0            
      2849,  478.11111195556,  -27.5          ,  0.0            
      2850,  478.11111195556,  -25.0          ,  0.0            
      2851,  478.11111195556,  -22.5          ,  0.0            
      2852,  480.66666973333,  -37.5          ,  0.0            
      2853,  483.22222751111,  -37.5          ,  0.0            
      2854,  480.66666973333,  -32.5          ,  0.0            
      2855,  483.22222751111,  -32.5          ,  0.0            
      2856,  480.66666973333,  -35.0          ,  0.0            
      2857,  483.22222751111,  -35.0          ,  0.0            
      2858,  475.55555417778,  -37.5          ,  0.0            
      2859,  475.55555417778,  -32.5          ,  0.0            
      2860,  475.55555417778,  -35.0          ,  0.0            
      2861,  478.11111195556,  -37.5          ,  0.0            
      2862,  478.11111195556,  -35.0          ,  0.0            
      2863,  478.11111195556,  -32.5          ,  0.0            
      2864,  483.22222751111,  -30.0          ,  0.0            
      2865,  480.66666973333,  -30.0          ,  0.0            
      2866,  478.11111195556,  -30.0          ,  0.0            
      2867,  475.55555417778,  -30.0          ,  0.0            
      2868,  493.44445862222,  -27.5          ,  0.0            
      2869,  493.44445862222,  -22.5          ,  0.0            
      2870,  493.44445862222,  -25.0          ,  0.0            
      2871,  488.33334306667,  -27.5          ,  0.0            
      2872,  488.33334306667,  -22.5          ,  0.0            
      2873,  488.33334306667,  -25.0          ,  0.0            
      2874,  490.88890084444,  -27.5          ,  0.0            
      2875,  490.88890084444,  -25.0          ,  0.0            
      2876,  490.88890084444,  -22.5          ,  0.0            
      2877,  493.44445862222,  -37.5          ,  0.0            
      2878,  493.44445862222,  -32.5          ,  0.0            
      2879,  493.44445862222,  -35.0          ,  0.0            
      2880,  488.33334306667,  -37.5          ,  0.0            
      2881,  488.33334306667,  -32.5          ,  0.0            
      2882,  488.33334306667,  -35.0          ,  0.0            
      2883,  490.88890084444,  -37.5          ,  0.0            
      2884,  490.88890084444,  -35.0          ,  0.0            
      2885,  490.88890084444,  -32.5          ,  0.0            
      2886,  493.44445862222,  -30.0          ,  0.0            
      2887,  490.88890084444,  -30.0          ,  0.0            
      2888,  488.33334306667,  -30.0          ,  0.0            
      2889,  485.77778528889,  -22.5          ,  0.0            
      2890,  485.77778528889,  -25.0          ,  0.0            
      2891,  485.77778528889,  -27.5          ,  0.0            
      2892,  485.77778528889,  -30.0          ,  0.0            
      2893,  485.77778528889,  -32.5          ,  0.0            
      2894,  485.77778528889,  -35.0          ,  0.0            
      2895,  485.77778528889,  -37.5          ,  0.0            
      2896,  480.66666973333,  -7.5           ,  0.0            
      2897,  483.22222751111,  -7.5           ,  0.0            
      2898,  480.66666973333,  -2.5           ,  0.0            
      2899,  483.22222751111,  -2.5           ,  0.0            
      2900,  480.66666973333,  -5.0           ,  0.0            
      2901,  483.22222751111,  -5.0           ,  0.0            
      2902,  475.55555417778,  -7.5           ,  0.0            
      2903,  475.55555417778,  -2.5           ,  0.0            
      2904,  475.55555417778,  -5.0           ,  0.0            
      2905,  478.11111195556,  -7.5           ,  0.0            
      2906,  478.11111195556,  -5.0           ,  0.0            
      2907,  478.11111195556,  -2.5           ,  0.0            
      2908,  480.66666973333,  -17.5          ,  0.0            
      2909,  483.22222751111,  -17.5          ,  0.0            
      2910,  480.66666973333,  -12.5          ,  0.0            
      2911,  483.22222751111,  -12.5          ,  0.0            
      2912,  480.66666973333,  -15.0          ,  0.0            
      2913,  483.22222751111,  -15.0          ,  0.0            
      2914,  475.55555417778,  -17.5          ,  0.0            
      2915,  475.55555417778,  -12.5          ,  0.0            
      2916,  475.55555417778,  -15.0          ,  0.0            
      2917,  478.11111195556,  -17.5          ,  0.0            
      2918,  478.11111195556,  -15.0          ,  0.0            
      2919,  478.11111195556,  -12.5          ,  0.0            
      2920,  483.22222751111,  -10.0          ,  0.0            
      2921,  480.66666973333,  -10.0          ,  0.0            
      2922,  478.11111195556,  -10.0          ,  0.0            
      2923,  475.55555417778,  -10.0          ,  0.0            
      2924,  493.44445862222,  -7.5           ,  0.0            
      2925,  493.44445862222,  -2.5           ,  0.0            
      2926,  493.44445862222,  -5.0           ,  0.0            
      2927,  488.33334306667,  -7.5           ,  0.0            
      2928,  488.33334306667,  -2.5           ,  0.0            
      2929,  488.33334306667,  -5.0           ,  0.0            
      2930,  490.88890084444,  -7.5           ,  0.0            
      2931,  490.88890084444,  -5.0           ,  0.0            
      2932,  490.88890084444,  -2.5           ,  0.0            
      2933,  493.44445862222,  -17.5          ,  0.0            
      2934,  493.44445862222,  -12.5          ,  0.0            
      2935,  493.44445862222,  -15.0          ,  0.0            
      2936,  488.33334306667,  -17.5          ,  0.0            
      2937,  488.33334306667,  -12.5          ,  0.0            
      2938,  488.33334306667,  -15.0          ,  0.0            
      2939,  490.88890084444,  -17.5          ,  0.0            
      2940,  490.88890084444,  -15.0          ,  0.0            
      2941,  490.88890084444,  -12.5          ,  0.0            
      2942,  493.44445862222,  -10.0          ,  0.0            
      2943,  490.88890084444,  -10.0          ,  0.0            
      2944,  488.33334306667,  -10.0          ,  0.0            
      2945,  485.77778528889,  -2.5           ,  0.0            
      2946,  485.77778528889,  -5.0           ,  0.0            
      2947,  485.77778528889,  -7.5           ,  0.0            
      2948,  485.77778528889,  -10.0          ,  0.0            
      2949,  485.77778528889,  -12.5          ,  0.0            
      2950,  485.77778528889,  -15.0          ,  0.0            
      2951,  485.77778528889,  -17.5          ,  0.0            
      2952,  475.55555417778,  -20.0          ,  0.0            
      2953,  478.11111195556,  -20.0          ,  0.0            
      2954,  480.66666973333,  -20.0          ,  0.0            
      2955,  483.22222751111,  -20.0          ,  0.0            
      2956,  485.77778528889,  -20.0          ,  0.0            
      2957,  488.33334306667,  -20.0          ,  0.0            
      2958,  490.88890084444,  -20.0          ,  0.0            
      2959,  493.44445862222,  -20.0          ,  0.0            
      2960,  457.66664973333,  -27.5          ,  0.0            
      2961,  460.22220751111,  -27.5          ,  0.0            
      2962,  457.66664973333,  -22.5          ,  0.0            
      2963,  460.22220751111,  -22.5          ,  0.0            
      2964,  457.66664973333,  -25.0          ,  0.0            
      2965,  460.22220751111,  -25.0          ,  0.0            
      2966,  452.55553417778,  -27.5          ,  0.0            
      2967,  452.55553417778,  -22.5          ,  0.0            
      2968,  452.55553417778,  -25.0          ,  0.0            
      2969,  455.11109195556,  -27.5          ,  0.0            
      2970,  455.11109195556,  -25.0          ,  0.0            
      2971,  455.11109195556,  -22.5          ,  0.0            
      2972,  457.66664973333,  -37.5          ,  0.0            
      2973,  460.22220751111,  -37.5          ,  0.0            
      2974,  457.66664973333,  -32.5          ,  0.0            
      2975,  460.22220751111,  -32.5          ,  0.0            
      2976,  457.66664973333,  -35.0          ,  0.0            
      2977,  460.22220751111,  -35.0          ,  0.0            
      2978,  452.55553417778,  -37.5          ,  0.0            
      2979,  452.55553417778,  -32.5          ,  0.0            
      2980,  452.55553417778,  -35.0          ,  0.0            
      2981,  455.11109195556,  -37.5          ,  0.0            
      2982,  455.11109195556,  -35.0          ,  0.0            
      2983,  455.11109195556,  -32.5          ,  0.0            
      2984,  460.22220751111,  -30.0          ,  0.0            
      2985,  457.66664973333,  -30.0          ,  0.0            
      2986,  455.11109195556,  -30.0          ,  0.0            
      2987,  452.55553417778,  -30.0          ,  0.0            
      2988,  470.44443862222,  -27.5          ,  0.0            
      2989,  470.44443862222,  -22.5          ,  0.0            
      2990,  470.44443862222,  -25.0          ,  0.0            
      2991,  465.33332306667,  -27.5          ,  0.0            
      2992,  465.33332306667,  -22.5          ,  0.0            
      2993,  465.33332306667,  -25.0          ,  0.0            
      2994,  467.88888084444,  -27.5          ,  0.0            
      2995,  467.88888084444,  -25.0          ,  0.0            
      2996,  467.88888084444,  -22.5          ,  0.0            
      2997,  470.44443862222,  -37.5          ,  0.0            
      2998,  470.44443862222,  -32.5          ,  0.0            
      2999,  470.44443862222,  -35.0          ,  0.0            
      3000,  465.33332306667,  -37.5          ,  0.0            
      3001,  465.33332306667,  -32.5          ,  0.0            
      3002,  465.33332306667,  -35.0          ,  0.0            
      3003,  467.88888084444,  -37.5          ,  0.0            
      3004,  467.88888084444,  -35.0          ,  0.0            
      3005,  467.88888084444,  -32.5          ,  0.0            
      3006,  470.44443862222,  -30.0          ,  0.0            
      3007,  467.88888084444,  -30.0          ,  0.0            
      3008,  465.33332306667,  -30.0          ,  0.0            
      3009,  462.77776528889,  -22.5          ,  0.0            
      3010,  462.77776528889,  -25.0          ,  0.0            
      3011,  462.77776528889,  -27.5          ,  0.0            
      3012,  462.77776528889,  -30.0          ,  0.0            
      3013,  462.77776528889,  -32.5          ,  0.0            
      3014,  462.77776528889,  -35.0          ,  0.0            
      3015,  462.77776528889,  -37.5          ,  0.0            
      3016,  457.66664973333,  -7.5           ,  0.0            
      3017,  460.22220751111,  -7.5           ,  0.0            
      3018,  457.66664973333,  -2.5           ,  0.0            
      3019,  460.22220751111,  -2.5           ,  0.0            
      3020,  457.66664973333,  -5.0           ,  0.0            
      3021,  460.22220751111,  -5.0           ,  0.0            
      3022,  452.55553417778,  -7.5           ,  0.0            
      3023,  452.55553417778,  -2.5           ,  0.0            
      3024,  452.55553417778,  -5.0           ,  0.0            
      3025,  455.11109195556,  -7.5           ,  0.0            
      3026,  455.11109195556,  -5.0           ,  0.0            
      3027,  455.11109195556,  -2.5           ,  0.0            
      3028,  457.66664973333,  -17.5          ,  0.0            
      3029,  460.22220751111,  -17.5          ,  0.0            
      3030,  457.66664973333,  -12.5          ,  0.0            
      3031,  460.22220751111,  -12.5          ,  0.0            
      3032,  457.66664973333,  -15.0          ,  0.0            
      3033,  460.22220751111,  -15.0          ,  0.0            
      3034,  452.55553417778,  -17.5          ,  0.0            
      3035,  452.55553417778,  -12.5          ,  0.0            
      3036,  452.55553417778,  -15.0          ,  0.0            
      3037,  455.11109195556,  -17.5          ,  0.0            
      3038,  455.11109195556,  -15.0          ,  0.0            
      3039,  455.11109195556,  -12.5          ,  0.0            
      3040,  460.22220751111,  -10.0          ,  0.0            
      3041,  457.66664973333,  -10.0          ,  0.0            
      3042,  455.11109195556,  -10.0          ,  0.0            
      3043,  452.55553417778,  -10.0          ,  0.0            
      3044,  470.44443862222,  -7.5           ,  0.0            
      3045,  470.44443862222,  -2.5           ,  0.0            
      3046,  470.44443862222,  -5.0           ,  0.0            
      3047,  465.33332306667,  -7.5           ,  0.0            
      3048,  465.33332306667,  -2.5           ,  0.0            
      3049,  465.33332306667,  -5.0           ,  0.0            
      3050,  467.88888084444,  -7.5           ,  0.0            
      3051,  467.88888084444,  -5.0           ,  0.0            
      3052,  467.88888084444,  -2.5           ,  0.0            
      3053,  470.44443862222,  -17.5          ,  0.0            
      3054,  470.44443862222,  -12.5          ,  0.0            
      3055,  470.44443862222,  -15.0          ,  0.0            
      3056,  465.33332306667,  -17.5          ,  0.0            
      3057,  465.33332306667,  -12.5          ,  0.0            
      3058,  465.33332306667,  -15.0          ,  0.0            
      3059,  467.88888084444,  -17.5          ,  0.0            
      3060,  467.88888084444,  -15.0          ,  0.0            
      3061,  467.88888084444,  -12.5          ,  0.0            
      3062,  470.44443862222,  -10.0          ,  0.0            
      3063,  467.88888084444,  -10.0          ,  0.0            
      3064,  465.33332306667,  -10.0          ,  0.0            
      3065,  462.77776528889,  -2.5           ,  0.0            
      3066,  462.77776528889,  -5.0           ,  0.0            
      3067,  462.77776528889,  -7.5           ,  0.0            
      3068,  462.77776528889,  -10.0          ,  0.0            
      3069,  462.77776528889,  -12.5          ,  0.0            
      3070,  462.77776528889,  -15.0          ,  0.0            
      3071,  697.3333464    ,  -40.0          ,  0.0            
      3072,  679.44444195556,  -40.0          ,  0.0            
      3073,  676.88888417778,  -40.0          ,  0.0            
      3074,  674.3333264    ,  -40.0          ,  0.0            
      3075,  697.3333464    ,  -1.32633886E-13,  0.0            
      3076,  687.11111528889,  -40.0          ,  0.0            
      3077,  684.55555751111,  -40.0          ,  0.0            
      3078,  681.99999973333,  -40.0          ,  0.0            
      3079,  694.77778862222,  -40.0          ,  0.0            
      3080,  692.22223084444,  -40.0          ,  0.0            
      3081,  689.66667306667,  -40.0          ,  0.0            
      3082,  671.77776862222,  -40.0          ,  0.0            
      3083,  669.22221084444,  -40.0          ,  0.0            
      3084,  666.66665306667,  -40.0          ,  0.0            
      3085,  664.11109528889,  -40.0          ,  0.0            
      3086,  661.55553751111,  -40.0          ,  0.0            
      3087,  658.99997973333,  -40.0          ,  0.0            
      3088,  656.44442195556,  -40.0          ,  0.0            
      3089,  653.88886417778,  -40.0          ,  0.0            
      3090,  462.77776528889,  -17.5          ,  0.0            
      3091,  452.55553417778,  -20.0          ,  0.0            
      3092,  455.11109195556,  -20.0          ,  0.0            
      3093,  457.66664973333,  -20.0          ,  0.0            
      3094,  460.22220751111,  -20.0          ,  0.0            
      3095,  462.77776528889,  -20.0          ,  0.0            
      3096,  465.33332306667,  -20.0          ,  0.0            
      3097,  467.88888084444,  -20.0          ,  0.0            
      3098,  470.44443862222,  -20.0          ,  0.0            
      3099,  472.9999964    ,  -37.5          ,  0.0            
      3100,  472.9999964    ,  -35.0          ,  0.0            
      3101,  472.9999964    ,  -32.5          ,  0.0            
      3102,  472.9999964    ,  -30.0          ,  0.0            
      3103,  472.9999964    ,  -27.5          ,  0.0            
      3104,  472.9999964    ,  -25.0          ,  0.0            
      3105,  653.88886417778,  -1.32633886E-13,  0.0            
      3106,  656.44442195556,  -1.32633886E-13,  0.0            
      3107,  658.99997973333,  -1.32633886E-13,  0.0            
      3108,  661.55553751111,  -1.32633886E-13,  0.0            
      3109,  664.11109528889,  -1.32633886E-13,  0.0            
      3110,  666.66665306667,  -1.32633886E-13,  0.0            
      3111,  669.22221084444,  -1.32633886E-13,  0.0            
      3112,  671.77776862222,  -1.32633886E-13,  0.0            
      3113,  674.3333264    ,  -1.32633886E-13,  0.0            
      3114,  676.88888417778,  -1.32633886E-13,  0.0            
      3115,  679.44444195556,  -1.32633886E-13,  0.0            
      3116,  681.99999973333,  -1.32633886E-13,  0.0            
      3117,  684.55555751111,  -1.32633886E-13,  0.0            
      3118,  687.11111528889,  -1.32633886E-13,  0.0            
      3119,  689.66667306667,  -1.32633886E-13,  0.0            
      3120,  692.22223084444,  -1.32633886E-13,  0.0            
      3121,  694.77778862222,  -1.32633886E-13,  0.0            
      3122,  697.3333464    ,  -2.5           ,  0.0            
      3123,  697.3333464    ,  -5.0           ,  0.0            
      3124,  697.3333464    ,  -7.5           ,  0.0            
      3125,  697.3333464    ,  -10.0          ,  0.0            
      3126,  697.3333464    ,  -12.5          ,  0.0            
      3127,  697.3333464    ,  -15.0          ,  0.0            
      3128,  697.3333464    ,  -17.5          ,  0.0            
      3129,  697.3333464    ,  -20.0          ,  0.0            
      3130,  697.3333464    ,  -22.5          ,  0.0            
      3131,  697.3333464    ,  -25.0          ,  0.0            
      3132,  697.3333464    ,  -27.5          ,  0.0            
      3133,  697.3333464    ,  -30.0          ,  0.0            
      3134,  697.3333464    ,  -32.5          ,  0.0            
      3135,  697.3333464    ,  -35.0          ,  0.0            
      3136,  697.3333464    ,  -37.5          ,  0.0            
      3137,  674.3333264    ,  -2.5           ,  0.0            
      3138,  674.3333264    ,  -5.0           ,  0.0            
      3139,  674.3333264    ,  -7.5           ,  0.0            
      3140,  674.3333264    ,  -10.0          ,  0.0            
      3141,  674.3333264    ,  -12.5          ,  0.0            
      3142,  674.3333264    ,  -15.0          ,  0.0            
      3143,  674.3333264    ,  -17.5          ,  0.0            
      3144,  674.3333264    ,  -20.0          ,  0.0            
      3145,  674.3333264    ,  -22.5          ,  0.0            
      3146,  674.3333264    ,  -25.0          ,  0.0            
      3147,  674.3333264    ,  -27.5          ,  0.0            
      3148,  674.3333264    ,  -30.0          ,  0.0            
      3149,  674.3333264    ,  -32.5          ,  0.0            
      3150,  674.3333264    ,  -35.0          ,  0.0            
      3151,  674.3333264    ,  -37.5          ,  0.0            
      3152,  671.77776862222,  -20.0          ,  0.0            
      3153,  669.22221084444,  -20.0          ,  0.0            
      3154,  666.66665306667,  -20.0          ,  0.0            
      3155,  664.11109528889,  -20.0          ,  0.0            
      3156,  661.55553751111,  -20.0          ,  0.0            
      3157,  658.99997973333,  -20.0          ,  0.0            
      3158,  656.44442195556,  -20.0          ,  0.0            
      3159,  653.88886417778,  -20.0          ,  0.0            
      3160,  664.11109528889,  -17.5          ,  0.0            
      3161,  664.11109528889,  -15.0          ,  0.0            
      3162,  664.11109528889,  -12.5          ,  0.0            
      3163,  664.11109528889,  -10.0          ,  0.0            
      3164,  664.11109528889,  -7.5           ,  0.0            
      3165,  664.11109528889,  -5.0           ,  0.0            
      3166,  664.11109528889,  -2.5           ,  0.0            
      3167,  666.66665306667,  -10.0          ,  0.0            
      3168,  669.22221084444,  -10.0          ,  0.0            
      3169,  671.77776862222,  -10.0          ,  0.0            
      3170,  669.22221084444,  -12.5          ,  0.0            
      3171,  669.22221084444,  -15.0          ,  0.0            
      3172,  669.22221084444,  -17.5          ,  0.0            
      3173,  666.66665306667,  -15.0          ,  0.0            
      3174,  666.66665306667,  -12.5          ,  0.0            
      3175,  666.66665306667,  -17.5          ,  0.0            
      3176,  671.77776862222,  -15.0          ,  0.0            
      3177,  671.77776862222,  -12.5          ,  0.0            
      3178,  671.77776862222,  -17.5          ,  0.0            
      3179,  669.22221084444,  -2.5           ,  0.0            
      3180,  669.22221084444,  -5.0           ,  0.0            
      3181,  669.22221084444,  -7.5           ,  0.0            
      3182,  666.66665306667,  -5.0           ,  0.0            
      3183,  666.66665306667,  -2.5           ,  0.0            
      3184,  666.66665306667,  -7.5           ,  0.0            
      3185,  671.77776862222,  -5.0           ,  0.0            
      3186,  671.77776862222,  -2.5           ,  0.0            
      3187,  671.77776862222,  -7.5           ,  0.0            
      3188,  653.88886417778,  -10.0          ,  0.0            
      3189,  656.44442195556,  -10.0          ,  0.0            
      3190,  658.99997973333,  -10.0          ,  0.0            
      3191,  661.55553751111,  -10.0          ,  0.0            
      3192,  656.44442195556,  -12.5          ,  0.0            
      3193,  656.44442195556,  -15.0          ,  0.0            
      3194,  656.44442195556,  -17.5          ,  0.0            
      3195,  653.88886417778,  -15.0          ,  0.0            
      3196,  653.88886417778,  -12.5          ,  0.0            
      3197,  653.88886417778,  -17.5          ,  0.0            
      3198,  661.55553751111,  -15.0          ,  0.0            
      3199,  658.99997973333,  -15.0          ,  0.0            
      3200,  661.55553751111,  -12.5          ,  0.0            
      3201,  658.99997973333,  -12.5          ,  0.0            
      3202,  661.55553751111,  -17.5          ,  0.0            
      3203,  658.99997973333,  -17.5          ,  0.0            
      3204,  656.44442195556,  -2.5           ,  0.0            
      3205,  656.44442195556,  -5.0           ,  0.0            
      3206,  656.44442195556,  -7.5           ,  0.0            
      3207,  653.88886417778,  -5.0           ,  0.0            
      3208,  653.88886417778,  -2.5           ,  0.0            
      3209,  653.88886417778,  -7.5           ,  0.0            
      3210,  661.55553751111,  -5.0           ,  0.0            
      3211,  658.99997973333,  -5.0           ,  0.0            
      3212,  661.55553751111,  -2.5           ,  0.0            
      3213,  658.99997973333,  -2.5           ,  0.0            
      3214,  661.55553751111,  -7.5           ,  0.0            
      3215,  658.99997973333,  -7.5           ,  0.0            
      3216,  664.11109528889,  -37.5          ,  0.0            
      3217,  664.11109528889,  -35.0          ,  0.0            
      3218,  664.11109528889,  -32.5          ,  0.0            
      3219,  664.11109528889,  -30.0          ,  0.0            
      3220,  664.11109528889,  -27.5          ,  0.0            
      3221,  664.11109528889,  -25.0          ,  0.0            
      3222,  664.11109528889,  -22.5          ,  0.0            
      3223,  666.66665306667,  -30.0          ,  0.0            
      3224,  669.22221084444,  -30.0          ,  0.0            
      3225,  671.77776862222,  -30.0          ,  0.0            
      3226,  669.22221084444,  -32.5          ,  0.0            
      3227,  669.22221084444,  -35.0          ,  0.0            
      3228,  669.22221084444,  -37.5          ,  0.0            
      3229,  666.66665306667,  -35.0          ,  0.0            
      3230,  666.66665306667,  -32.5          ,  0.0            
      3231,  666.66665306667,  -37.5          ,  0.0            
      3232,  671.77776862222,  -35.0          ,  0.0            
      3233,  671.77776862222,  -32.5          ,  0.0            
      3234,  671.77776862222,  -37.5          ,  0.0            
      3235,  669.22221084444,  -22.5          ,  0.0            
      3236,  669.22221084444,  -25.0          ,  0.0            
      3237,  669.22221084444,  -27.5          ,  0.0            
      3238,  666.66665306667,  -25.0          ,  0.0            
      3239,  666.66665306667,  -22.5          ,  0.0            
      3240,  666.66665306667,  -27.5          ,  0.0            
      3241,  671.77776862222,  -25.0          ,  0.0            
      3242,  671.77776862222,  -22.5          ,  0.0            
      3243,  671.77776862222,  -27.5          ,  0.0            
      3244,  653.88886417778,  -30.0          ,  0.0            
      3245,  656.44442195556,  -30.0          ,  0.0            
      3246,  658.99997973333,  -30.0          ,  0.0            
      3247,  661.55553751111,  -30.0          ,  0.0            
      3248,  656.44442195556,  -32.5          ,  0.0            
      3249,  656.44442195556,  -35.0          ,  0.0            
      3250,  656.44442195556,  -37.5          ,  0.0            
      3251,  653.88886417778,  -35.0          ,  0.0            
      3252,  653.88886417778,  -32.5          ,  0.0            
      3253,  653.88886417778,  -37.5          ,  0.0            
      3254,  661.55553751111,  -35.0          ,  0.0            
      3255,  658.99997973333,  -35.0          ,  0.0            
      3256,  661.55553751111,  -32.5          ,  0.0            
      3257,  658.99997973333,  -32.5          ,  0.0            
      3258,  661.55553751111,  -37.5          ,  0.0            
      3259,  658.99997973333,  -37.5          ,  0.0            
      3260,  656.44442195556,  -22.5          ,  0.0            
      3261,  656.44442195556,  -25.0          ,  0.0            
      3262,  656.44442195556,  -27.5          ,  0.0            
      3263,  653.88886417778,  -25.0          ,  0.0            
      3264,  653.88886417778,  -22.5          ,  0.0            
      3265,  653.88886417778,  -27.5          ,  0.0            
      3266,  661.55553751111,  -25.0          ,  0.0            
      3267,  658.99997973333,  -25.0          ,  0.0            
      3268,  661.55553751111,  -22.5          ,  0.0            
      3269,  658.99997973333,  -22.5          ,  0.0            
      3270,  661.55553751111,  -27.5          ,  0.0            
      3271,  658.99997973333,  -27.5          ,  0.0            
      3272,  694.77778862222,  -20.0          ,  0.0            
      3273,  692.22223084444,  -20.0          ,  0.0            
      3274,  689.66667306667,  -20.0          ,  0.0            
      3275,  687.11111528889,  -20.0          ,  0.0            
      3276,  684.55555751111,  -20.0          ,  0.0            
      3277,  681.99999973333,  -20.0          ,  0.0            
      3278,  679.44444195556,  -20.0          ,  0.0            
      3279,  676.88888417778,  -20.0          ,  0.0            
      3280,  687.11111528889,  -17.5          ,  0.0            
      3281,  687.11111528889,  -15.0          ,  0.0            
      3282,  687.11111528889,  -12.5          ,  0.0            
      3283,  687.11111528889,  -10.0          ,  0.0            
      3284,  687.11111528889,  -7.5           ,  0.0            
      3285,  687.11111528889,  -5.0           ,  0.0            
      3286,  687.11111528889,  -2.5           ,  0.0            
      3287,  689.66667306667,  -10.0          ,  0.0            
      3288,  692.22223084444,  -10.0          ,  0.0            
      3289,  694.77778862222,  -10.0          ,  0.0            
      3290,  692.22223084444,  -12.5          ,  0.0            
      3291,  692.22223084444,  -15.0          ,  0.0            
      3292,  692.22223084444,  -17.5          ,  0.0            
      3293,  689.66667306667,  -15.0          ,  0.0            
      3294,  689.66667306667,  -12.5          ,  0.0            
      3295,  689.66667306667,  -17.5          ,  0.0            
      3296,  694.77778862222,  -15.0          ,  0.0            
      3297,  694.77778862222,  -12.5          ,  0.0            
      3298,  694.77778862222,  -17.5          ,  0.0            
      3299,  692.22223084444,  -2.5           ,  0.0            
      3300,  692.22223084444,  -5.0           ,  0.0            
      3301,  692.22223084444,  -7.5           ,  0.0            
      3302,  689.66667306667,  -5.0           ,  0.0            
      3303,  689.66667306667,  -2.5           ,  0.0            
      3304,  689.66667306667,  -7.5           ,  0.0            
      3305,  694.77778862222,  -5.0           ,  0.0            
      3306,  694.77778862222,  -2.5           ,  0.0            
      3307,  694.77778862222,  -7.5           ,  0.0            
      3308,  676.88888417778,  -10.0          ,  0.0            
      3309,  679.44444195556,  -10.0          ,  0.0            
      3310,  681.99999973333,  -10.0          ,  0.0            
      3311,  684.55555751111,  -10.0          ,  0.0            
      3312,  679.44444195556,  -12.5          ,  0.0            
      3313,  679.44444195556,  -15.0          ,  0.0            
      3314,  679.44444195556,  -17.5          ,  0.0            
      3315,  676.88888417778,  -15.0          ,  0.0            
      3316,  676.88888417778,  -12.5          ,  0.0            
      3317,  676.88888417778,  -17.5          ,  0.0            
      3318,  684.55555751111,  -15.0          ,  0.0            
      3319,  681.99999973333,  -15.0          ,  0.0            
      3320,  684.55555751111,  -12.5          ,  0.0            
      3321,  681.99999973333,  -12.5          ,  0.0            
      3322,  684.55555751111,  -17.5          ,  0.0            
      3323,  681.99999973333,  -17.5          ,  0.0            
      3324,  679.44444195556,  -2.5           ,  0.0            
      3325,  679.44444195556,  -5.0           ,  0.0            
      3326,  679.44444195556,  -7.5           ,  0.0            
      3327,  676.88888417778,  -5.0           ,  0.0            
      3328,  676.88888417778,  -2.5           ,  0.0            
      3329,  676.88888417778,  -7.5           ,  0.0            
      3330,  684.55555751111,  -5.0           ,  0.0            
      3331,  681.99999973333,  -5.0           ,  0.0            
      3332,  684.55555751111,  -2.5           ,  0.0            
      3333,  681.99999973333,  -2.5           ,  0.0            
      3334,  684.55555751111,  -7.5           ,  0.0            
      3335,  681.99999973333,  -7.5           ,  0.0            
      3336,  687.11111528889,  -37.5          ,  0.0            
      3337,  687.11111528889,  -35.0          ,  0.0            
      3338,  687.11111528889,  -32.5          ,  0.0            
      3339,  687.11111528889,  -30.0          ,  0.0            
      3340,  687.11111528889,  -27.5          ,  0.0            
      3341,  687.11111528889,  -25.0          ,  0.0            
      3342,  687.11111528889,  -22.5          ,  0.0            
      3343,  689.66667306667,  -30.0          ,  0.0            
      3344,  692.22223084444,  -30.0          ,  0.0            
      3345,  694.77778862222,  -30.0          ,  0.0            
      3346,  692.22223084444,  -32.5          ,  0.0            
      3347,  692.22223084444,  -35.0          ,  0.0            
      3348,  692.22223084444,  -37.5          ,  0.0            
      3349,  689.66667306667,  -35.0          ,  0.0            
      3350,  689.66667306667,  -32.5          ,  0.0            
      3351,  689.66667306667,  -37.5          ,  0.0            
      3352,  694.77778862222,  -35.0          ,  0.0            
      3353,  694.77778862222,  -32.5          ,  0.0            
      3354,  694.77778862222,  -37.5          ,  0.0            
      3355,  692.22223084444,  -22.5          ,  0.0            
      3356,  692.22223084444,  -25.0          ,  0.0            
      3357,  692.22223084444,  -27.5          ,  0.0            
      3358,  689.66667306667,  -25.0          ,  0.0            
      3359,  689.66667306667,  -22.5          ,  0.0            
      3360,  689.66667306667,  -27.5          ,  0.0            
      3361,  694.77778862222,  -25.0          ,  0.0            
      3362,  694.77778862222,  -22.5          ,  0.0            
      3363,  694.77778862222,  -27.5          ,  0.0            
      3364,  676.88888417778,  -30.0          ,  0.0            
      3365,  679.44444195556,  -30.0          ,  0.0            
      3366,  681.99999973333,  -30.0          ,  0.0            
      3367,  684.55555751111,  -30.0          ,  0.0            
      3368,  679.44444195556,  -32.5          ,  0.0            
      3369,  679.44444195556,  -35.0          ,  0.0            
      3370,  679.44444195556,  -37.5          ,  0.0            
      3371,  676.88888417778,  -35.0          ,  0.0            
      3372,  676.88888417778,  -32.5          ,  0.0            
      3373,  676.88888417778,  -37.5          ,  0.0            
      3374,  684.55555751111,  -35.0          ,  0.0            
      3375,  681.99999973333,  -35.0          ,  0.0            
      3376,  684.55555751111,  -32.5          ,  0.0            
      3377,  681.99999973333,  -32.5          ,  0.0            
      3378,  684.55555751111,  -37.5          ,  0.0            
      3379,  681.99999973333,  -37.5          ,  0.0            
      3380,  679.44444195556,  -22.5          ,  0.0            
      3381,  679.44444195556,  -25.0          ,  0.0            
      3382,  679.44444195556,  -27.5          ,  0.0            
      3383,  676.88888417778,  -25.0          ,  0.0            
      3384,  676.88888417778,  -22.5          ,  0.0            
      3385,  676.88888417778,  -27.5          ,  0.0            
      3386,  684.55555751111,  -25.0          ,  0.0            
      3387,  681.99999973333,  -25.0          ,  0.0            
      3388,  684.55555751111,  -22.5          ,  0.0            
      3389,  681.99999973333,  -22.5          ,  0.0            
      3390,  684.55555751111,  -27.5          ,  0.0            
      3391,  681.99999973333,  -27.5          ,  0.0            
      3392,  472.9999964    ,  -22.5          ,  0.0            
      3393,  579.67569762162,  -27.5          ,  0.0            
      3394,  582.19822087568,  -27.5          ,  0.0            
      3395,  579.67569762162,  -22.5          ,  0.0            
      3396,  582.19822087568,  -22.5          ,  0.0            
      3397,  579.67569762162,  -25.0          ,  0.0            
      3398,  582.19822087568,  -25.0          ,  0.0            
      3399,  574.63065111351,  -27.5          ,  0.0            
      3400,  574.63065111351,  -22.5          ,  0.0            
      3401,  574.63065111351,  -25.0          ,  0.0            
      3402,  577.15317436757,  -27.5          ,  0.0            
      3403,  577.15317436757,  -25.0          ,  0.0            
      3404,  577.15317436757,  -22.5          ,  0.0            
      3405,  579.67569762162,  -37.5          ,  0.0            
      3406,  582.19822087568,  -37.5          ,  0.0            
      3407,  579.67569762162,  -32.5          ,  0.0            
      3408,  582.19822087568,  -32.5          ,  0.0            
      3409,  579.67569762162,  -35.0          ,  0.0            
      3410,  582.19822087568,  -35.0          ,  0.0            
      3411,  574.63065111351,  -37.5          ,  0.0            
      3412,  574.63065111351,  -32.5          ,  0.0            
      3413,  574.63065111351,  -35.0          ,  0.0            
      3414,  577.15317436757,  -37.5          ,  0.0            
      3415,  577.15317436757,  -35.0          ,  0.0            
      3416,  577.15317436757,  -32.5          ,  0.0            
      3417,  582.19822087568,  -30.0          ,  0.0            
      3418,  579.67569762162,  -30.0          ,  0.0            
      3419,  577.15317436757,  -30.0          ,  0.0            
      3420,  574.63065111351,  -30.0          ,  0.0            
      3421,  592.28831389189,  -27.5          ,  0.0            
      3422,  594.81083714595,  -27.5          ,  0.0            
      3423,  592.28831389189,  -22.5          ,  0.0            
      3424,  594.81083714595,  -22.5          ,  0.0            
      3425,  592.28831389189,  -25.0          ,  0.0            
      3426,  594.81083714595,  -25.0          ,  0.0            
      3427,  587.24326738378,  -27.5          ,  0.0            
      3428,  587.24326738378,  -22.5          ,  0.0            
      3429,  587.24326738378,  -25.0          ,  0.0            
      3430,  589.76579063784,  -27.5          ,  0.0            
      3431,  589.76579063784,  -25.0          ,  0.0            
      3432,  589.76579063784,  -22.5          ,  0.0            
      3433,  592.28831389189,  -37.5          ,  0.0            
      3434,  594.81083714594,  -37.5          ,  0.0            
      3435,  592.28831389189,  -32.5          ,  0.0            
      3436,  594.81083714595,  -32.5          ,  0.0            
      3437,  592.28831389189,  -35.0          ,  0.0            
      3438,  594.81083714594,  -35.0          ,  0.0            
      3439,  587.24326738378,  -37.5          ,  0.0            
      3440,  587.24326738378,  -32.5          ,  0.0            
      3441,  587.24326738378,  -35.0          ,  0.0            
      3442,  589.76579063784,  -37.5          ,  0.0            
      3443,  589.76579063784,  -35.0          ,  0.0            
      3444,  589.76579063784,  -32.5          ,  0.0            
      3445,  594.81083714595,  -30.0          ,  0.0            
      3446,  592.28831389189,  -30.0          ,  0.0            
      3447,  589.76579063784,  -30.0          ,  0.0            
      3448,  587.24326738378,  -30.0          ,  0.0            
      3449,  584.72074412973,  -22.5          ,  0.0            
      3450,  584.72074412973,  -25.0          ,  0.0            
      3451,  584.72074412973,  -27.5          ,  0.0            
      3452,  584.72074412973,  -30.0          ,  0.0            
      3453,  584.72074412973,  -32.5          ,  0.0            
      3454,  584.72074412973,  -35.0          ,  0.0            
      3455,  584.72074412973,  -37.5          ,  0.0            
      3456,  579.67569762162,  -7.5           ,  0.0            
      3457,  582.19822087568,  -7.5           ,  0.0            
      3458,  579.67569762162,  -2.5           ,  0.0            
      3459,  582.19822087568,  -2.5           ,  0.0            
      3460,  579.67569762162,  -5.0           ,  0.0            
      3461,  582.19822087568,  -5.0           ,  0.0            
      3462,  574.63065111351,  -7.5           ,  0.0            
      3463,  574.63065111351,  -2.5           ,  0.0            
      3464,  574.63065111351,  -5.0           ,  0.0            
      3465,  577.15317436757,  -7.5           ,  0.0            
      3466,  577.15317436757,  -5.0           ,  0.0            
      3467,  577.15317436757,  -2.5           ,  0.0            
      3468,  579.67569762162,  -17.5          ,  0.0            
      3469,  582.19822087568,  -17.5          ,  0.0            
      3470,  579.67569762162,  -12.5          ,  0.0            
      3471,  582.19822087568,  -12.5          ,  0.0            
      3472,  579.67569762162,  -15.0          ,  0.0            
      3473,  582.19822087568,  -15.0          ,  0.0            
      3474,  574.63065111351,  -17.5          ,  0.0            
      3475,  574.63065111351,  -12.5          ,  0.0            
      3476,  574.63065111351,  -15.0          ,  0.0            
      3477,  577.15317436757,  -17.5          ,  0.0            
      3478,  577.15317436757,  -15.0          ,  0.0            
      3479,  577.15317436757,  -12.5          ,  0.0            
      3480,  582.19822087568,  -10.0          ,  0.0            
      3481,  579.67569762162,  -10.0          ,  0.0            
      3482,  577.15317436757,  -10.0          ,  0.0            
      3483,  574.63065111351,  -10.0          ,  0.0            
      3484,  592.28831389189,  -7.5           ,  0.0            
      3485,  594.81083714595,  -7.5           ,  0.0            
      3486,  592.28831389189,  -2.5           ,  0.0            
      3487,  594.81083714595,  -2.5           ,  0.0            
      3488,  592.28831389189,  -5.0           ,  0.0            
      3489,  594.81083714594,  -5.0           ,  0.0            
      3490,  587.24326738378,  -7.5           ,  0.0            
      3491,  587.24326738378,  -2.5           ,  0.0            
      3492,  587.24326738378,  -5.0           ,  0.0            
      3493,  589.76579063784,  -7.5           ,  0.0            
      3494,  589.76579063784,  -5.0           ,  0.0            
      3495,  589.76579063784,  -2.5           ,  0.0            
      3496,  592.28831389189,  -17.5          ,  0.0            
      3497,  594.81083714595,  -17.5          ,  0.0            
      3498,  592.28831389189,  -12.5          ,  0.0            
      3499,  594.81083714595,  -12.5          ,  0.0            
      3500,  592.28831389189,  -15.0          ,  0.0            
      3501,  594.81083714595,  -15.0          ,  0.0            
      3502,  587.24326738378,  -17.5          ,  0.0            
      3503,  587.24326738378,  -12.5          ,  0.0            
      3504,  587.24326738378,  -15.0          ,  0.0            
      3505,  589.76579063784,  -17.5          ,  0.0            
      3506,  589.76579063784,  -15.0          ,  0.0            
      3507,  589.76579063784,  -12.5          ,  0.0            
      3508,  594.81083714595,  -10.0          ,  0.0            
      3509,  592.28831389189,  -10.0          ,  0.0            
      3510,  589.76579063784,  -10.0          ,  0.0            
      3511,  587.24326738378,  -10.0          ,  0.0            
      3512,  584.72074412973,  -2.5           ,  0.0            
      3513,  584.72074412973,  -5.0           ,  0.0            
      3514,  584.72074412973,  -7.5           ,  0.0            
      3515,  584.72074412973,  -10.0          ,  0.0            
      3516,  584.72074412973,  -12.5          ,  0.0            
      3517,  584.72074412973,  -15.0          ,  0.0            
      3518,  584.72074412973,  -17.5          ,  0.0            
      3519,  574.63065111351,  -20.0          ,  0.0            
      3520,  577.15317436757,  -20.0          ,  0.0            
      3521,  579.67569762162,  -20.0          ,  0.0            
      3522,  582.19822087568,  -20.0          ,  0.0            
      3523,  584.72074412973,  -20.0          ,  0.0            
      3524,  587.24326738378,  -20.0          ,  0.0            
      3525,  589.76579063784,  -20.0          ,  0.0            
      3526,  592.28831389189,  -20.0          ,  0.0            
      3527,  594.81083714595,  -20.0          ,  0.0            
      3528,  556.97298833514,  -27.5          ,  0.0            
      3529,  559.49551158919,  -27.5          ,  0.0            
      3530,  556.97298833514,  -22.5          ,  0.0            
      3531,  559.49551158919,  -22.5          ,  0.0            
      3532,  556.97298833514,  -25.0          ,  0.0            
      3533,  559.49551158919,  -25.0          ,  0.0            
      3534,  551.92794182703,  -27.5          ,  0.0            
      3535,  551.92794182703,  -22.5          ,  0.0            
      3536,  551.92794182703,  -25.0          ,  0.0            
      3537,  554.45046508108,  -27.5          ,  0.0            
      3538,  554.45046508108,  -25.0          ,  0.0            
      3539,  554.45046508108,  -22.5          ,  0.0            
      3540,  556.97298833514,  -37.5          ,  0.0            
      3541,  559.49551158919,  -37.5          ,  0.0            
      3542,  556.97298833514,  -32.5          ,  0.0            
      3543,  559.49551158919,  -32.5          ,  0.0            
      3544,  556.97298833514,  -35.0          ,  0.0            
      3545,  559.49551158919,  -35.0          ,  0.0            
      3546,  551.92794182703,  -37.5          ,  0.0            
      3547,  551.92794182703,  -32.5          ,  0.0            
      3548,  551.92794182703,  -35.0          ,  0.0            
      3549,  554.45046508108,  -37.5          ,  0.0            
      3550,  554.45046508108,  -35.0          ,  0.0            
      3551,  554.45046508108,  -32.5          ,  0.0            
      3552,  559.49551158919,  -30.0          ,  0.0            
      3553,  556.97298833514,  -30.0          ,  0.0            
      3554,  554.45046508108,  -30.0          ,  0.0            
      3555,  551.92794182703,  -30.0          ,  0.0            
      3556,  569.5856046054 ,  -27.5          ,  0.0            
      3557,  569.5856046054 ,  -22.5          ,  0.0            
      3558,  569.5856046054 ,  -25.0          ,  0.0            
      3559,  564.5405580973 ,  -27.5          ,  0.0            
      3560,  564.5405580973 ,  -22.5          ,  0.0            
      3561,  564.5405580973 ,  -25.0          ,  0.0            
      3562,  567.06308135135,  -27.5          ,  0.0            
      3563,  567.06308135135,  -25.0          ,  0.0            
      3564,  567.06308135135,  -22.5          ,  0.0            
      3565,  569.5856046054 ,  -37.5          ,  0.0            
      3566,  569.5856046054 ,  -32.5          ,  0.0            
      3567,  569.5856046054 ,  -35.0          ,  0.0            
      3568,  564.5405580973 ,  -37.5          ,  0.0            
      3569,  564.5405580973 ,  -32.5          ,  0.0            
      3570,  564.5405580973 ,  -35.0          ,  0.0            
      3571,  567.06308135135,  -37.5          ,  0.0            
      3572,  567.06308135135,  -35.0          ,  0.0            
      3573,  567.06308135135,  -32.5          ,  0.0            
      3574,  569.5856046054 ,  -30.0          ,  0.0            
      3575,  567.06308135135,  -30.0          ,  0.0            
      3576,  564.5405580973 ,  -30.0          ,  0.0            
      3577,  562.01803484324,  -22.5          ,  0.0            
      3578,  562.01803484324,  -25.0          ,  0.0            
      3579,  562.01803484324,  -27.5          ,  0.0            
      3580,  562.01803484324,  -30.0          ,  0.0            
      3581,  562.01803484324,  -32.5          ,  0.0            
      3582,  562.01803484324,  -35.0          ,  0.0            
      3583,  562.01803484324,  -37.5          ,  0.0            
      3584,  556.97298833514,  -7.5           ,  0.0            
      3585,  559.49551158919,  -7.5           ,  0.0            
      3586,  556.97298833514,  -2.5           ,  0.0            
      3587,  559.49551158919,  -2.5           ,  0.0            
      3588,  556.97298833514,  -5.0           ,  0.0            
      3589,  559.49551158919,  -5.0           ,  0.0            
      3590,  551.92794182703,  -7.5           ,  0.0            
      3591,  551.92794182703,  -2.5           ,  0.0            
      3592,  551.92794182703,  -5.0           ,  0.0            
      3593,  554.45046508108,  -7.5           ,  0.0            
      3594,  554.45046508108,  -5.0           ,  0.0            
      3595,  554.45046508108,  -2.5           ,  0.0            
      3596,  556.97298833514,  -17.5          ,  0.0            
      3597,  559.49551158919,  -17.5          ,  0.0            
      3598,  556.97298833514,  -12.5          ,  0.0            
      3599,  559.49551158919,  -12.5          ,  0.0            
      3600,  556.97298833514,  -15.0          ,  0.0            
      3601,  559.49551158919,  -15.0          ,  0.0            
      3602,  551.92794182703,  -17.5          ,  0.0            
      3603,  551.92794182703,  -12.5          ,  0.0            
      3604,  551.92794182703,  -15.0          ,  0.0            
      3605,  554.45046508108,  -17.5          ,  0.0            
      3606,  554.45046508108,  -15.0          ,  0.0            
      3607,  554.45046508108,  -12.5          ,  0.0            
      3608,  559.49551158919,  -10.0          ,  0.0            
      3609,  556.97298833514,  -10.0          ,  0.0            
      3610,  554.45046508108,  -10.0          ,  0.0            
      3611,  551.92794182703,  -10.0          ,  0.0            
      3612,  569.5856046054 ,  -7.5           ,  0.0            
      3613,  569.5856046054 ,  -2.5           ,  0.0            
      3614,  569.5856046054 ,  -5.0           ,  0.0            
      3615,  564.5405580973 ,  -7.5           ,  0.0            
      3616,  564.5405580973 ,  -2.5           ,  0.0            
      3617,  564.5405580973 ,  -5.0           ,  0.0            
      3618,  567.06308135135,  -7.5           ,  0.0            
      3619,  567.06308135135,  -5.0           ,  0.0            
      3620,  567.06308135135,  -2.5           ,  0.0            
      3621,  569.5856046054 ,  -17.5          ,  0.0            
      3622,  569.5856046054 ,  -12.5          ,  0.0            
      3623,  569.5856046054 ,  -15.0          ,  0.0            
      3624,  564.5405580973 ,  -17.5          ,  0.0            
      3625,  564.5405580973 ,  -12.5          ,  0.0            
      3626,  564.5405580973 ,  -15.0          ,  0.0            
      3627,  567.06308135135,  -17.5          ,  0.0            
      3628,  567.06308135135,  -15.0          ,  0.0            
      3629,  567.06308135135,  -12.5          ,  0.0            
      3630,  569.5856046054 ,  -10.0          ,  0.0            
      3631,  567.06308135135,  -10.0          ,  0.0            
      3632,  564.5405580973 ,  -10.0          ,  0.0            
      3633,  562.01803484324,  -2.5           ,  0.0            
      3634,  562.01803484324,  -5.0           ,  0.0            
      3635,  562.01803484324,  -7.5           ,  0.0            
      3636,  562.01803484324,  -10.0          ,  0.0            
      3637,  562.01803484324,  -12.5          ,  0.0            
      3638,  562.01803484324,  -15.0          ,  0.0            
      3639,  562.01803484324,  -17.5          ,  0.0            
      3640,  551.92794182703,  -20.0          ,  0.0            
      3641,  554.45046508108,  -20.0          ,  0.0            
      3642,  556.97298833514,  -20.0          ,  0.0            
      3643,  559.49551158919,  -20.0          ,  0.0            
      3644,  562.01803484324,  -20.0          ,  0.0            
      3645,  564.5405580973 ,  -20.0          ,  0.0            
      3646,  567.06308135135,  -20.0          ,  0.0            
      3647,  569.5856046054 ,  -20.0          ,  0.0            
      3648,  572.10812785946,  -37.5          ,  0.0            
      3649,  572.10812785946,  -35.0          ,  0.0            
      3650,  572.10812785946,  -32.5          ,  0.0            
      3651,  572.10812785946,  -30.0          ,  0.0            
      3652,  572.10812785946,  -27.5          ,  0.0            
      3653,  572.10812785946,  -25.0          ,  0.0            
      3654,  572.10812785946,  -22.5          ,  0.0            
      3655,  572.10812785946,  -20.0          ,  0.0            
      3656,  572.10812785946,  -17.5          ,  0.0            
      3657,  572.10812785946,  -15.0          ,  0.0            
      3658,  572.10812785946,  -12.5          ,  0.0            
      3659,  572.10812785946,  -10.0          ,  0.0            
      3660,  572.10812785946,  -7.5           ,  0.0            
      3661,  572.10812785946,  -5.0           ,  0.0            
      3662,  572.10812785946,  -2.5           ,  0.0            
      3663,  534.27027904865,  -27.5          ,  0.0            
      3664,  536.7928023027 ,  -27.5          ,  0.0            
      3665,  534.27027904865,  -22.5          ,  0.0            
      3666,  536.7928023027 ,  -22.5          ,  0.0            
      3667,  534.27027904865,  -25.0          ,  0.0            
      3668,  536.7928023027 ,  -25.0          ,  0.0            
      3669,  529.22523254054,  -27.5          ,  0.0            
      3670,  529.22523254054,  -22.5          ,  0.0            
      3671,  529.22523254054,  -25.0          ,  0.0            
      3672,  531.74775579459,  -27.5          ,  0.0            
      3673,  531.74775579459,  -25.0          ,  0.0            
      3674,  531.74775579459,  -22.5          ,  0.0            
      3675,  534.27027904865,  -37.5          ,  0.0            
      3676,  536.7928023027 ,  -37.5          ,  0.0            
      3677,  534.27027904865,  -32.5          ,  0.0            
      3678,  536.7928023027 ,  -32.5          ,  0.0            
      3679,  534.27027904865,  -35.0          ,  0.0            
      3680,  536.7928023027 ,  -35.0          ,  0.0            
      3681,  529.22523254054,  -37.5          ,  0.0            
      3682,  529.22523254054,  -32.5          ,  0.0            
      3683,  529.22523254054,  -35.0          ,  0.0            
      3684,  531.74775579459,  -37.5          ,  0.0            
      3685,  531.74775579459,  -35.0          ,  0.0            
      3686,  531.74775579459,  -32.5          ,  0.0            
      3687,  536.7928023027 ,  -30.0          ,  0.0            
      3688,  534.27027904865,  -30.0          ,  0.0            
      3689,  531.74775579459,  -30.0          ,  0.0            
      3690,  529.22523254054,  -30.0          ,  0.0            
      3691,  546.88289531892,  -27.5          ,  0.0            
      3692,  546.88289531892,  -22.5          ,  0.0            
      3693,  546.88289531892,  -25.0          ,  0.0            
      3694,  541.83784881081,  -27.5          ,  0.0            
      3695,  541.83784881081,  -22.5          ,  0.0            
      3696,  541.83784881081,  -25.0          ,  0.0            
      3697,  544.36037206486,  -27.5          ,  0.0            
      3698,  544.36037206486,  -25.0          ,  0.0            
      3699,  544.36037206486,  -22.5          ,  0.0            
      3700,  546.88289531892,  -37.5          ,  0.0            
      3701,  546.88289531892,  -32.5          ,  0.0            
      3702,  546.88289531892,  -35.0          ,  0.0            
      3703,  541.83784881081,  -37.5          ,  0.0            
      3704,  541.83784881081,  -32.5          ,  0.0            
      3705,  541.83784881081,  -35.0          ,  0.0            
      3706,  544.36037206486,  -37.5          ,  0.0            
      3707,  544.36037206486,  -35.0          ,  0.0            
      3708,  544.36037206486,  -32.5          ,  0.0            
      3709,  546.88289531892,  -30.0          ,  0.0            
      3710,  544.36037206486,  -30.0          ,  0.0            
      3711,  541.83784881081,  -30.0          ,  0.0            
      3712,  539.31532555676,  -22.5          ,  0.0            
      3713,  539.31532555676,  -25.0          ,  0.0            
      3714,  539.31532555676,  -27.5          ,  0.0            
      3715,  539.31532555676,  -30.0          ,  0.0            
      3716,  539.31532555676,  -32.5          ,  0.0            
      3717,  539.31532555676,  -35.0          ,  0.0            
      3718,  539.31532555676,  -37.5          ,  0.0            
      3719,  534.27027904865,  -7.5           ,  0.0            
      3720,  536.7928023027 ,  -7.5           ,  0.0            
      3721,  534.27027904865,  -2.5           ,  0.0            
      3722,  536.7928023027 ,  -2.5           ,  0.0            
      3723,  534.27027904865,  -5.0           ,  0.0            
      3724,  536.7928023027 ,  -5.0           ,  0.0            
      3725,  529.22523254054,  -7.5           ,  0.0            
      3726,  529.22523254054,  -2.5           ,  0.0            
      3727,  529.22523254054,  -5.0           ,  0.0            
      3728,  531.74775579459,  -7.5           ,  0.0            
      3729,  531.74775579459,  -5.0           ,  0.0            
      3730,  531.74775579459,  -2.5           ,  0.0            
      3731,  534.27027904865,  -17.5          ,  0.0            
      3732,  536.7928023027 ,  -17.5          ,  0.0            
      3733,  534.27027904865,  -12.5          ,  0.0            
      3734,  536.7928023027 ,  -12.5          ,  0.0            
      3735,  534.27027904865,  -15.0          ,  0.0            
      3736,  536.7928023027 ,  -15.0          ,  0.0            
      3737,  529.22523254054,  -17.5          ,  0.0            
      3738,  529.22523254054,  -12.5          ,  0.0            
      3739,  529.22523254054,  -15.0          ,  0.0            
      3740,  531.74775579459,  -17.5          ,  0.0            
      3741,  531.74775579459,  -15.0          ,  0.0            
      3742,  531.74775579459,  -12.5          ,  0.0            
      3743,  536.7928023027 ,  -10.0          ,  0.0            
      3744,  534.27027904865,  -10.0          ,  0.0            
      3745,  531.74775579459,  -10.0          ,  0.0            
      3746,  529.22523254054,  -10.0          ,  0.0            
      3747,  546.88289531892,  -7.5           ,  0.0            
      3748,  546.88289531892,  -2.5           ,  0.0            
      3749,  546.88289531892,  -5.0           ,  0.0            
      3750,  541.83784881081,  -7.5           ,  0.0            
      3751,  541.83784881081,  -2.5           ,  0.0            
      3752,  541.83784881081,  -5.0           ,  0.0            
      3753,  544.36037206486,  -7.5           ,  0.0            
      3754,  544.36037206486,  -5.0           ,  0.0            
      3755,  544.36037206486,  -2.5           ,  0.0            
      3756,  546.88289531892,  -17.5          ,  0.0            
      3757,  546.88289531892,  -12.5          ,  0.0            
      3758,  546.88289531892,  -15.0          ,  0.0            
      3759,  541.83784881081,  -17.5          ,  0.0            
      3760,  541.83784881081,  -12.5          ,  0.0            
      3761,  541.83784881081,  -15.0          ,  0.0            
      3762,  544.36037206486,  -17.5          ,  0.0            
      3763,  544.36037206486,  -15.0          ,  0.0            
      3764,  544.36037206486,  -12.5          ,  0.0            
      3765,  546.88289531892,  -10.0          ,  0.0            
      3766,  544.36037206486,  -10.0          ,  0.0            
      3767,  541.83784881081,  -10.0          ,  0.0            
      3768,  539.31532555676,  -2.5           ,  0.0            
      3769,  539.31532555676,  -5.0           ,  0.0            
      3770,  539.31532555676,  -7.5           ,  0.0            
      3771,  539.31532555676,  -10.0          ,  0.0            
      3772,  539.31532555676,  -12.5          ,  0.0            
      3773,  539.31532555676,  -15.0          ,  0.0            
      3774,  539.31532555676,  -17.5          ,  0.0            
      3775,  529.22523254054,  -20.0          ,  0.0            
      3776,  531.74775579459,  -20.0          ,  0.0            
      3777,  534.27027904865,  -20.0          ,  0.0            
      3778,  536.7928023027 ,  -20.0          ,  0.0            
      3779,  539.31532555676,  -20.0          ,  0.0            
      3780,  541.83784881081,  -20.0          ,  0.0            
      3781,  544.36037206486,  -20.0          ,  0.0            
      3782,  546.88289531892,  -20.0          ,  0.0            
      3783,  511.56756976216,  -27.5          ,  0.0            
      3784,  514.09009301622,  -27.5          ,  0.0            
      3785,  511.56756976216,  -22.5          ,  0.0            
      3786,  514.09009301622,  -22.5          ,  0.0            
      3787,  511.56756976216,  -25.0          ,  0.0            
      3788,  514.09009301622,  -25.0          ,  0.0            
      3789,  506.52252325405,  -27.5          ,  0.0            
      3790,  506.52252325405,  -22.5          ,  0.0            
      3791,  506.52252325405,  -25.0          ,  0.0            
      3792,  509.04504650811,  -27.5          ,  0.0            
      3793,  509.04504650811,  -25.0          ,  0.0            
      3794,  509.04504650811,  -22.5          ,  0.0            
      3795,  511.56756976216,  -37.5          ,  0.0            
      3796,  514.09009301622,  -37.5          ,  0.0            
      3797,  511.56756976216,  -32.5          ,  0.0            
      3798,  514.09009301622,  -32.5          ,  0.0            
      3799,  511.56756976216,  -35.0          ,  0.0            
      3800,  514.09009301622,  -35.0          ,  0.0            
      3801,  506.52252325405,  -37.5          ,  0.0            
      3802,  506.52252325405,  -32.5          ,  0.0            
      3803,  506.52252325405,  -35.0          ,  0.0            
      3804,  509.04504650811,  -37.5          ,  0.0            
      3805,  509.04504650811,  -35.0          ,  0.0            
      3806,  509.04504650811,  -32.5          ,  0.0            
      3807,  514.09009301622,  -30.0          ,  0.0            
      3808,  511.56756976216,  -30.0          ,  0.0            
      3809,  509.04504650811,  -30.0          ,  0.0            
      3810,  506.52252325405,  -30.0          ,  0.0            
      3811,  524.18018603243,  -27.5          ,  0.0            
      3812,  524.18018603243,  -22.5          ,  0.0            
      3813,  524.18018603243,  -25.0          ,  0.0            
      3814,  519.13513952432,  -27.5          ,  0.0            
      3815,  519.13513952432,  -22.5          ,  0.0            
      3816,  519.13513952432,  -25.0          ,  0.0            
      3817,  521.65766277838,  -27.5          ,  0.0            
      3818,  521.65766277838,  -25.0          ,  0.0            
      3819,  521.65766277838,  -22.5          ,  0.0            
      3820,  524.18018603243,  -37.5          ,  0.0            
      3821,  524.18018603243,  -32.5          ,  0.0            
      3822,  524.18018603243,  -35.0          ,  0.0            
      3823,  519.13513952432,  -37.5          ,  0.0            
      3824,  519.13513952432,  -32.5          ,  0.0            
      3825,  519.13513952432,  -35.0          ,  0.0            
      3826,  521.65766277838,  -37.5          ,  0.0            
      3827,  521.65766277838,  -35.0          ,  0.0            
      3828,  521.65766277838,  -32.5          ,  0.0            
      3829,  524.18018603243,  -30.0          ,  0.0            
      3830,  521.65766277838,  -30.0          ,  0.0            
      3831,  519.13513952432,  -30.0          ,  0.0            
      3832,  516.61261627027,  -22.5          ,  0.0            
      3833,  516.61261627027,  -25.0          ,  0.0            
      3834,  516.61261627027,  -27.5          ,  0.0            
      3835,  516.61261627027,  -30.0          ,  0.0            
      3836,  516.61261627027,  -32.5          ,  0.0            
      3837,  516.61261627027,  -35.0          ,  0.0            
      3838,  516.61261627027,  -37.5          ,  0.0            
      3839,  511.56756976216,  -7.5           ,  0.0            
      3840,  514.09009301622,  -7.5           ,  0.0            
      3841,  511.56756976216,  -2.5           ,  0.0            
      3842,  514.09009301622,  -2.5           ,  0.0            
      3843,  511.56756976216,  -5.0           ,  0.0            
      3844,  514.09009301622,  -5.0           ,  0.0            
      3845,  506.52252325405,  -7.5           ,  0.0            
      3846,  506.52252325405,  -2.5           ,  0.0            
      3847,  506.52252325405,  -5.0           ,  0.0            
      3848,  509.04504650811,  -7.5           ,  0.0            
      3849,  509.04504650811,  -5.0           ,  0.0            
      3850,  509.04504650811,  -2.5           ,  0.0            
      3851,  511.56756976216,  -17.5          ,  0.0            
      3852,  514.09009301622,  -17.5          ,  0.0            
      3853,  511.56756976216,  -12.5          ,  0.0            
      3854,  514.09009301622,  -12.5          ,  0.0            
      3855,  511.56756976216,  -15.0          ,  0.0            
      3856,  514.09009301622,  -15.0          ,  0.0            
      3857,  506.52252325405,  -17.5          ,  0.0            
      3858,  506.52252325405,  -12.5          ,  0.0            
      3859,  506.52252325405,  -15.0          ,  0.0            
      3860,  509.04504650811,  -17.5          ,  0.0            
      3861,  509.04504650811,  -15.0          ,  0.0            
      3862,  509.04504650811,  -12.5          ,  0.0            
      3863,  514.09009301622,  -10.0          ,  0.0            
      3864,  511.56756976216,  -10.0          ,  0.0            
      3865,  509.04504650811,  -10.0          ,  0.0            
      3866,  506.52252325405,  -10.0          ,  0.0            
      3867,  524.18018603243,  -7.5           ,  0.0            
      3868,  524.18018603243,  -2.5           ,  0.0            
      3869,  524.18018603243,  -5.0           ,  0.0            
      3870,  519.13513952432,  -7.5           ,  0.0            
      3871,  519.13513952432,  -2.5           ,  0.0            
      3872,  519.13513952432,  -5.0           ,  0.0            
      3873,  521.65766277838,  -7.5           ,  0.0            
      3874,  521.65766277838,  -5.0           ,  0.0            
      3875,  521.65766277838,  -2.5           ,  0.0            
      3876,  524.18018603243,  -17.5          ,  0.0            
      3877,  524.18018603243,  -12.5          ,  0.0            
      3878,  524.18018603243,  -15.0          ,  0.0            
      3879,  519.13513952432,  -17.5          ,  0.0            
      3880,  519.13513952432,  -12.5          ,  0.0            
      3881,  519.13513952432,  -15.0          ,  0.0            
      3882,  521.65766277838,  -17.5          ,  0.0            
      3883,  521.65766277838,  -15.0          ,  0.0            
      3884,  521.65766277838,  -12.5          ,  0.0            
      3885,  524.18018603243,  -10.0          ,  0.0            
      3886,  521.65766277838,  -10.0          ,  0.0            
      3887,  519.13513952432,  -10.0          ,  0.0            
      3888,  516.61261627027,  -2.5           ,  0.0            
      3889,  516.61261627027,  -5.0           ,  0.0            
      3890,  516.61261627027,  -7.5           ,  0.0            
      3891,  516.61261627027,  -10.0          ,  0.0            
      3892,  516.61261627027,  -12.5          ,  0.0            
      3893,  516.61261627027,  -15.0          ,  0.0            
      3894,  516.61261627027,  -17.5          ,  0.0            
      3895,  506.52252325405,  -20.0          ,  0.0            
      3896,  509.04504650811,  -20.0          ,  0.0            
      3897,  511.56756976216,  -20.0          ,  0.0            
      3898,  514.09009301622,  -20.0          ,  0.0            
      3899,  516.61261627027,  -20.0          ,  0.0            
      3900,  519.13513952432,  -20.0          ,  0.0            
      3901,  521.65766277838,  -20.0          ,  0.0            
      3902,  524.18018603243,  -20.0          ,  0.0            
      3903,  526.70270928649,  -37.5          ,  0.0            
      3904,  526.70270928649,  -35.0          ,  0.0            
      3905,  526.70270928649,  -32.5          ,  0.0            
      3906,  526.70270928649,  -30.0          ,  0.0            
      3907,  526.70270928649,  -27.5          ,  0.0            
      3908,  526.70270928649,  -25.0          ,  0.0            
      3909,  526.70270928649,  -22.5          ,  0.0            
      3910,  526.70270928649,  -20.0          ,  0.0            
      3911,  526.70270928649,  -17.5          ,  0.0            
      3912,  526.70270928649,  -15.0          ,  0.0            
      3913,  526.70270928649,  -12.5          ,  0.0            
      3914,  526.70270928649,  -10.0          ,  0.0            
      3915,  526.70270928649,  -7.5           ,  0.0            
      3916,  526.70270928649,  -5.0           ,  0.0            
      3917,  526.70270928649,  -2.5           ,  0.0            
      3918,  549.40541857297,  -37.5          ,  0.0            
      3919,  549.40541857297,  -35.0          ,  0.0            
      3920,  549.40541857297,  -32.5          ,  0.0            
      3921,  549.40541857297,  -30.0          ,  0.0            
      3922,  549.40541857297,  -27.5          ,  0.0            
      3923,  549.40541857297,  -25.0          ,  0.0            
      3924,  549.40541857297,  -22.5          ,  0.0            
      3925,  549.40541857297,  -20.0          ,  0.0            
      3926,  549.40541857297,  -17.5          ,  0.0            
      3927,  549.40541857297,  -15.0          ,  0.0            
      3928,  549.40541857297,  -12.5          ,  0.0            
      3929,  549.40541857297,  -10.0          ,  0.0            
      3930,  549.40541857297,  -7.5           ,  0.0            
      3931,  549.40541857297,  -5.0           ,  0.0            
      3932,  549.40541857297,  -2.5           ,  0.0            
      3933,  472.9999964    ,  -20.0          ,  0.0            
      3934,  472.9999964    ,  -17.5          ,  0.0            
      3935,  472.9999964    ,  -15.0          ,  0.0            
      3936,  472.9999964    ,  -12.5          ,  0.0            
      3937,  472.9999964    ,  -10.0          ,  0.0            
      3938,  472.9999964    ,  -7.5           ,  0.0            
      3939,  472.9999964    ,  -5.0           ,  0.0            
      3940,  472.9999964    ,  -2.5           ,  0.0            
      3941,  594.81083714595,  -1.33658112E-13,  0.0            
      3942,  592.28831389189,  -1.34682339E-13,  0.0            
      3943,  589.76579063784,  -1.35706565E-13,  0.0            
      3944,  587.24326738378,  -1.36730791E-13,  0.0            
      3945,  584.72074412973,  -1.37755017E-13,  0.0            
      3946,  582.19822087568,  -1.38779243E-13,  0.0            
      3947,  579.67569762162,  -1.39803470E-13,  0.0            
      3948,  577.15317436757,  -1.40827696E-13,  0.0            
      3949,  574.63065111351,  -1.41851922E-13,  0.0            
      3950,  572.10812785946,  -1.42876148E-13,  0.0            
      3951,  569.5856046054 ,  -1.43900375E-13,  0.0            
      3952,  567.06308135135,  -1.44924601E-13,  0.0            
      3953,  564.5405580973 ,  -1.45948827E-13,  0.0            
      3954,  562.01803484324,  -1.46973053E-13,  0.0            
      3955,  559.49551158919,  -1.47997280E-13,  0.0            
      3956,  556.97298833514,  -1.49021506E-13,  0.0            
      3957,  554.45046508108,  -1.50045732E-13,  0.0            
      3958,  551.92794182703,  -1.51069958E-13,  0.0            
      3959,  549.40541857297,  -1.52094184E-13,  0.0            
      3960,  546.88289531892,  -1.53118411E-13,  0.0            
      3961,  544.36037206486,  -1.54142637E-13,  0.0            
      3962,  541.83784881081,  -1.55166863E-13,  0.0            
      3963,  539.31532555676,  -1.56191089E-13,  0.0            
      3964,  536.7928023027 ,  -1.57215316E-13,  0.0            
      3965,  534.27027904865,  -1.58239542E-13,  0.0            
      3966,  531.74775579459,  -1.59263768E-13,  0.0            
      3967,  529.22523254054,  -1.60287994E-13,  0.0            
      3968,  526.70270928649,  -1.61312221E-13,  0.0            
      3969,  524.18018603243,  -1.62336447E-13,  0.0            
      3970,  521.65766277838,  -1.63360673E-13,  0.0            
      3971,  519.13513952432,  -1.64384899E-13,  0.0            
      3972,  516.61261627027,  -1.65409125E-13,  0.0            
      3973,  514.09009301622,  -1.66433352E-13,  0.0            
      3974,  511.56756976216,  -1.67457578E-13,  0.0            
      3975,  509.04504650811,  -1.68481804E-13,  0.0            
      3976,  506.52252325405,  -1.69506030E-13,  0.0            
      3977,  493.44445862222,  -1.32633886E-13,  0.0            
      3978,  490.88890084444,  -1.32633886E-13,  0.0            
      3979,  488.33334306667,  -1.32633886E-13,  0.0            
      3980,  485.77778528889,  -1.32633886E-13,  0.0            
      3981,  483.22222751111,  -1.32633886E-13,  0.0            
      3982,  480.66666973333,  -1.32633886E-13,  0.0            
      3983,  478.11111195556,  -1.32633886E-13,  0.0            
      3984,  506.52252325405,  -40.0          ,  0.0            
      3985,  509.04504650811,  -40.0          ,  0.0            
      3986,  511.56756976216,  -40.0          ,  0.0            
      3987,  514.09009301622,  -40.0          ,  0.0            
      3988,  516.61261627027,  -40.0          ,  0.0            
      3989,  519.13513952432,  -40.0          ,  0.0            
      3990,  521.65766277838,  -40.0          ,  0.0            
      3991,  524.18018603243,  -40.0          ,  0.0            
      3992,  526.70270928649,  -40.0          ,  0.0            
      3993,  529.22523254054,  -40.0          ,  0.0            
      3994,  531.74775579459,  -40.0          ,  0.0            
      3995,  534.27027904865,  -40.0          ,  0.0            
      3996,  536.7928023027 ,  -40.0          ,  0.0            
      3997,  539.31532555676,  -40.0          ,  0.0            
      3998,  541.83784881081,  -40.0          ,  0.0            
      3999,  544.36037206486,  -40.0          ,  0.0            
      4000,  546.88289531892,  -40.0          ,  0.0            
      4001,  549.40541857297,  -40.0          ,  0.0            
      4002,  551.92794182703,  -40.0          ,  0.0            
      4003,  554.45046508108,  -40.0          ,  0.0            
      4004,  556.97298833514,  -40.0          ,  0.0            
      4005,  559.49551158919,  -40.0          ,  0.0            
      4006,  562.01803484324,  -40.0          ,  0.0            
      4007,  564.5405580973 ,  -40.0          ,  0.0            
      4008,  567.06308135135,  -40.0          ,  0.0            
      4009,  569.5856046054 ,  -40.0          ,  0.0            
      4010,  572.10812785946,  -40.0          ,  0.0            
      4011,  574.63065111351,  -40.0          ,  0.0            
      4012,  577.15317436757,  -40.0          ,  0.0            
      4013,  579.67569762162,  -40.0          ,  0.0            
      4014,  582.19822087568,  -40.0          ,  0.0            
      4015,  584.72074412973,  -40.0          ,  0.0            
      4016,  587.24326738378,  -40.0          ,  0.0            
      4017,  589.76579063784,  -40.0          ,  0.0            
      4018,  592.28831389189,  -40.0          ,  0.0            
      4019,  594.81083714595,  -40.0          ,  0.0            
      4020,  633.33333373333,  -27.5          ,  0.0            
      4021,  635.88889151111,  -27.5          ,  0.0            
      4022,  633.33333373333,  -22.5          ,  0.0            
      4023,  635.88889151111,  -22.5          ,  0.0            
      4024,  633.33333373333,  -25.0          ,  0.0            
      4025,  635.88889151111,  -25.0          ,  0.0            
      4026,  628.22221817778,  -27.5          ,  0.0            
      4027,  628.22221817778,  -22.5          ,  0.0            
      4028,  628.22221817778,  -25.0          ,  0.0            
      4029,  630.77777595556,  -27.5          ,  0.0            
      4030,  630.77777595556,  -25.0          ,  0.0            
      4031,  630.77777595556,  -22.5          ,  0.0            
      4032,  633.33333373333,  -37.5          ,  0.0            
      4033,  635.88889151111,  -37.5          ,  0.0            
      4034,  633.33333373333,  -32.5          ,  0.0            
      4035,  635.88889151111,  -32.5          ,  0.0            
      4036,  633.33333373333,  -35.0          ,  0.0            
      4037,  635.88889151111,  -35.0          ,  0.0            
      4038,  628.22221817778,  -37.5          ,  0.0            
      4039,  628.22221817778,  -32.5          ,  0.0            
      4040,  628.22221817778,  -35.0          ,  0.0            
      4041,  630.77777595556,  -37.5          ,  0.0            
      4042,  630.77777595556,  -35.0          ,  0.0            
      4043,  630.77777595556,  -32.5          ,  0.0            
      4044,  635.88889151111,  -30.0          ,  0.0            
      4045,  633.33333373333,  -30.0          ,  0.0            
      4046,  630.77777595556,  -30.0          ,  0.0            
      4047,  628.22221817778,  -30.0          ,  0.0            
      4048,  646.11112262222,  -27.5          ,  0.0            
      4049,  646.11112262222,  -22.5          ,  0.0            
      4050,  646.11112262222,  -25.0          ,  0.0            
      4051,  641.00000706667,  -27.5          ,  0.0            
      4052,  641.00000706667,  -22.5          ,  0.0            
      4053,  641.00000706667,  -25.0          ,  0.0            
      4054,  643.55556484444,  -27.5          ,  0.0            
      4055,  643.55556484444,  -25.0          ,  0.0            
      4056,  643.55556484444,  -22.5          ,  0.0            
      4057,  646.11112262222,  -37.5          ,  0.0            
      4058,  646.11112262222,  -32.5          ,  0.0            
      4059,  646.11112262222,  -35.0          ,  0.0            
      4060,  641.00000706667,  -37.5          ,  0.0            
      4061,  641.00000706667,  -32.5          ,  0.0            
      4062,  641.00000706667,  -35.0          ,  0.0            
      4063,  643.55556484444,  -37.5          ,  0.0            
      4064,  643.55556484444,  -35.0          ,  0.0            
      4065,  643.55556484444,  -32.5          ,  0.0            
      4066,  646.11112262222,  -30.0          ,  0.0            
      4067,  643.55556484444,  -30.0          ,  0.0            
      4068,  641.00000706667,  -30.0          ,  0.0            
      4069,  638.44444928889,  -22.5          ,  0.0            
      4070,  638.44444928889,  -25.0          ,  0.0            
      4071,  638.44444928889,  -27.5          ,  0.0            
      4072,  638.44444928889,  -30.0          ,  0.0            
      4073,  638.44444928889,  -32.5          ,  0.0            
      4074,  638.44444928889,  -35.0          ,  0.0            
      4075,  638.44444928889,  -37.5          ,  0.0            
      4076,  633.33333373333,  -7.5           ,  0.0            
      4077,  635.88889151111,  -7.5           ,  0.0            
      4078,  633.33333373333,  -2.5           ,  0.0            
      4079,  635.88889151111,  -2.5           ,  0.0            
      4080,  633.33333373333,  -5.0           ,  0.0            
      4081,  635.88889151111,  -5.0           ,  0.0            
      4082,  628.22221817778,  -7.5           ,  0.0            
      4083,  628.22221817778,  -2.5           ,  0.0            
      4084,  628.22221817778,  -5.0           ,  0.0            
      4085,  630.77777595556,  -7.5           ,  0.0            
      4086,  630.77777595556,  -5.0           ,  0.0            
      4087,  630.77777595556,  -2.5           ,  0.0            
      4088,  633.33333373333,  -17.5          ,  0.0            
      4089,  635.88889151111,  -17.5          ,  0.0            
      4090,  633.33333373333,  -12.5          ,  0.0            
      4091,  635.88889151111,  -12.5          ,  0.0            
      4092,  633.33333373333,  -15.0          ,  0.0            
      4093,  635.88889151111,  -15.0          ,  0.0            
      4094,  628.22221817778,  -17.5          ,  0.0            
      4095,  628.22221817778,  -12.5          ,  0.0            
      4096,  628.22221817778,  -15.0          ,  0.0            
      4097,  630.77777595556,  -17.5          ,  0.0            
      4098,  630.77777595556,  -15.0          ,  0.0            
      4099,  630.77777595556,  -12.5          ,  0.0            
      4100,  635.88889151111,  -10.0          ,  0.0            
      4101,  633.33333373333,  -10.0          ,  0.0            
      4102,  630.77777595556,  -10.0          ,  0.0            
      4103,  628.22221817778,  -10.0          ,  0.0            
      4104,  646.11112262222,  -7.5           ,  0.0            
      4105,  646.11112262222,  -2.5           ,  0.0            
      4106,  646.11112262222,  -5.0           ,  0.0            
      4107,  641.00000706667,  -7.5           ,  0.0            
      4108,  641.00000706667,  -2.5           ,  0.0            
      4109,  641.00000706667,  -5.0           ,  0.0            
      4110,  643.55556484444,  -7.5           ,  0.0            
      4111,  643.55556484444,  -5.0           ,  0.0            
      4112,  643.55556484444,  -2.5           ,  0.0            
      4113,  646.11112262222,  -17.5          ,  0.0            
      4114,  646.11112262222,  -12.5          ,  0.0            
      4115,  646.11112262222,  -15.0          ,  0.0            
      4116,  641.00000706667,  -17.5          ,  0.0            
      4117,  641.00000706667,  -12.5          ,  0.0            
      4118,  641.00000706667,  -15.0          ,  0.0            
      4119,  643.55556484444,  -17.5          ,  0.0            
      4120,  643.55556484444,  -15.0          ,  0.0            
      4121,  643.55556484444,  -12.5          ,  0.0            
      4122,  646.11112262222,  -10.0          ,  0.0            
      4123,  643.55556484444,  -10.0          ,  0.0            
      4124,  641.00000706667,  -10.0          ,  0.0            
      4125,  638.44444928889,  -2.5           ,  0.0            
      4126,  638.44444928889,  -5.0           ,  0.0            
      4127,  638.44444928889,  -7.5           ,  0.0            
      4128,  638.44444928889,  -10.0          ,  0.0            
      4129,  638.44444928889,  -12.5          ,  0.0            
      4130,  638.44444928889,  -15.0          ,  0.0            
      4131,  638.44444928889,  -17.5          ,  0.0            
      4132,  628.22221817778,  -20.0          ,  0.0            
      4133,  630.77777595556,  -20.0          ,  0.0            
      4134,  633.33333373333,  -20.0          ,  0.0            
      4135,  635.88889151111,  -20.0          ,  0.0            
      4136,  638.44444928889,  -20.0          ,  0.0            
      4137,  641.00000706667,  -20.0          ,  0.0            
      4138,  643.55556484444,  -20.0          ,  0.0            
      4139,  646.11112262222,  -20.0          ,  0.0            
      4140,  610.33331373333,  -27.5          ,  0.0            
      4141,  612.88887151111,  -27.5          ,  0.0            
      4142,  610.33331373333,  -22.5          ,  0.0            
      4143,  612.88887151111,  -22.5          ,  0.0            
      4144,  610.33331373333,  -25.0          ,  0.0            
      4145,  612.88887151111,  -25.0          ,  0.0            
      4146,  605.22219817778,  -27.5          ,  0.0            
      4147,  605.22219817778,  -22.5          ,  0.0            
      4148,  605.22219817778,  -25.0          ,  0.0            
      4149,  607.77775595556,  -27.5          ,  0.0            
      4150,  607.77775595556,  -25.0          ,  0.0            
      4151,  607.77775595556,  -22.5          ,  0.0            
      4152,  610.33331373333,  -37.5          ,  0.0            
      4153,  612.88887151111,  -37.5          ,  0.0            
      4154,  610.33331373333,  -32.5          ,  0.0            
      4155,  612.88887151111,  -32.5          ,  0.0            
      4156,  610.33331373333,  -35.0          ,  0.0            
      4157,  612.88887151111,  -35.0          ,  0.0            
      4158,  605.22219817778,  -37.5          ,  0.0            
      4159,  605.22219817778,  -32.5          ,  0.0            
      4160,  605.22219817778,  -35.0          ,  0.0            
      4161,  607.77775595556,  -37.5          ,  0.0            
      4162,  607.77775595556,  -35.0          ,  0.0            
      4163,  607.77775595556,  -32.5          ,  0.0            
      4164,  612.88887151111,  -30.0          ,  0.0            
      4165,  610.33331373333,  -30.0          ,  0.0            
      4166,  607.77775595556,  -30.0          ,  0.0            
      4167,  605.22219817778,  -30.0          ,  0.0            
      4168,  623.11110262222,  -27.5          ,  0.0            
      4169,  623.11110262222,  -22.5          ,  0.0            
      4170,  623.11110262222,  -25.0          ,  0.0            
      4171,  617.99998706667,  -27.5          ,  0.0            
      4172,  617.99998706667,  -22.5          ,  0.0            
      4173,  617.99998706667,  -25.0          ,  0.0            
      4174,  620.55554484444,  -27.5          ,  0.0            
      4175,  620.55554484444,  -25.0          ,  0.0            
      4176,  620.55554484444,  -22.5          ,  0.0            
      4177,  623.11110262222,  -37.5          ,  0.0            
      4178,  623.11110262222,  -32.5          ,  0.0            
      4179,  623.11110262222,  -35.0          ,  0.0            
      4180,  617.99998706667,  -37.5          ,  0.0            
      4181,  617.99998706667,  -32.5          ,  0.0            
      4182,  617.99998706667,  -35.0          ,  0.0            
      4183,  620.55554484444,  -37.5          ,  0.0            
      4184,  620.55554484444,  -35.0          ,  0.0            
      4185,  620.55554484444,  -32.5          ,  0.0            
      4186,  623.11110262222,  -30.0          ,  0.0            
      4187,  620.55554484444,  -30.0          ,  0.0            
      4188,  617.99998706667,  -30.0          ,  0.0            
      4189,  615.44442928889,  -22.5          ,  0.0            
      4190,  615.44442928889,  -25.0          ,  0.0            
      4191,  615.44442928889,  -27.5          ,  0.0            
      4192,  615.44442928889,  -30.0          ,  0.0            
      4193,  615.44442928889,  -32.5          ,  0.0            
      4194,  615.44442928889,  -35.0          ,  0.0            
      4195,  615.44442928889,  -37.5          ,  0.0            
      4196,  610.33331373333,  -7.5           ,  0.0            
      4197,  612.88887151111,  -7.5           ,  0.0            
      4198,  610.33331373333,  -2.5           ,  0.0            
      4199,  612.88887151111,  -2.5           ,  0.0            
      4200,  610.33331373333,  -5.0           ,  0.0            
      4201,  612.88887151111,  -5.0           ,  0.0            
      4202,  605.22219817778,  -7.5           ,  0.0            
      4203,  605.22219817778,  -2.5           ,  0.0            
      4204,  605.22219817778,  -5.0           ,  0.0            
      4205,  607.77775595556,  -7.5           ,  0.0            
      4206,  607.77775595556,  -5.0           ,  0.0            
      4207,  607.77775595556,  -2.5           ,  0.0            
      4208,  610.33331373333,  -17.5          ,  0.0            
      4209,  612.88887151111,  -17.5          ,  0.0            
      4210,  610.33331373333,  -12.5          ,  0.0            
      4211,  612.88887151111,  -12.5          ,  0.0            
      4212,  610.33331373333,  -15.0          ,  0.0            
      4213,  612.88887151111,  -15.0          ,  0.0            
      4214,  605.22219817778,  -17.5          ,  0.0            
      4215,  605.22219817778,  -12.5          ,  0.0            
      4216,  605.22219817778,  -15.0          ,  0.0            
      4217,  607.77775595556,  -17.5          ,  0.0            
      4218,  607.77775595556,  -15.0          ,  0.0            
      4219,  607.77775595556,  -12.5          ,  0.0            
      4220,  612.88887151111,  -10.0          ,  0.0            
      4221,  610.33331373333,  -10.0          ,  0.0            
      4222,  607.77775595556,  -10.0          ,  0.0            
      4223,  605.22219817778,  -10.0          ,  0.0            
      4224,  623.11110262222,  -7.5           ,  0.0            
      4225,  623.11110262222,  -2.5           ,  0.0            
      4226,  623.11110262222,  -5.0           ,  0.0            
      4227,  617.99998706667,  -7.5           ,  0.0            
      4228,  617.99998706667,  -2.5           ,  0.0            
      4229,  617.99998706667,  -5.0           ,  0.0            
      4230,  620.55554484444,  -7.5           ,  0.0            
      4231,  620.55554484444,  -5.0           ,  0.0            
      4232,  620.55554484444,  -2.5           ,  0.0            
      4233,  623.11110262222,  -17.5          ,  0.0            
      4234,  623.11110262222,  -12.5          ,  0.0            
      4235,  623.11110262222,  -15.0          ,  0.0            
      4236,  617.99998706667,  -17.5          ,  0.0            
      4237,  617.99998706667,  -12.5          ,  0.0            
      4238,  617.99998706667,  -15.0          ,  0.0            
      4239,  620.55554484444,  -17.5          ,  0.0            
      4240,  620.55554484444,  -15.0          ,  0.0            
      4241,  620.55554484444,  -12.5          ,  0.0            
      4242,  623.11110262222,  -10.0          ,  0.0            
      4243,  620.55554484444,  -10.0          ,  0.0            
      4244,  617.99998706667,  -10.0          ,  0.0            
      4245,  615.44442928889,  -2.5           ,  0.0            
      4246,  615.44442928889,  -5.0           ,  0.0            
      4247,  615.44442928889,  -7.5           ,  0.0            
      4248,  615.44442928889,  -10.0          ,  0.0            
      4249,  615.44442928889,  -12.5          ,  0.0            
      4250,  615.44442928889,  -15.0          ,  0.0            
      4251,  615.44442928889,  -17.5          ,  0.0            
      4252,  605.22219817778,  -20.0          ,  0.0            
      4253,  607.77775595556,  -20.0          ,  0.0            
      4254,  610.33331373333,  -20.0          ,  0.0            
      4255,  612.88887151111,  -20.0          ,  0.0            
      4256,  615.44442928889,  -20.0          ,  0.0            
      4257,  617.99998706667,  -20.0          ,  0.0            
      4258,  620.55554484444,  -20.0          ,  0.0            
      4259,  623.11110262222,  -20.0          ,  0.0            
      4260,  625.6666604    ,  -37.5          ,  0.0            
      4261,  625.6666604    ,  -35.0          ,  0.0            
      4262,  625.6666604    ,  -32.5          ,  0.0            
      4263,  625.6666604    ,  -30.0          ,  0.0            
      4264,  625.6666604    ,  -27.5          ,  0.0            
      4265,  625.6666604    ,  -25.0          ,  0.0            
      4266,  625.6666604    ,  -22.5          ,  0.0            
      4267,  625.6666604    ,  -20.0          ,  0.0            
      4268,  625.6666604    ,  -17.5          ,  0.0            
      4269,  625.6666604    ,  -15.0          ,  0.0            
      4270,  625.6666604    ,  -12.5          ,  0.0            
      4271,  625.6666604    ,  -10.0          ,  0.0            
      4272,  625.6666604    ,  -7.5           ,  0.0            
      4273,  625.6666604    ,  -5.0           ,  0.0            
      4274,  625.6666604    ,  -2.5           ,  0.0            
      4275,  475.55555417778,  -1.32633886E-13,  0.0            
      4276,  472.9999964    ,  -1.32633886E-13,  0.0            
      4277,  470.44443862222,  -1.32633886E-13,  0.0            
      4278,  467.88888084444,  -1.32633886E-13,  0.0            
      4279,  465.33332306667,  -1.32633886E-13,  0.0            
      4280,  462.77776528889,  -1.32633886E-13,  0.0            
      4281,  460.22220751111,  -1.32633886E-13,  0.0            
      4282,  457.66664973333,  -1.32633886E-13,  0.0            
      4283,  455.11109195556,  -1.32633886E-13,  0.0            
      4284,  452.55553417778,  -1.32633886E-13,  0.0            
      4285,  452.55553417778,  -40.0          ,  0.0            
      4286,  455.11109195556,  -40.0          ,  0.0            
      4287,  457.66664973333,  -40.0          ,  0.0            
      4288,  460.22220751111,  -40.0          ,  0.0            
      4289,  462.77776528889,  -40.0          ,  0.0            
      4290,  646.11112262222,  -1.32633886E-13,  0.0            
      4291,  643.55556484444,  -1.32633886E-13,  0.0            
      4292,  641.00000706667,  -1.32633886E-13,  0.0            
      4293,  638.44444928889,  -1.32633886E-13,  0.0            
      4294,  635.88889151111,  -1.32633886E-13,  0.0            
      4295,  633.33333373333,  -1.32633886E-13,  0.0            
      4296,  630.77777595556,  -1.32633886E-13,  0.0            
      4297,  628.22221817778,  -1.32633886E-13,  0.0            
      4298,  625.6666604    ,  -1.32633886E-13,  0.0            
      4299,  623.11110262222,  -1.32633886E-13,  0.0            
      4300,  620.55554484444,  -1.32633886E-13,  0.0            
      4301,  617.99998706667,  -1.32633886E-13,  0.0            
      4302,  615.44442928889,  -1.32633886E-13,  0.0            
      4303,  612.88887151111,  -1.32633886E-13,  0.0            
      4304,  610.33331373333,  -1.32633886E-13,  0.0            
      4305,  607.77775595556,  -1.32633886E-13,  0.0            
      4306,  605.22219817778,  -1.32633886E-13,  0.0            
      4307,  465.33332306667,  -40.0          ,  0.0            
      4308,  467.88888084444,  -40.0          ,  0.0            
      4309,  470.44443862222,  -40.0          ,  0.0            
      4310,  488.33334306667,  -40.0          ,  0.0            
      4311,  490.88890084444,  -40.0          ,  0.0            
      4312,  493.44445862222,  -40.0          ,  0.0            
      4313,  480.66666973333,  -40.0          ,  0.0            
      4314,  483.22222751111,  -40.0          ,  0.0            
      4315,  485.77778528889,  -40.0          ,  0.0            
      4316,  472.9999964    ,  -40.0          ,  0.0            
      4317,  475.55555417778,  -40.0          ,  0.0            
      4318,  478.11111195556,  -40.0          ,  0.0            
      4319,  449.9999904    ,  -1.32633886E-13,  0.0            
      4320,  605.22219817778,  -40.0          ,  0.0            
      4321,  607.77775595556,  -40.0          ,  0.0            
      4322,  610.33331373333,  -40.0          ,  0.0            
      4323,  612.88887151111,  -40.0          ,  0.0            
      4324,  615.44442928889,  -40.0          ,  0.0            
      4325,  617.99998706667,  -40.0          ,  0.0            
      4326,  620.55554484444,  -40.0          ,  0.0            
      4327,  623.11110262222,  -40.0          ,  0.0            
      4328,  650.6666604    ,  -2.5           ,  0.0            
      4329,  650.0000004    ,  -2.5           ,  0.0            
      4330,  649.3333404    ,  -2.5           ,  0.0            
      4331,  650.6666604    ,  -7.5           ,  0.0            
      4332,  650.0000004    ,  -7.5           ,  0.0            
      4333,  649.3333404    ,  -7.5           ,  0.0            
      4334,  650.6666604    ,  -5.0           ,  0.0            
      4335,  650.0000004    ,  -5.0           ,  0.0            
      4336,  649.3333404    ,  -5.0           ,  0.0            
      4337,  650.6666604    ,  -12.5          ,  0.0            
      4338,  650.0000004    ,  -12.5          ,  0.0            
      4339,  649.3333404    ,  -12.5          ,  0.0            
      4340,  650.6666604    ,  -17.5          ,  0.0            
      4341,  650.0000004    ,  -17.5          ,  0.0            
      4342,  649.3333404    ,  -17.5          ,  0.0            
      4343,  650.6666604    ,  -15.0          ,  0.0            
      4344,  650.0000004    ,  -15.0          ,  0.0            
      4345,  649.3333404    ,  -15.0          ,  0.0            
      4346,  650.6666604    ,  -10.0          ,  0.0            
      4347,  650.0000004    ,  -10.0          ,  0.0            
      4348,  649.3333404    ,  -10.0          ,  0.0            
      4349,  650.6666604    ,  -22.5          ,  0.0            
      4350,  650.0000004    ,  -22.5          ,  0.0            
      4351,  649.3333404    ,  -22.5          ,  0.0            
      4352,  650.6666604    ,  -27.5          ,  0.0            
      4353,  650.0000004    ,  -27.5          ,  0.0            
      4354,  649.3333404    ,  -27.5          ,  0.0            
      4355,  650.6666604    ,  -25.0          ,  0.0            
      4356,  650.0000004    ,  -25.0          ,  0.0            
      4357,  649.3333404    ,  -25.0          ,  0.0            
      4358,  650.6666604    ,  -32.5          ,  0.0            
      4359,  650.0000004    ,  -32.5          ,  0.0            
      4360,  649.3333404    ,  -32.5          ,  0.0            
      4361,  650.6666604    ,  -37.5          ,  0.0            
      4362,  650.0000004    ,  -37.5          ,  0.0            
      4363,  649.3333404    ,  -37.5          ,  0.0            
      4364,  650.6666604    ,  -35.0          ,  0.0            
      4365,  650.0000004    ,  -35.0          ,  0.0            
      4366,  649.3333404    ,  -35.0          ,  0.0            
      4367,  650.6666604    ,  -30.0          ,  0.0            
      4368,  650.0000004    ,  -30.0          ,  0.0            
      4369,  649.3333404    ,  -30.0          ,  0.0            
      4370,  650.6666604    ,  -20.0          ,  0.0            
      4371,  650.0000004    ,  -20.0          ,  0.0            
      4372,  649.3333404    ,  -20.0          ,  0.0            
      4373,  651.3333204    ,  -37.5          ,  0.0            
      4374,  651.3333204    ,  -35.0          ,  0.0            
      4375,  651.3333204    ,  -32.5          ,  0.0            
      4376,  651.3333204    ,  -30.0          ,  0.0            
      4377,  651.3333204    ,  -27.5          ,  0.0            
      4378,  651.3333204    ,  -25.0          ,  0.0            
      4379,  651.3333204    ,  -22.5          ,  0.0            
      4380,  651.3333204    ,  -20.0          ,  0.0            
      4381,  651.3333204    ,  -17.5          ,  0.0            
      4382,  651.3333204    ,  -15.0          ,  0.0            
      4383,  651.3333204    ,  -12.5          ,  0.0            
      4384,  651.3333204    ,  -10.0          ,  0.0            
      4385,  651.3333204    ,  -7.5           ,  0.0            
      4386,  651.3333204    ,  -5.0           ,  0.0            
      4387,  651.3333204    ,  -2.5           ,  0.0            
      4388,  641.00000706667,  -40.0          ,  0.0            
      4389,  643.55556484444,  -40.0          ,  0.0            
      4390,  646.11112262222,  -40.0          ,  0.0            
      4391,  648.6666804    ,  -2.5           ,  0.0            
      4392,  648.6666804    ,  -5.0           ,  0.0            
      4393,  648.6666804    ,  -7.5           ,  0.0            
      4394,  648.6666804    ,  -10.0          ,  0.0            
      4395,  648.6666804    ,  -12.5          ,  0.0            
      4396,  648.6666804    ,  -15.0          ,  0.0            
      4397,  648.6666804    ,  -17.5          ,  0.0            
      4398,  648.6666804    ,  -20.0          ,  0.0            
      4399,  648.6666804    ,  -22.5          ,  0.0            
      4400,  648.6666804    ,  -25.0          ,  0.0            
      4401,  648.6666804    ,  -27.5          ,  0.0            
      4402,  648.6666804    ,  -30.0          ,  0.0            
      4403,  648.6666804    ,  -32.5          ,  0.0            
      4404,  648.6666804    ,  -35.0          ,  0.0            
      4405,  648.6666804    ,  -37.5          ,  0.0            
      4406,  649.3333404    ,  -40.0          ,  0.0            
      4407,  650.0000004    ,  -40.0          ,  0.0            
      4408,  650.6666604    ,  -40.0          ,  0.0            
      4409,  601.3333204    ,  -2.5           ,  0.0            
      4410,  598.6666804    ,  -2.5           ,  0.0            
      4411,  600.0000004    ,  -2.5           ,  0.0            
      4412,  601.3333204    ,  -7.5           ,  0.0            
      4413,  598.6666804    ,  -7.5           ,  0.0            
      4414,  600.0000004    ,  -7.5           ,  0.0            
      4415,  601.3333204    ,  -5.0           ,  0.0            
      4416,  600.0000004    ,  -5.0           ,  0.0            
      4417,  598.6666804    ,  -5.0           ,  0.0            
      4418,  601.3333204    ,  -12.5          ,  0.0            
      4419,  598.6666804    ,  -12.5          ,  0.0            
      4420,  600.0000004    ,  -12.5          ,  0.0            
      4421,  601.3333204    ,  -17.5          ,  0.0            
      4422,  598.6666804    ,  -17.5          ,  0.0            
      4423,  600.0000004    ,  -17.5          ,  0.0            
      4424,  601.3333204    ,  -15.0          ,  0.0            
      4425,  600.0000004    ,  -15.0          ,  0.0            
      4426,  598.6666804    ,  -15.0          ,  0.0            
      4427,  601.3333204    ,  -10.0          ,  0.0            
      4428,  600.0000004    ,  -10.0          ,  0.0            
      4429,  598.6666804    ,  -10.0          ,  0.0            
      4430,  601.3333204    ,  -22.5          ,  0.0            
      4431,  598.6666804    ,  -22.5          ,  0.0            
      4432,  600.0000004    ,  -22.5          ,  0.0            
      4433,  601.3333204    ,  -27.5          ,  0.0            
      4434,  598.6666804    ,  -27.5          ,  0.0            
      4435,  600.0000004    ,  -27.5          ,  0.0            
      4436,  601.3333204    ,  -25.0          ,  0.0            
      4437,  600.0000004    ,  -25.0          ,  0.0            
      4438,  598.6666804    ,  -25.0          ,  0.0            
      4439,  601.3333204    ,  -32.5          ,  0.0            
      4440,  598.6666804    ,  -32.5          ,  0.0            
      4441,  600.0000004    ,  -32.5          ,  0.0            
      4442,  601.3333204    ,  -37.5          ,  0.0            
      4443,  598.6666804    ,  -37.5          ,  0.0            
      4444,  600.0000004    ,  -37.5          ,  0.0            
      4445,  601.3333204    ,  -35.0          ,  0.0            
      4446,  600.0000004    ,  -35.0          ,  0.0            
      4447,  598.6666804    ,  -35.0          ,  0.0            
      4448,  601.3333204    ,  -30.0          ,  0.0            
      4449,  600.0000004    ,  -30.0          ,  0.0            
      4450,  598.6666804    ,  -30.0          ,  0.0            
      4451,  601.3333204    ,  -20.0          ,  0.0            
      4452,  600.0000004    ,  -20.0          ,  0.0            
      4453,  598.6666804    ,  -20.0          ,  0.0            
      4454,  602.6666404    ,  -37.5          ,  0.0            
      4455,  602.6666404    ,  -35.0          ,  0.0            
      4456,  602.6666404    ,  -32.5          ,  0.0            
      4457,  602.6666404    ,  -30.0          ,  0.0            
      4458,  602.6666404    ,  -27.5          ,  0.0            
      4459,  602.6666404    ,  -25.0          ,  0.0            
      4460,  602.6666404    ,  -22.5          ,  0.0            
      4461,  602.6666404    ,  -20.0          ,  0.0            
      4462,  602.6666404    ,  -17.5          ,  0.0            
      4463,  602.6666404    ,  -15.0          ,  0.0            
      4464,  602.6666404    ,  -12.5          ,  0.0            
      4465,  602.6666404    ,  -10.0          ,  0.0            
      4466,  602.6666404    ,  -7.5           ,  0.0            
      4467,  602.6666404    ,  -5.0           ,  0.0            
      4468,  602.6666404    ,  -2.5           ,  0.0            
      4469,  633.33333373333,  -40.0          ,  0.0            
      4470,  635.88889151111,  -40.0          ,  0.0            
      4471,  638.44444928889,  -40.0          ,  0.0            
      4472,  597.3333604    ,  -2.5           ,  0.0            
      4473,  597.3333604    ,  -5.0           ,  0.0            
      4474,  597.3333604    ,  -7.5           ,  0.0            
      4475,  597.3333604    ,  -10.0          ,  0.0            
      4476,  597.3333604    ,  -12.5          ,  0.0            
      4477,  597.3333604    ,  -15.0          ,  0.0            
      4478,  597.3333604    ,  -17.5          ,  0.0            
      4479,  597.3333604    ,  -20.0          ,  0.0            
      4480,  597.3333604    ,  -22.5          ,  0.0            
      4481,  597.3333604    ,  -25.0          ,  0.0            
      4482,  597.3333604    ,  -27.5          ,  0.0            
      4483,  597.3333604    ,  -30.0          ,  0.0            
      4484,  597.3333604    ,  -32.5          ,  0.0            
      4485,  597.3333604    ,  -35.0          ,  0.0            
      4486,  597.3333604    ,  -37.5          ,  0.0            
      4487,  598.6666804    ,  -40.0          ,  0.0            
      4488,  600.0000004    ,  -40.0          ,  0.0            
      4489,  601.3333204    ,  -40.0          ,  0.0            
      4490,  502.0          ,  -2.5           ,  0.0            
      4491,  498.0          ,  -2.5           ,  0.0            
      4492,  500.0          ,  -2.5           ,  0.0            
      4493,  502.0          ,  -7.5           ,  0.0            
      4494,  498.0          ,  -7.5           ,  0.0            
      4495,  500.0          ,  -7.5           ,  0.0            
      4496,  502.0          ,  -5.0           ,  0.0            
      4497,  500.0          ,  -5.0           ,  0.0            
      4498,  498.0          ,  -5.0           ,  0.0            
      4499,  502.0          ,  -12.5          ,  0.0            
      4500,  498.0          ,  -12.5          ,  0.0            
      4501,  500.0          ,  -12.5          ,  0.0            
      4502,  502.0          ,  -17.5          ,  0.0            
      4503,  498.0          ,  -17.5          ,  0.0            
      4504,  500.0          ,  -17.5          ,  0.0            
      4505,  502.0          ,  -15.0          ,  0.0            
      4506,  500.0          ,  -15.0          ,  0.0            
      4507,  498.0          ,  -15.0          ,  0.0            
      4508,  502.0          ,  -10.0          ,  0.0            
      4509,  500.0          ,  -10.0          ,  0.0            
      4510,  498.0          ,  -10.0          ,  0.0            
      4511,  502.0          ,  -22.5          ,  0.0            
      4512,  498.0          ,  -22.5          ,  0.0            
      4513,  500.0          ,  -22.5          ,  0.0            
      4514,  502.0          ,  -27.5          ,  0.0            
      4515,  498.0          ,  -27.5          ,  0.0            
      4516,  500.0          ,  -27.5          ,  0.0            
      4517,  502.0          ,  -25.0          ,  0.0            
      4518,  500.0          ,  -25.0          ,  0.0            
      4519,  498.0          ,  -25.0          ,  0.0            
      4520,  502.0          ,  -32.5          ,  0.0            
      4521,  498.0          ,  -32.5          ,  0.0            
      4522,  500.0          ,  -32.5          ,  0.0            
      4523,  648.6666804    ,  -1.32633886E-13,  0.0            
      4524,  648.62569580122,  2.4976115581705,  0.0            
      4525,  648.58299730191,  4.9961462676914,  0.0            
      4526,  648.53802072177,  7.4958883152456,  0.0            
      4527,  648.49109880978,  9.9966436621021,  0.0            
      4528,  648.44158761653,  12.498722265886,  0.0            
      4529,  648.38986052305,  15.001910354023,  0.0            
      4530,  648.33517721194,  17.506545410385,  0.0            
      4531,  648.27795373538,  20.012393579576,  0.0            
      4532,  648.21734902148,  22.519813114853,  0.0            
      4533,  648.15381085676,  25.02855564895 ,  0.0            
      4534,  648.08639160172,  27.538991271294,  0.0            
      4535,  648.01556135165,  30.05086051232 ,  0.0            
      4536,  647.94025961441,  32.564532828873,  0.0            
      4537,  647.86096268714,  35.079741628155,  0.0            
      4538,  647.77649383929,  37.596837020438,  0.0            
      4539,  647.68730984709,  40.115548730458,  0.0            
      4540,  647.59211921168,  42.636180457174,  0.0            
      4541,  647.49131992575,  45.158458582129,  0.0            
      4542,  647.38351477931,  47.682602453399,  0.0            
      4543,  647.26898518332,  50.208327058876,  0.0            
      4544,  647.14624845861,  52.735715767208,  0.0            
      4545,  647.01538734032,  55.264445560874,  0.0            
      4546,  646.87486937443,  57.794395715476,  0.0            
      4547,  646.72446705064,  60.325141603586,  0.0            
      4548,  646.56265321623,  62.856271464223,  0.0            
      4549,  646.38874831194,  65.387127351553,  0.0            
      4550,  646.20130551666,  67.916898728239,  0.0            
      4551,  645.99903433094,  70.444447805807,  0.0            
      4552,  645.78065280819,  72.968431836906,  0.0            
      4553,  645.54413180515,  75.486818903528,  0.0            
      4554,  645.28840905508,  77.9975509572  ,  0.0            
      4555,  645.01074707618,  80.49711784682 ,  0.0            
      4556,  644.71006676014,  82.983663729051,  0.0            
      4557,  644.37051167422,  85.543091245362,  0.0            
      4558,  644.00240090566,  88.076273341228,  0.0            
      4559,  643.60137965425,  90.572891257701,  0.0            
      4560,  643.16839621269,  93.027471714865,  0.0            
      4561,  642.69986117866,  95.426450126714,  0.0            
      4562,  642.1319775574 ,  98.04794857077 ,  0.0            
      4563,  641.51710958861,  100.57521183186,  0.0            
      4564,  640.86115321513,  102.99475488132,  0.0            
      4565,  640.16512391816,  105.28909844114,  0.0            
      4566,  639.35244347886,  107.67069043946,  0.0            
      4567,  638.42498933857,  110.09543251289,  0.0            
      4568,  637.45793675473,  112.30576131838,  0.0            
      4569,  636.31913598686,  114.62117015601,  0.0            
      4570,  635.09208197469,  116.81503868056,  0.0            
      4571,  633.7328779899 ,  118.92952008584,  0.0            
      4572,  632.17948693085,  121.05598678693,  0.0            
      4573,  630.61260528437,  122.94125816729,  0.0            
      4574,  628.93958512639,  124.71635356171,  0.0            
      4575,  627.06818425459,  126.46694033882,  0.0            
      4576,  625.19356059516,  128.00943892116,  0.0            
      4577,  623.13847949908,  129.51051545925,  0.0            
      4578,  621.04616553873,  130.8710288603 ,  0.0            
      4579,  618.85588929215,  132.15480487576,  0.0            
      4580,  616.6670004    ,  133.332        ,  0.0            
      4581,  619.23107732308,  133.332        ,  0.0            
      4582,  621.79515424615,  133.332        ,  0.0            
      4583,  624.35923116923,  133.332        ,  0.0            
      4584,  626.92330809231,  133.332        ,  0.0            
      4585,  629.48738501538,  133.332        ,  0.0            
      4586,  632.05146193846,  133.332        ,  0.0            
      4587,  634.61553886154,  133.332        ,  0.0            
      4588,  637.17961578462,  133.332        ,  0.0            
      4589,  639.74369270769,  133.332        ,  0.0            
      4590,  642.30776963077,  133.332        ,  0.0            
      4591,  644.87184655384,  133.332        ,  0.0            
      4592,  647.43592347692,  133.332        ,  0.0            
      4593,  502.0          ,  -37.5          ,  0.0            
      4594,  498.0          ,  -37.5          ,  0.0            
      4595,  500.0          ,  -37.5          ,  0.0            
      4596,  502.0          ,  -35.0          ,  0.0            
      4597,  500.0          ,  -35.0          ,  0.0            
      4598,  498.0          ,  -35.0          ,  0.0            
      4599,  502.0          ,  -30.0          ,  0.0            
      4600,  500.0          ,  -30.0          ,  0.0            
      4601,  498.0          ,  -30.0          ,  0.0            
      4602,  502.0          ,  -20.0          ,  0.0            
      4603,  500.0          ,  -20.0          ,  0.0            
      4604,  498.0          ,  -20.0          ,  0.0            
      4605,  504.0          ,  -37.5          ,  0.0            
      4606,  504.0          ,  -35.0          ,  0.0            
      4607,  504.0          ,  -32.5          ,  0.0            
      4608,  504.0          ,  -30.0          ,  0.0            
      4609,  504.0          ,  -27.5          ,  0.0            
      4610,  504.0          ,  -25.0          ,  0.0            
      4611,  504.0          ,  -22.5          ,  0.0            
      4612,  504.0          ,  -20.0          ,  0.0            
      4613,  504.0          ,  -17.5          ,  0.0            
      4614,  504.0          ,  -15.0          ,  0.0            
      4615,  504.0          ,  -12.5          ,  0.0            
      4616,  504.0          ,  -10.0          ,  0.0            
      4617,  504.0          ,  -7.5           ,  0.0            
      4618,  504.0          ,  -5.0           ,  0.0            
      4619,  504.0          ,  -2.5           ,  0.0            
      4620,  625.6666604    ,  -40.0          ,  0.0            
      4621,  628.22221817778,  -40.0          ,  0.0            
      4622,  630.77777595556,  -40.0          ,  0.0            
      4623,  496.0          ,  -2.5           ,  0.0            
      4624,  496.0          ,  -5.0           ,  0.0            
      4625,  496.0          ,  -7.5           ,  0.0            
      4626,  496.0          ,  -10.0          ,  0.0            
      4627,  496.0          ,  -12.5          ,  0.0            
      4628,  496.0          ,  -15.0          ,  0.0            
      4629,  496.0          ,  -17.5          ,  0.0            
      4630,  496.0          ,  -20.0          ,  0.0            
      4631,  496.0          ,  -22.5          ,  0.0            
      4632,  496.0          ,  -25.0          ,  0.0            
      4633,  496.0          ,  -27.5          ,  0.0            
      4634,  496.0          ,  -30.0          ,  0.0            
      4635,  496.0          ,  -32.5          ,  0.0            
      4636,  496.0          ,  -35.0          ,  0.0            
      4637,  496.0          ,  -37.5          ,  0.0            
      4638,  498.0          ,  -40.0          ,  0.0            
      4639,  500.0          ,  -40.0          ,  0.0            
      4640,  502.0          ,  -40.0          ,  0.0            
      4641,  496.0          ,  -40.0          ,  0.0            
      4642,  597.3333604    ,  -40.0          ,  0.0            
      4643,  648.6666804    ,  -40.0          ,  0.0            
      4644,  504.0          ,  -40.0          ,  0.0            
      4645,  602.6666404    ,  -40.0          ,  0.0            
      4646,  651.3333204    ,  -40.0          ,  0.0            
      4647,  649.3333404    ,  -5.68434189E-14,  0.0            
      4648,  649.31246334292,  2.5068547866962,  0.0            
      4649,  649.29094896927,  5.014049615886 ,  0.0            
      4650,  649.26846297104,  7.5217578272058,  0.0            
      4651,  649.24489098869,  10.030030637371,  0.0            
      4652,  649.22015203134,  12.538898959691,  0.0            
      4653,  649.19416506205,  15.048391005703,  0.0            
      4654,  649.16684335234,  17.55853518718 ,  0.0            
      4655,  649.13809296289,  20.069360094564,  0.0            
      4656,  649.10781143465,  22.580894842746,  0.0            
      4657,  649.07588690506,  25.093168382822,  0.0            
      4658,  649.04219701212,  27.60620949472 ,  0.0            
      4659,  649.00660791059,  30.120045726958,  0.0            
      4660,  648.96897260499,  32.634703277126,  0.0            
      4661,  648.92912998178,  35.1502053454  ,  0.0            
      4662,  648.88690235956,  37.666571731978,  0.0            
      4663,  597.3333604    ,  -1.32633886E-13,  0.0            
      4664,  597.29302883022,  2.482975612343 ,  0.0            
      4665,  597.25187383738,  4.966397070349 ,  0.0            
      4666,  597.20987840003,  7.4502713061054,  0.0            
      4667,  597.16698976121,  9.9346242121917,  0.0            
      4668,  597.12277678085,  12.419679176382,  0.0            
      4669,  597.07763112058,  14.905223159503,  0.0            
      4670,  597.03153278474,  17.39126370998 ,  0.0            
      4671,  596.98438601885,  19.877847125898,  0.0            
      4672,  596.93577051953,  22.365181382714,  0.0            
      4673,  596.88609405505,  24.853051259759,  0.0            
      4674,  596.83533299861,  27.341464875448,  0.0            
      4675,  596.78334396485,  29.83048901647 ,  0.0            
      4676,  596.72971346693,  32.320316950954,  0.0            
      4677,  596.67487054856,  34.810730013448,  0.0            
      4678,  596.61878711882,  37.301736765756,  0.0            
      4679,  596.56126811906,  39.793423443575,  0.0            
      4680,  596.50189883683,  42.285970560412,  0.0            
      4681,  596.44113728848,  44.779154087867,  0.0            
      4682,  596.37894985899,  47.27298276701 ,  0.0            
      4683,  596.31508701729,  49.767559655202,  0.0            
      4684,  596.24911875293,  52.263055933825,  0.0            
      4685,  596.18154337342,  54.75923953927 ,  0.0            
      4686,  596.1123203849 ,  57.256118896959,  0.0            
      4687,  596.04114519811,  59.753809124706,  0.0            
      4688,  595.96754955653,  62.252476943971,  0.0            
      4689,  595.8920885357 ,  64.751878841186,  0.0            
      4690,  595.8147130251 ,  67.252022047298,  0.0            
      4691,  595.73506639947,  69.753026279286,  0.0            
      4692,  595.65260638472,  72.255059498142,  0.0            
      4693,  595.56796857455,  74.757862874242,  0.0            
      4694,  595.48109301495,  77.261440926652,  0.0            
      4695,  595.39157962618,  79.765907366509,  0.0            
      4696,  595.29875813707,  82.271436031341,  0.0            
      4697,  595.2033785806 ,  84.777749324669,  0.0            
      4698,  595.1053673204 ,  87.284846477994,  0.0            
      4699,  595.00429753127,  89.792821446236,  0.0            
      4700,  594.89929172195,  92.301853110694,  0.0            
      4701,  594.79126229783,  94.811644087562,  0.0            
      4702,  594.68060864571,  97.311448034568,  0.0            
      4703,  594.56674484353,  99.80483313531 ,  0.0            
      4704,  594.44823736939,  102.29917461195,  0.0            
      4705,  594.32621382472,  104.79416699193,  0.0            
      4706,  594.20056884527,  107.2897850978 ,  0.0            
      4707,  594.07068634399,  109.78607096938,  0.0            
      4708,  593.9353235429 ,  112.2830750944 ,  0.0            
      4709,  593.79576413288,  114.78052508452,  0.0            
      4710,  593.65187862653,  117.27836992816,  0.0            
      4711,  593.50290038794,  119.77658485353,  0.0            
      4712,  593.347391284  ,  122.27506420593,  0.0            
      4713,  593.18684872618,  124.77359612304,  0.0            
      4714,  593.02111501924,  127.27208715914,  0.0            
      4715,  592.84924621326,  129.77038957483,  0.0            
      4716,  592.6695441483 ,  132.26814191701,  0.0            
      4717,  592.48378631896,  134.76524576637,  0.0            
      4718,  592.2917849448 ,  137.26154022147,  0.0            
      4719,  592.09234736854,  139.7566585959 ,  0.0            
      4720,  591.8835118977 ,  142.24982968317,  0.0            
      4721,  591.66739322519,  144.74115979465,  0.0            
      4722,  591.44377824784,  147.23038673889,  0.0            
      4723,  591.21103842891,  149.71671894039,  0.0            
      4724,  590.96714609781,  152.19882353748,  0.0            
      4725,  590.71455040304,  154.67714100601,  0.0            
      4726,  590.45303336205,  157.15127408008,  0.0            
      4727,  590.18007260323,  159.6194684407 ,  0.0            
      4728,  589.89428652799,  162.07999011225,  0.0            
      4729,  589.59827422772,  164.53371043904,  0.0            
      4730,  589.28576490043,  167.02632852037,  0.0            
      4731,  588.95070723176,  169.56570184108,  0.0            
      4732,  588.60003058771,  172.09128068721,  0.0            
      4733,  588.23604654085,  174.60395403933,  0.0            
      4734,  587.8586027763 ,  177.10273950713,  0.0            
      4735,  587.46394767554,  179.58219413619,  0.0            
      4736,  587.05106381699,  182.03863731701,  0.0            
      4737,  586.62370650728,  184.47514070351,  0.0            
      4738,  586.18205301638,  186.89100001867,  0.0            
      4739,  585.71895833406,  189.27278643699,  0.0            
      4740,  585.22781987977,  191.67743261778,  0.0            
      4741,  584.69221623367,  194.1833714886 ,  0.0            
      4742,  584.13896952674,  196.65405464077,  0.0            
      4743,  583.5585670161 ,  199.0638346169 ,  0.0            
      4744,  582.96130985404,  201.43116916223,  0.0            
      4745,  582.31434992402,  203.87860031404,  0.0            
      4746,  581.62091497767,  206.35101561238,  0.0            
      4747,  580.90224673437,  208.74264227526,  0.0            
      4748,  580.16676191232,  211.07487486355,  0.0            
      4749,  579.39433877694,  213.41431336932,  0.0            
      4750,  578.5376062068 ,  215.80894124101,  0.0            
      4751,  577.66346646902,  218.12175960856,  0.0            
      4752,  576.74678688766,  220.43322694552,  0.0            
      4753,  575.74741202734,  222.78042287846,  0.0            
      4754,  574.72940388231,  225.01140445969,  0.0            
      4755,  573.60502574071,  227.35474512606,  0.0            
      4756,  572.407210285  ,  229.69348931262,  0.0            
      4757,  571.19124571827,  231.87665886567,  0.0            
      4758,  569.96689742385,  233.97848568817,  0.0            
      4759,  568.73086188562,  235.9605943718 ,  0.0            
      4760,  567.29723531354,  238.10270865068,  0.0            
      4761,  565.84314682559,  240.18411333105,  0.0            
      4762,  564.37761399668,  242.0877605357 ,  0.0            
      4763,  562.78994667863,  244.06386442018,  0.0            
      4764,  561.14221546571,  245.97897888568,  0.0            
      4765,  559.48973807008,  247.76490057594,  0.0            
      4766,  557.72743058821,  249.58983908232,  0.0            
      4767,  555.93200516057,  251.28482624134,  0.0            
      4768,  554.09303340703,  252.97367785312,  0.0            
      4769,  552.17742857051,  254.56804289169,  0.0            
      4770,  550.26124852492,  256.12088258361,  0.0            
      4771,  548.21980050505,  257.63926016728,  0.0            
      4772,  546.16886745666,  259.09790653934,  0.0            
      4773,  544.1182891958 ,  260.48499757582,  0.0            
      4774,  542.02997021866,  261.78075093504,  0.0            
      4775,  539.89173191922,  263.10747807281,  0.0            
      4776,  537.73071778929,  264.29942393957,  0.0            
      4777,  535.53235909464,  265.48171196978,  0.0            
      4778,  533.3340004    ,  266.664        ,  0.0            
      4779,  535.80311151111,  266.664        ,  0.0            
      4780,  538.27222262222,  266.664        ,  0.0            
      4781,  540.74133373333,  266.664        ,  0.0            
      4782,  543.21044484444,  266.664        ,  0.0            
      4783,  545.67955595555,  266.664        ,  0.0            
      4784,  548.14866706666,  266.664        ,  0.0            
      4785,  550.61777817778,  266.664        ,  0.0            
      4786,  553.08688928889,  266.664        ,  0.0            
      4787,  555.5560004    ,  266.664        ,  0.0            
      4788,  558.02511151111,  266.664        ,  0.0            
      4789,  560.49422262222,  266.664        ,  0.0            
      4790,  562.96333373333,  266.664        ,  0.0            
      4791,  565.43244484444,  266.664        ,  0.0            
      4792,  567.90155595555,  266.664        ,  0.0            
      4793,  570.37066706666,  266.664        ,  0.0            
      4794,  572.83977817778,  266.664        ,  0.0            
      4795,  575.30888928889,  266.664        ,  0.0            
      4796,  577.7780004    ,  266.664        ,  0.0            
      4797,  580.24711151111,  266.664        ,  0.0            
      4798,  582.71622262222,  266.664        ,  0.0            
      4799,  585.18533373333,  266.664        ,  0.0            
      4800,  587.65444484444,  266.664        ,  0.0            
      4801,  590.12355595555,  266.664        ,  0.0            
      4802,  592.59266706666,  266.664        ,  0.0            
      4803,  595.06177817778,  266.664        ,  0.0            
      4804,  597.53088928889,  266.664        ,  0.0            
      4805,  648.84209461611,  40.183816347616,  0.0            
      4806,  648.7944906615 ,  42.70194621152 ,  0.0            
      4807,  648.74385277689,  45.220957758236,  0.0            
      4808,  648.68991664038,  47.740834650509,  0.0            
      4809,  648.63239103902,  50.261542374562,  0.0            
      4810,  648.57095100472,  52.783023814326,  0.0            
      4811,  648.5052380498 ,  55.305191415704,  0.0            
      4812,  648.43485092444,  57.827918684884,  0.0            
      4813,  648.35934656276,  60.351028888917,  0.0            
      4814,  648.2782289801 ,  62.874279343142,  0.0            
      4815,  648.19095423158,  65.397344379484,  0.0            
      4816,  648.09693418196,  67.919782878247,  0.0            
      4817,  647.99563281517,  70.440984943918,  0.0            
      4818,  647.88710180399,  72.959957105262,  0.0            
      4819,  647.77518980465,  75.474314680065,  0.0            
      4820,  647.68634804613,  77.974604969213,  0.0            
      4821,  647.77963066435,  80.411738186549,  0.0            
      4822,  648.0383756837 ,  82.716062965442,  0.0            
      4823,  646.61198792953,  82.566362228176,  0.0            
      4824,  648.14979016953,  84.959091038179,  0.0            
      4825,  646.39949263522,  84.165403945616,  0.0            
      4826,  648.07724539572,  87.299841798459,  0.0            
      4827,  646.19870611724,  86.465653365608,  0.0            
      4828,  647.95897788773,  89.745557761223,  0.0            
      4829,  645.95630559333,  88.912260139844,  0.0            
      4830,  647.8046166285 ,  92.215734373922,  0.0            
      4831,  645.66906880665,  91.375762067453,  0.0            
      4832,  647.57781649851,  94.654995192549,  0.0            
      4833,  645.30933423523,  93.802495131726,  0.0            
      4834,  647.09949894887,  96.939218108836,  0.0            
      4835,  647.95090951046,  99.440235511494,  0.0            
      4836,  644.83888598743,  96.17620541409 ,  0.0            
      4837,  646.39918748036,  99.008520597197,  0.0            
      4838,  647.90153330137,  101.03811923076,  0.0            
      4839,  644.27566663373,  98.513376624804,  0.0            
      4840,  645.82761007747,  101.06941312185,  0.0            
      4841,  647.70810630062,  103.30047740696,  0.0            
      4842,  643.69496660176,  100.83675802877,  0.0            
      4843,  645.41825985496,  103.31653974776,  0.0            
      4844,  647.50967363595,  105.75923667729,  0.0            
      4845,  643.13135139395,  103.1784327608 ,  0.0            
      4846,  645.01770086419,  105.75296441418,  0.0            
      4847,  647.34247764659,  108.34717107382,  0.0            
      4848,  642.55383070637,  105.58890965892,  0.0            
      4849,  644.61609285411,  108.39809124185,  0.0            
      4850,  647.33970997801,  110.91864120011,  0.0            
      4851,  647.40287840164,  113.29814879112,  0.0            
      4852,  641.91206254636,  108.1448038931 ,  0.0            
      4853,  644.25917034258,  111.62525300567,  0.0            
      4854,  645.57411184744,  113.40022390354,  0.0            
      4855,  646.96315992904,  115.86016721061,  0.0            
      4856,  641.06407164857,  110.86382452859,  0.0            
      4857,  644.94483952832,  114.85116768428,  0.0            
      4858,  647.33000645802,  118.5691666788 ,  0.0            
      4859,  642.79037751352,  114.3736771059 ,  0.0            
      4860,  644.66183594018,  116.74807767775,  0.0            
      4861,  639.73593602862,  113.98859866646,  0.0            
      4862,  647.4449595135 ,  121.06557885364,  0.0            
      4863,  642.34700130432,  116.84568782003,  0.0            
      4864,  644.80076255123,  118.95778501909,  0.0            
      4865,  647.50283825431,  123.53366670216,  0.0            
      4866,  637.66581777242,  115.28067871246,  0.0            
      4867,  644.93497698894,  121.39529005994,  0.0            
      4868,  639.78137059468,  117.00633746802,  0.0            
      4869,  642.32024800816,  119.30380153794,  0.0            
      4870,  647.52896494102,  125.98120837518,  0.0            
      4871,  645.0481584739 ,  123.81456304733,  0.0            
      4872,  642.4577638296 ,  121.75942680078,  0.0            
      4873,  637.2972104164 ,  117.12072389631,  0.0            
      4874,  639.71810931165,  119.63850923219,  0.0            
      4875,  647.52201594741,  128.41962501721,  0.0            
      4876,  645.11577221721,  126.17839219893,  0.0            
      4877,  642.66371687102,  124.1558651862 ,  0.0            
      4878,  639.95384197139,  122.21058535188,  0.0            
      4879,  647.48646178375,  130.86799333248,  0.0            
      4880,  645.09857275147,  128.51295798062,  0.0            
      4881,  642.84913800398,  126.40796556394,  0.0            
      4882,  640.35178466944,  124.63440115018,  0.0            
      4883,  636.53135831423,  120.0859087302 ,  0.0            
      4884,  637.50904189211,  122.87722497933,  0.0            
      4885,  645.00145313417,  130.88866411771,  0.0            
      4886,  634.69120725723,  121.77626605502,  0.0            
      4887,  642.82554759666,  128.5360148048 ,  0.0            
      4888,  640.77980705221,  126.85908971354,  0.0            
      4889,  638.10620306072,  125.2924086952 ,  0.0            
      4890,  635.26092439289,  123.68580535106,  0.0            
      4891,  641.20176949266,  128.43710211492,  0.0            
      4892,  642.5608325137 ,  130.78989545046,  0.0            
      4893,  638.73402109731,  127.61546074727,  0.0            
      4894,  635.95719324864,  126.115222926  ,  0.0            
      4895,  633.18037334473,  124.63009833302,  0.0            
      4896,  639.8604647564 ,  130.16155696728,  0.0            
      4897,  636.59585902042,  128.43770541173,  0.0            
      4898,  633.96885155324,  127.19727193173,  0.0            
      4899,  637.04274708436,  130.80744920704,  0.0            
      4900,  631.18725505418,  125.88922147542,  0.0            
      4901,  634.65672884575,  129.25456168068,  0.0            
      4902,  634.89048165972,  131.19373099904,  0.0            
      4903,  631.98471407988,  129.22668428177,  0.0            
      4904,  633.44374886819,  130.11148165954,  0.0            
      4905,  629.21246423508,  127.11019715296,  0.0            
      4906,  633.53589511452,  131.22172133974,  0.0            
      4907,  627.69482621901,  127.76747301783,  0.0            
      4908,  629.36286964123,  129.97343131278,  0.0            
      4909,  626.61890936709,  130.03102993911,  0.0            
      4910,  623.85844220821,  131.27863399118,  0.0            
      4911,  621.55957483042,  132.02560027675,  0.0            
      4912,  619.86672383356,  132.5067067709 ,  0.0            
      4913,  598.6666804    ,  0.0            ,  0.0            
      4914,  598.64675086035,  2.4993196415644,  0.0            
      4915,  598.62611198174,  4.9915946041346,  0.0            
      4916,  598.6050702553 ,  7.4813759515409,  0.0            
      4917,  598.58355094558,  9.9704294597364,  0.0            
      4918,  598.56144084694,  12.459367097089,  0.0            
      4919,  598.53883628946,  14.948424105508,  0.0            
      4920,  598.51574698441,  17.437723179629,  0.0            
      4921,  598.49209797428,  19.927340624014,  0.0            
      4922,  598.4677835344 ,  22.417268325285,  0.0            
      4923,  598.44290727945,  24.907555330713,  0.0            
      4924,  598.41747244878,  27.398430224091,  0.0            
      4925,  598.39138382565,  29.890382586755,  0.0            
      4926,  598.36452245359,  32.384694901395,  0.0            
      4927,  598.33696102814,  34.884693972796,  0.0            
      4928,  598.30859077305,  37.399432797715,  0.0            
      4929,  598.27892879443,  39.952414538009,  0.0            
      4930,  598.82961768064,  42.427396921951,  0.0            
      4931,  597.66826497319,  42.400505118197,  0.0            
      4932,  598.81262204542,  44.894817329107,  0.0            
      4933,  597.62458774456,  44.868086435489,  0.0            
      4934,  598.7913877307 ,  47.373842090554,  0.0            
      4935,  597.5836021459 ,  47.347780173876,  0.0            
      4936,  598.76991291124,  49.8598054362  ,  0.0            
      4937,  597.5410799561 ,  49.834656130827,  0.0            
      4938,  598.74784645941,  52.34966803566 ,  0.0            
      4939,  597.49719925714,  52.32563306099 ,  0.0            
      4940,  598.72521629594,  54.841686479331,  0.0            
      4941,  597.45212216089,  54.818986778799,  0.0            
      4942,  598.70200663121,  57.334923941578,  0.0            
      4943,  597.40586315674,  57.313820607772,  0.0            
      4944,  598.67814413694,  59.828884445608,  0.0            
      4945,  597.35826203097,  59.809672660802,  0.0            
      4946,  598.65357805387,  62.323272976577,  0.0            
      4947,  597.30918618083,  62.306206203401,  0.0            
      4948,  598.62834193241,  64.817981359674,  0.0            
      4949,  597.25879274695,  64.803313567749,  0.0            
      4950,  598.60242229911,  67.312990263296,  0.0            
      4951,  597.20706523158,  67.30100487725 ,  0.0            
      4952,  598.5757372954 ,  69.808305270587,  0.0            
      4953,  597.15379719264,  69.79931503286 ,  0.0            
      4954,  598.54823025756,  72.303895613945,  0.0            
      4955,  597.09882211502,  72.298167907167,  0.0            
      4956,  598.519940455  ,  74.799758797312,  0.0            
      4957,  597.04231369276,  74.797558381438,  0.0            
      4958,  598.49085325549,  77.295921872643,  0.0            
      4959,  596.98424969319,  77.297542821734,  0.0            
      4960,  598.46087335388,  79.792393459173,  0.0            
      4961,  596.92438989208,  79.798161344578,  0.0            
      4962,  598.42993214072,  82.289116330408,  0.0            
      4963,  596.86252701081,  82.299305920633,  0.0            
      4964,  598.39807747643,  84.78603396358 ,  0.0            
      4965,  596.79886305215,  84.800908254312,  0.0            
      4966,  598.36530136024,  87.283073032755,  0.0            
      4967,  596.73337927329,  87.302908040001,  0.0            
      4968,  598.33151154725,  89.780084940952,  0.0            
      4969,  596.66581322352,  89.805134695498,  0.0            
      4970,  598.29669642237,  92.276770438993,  0.0            
      4971,  596.59594302484,  92.306996449022,  0.0            
      4972,  598.26102804557,  94.772956121848,  0.0            
      4973,  596.52441231154,  94.807302382584,  0.0            
      4974,  598.2244202605 ,  97.268565130137,  0.0            
      4975,  596.45113215321,  97.305928403298,  0.0            
      4976,  598.18651195319,  99.763659945481,  0.0            
      4977,  596.37517985096,  99.802820443223,  0.0            
      4978,  598.14713440626,  102.2582848669 ,  0.0            
      4979,  596.29623540566,  102.2984676482 ,  0.0            
      4980,  598.10643057169,  104.75261862608,  0.0            
      4981,  596.21479858937,  104.79378850026,  0.0            
      4982,  598.06442549543,  107.2469013069 ,  0.0            
      4983,  596.13085990209,  107.2892332888 ,  0.0            
      4984,  598.02096930605,  109.74129297779,  0.0            
      4985,  596.0440271415 ,  109.78502856148,  0.0            
      4986,  597.97593309183,  112.23581242389,  0.0            
      4987,  595.95390377745,  112.28112782359,  0.0            
      4988,  597.92938861577,  114.73045694267,  0.0            
      4989,  595.86081836164,  114.77748389108,  0.0            
      4990,  597.88131185552,  117.2252443032 ,  0.0            
      4991,  595.76473830342,  117.27412962807,  0.0            
      4992,  597.83151447779,  119.72014666746,  0.0            
      4993,  595.6651942768 ,  119.77103471548,  0.0            
      4994,  597.77984016661,  122.21506860137,  0.0            
      4995,  595.56172021577,  122.26800359077,  0.0            
      4996,  597.72636643598,  124.70992774295,  0.0            
      4997,  595.45469916307,  124.76486907734,  0.0            
      4998,  597.67103549085,  127.20487493843,  0.0            
      4999,  595.34408971137,  127.26176697577,  0.0            
      5000,  597.6135621459 ,  129.700283332  ,  0.0            
      5001,  595.22931975078,  129.75900684968,  0.0            
      5002,  597.55364530259,  132.19737654009,  0.0            
      5003,  595.10983113999,  132.25757881948,  0.0            
      5004,  597.49126022852,  134.69876092882,  0.0            
      5005,  597.42611237596,  137.21084744624,  0.0            
      5006,  594.9861733753 ,  134.75943261739,  0.0            
      5007,  597.3562302978 ,  139.74684142252,  0.0            
      5008,  594.85852494511,  137.26878631718,  0.0            
      5009,  597.26591865176,  142.33820157519,  0.0            
      5010,  594.72549809142,  139.79065119564,  0.0            
      5011,  597.03182139296,  145.05766743187,  0.0            
      5012,  594.57389949032,  142.32949729516,  0.0            
      5013,  598.35641375925,  147.04073889802,  0.0            
      5014,  597.95869469866,  149.06059703361,  0.0            
      5015,  594.31250674571,  144.87818384163,  0.0            
      5016,  595.96551834403,  147.94470601553,  0.0            
      5017,  597.80358379568,  151.47334928916,  0.0            
      5018,  593.8116289849 ,  147.45701548197,  0.0            
      5019,  595.64035946626,  150.698648026  ,  0.0            
      5020,  597.7168653804 ,  154.00666759881,  0.0            
      5021,  593.46121904192,  150.11200941203,  0.0            
      5022,  595.47139075813,  153.37353256482,  0.0            
      5023,  597.6424711687 ,  156.5778413102 ,  0.0            
      5024,  593.23485865467,  152.73188755992,  0.0            
      5025,  595.33234068011,  156.04416937426,  0.0            
      5026,  597.62129888894,  159.15673121885,  0.0            
      5027,  593.04397628804,  155.2792338096 ,  0.0            
      5028,  595.19313072308,  158.81511407158,  0.0            
      5029,  597.78820387728,  161.77378746523,  0.0            
      5030,  592.74174710613,  157.64564444888,  0.0            
      5031,  595.72894313638,  161.79252488938,  0.0            
      5032,  593.63114476928,  160.37121704736,  0.0            
      5033,  597.83675550287,  164.40888545603,  0.0            
      5034,  592.02903427169,  159.91291340852,  0.0            
      5035,  593.73127420264,  162.37353246747,  0.0            
      5036,  595.72483176162,  164.47328176483,  0.0            
      5037,  597.79279355388,  166.98223567424,  0.0            
      5038,  591.76027931642,  162.33710067075,  0.0            
      5039,  593.6358392559 ,  164.70342962417,  0.0            
      5040,  595.6151702483 ,  167.03549422561,  0.0            
      5041,  597.72806502282,  169.51396476238,  0.0            
      5042,  591.5839159114 ,  164.72763698326,  0.0            
      5043,  593.46434897663,  167.13822841068,  0.0            
      5044,  595.48015333606,  169.55764380398,  0.0            
      5045,  597.65885440319,  172.0238150421 ,  0.0            
      5046,  591.34763841828,  167.15701100705,  0.0            
      5047,  593.26536616402,  169.61086812099,  0.0            
      5048,  595.34022769301,  172.06299233704,  0.0            
      5049,  597.58778676049,  174.52911027739,  0.0            
      5050,  591.08599781025,  169.62472853568,  0.0            
      5051,  593.05781492959,  172.09736308664,  0.0            
      5052,  595.19804003363,  174.56844548254,  0.0            
      5053,  597.51440537323,  177.03818298501,  0.0            
      5054,  590.81107010949,  172.11390687737,  0.0            
      5055,  592.8447866358 ,  174.59463593527,  0.0            
      5056,  597.43624128774,  179.56576052402,  0.0            
      5057,  595.05271886244,  177.07899388151,  0.0            
      5058,  597.34568003475,  182.12658122852,  0.0            
      5059,  590.52527529076,  174.61130884572,  0.0            
      5060,  592.62601633632,  177.09653064751,  0.0            
      5061,  594.90086611885,  179.60857938373,  0.0            
      5062,  597.21189392066,  184.75988612657,  0.0            
      5063,  594.73210798272,  182.1622559106 ,  0.0            
      5064,  590.22952841238,  177.10686111036,  0.0            
      5065,  592.39815769019,  179.60812676177,  0.0            
      5066,  596.88663941232,  187.53822878133,  0.0            
      5067,  594.50687686335,  184.75631647583,  0.0            
      5068,  592.15146532579,  182.12460809041,  0.0            
      5069,  589.92098243291,  179.59908502841,  0.0            
      5070,  598.24679063747,  189.48715066574,  0.0            
      5071,  594.09594345251,  187.37536435242,  0.0            
      5072,  591.85194861957,  184.65206461206,  0.0            
      5073,  589.59343388763,  182.08133776577,  0.0            
      5074,  597.78845590338,  191.54722866224,  0.0            
      5075,  595.66174666882,  190.50833786584,  0.0            
      5076,  591.43301552962,  187.18550734105,  0.0            
      5077,  589.23047570645,  184.55649963177,  0.0            
      5078,  593.37603544911,  190.03739368157,  0.0            
      5079,  597.57010463312,  193.9849044298 ,  0.0            
      5080,  595.19139927927,  193.32678717836,  0.0            
      5081,  588.8066306052 ,  187.02479325248,  0.0            
      5082,  590.87980521757,  189.74868570209,  0.0            
      5083,  597.43113660566,  196.53580804729,  0.0            
      5084,  592.80967289872,  192.78740053729,  0.0            
      5085,  594.89352945425,  196.07388434959,  0.0            
      5086,  588.31567440371,  189.50233698349,  0.0            
      5087,  597.35808409155,  199.12895597005,  0.0            
      5088,  590.35279186299,  192.32795968113,  0.0            
      5089,  592.39093754788,  195.56308319956,  0.0            
      5090,  594.72216399558,  198.79670373861,  0.0            
      5091,  597.35075550731,  201.76900508066,  0.0            
      5092,  587.80637266948,  191.98003176294,  0.0            
      5093,  589.88988917099,  194.88282596335,  0.0            
      5094,  592.00045387952,  198.41608520634,  0.0            
      5095,  594.78694217463,  201.57056958784,  0.0            
      5096,  597.27452491546,  204.43549458142,  0.0            
      5097,  587.29438870278,  194.42521679204,  0.0            
      5098,  589.28848520337,  197.24027425875,  0.0            
      5099,  592.36450807361,  201.45433179054,  0.0            
      5100,  590.01342615373,  199.92684868208,  0.0            
      5101,  594.65587778136,  204.39444212885,  0.0            
      5102,  597.16502334051,  207.08413770582,  0.0            
      5103,  586.68824630158,  196.8132307859 ,  0.0            
      5104,  588.13727675486,  199.458447494  ,  0.0            
      5105,  589.92396354415,  201.8860645475 ,  0.0            
      5106,  592.12158387221,  204.1354162797 ,  0.0            
      5107,  597.23244697078,  209.70021629858,  0.0            
      5108,  594.29315591342,  207.28789296858,  0.0            
      5109,  585.90796106482,  199.18510962285,  0.0            
      5110,  587.52750133566,  201.78976370216,  0.0            
      5111,  589.54570914757,  204.12660044717,  0.0            
      5112,  591.50859158114,  206.54945754052,  0.0            
      5113,  594.63393986617,  210.21442238132,  0.0            
      5114,  597.14877137436,  212.31362858532,  0.0            
      5115,  592.17802603139,  209.10750370634,  0.0            
      5116,  585.24732497308,  201.5821465704 ,  0.0            
      5117,  587.04454949204,  204.0724662607 ,  0.0            
      5118,  588.88943989424,  206.43256192591,  0.0            
      5119,  590.24500947313,  208.87536871375,  0.0            
      5120,  597.12617851226,  214.73281421114,  0.0            
      5121,  592.04232728098,  211.11341003034,  0.0            
      5122,  594.37334996642,  212.98107920271,  0.0            
      5123,  584.64707120504,  203.96208944677,  0.0            
      5124,  597.60411283477,  217.05163493735,  0.0            
      5125,  586.39905299183,  206.37638514986,  0.0            
      5126,  587.9707975568 ,  208.78452419028,  0.0            
      5127,  589.54163391194,  211.27463671162,  0.0            
      5128,  597.50335662527,  219.48454335767,  0.0            
      5129,  591.64551090315,  213.47746459746,  0.0            
      5130,  595.49976623829,  217.41773993088,  0.0            
      5131,  593.96272787495,  215.7749022171 ,  0.0            
      5132,  583.99123612637,  206.32391602862,  0.0            
      5133,  585.61805332017,  208.72415044668,  0.0            
      5134,  594.95659050658,  219.40773039945,  0.0            
      5135,  587.18551729073,  211.18161566549,  0.0            
      5136,  597.28081599999,  221.87029418913,  0.0            
      5137,  589.00420712995,  213.62516257624,  0.0            
      5138,  591.04825236702,  215.95394683025,  0.0            
      5139,  583.26236225098,  208.69368969742,  0.0            
      5140,  592.59941815791,  218.69018667624,  0.0            
      5141,  584.84174871568,  211.10677703715,  0.0            
      5142,  594.56421809668,  221.71879424987,  0.0            
      5143,  597.09675549806,  224.2872223271 ,  0.0            
      5144,  586.49649643282,  213.5773096353 ,  0.0            
      5145,  588.33550332407,  216.0118214538 ,  0.0            
      5146,  590.13157020414,  218.48468274246,  0.0            
      5147,  582.5032597753 ,  211.0704251887 ,  0.0            
      5148,  591.93909824775,  221.31772874446,  0.0            
      5149,  596.89785667252,  226.72055404801,  0.0            
      5150,  594.21724884867,  224.15186275633,  0.0            
      5151,  584.0880647237 ,  213.49779369473,  0.0            
      5152,  585.76770566334,  215.9640926074 ,  0.0            
      5153,  587.53134371661,  218.4411289354 ,  0.0            
      5154,  596.85726521256,  229.09157684979,  0.0            
      5155,  589.34308025552,  221.04224248117,  0.0            
      5156,  581.72333769384,  213.45007936707,  0.0            
      5157,  591.42461754174,  223.8445460142 ,  0.0            
      5158,  593.84471537224,  226.6771881302 ,  0.0            
      5159,  583.3096106928 ,  215.88379148521,  0.0            
      5160,  584.97354018371,  218.36173467897,  0.0            
      5161,  597.31990214488,  231.56002980127,  0.0            
      5162,  586.74421128724,  220.89076268626,  0.0            
      5163,  588.68792503247,  223.55078484671,  0.0            
      5164,  590.90244293661,  226.34093437107,  0.0            
      5165,  580.9116017232 ,  215.82080213843,  0.0            
      5166,  594.97668371725,  231.49451614521,  0.0            
      5167,  593.38119122068,  229.37517992645,  0.0            
      5168,  597.19930918446,  234.06854673373,  0.0            
      5169,  582.49165241684,  218.26827570738,  0.0            
      5170,  584.1671756949 ,  220.7653771342 ,  0.0            
      5171,  585.99854015378,  223.33902465069,  0.0            
      5172,  594.22336278188,  233.67069162841,  0.0            
      5173,  588.01549299466,  226.00526848742,  0.0            
      5174,  580.06256401284,  218.18904267295,  0.0            
      5175,  590.17564687529,  228.78703140226,  0.0            
      5176,  597.23038147318,  236.56908241742,  0.0            
      5177,  581.64956240227,  220.64711448892,  0.0            
      5178,  591.65648695182,  231.84822937077,  0.0            
      5179,  583.35749549825,  223.16952136969,  0.0            
      5180,  585.21873289024,  225.76169896993,  0.0            
      5181,  592.03956081984,  234.79876484474,  0.0            
      5182,  587.16492110796,  228.43102280312,  0.0            
      5183,  594.58525250133,  236.50795791729,  0.0            
      5184,  579.17563718192,  220.54498919554,  0.0            
      5185,  597.22312099768,  239.13708274522,  0.0            
      5186,  588.91321584503,  231.15736854917,  0.0            
      5187,  580.78121972435,  223.02071292317,  0.0            
      5188,  590.02177362367,  234.07182110688,  0.0            
      5189,  582.50279362442,  225.56015739612,  0.0            
      5190,  584.30211230251,  228.18580027547,  0.0            
      5191,  591.9244881667 ,  236.83717038542,  0.0            
      5192,  594.48276410124,  239.13439514775,  0.0            
      5193,  597.17130368767,  241.67672218144,  0.0            
      5194,  586.04038442291,  230.85664716439,  0.0            
      5195,  578.25260305914,  222.88520341907,  0.0            
      5196,  587.54721136959,  233.61387691   ,  0.0            
      5197,  579.86258120136,  225.3791282607 ,  0.0            
      5198,  581.5449044354 ,  227.96108166235,  0.0            
      5199,  589.29238561633,  236.5363304717 ,  0.0            
      5200,  583.22564176488,  230.63585432884,  0.0            
      5201,  591.75164956596,  239.23098790797,  0.0            
      5202,  597.15254840299,  244.16944568417,  0.0            
      5203,  594.37301551773,  241.71866745549,  0.0            
      5204,  577.2676070038 ,  225.2191935069 ,  0.0            
      5205,  584.8596888048 ,  233.37183830253,  0.0            
      5206,  578.86396582246,  227.73990377861,  0.0            
      5207,  586.69652323613,  236.15496659715,  0.0            
      5208,  597.25588236053,  246.62725367674,  0.0            
      5209,  589.05304034315,  239.07092436133,  0.0            
      5210,  580.48677196564,  230.38611627871,  0.0            
      5211,  591.62291032718,  241.81694693238,  0.0            
      5212,  594.29600557696,  244.27948972802,  0.0            
      5213,  582.11490226735,  233.19318305205,  0.0            
      5214,  576.21592886542,  227.5395045472 ,  0.0            
      5215,  583.96272417016,  235.96594579206,  0.0            
      5216,  597.51177342996,  249.1063392615 ,  0.0            
      5217,  586.37395085976,  238.77060879436,  0.0            
      5218,  577.79866747424,  230.1062422526 ,  0.0            
      5219,  594.43952644566,  246.70925740986,  0.0            
      5220,  588.95532622555,  241.72266603224,  0.0            
      5221,  579.41298166408,  232.89306580716,  0.0            
      5222,  496.0          ,  -1.70530257E-13,  0.0            
      5223,  495.95954780076,  2.4904020531804,  0.0            
      5224,  495.91909560152,  4.9808041063611,  0.0            
      5225,  495.87739705638,  7.471880998437 ,  0.0            
      5226,  495.83568882984,  9.9629631325425,  0.0            
      5227,  495.79269137083,  12.45473617162 ,  0.0            
      5228,  495.7496744545 ,  14.946519637952,  0.0            
      5229,  495.70532267121,  17.439010742103,  0.0            
      5230,  495.66094160971,  19.931517367182,  0.0            
      5231,  495.61517706693,  22.424749053679,  0.0            
      5232,  495.56937343856,  24.918001224344,  0.0            
      5233,  495.5221344705 ,  27.411996597957,  0.0            
      5234,  495.47484669128,  29.906017245451,  0.0            
      5235,  495.4260681862 ,  32.400799976736,  0.0            
      5236,  495.37723130599,  34.895612550356,  0.0            
      5237,  495.32684446965,  37.391206848003,  0.0            
      5238,  495.27638994828,  39.886835282748,  0.0            
      5239,  495.22432205198,  42.383265854679,  0.0            
      5240,  495.17217752193,  44.879734527349,  0.0            
      5241,  495.118351627  ,  47.377026532101,  0.0            
      5242,  495.06444063406,  49.874360207709,  0.0            
      5243,  495.0087752961 ,  52.3725391914  ,  0.0            
      5244,  494.95301702222,  54.87076295504 ,  0.0            
      5245,  494.89542597118,  57.369854772441,  0.0            
      5246,  494.83773493532,  59.868993945406,  0.0            
      5247,  494.7781267278 ,  62.369024662939,  0.0            
      5248,  494.7184124616 ,  64.869104701068,  0.0            
      5249,  494.65669010681,  67.370100476496,  0.0            
      5250,  494.59485680695,  69.871146845576,  0.0            
      5251,  494.53091735725,  72.373133783414,  0.0            
      5252,  494.46686350537,  74.87517181121 ,  0.0            
      5253,  494.40059761838,  77.378175784678,  0.0            
      5254,  494.33421557659,  79.881230480319,  0.0            
      5255,  494.26550703353,  82.385276919883,  0.0            
      5256,  494.19668259937,  84.889372761654,  0.0            
      5257,  494.12540778911,  87.394486397892,  0.0            
      5258,  494.05401972131,  89.899647077067,  0.0            
      5259,  493.98004707465,  92.405851635439,  0.0            
      5260,  493.90596657318,  94.912099755018,  0.0            
      5261,  493.8291559534 ,  97.419417589249,  0.0            
      5262,  493.75224610138,  99.926774304644,  0.0            
      5263,  493.67244813984,  102.43522596107,  0.0            
      5264,  493.59256329562,  104.94371055649,  0.0            
      5265,  493.50961867148,  107.45331425532,  0.0            
      5266,  493.42660381096,  109.96294364284,  0.0            
      5267,  493.34034246982,  112.47371466181,  0.0            
      5268,  493.25403247379,  114.98450279035,  0.0            
      5269,  493.16427278013,  117.49645273336,  0.0            
      5270,  493.07447941233,  120.00841382521,  0.0            
      5271,  492.98103947835,  122.5215458228 ,  0.0            
      5272,  492.8875462937 ,  125.03469403657,  0.0            
      5273,  492.79024723745,  127.54900123579,  0.0            
      5274,  492.69284562533,  130.06333786912,  0.0            
      5275,  492.59147354214,  132.57881404988,  0.0            
      5276,  492.48994021776,  135.09433351876,  0.0            
      5277,  492.38426653988,  137.61096454084,  0.0            
      5278,  492.27836237668,  140.12765291624,  0.0            
      5279,  492.16814272151,  142.64541514624,  0.0            
      5280,  492.05807859144,  145.15301996366,  0.0            
      5281,  491.94387422348,  147.65386276056,  0.0            
      5282,  491.82935740069,  150.15476990832,  0.0            
      5283,  491.71010214483,  152.65665294827,  0.0            
      5284,  491.59050797548,  155.15859784248,  0.0            
      5285,  491.46590426888,  157.66145701488,  0.0            
      5286,  491.34092849797,  160.16437481867,  0.0            
      5287,  491.2106575191 ,  162.6681270626 ,  0.0            
      5288,  491.07997402963,  165.17193337057,  0.0            
      5289,  490.94369404167,  167.67647316109,  0.0            
      5290,  490.80695327623,  170.18106032182,  0.0            
      5291,  490.6642978577 ,  172.68625553822,  0.0            
      5292,  490.52112518696,  175.19148834262,  0.0            
      5293,  490.37170135558,  177.69717541012,  0.0            
      5294,  490.22169542066,  180.20288604631,  0.0            
      5295,  490.06508164796,  182.70886422604,  0.0            
      5296,  489.9078127047 ,  185.21484639235,  0.0            
      5297,  489.74355685072,  187.72087107253,  0.0            
      5298,  489.57856517633,  190.2268731303 ,  0.0            
      5299,  489.40618231204,  192.73264794981,  0.0            
      5300,  489.23297670153,  195.23836499375,  0.0            
      5301,  489.05194694193,  197.74353260392,  0.0            
      5302,  488.87000345956,  200.24859732878,  0.0            
      5303,  488.67976973254,  202.75272857109,  0.0            
      5304,  488.48853073869,  205.25670082433,  0.0            
      5305,  488.28849664613,  207.75928207914,  0.0            
      5306,  488.08737033399,  210.26163702101,  0.0            
      5307,  487.87689809337,  212.76205544333,  0.0            
      5308,  487.6652586612 ,  215.26217028039,  0.0            
      5309,  487.443667343  ,  217.75969664277,  0.0            
      5310,  487.22085613389,  220.25683600989,  0.0            
      5311,  486.98742019191,  222.75060481239,  0.0            
      5312,  486.7527479984 ,  225.24390498663,  0.0            
      5313,  486.50669643304,  227.73289156031,  0.0            
      5314,  486.25944746625,  230.22134395579,  0.0            
      5315,  485.99996368015,  232.70433822037,  0.0            
      5316,  485.7394015116 ,  235.18677285874,  0.0            
      5317,  485.4656243292 ,  237.66234957021,  0.0            
      5318,  485.19100046144,  240.1374197559 ,  0.0            
      5319,  484.90202650502,  242.60390506423,  0.0            
      5320,  484.61259198818,  245.07007499458,  0.0            
      5321,  484.30747995098,  247.52550942834,  0.0            
      5322,  483.99613697074,  250.02927756731,  0.0            
      5323,  483.66007698946,  252.57624732929,  0.0            
      5324,  483.32310351501,  255.12241030606,  0.0            
      5325,  482.96816109258,  257.65270334323,  0.0            
      5326,  482.61177741071,  260.18155901254,  0.0            
      5327,  482.23690667761,  262.69197754785,  0.0            
      5328,  481.86034569784,  265.20049768985,  0.0            
      5329,  481.46451000096,  267.68736951563,  0.0            
      5330,  481.06713503484,  270.17229821315,  0.0            
      5331,  480.64933000927,  272.63143660389,  0.0            
      5332,  480.23068105354,  275.08937920936,  0.0            
      5333,  479.7899630701 ,  277.51605166988,  0.0            
      5334,  479.34924508665,  279.9427241304 ,  0.0            
      5335,  478.8853259203 ,  282.33252683418,  0.0            
      5336,  478.42084590739,  284.72143827839,  0.0            
      5337,  477.92423759078,  287.12220793389,  0.0            
      5338,  477.39634545897,  289.6542549794 ,  0.0            
      5339,  476.8451317913 ,  292.13969914149,  0.0            
      5340,  476.29023002161,  294.617773455  ,  0.0            
      5341,  475.71219265995,  297.04396084792,  0.0            
      5342,  475.12993598546,  299.4606854551 ,  0.0            
      5343,  474.52638100737,  301.8237328762 ,  0.0            
      5344,  473.90350949679,  304.22218240875,  0.0            
      5345,  473.21699883555,  306.72751339103,  0.0            
      5346,  472.52149132556,  309.20731833432,  0.0            
      5347,  471.80626402999,  311.62398707421,  0.0            
      5348,  471.08177154753,  314.01099176316,  0.0            
      5349,  470.34093113313,  316.3387530779 ,  0.0            
      5350,  469.58852542517,  318.62460285203,  0.0            
      5351,  468.76174667649,  321.04551228692,  0.0            
      5352,  467.90244933344,  323.44730887951,  0.0            
      5353,  467.03354844422,  325.80397111325,  0.0            
      5354,  466.14708631984,  328.07809976249,  0.0            
      5355,  465.22329297627,  330.41014934763,  0.0            
      5356,  464.22092887581,  332.76436600179,  0.0            
      5357,  463.21733484981,  335.11091170567,  0.0            
      5358,  462.1905530873 ,  337.31283729529,  0.0            
      5359,  461.11214426799,  339.62547671102,  0.0            
      5360,  459.91438164574,  341.99764670906,  0.0            
      5361,  458.71298444769,  344.34338427597,  0.0            
      5362,  457.49651939263,  346.55995979577,  0.0            
      5363,  456.27419697928,  348.72632589378,  0.0            
      5364,  455.04470079581,  350.81920756552,  0.0            
      5365,  453.80496922845,  352.80724320771,  0.0            
      5366,  452.49810986601,  354.90292509584,  0.0            
      5367,  451.03478965079,  357.02832819039,  0.0            
      5368,  449.57078316018,  359.14517883824,  0.0            
      5369,  448.09915454615,  361.14364001969,  0.0            
      5370,  446.62236317445,  363.0619114573 ,  0.0            
      5371,  445.14557180276,  364.9801828949 ,  0.0            
      5372,  443.50383993678,  366.8904095853 ,  0.0            
      5373,  441.83824879676,  368.82628217232,  0.0            
      5374,  440.16971648648,  370.68209506276,  0.0            
      5375,  438.48138332249,  372.43043026208,  0.0            
      5376,  436.68455775412,  374.29111360067,  0.0            
      5377,  434.88457884764,  376.02436636525,  0.0            
      5378,  433.08265918371,  377.67919054776,  0.0            
      5379,  431.2221830497 ,  379.38779108039,  0.0            
      5380,  429.3012587329 ,  381.01646079816,  0.0            
      5381,  427.37934834417,  382.57394426262,  0.0            
      5382,  425.45743795544,  384.13142772707,  0.0            
      5383,  423.44676488519,  385.6677336271 ,  0.0            
      5384,  421.42158238587,  387.10806592254,  0.0            
      5385,  419.37541707717,  388.56332142515,  0.0            
      5386,  417.2897133831 ,  390.04073958278,  0.0            
      5387,  415.20492127446,  391.33430460211,  0.0            
      5388,  413.08233548997,  392.65131971838,  0.0            
      5389,  410.93770129131,  393.98201536288,  0.0            
      5390,  408.79361327098,  395.27075188506,  0.0            
      5391,  406.61480605127,  396.44252503667,  0.0            
      5392,  404.40987070085,  397.62835002445,  0.0            
      5393,  402.20493535042,  398.81417501222,  0.0            
      5394,  400.0          ,  400.0          ,  0.0            
      5395,  402.5          ,  400.0          ,  0.0            
      5396,  405.0          ,  400.0          ,  0.0            
      5397,  407.5          ,  400.0          ,  0.0            
      5398,  410.0          ,  400.0          ,  0.0            
      5399,  412.5          ,  400.0          ,  0.0            
      5400,  415.0          ,  400.0          ,  0.0            
      5401,  417.5          ,  400.0          ,  0.0            
      5402,  420.0          ,  400.0          ,  0.0            
      5403,  422.5          ,  400.0          ,  0.0            
      5404,  425.0          ,  400.0          ,  0.0            
      5405,  427.5          ,  400.0          ,  0.0            
      5406,  430.0          ,  400.0          ,  0.0            
      5407,  432.5          ,  400.0          ,  0.0            
      5408,  435.0          ,  400.0          ,  0.0            
      5409,  437.5          ,  400.0          ,  0.0            
      5410,  440.0          ,  400.0          ,  0.0            
      5411,  442.5          ,  400.0          ,  0.0            
      5412,  445.0          ,  400.0          ,  0.0            
      5413,  447.5          ,  400.0          ,  0.0            
      5414,  450.0          ,  400.0          ,  0.0            
      5415,  452.5          ,  400.0          ,  0.0            
      5416,  455.0          ,  400.0          ,  0.0            
      5417,  457.5          ,  400.0          ,  0.0            
      5418,  460.0          ,  400.0          ,  0.0            
      5419,  462.5          ,  400.0          ,  0.0            
      5420,  465.0          ,  400.0          ,  0.0            
      5421,  467.5          ,  400.0          ,  0.0            
      5422,  470.0          ,  400.0          ,  0.0            
      5423,  472.5          ,  400.0          ,  0.0            
      5424,  475.0          ,  400.0          ,  0.0            
      5425,  477.5          ,  400.0          ,  0.0            
      5426,  480.0          ,  400.0          ,  0.0            
      5427,  482.5          ,  400.0          ,  0.0            
      5428,  485.0          ,  400.0          ,  0.0            
      5429,  487.5          ,  400.0          ,  0.0            
      5430,  490.0          ,  400.0          ,  0.0            
      5431,  492.5          ,  400.0          ,  0.0            
      5432,  495.0          ,  400.0          ,  0.0            
      5433,  497.5          ,  400.0          ,  0.0            
      5434,  591.5187365684 ,  244.54163785676,  0.0            
      5435,  597.59906366454,  251.61445568306,  0.0            
      5436,  581.18183143477,  235.90320104606,  0.0            
      5437,  595.13803825526,  249.11049142367,  0.0            
      5438,  583.60681828029,  238.54099734349,  0.0            
      5439,  575.11778068952,  229.84785996368,  0.0            
      5440,  586.38005214949,  241.47648056682,  0.0            
      5441,  576.7210080512 ,  232.50821461445,  0.0            
      5442,  595.22680563773,  251.58067028305,  0.0            
      5443,  588.83874218536,  244.48169531634,  0.0            
      5444,  597.57780272735,  254.11314499342,  0.0            
      5445,  593.11865720872,  249.30799362255,  0.0            
      5446,  578.47687930861,  235.50033183357,  0.0            
      5447,  591.41167927401,  247.43315273518,  0.0            
      5448,  583.96426070433,  241.21562740627,  0.0            
      5449,  592.81448095136,  251.34950181932,  0.0            
      5450,  573.99278319064,  232.14527625013,  0.0            
      5451,  586.24333395638,  244.24749548787,  0.0            
      5452,  595.14115390629,  254.00862492549,  0.0            
      5453,  580.47118639035,  238.88488739516,  0.0            
      5454,  597.55310782441,  256.60402450492,  0.0            
      5455,  575.74822516278,  234.94262437126,  0.0            
      5456,  588.60498165764,  247.26907603292,  0.0            
      5457,  581.89723937958,  241.12465221542,  0.0            
      5458,  590.50101088758,  250.45267200041,  0.0            
      5459,  577.67516155565,  238.23490170218,  0.0            
      5460,  583.75626071825,  243.94690055399,  0.0            
      5461,  592.69291309683,  253.75418113951,  0.0            
      5462,  595.09923093356,  256.48465295726,  0.0            
      5463,  597.53869892784,  259.10635495938,  0.0            
      5464,  585.95954634213,  247.01844818681,  0.0            
      5465,  572.91853892995,  234.40167671828,  0.0            
      5466,  581.3101430037 ,  243.32351699671,  0.0            
      5467,  574.98695830669,  237.48057758119,  0.0            
      5468,  588.13684212648,  250.07007657676,  0.0            
      5469,  590.2695392171 ,  253.27401714138,  0.0            
      5470,  579.09051078685,  241.94699352941,  0.0            
      5471,  592.64093065604,  256.28366773818,  0.0            
      5472,  583.39299081124,  246.63973475994,  0.0            
      5473,  595.07696840554,  259.00364062036,  0.0            
      5474,  597.52893071855,  261.61893906319,  0.0            
      5475,  572.16780433887,  236.63463572115,  0.0            
      5476,  576.77585167718,  241.08396939639,  0.0            
      5477,  585.61973192668,  249.8097070283 ,  0.0            
      5478,  580.87616853478,  245.97766237326,  0.0            
      5479,  587.85127445609,  252.92108923805,  0.0            
      5480,  590.18828843909,  255.994978375  ,  0.0            
      5481,  574.37925956051,  240.24165845656,  0.0            
      5482,  592.61498185213,  258.86067303736,  0.0            
      5483,  595.06162395167,  261.545965455  ,  0.0            
      5484,  578.45242197572,  245.01647539431,  0.0            
      5485,  597.52373153175,  264.13948698112,  0.0            
      5486,  583.07696498768,  249.41666202076,  0.0            
      5487,  572.09263033592,  239.1063738039 ,  0.0            
      5488,  585.37427125898,  252.63436018141,  0.0            
      5489,  576.04076809797,  244.16907286161,  0.0            
      5490,  587.73554857892,  255.72855930706,  0.0            
      5491,  570.00895836897,  238.30301190435,  0.0            
      5492,  580.52200307614,  248.81492854877,  0.0            
      5493,  590.15154031325,  258.67987645103,  0.0            
      5494,  592.59606135078,  261.45489667737,  0.0            
      5495,  595.05294381146,  264.10247605056,  0.0            
      5496,  573.58190930613,  243.24962763936,  0.0            
      5497,  582.84080647291,  252.25711043255,  0.0            
      5498,  571.25819659413,  241.23098501438,  0.0            
      5499,  577.99180227729,  248.07001707394,  0.0            
      5500,  585.24373004174,  255.46794581112,  0.0            
      5501,  568.9875416918 ,  239.88260560149,  0.0            
      5502,  587.68179221445,  258.49315977093,  0.0            
      5503,  590.12738261358,  261.34695282652,  0.0            
      5504,  575.48967751178,  247.3899270104 ,  0.0            
      5505,  580.2436933279 ,  251.72704216951,  0.0            
      5506,  592.58429108511,  264.0582511359 ,  0.0            
      5507,  571.36771759012,  244.05681924699,  0.0            
      5508,  569.6451846658 ,  242.91712157498,  0.0            
      5509,  573.19897063798,  246.78820192608,  0.0            
      5510,  582.70368864245,  255.13028617752,  0.0            
      5511,  577.58919680917,  251.10968228643,  0.0            
      5512,  585.18092070252,  258.28626187777,  0.0            
      5513,  567.66154596005,  241.70484080751,  0.0            
      5514,  587.65092900448,  261.22862613322,  0.0            
      5515,  590.1134530556 ,  264.00697260306,  0.0            
      5516,  570.89286583964,  245.96561046476,  0.0            
      5517,  580.08777204932,  254.67758280891,  0.0            
      5518,  574.80566653649,  250.54031447101,  0.0            
      5519,  568.5075917522 ,  245.01614009723,  0.0            
      5520,  582.64258575284,  258.01349984486,  0.0            
      5521,  585.15111286279,  261.0867118353 ,  0.0            
      5522,  577.39628840057,  254.16572984729,  0.0            
      5523,  587.63699951832,  263.94878510694,  0.0            
      5524,  571.7470213341 ,  250.13268217369,  0.0            
      5525,  570.15767900155,  247.81245006893,  0.0            
      5526,  566.33101192425,  243.82344480177,  0.0            
      5527,  580.04088113356,  257.65497502743,  0.0            
      5528,  574.57865016608,  253.70219467376,  0.0            
      5529,  567.83723972812,  247.46274240863,  0.0            
      5530,  582.6261182168 ,  260.89543311172,  0.0            
      5531,  585.14697075168,  263.87595058888,  0.0            
      5532,  577.38141928578,  257.25703667392,  0.0            
      5533,  565.2204373421 ,  246.25705759912,  0.0            
      5534,  571.65316972358,  253.4225914934 ,  0.0            
      5535,  580.05903418428,  260.64575096232,  0.0            
      5536,  582.64401111795,  263.776775491  ,  0.0            
      5537,  568.18062798826,  250.31003779042,  0.0            
      5538,  574.63139553659,  256.90852582579,  0.0            
      5539,  577.45799984755,  260.37164015287,  0.0            
      5540,  564.50026916395,  249.18255934718,  0.0            
      5541,  580.12169720759,  263.647825674  ,  0.0            
      5542,  571.81408856574,  256.70704351278,  0.0            
      5543,  568.64369048673,  253.36528459187,  0.0            
      5544,  574.79943730507,  260.13523894456,  0.0            
      5545,  577.58735755814,  263.50665888047,  0.0            
      5546,  572.10234068788,  260.00052077943,  0.0            
      5547,  575.03002204383,  263.38467162774,  0.0            
      5548,  565.80779741039,  253.06750357082,  0.0            
      5549,  568.90205316522,  256.67712889364,  0.0            
      5550,  561.85600183153,  250.17031432664,  0.0            
      5551,  572.46227905296,  263.31503586652,  0.0            
      5552,  569.35461949424,  260.00690025426,  0.0            
      5553,  563.12371075358,  252.91282724623,  0.0            
      5554,  565.9319759882 ,  256.90641880133,  0.0            
      5555,  559.77004122056,  251.35352745774,  0.0            
      5556,  563.55123162085,  255.37550776441,  0.0            
      5557,  569.88155996219,  263.32844402804,  0.0            
      5558,  560.82173044737,  253.77766505211,  0.0            
      5559,  566.63523412784,  260.29179330976,  0.0            
      5560,  558.11503437554,  252.46810431717,  0.0            
      5561,  561.61918638868,  256.31684593439,  0.0            
      5562,  558.64066374272,  254.60502921521,  0.0            
      5563,  567.31889071881,  263.48525772465,  0.0            
      5564,  563.04140420132,  258.58746409126,  0.0            
      5565,  556.51067656472,  254.64894267338,  0.0            
      5566,  559.21558069293,  257.01833508034,  0.0            
      5567,  563.95963759496,  261.06846313226,  0.0            
      5568,  564.76034315125,  263.81064690254,  0.0            
      5569,  560.14553260336,  259.36571814095,  0.0            
      5570,  554.77128570058,  254.98863458525,  0.0            
      5571,  556.61175887165,  257.44464272422,  0.0            
      5572,  561.15420517083,  261.69646584039,  0.0            
      5573,  562.20494729528,  264.11529591176,  0.0            
      5574,  557.27132991073,  259.92606168992,  0.0            
      5575,  553.72820520156,  257.54889529511,  0.0            
      5576,  558.27427935135,  262.22160679474,  0.0            
      5577,  559.74986700698,  264.38803746398,  0.0            
      5578,  554.62253710059,  260.55261864539,  0.0            
      5579,  557.74794851358,  264.86276490197,  0.0            
      5580,  551.2849384545 ,  258.70399806172,  0.0            
      5581,  555.51559559915,  263.44981257541,  0.0            
      5582,  552.08395221263,  261.33360559154,  0.0            
      5583,  552.87019629022,  263.94333625362,  0.0            
      5584,  548.95017409911,  259.98760664856,  0.0            
      5585,  549.46457563626,  262.30070528519,  0.0            
      5586,  550.43514826669,  264.39255183214,  0.0            
      5587,  546.75224560546,  261.24167459245,  0.0            
      5588,  548.36508810023,  264.97918284098,  0.0            
      5589,  544.79881417164,  261.93340185811,  0.0            
      5590,  546.52093494276,  263.85956230014,  0.0            
      5591,  543.53768448738,  264.045683704  ,  0.0            
      5592,  540.97272610351,  264.70124241542,  0.0            
      5593,  538.70283330036,  265.29976286957,  0.0            
      5594,  536.66650912356,  265.81905140846,  0.0            
      5595,  498.0          ,  -5.68434189E-14,  0.0            
      5596,  497.98010795944,  2.5321009722514,  0.0            
      5597,  497.95863260921,  5.0890829159039,  0.0            
      5598,  497.88789195135,  7.7332080923916,  0.0            
      5599,  498.87055426961,  9.8320431939841,  0.0            
      5600,  498.64198468493,  11.795567768755,  0.0            
      5601,  497.28440128052,  10.509451813147,  0.0            
      5602,  498.59255149174,  14.178251949264,  0.0            
      5603,  497.19489225652,  13.203478923461,  0.0            
      5604,  498.57780370574,  16.667096206895,  0.0            
      5605,  497.16318390109,  15.783349514103,  0.0            
      5606,  498.56474507708,  19.175225823851,  0.0            
      5607,  497.13430096902,  18.313807388621,  0.0            
      5608,  498.5504472821 ,  21.682170213978,  0.0            
      5609,  497.10460283986,  20.824688475321,  0.0            
      5610,  498.53539131177,  24.186531011806,  0.0            
      5611,  497.07406034911,  23.328188542326,  0.0            
      5612,  498.51992506841,  26.68844256292 ,  0.0            
      5613,  497.04312748443,  25.828371632854,  0.0            
      5614,  498.50413984836,  29.189439221551,  0.0            
      5615,  497.01159143344,  28.327361951925,  0.0            
      5616,  498.48809812956,  31.689890256511,  0.0            
      5617,  496.97968986272,  30.826043494518,  0.0            
      5618,  498.47177468469,  34.190260789218,  0.0            
      5619,  496.94715814335,  33.324617828645,  0.0            
      5620,  498.45520631851,  36.690620181578,  0.0            
      5621,  496.91422458954,  35.823466815634,  0.0            
      5622,  498.43834844498,  39.191015710364,  0.0            
      5623,  496.8806301208 ,  38.322332741709,  0.0            
      5624,  498.42123727852,  41.691458504814,  0.0            
      5625,  496.84661142821,  40.821537313924,  0.0            
      5626,  498.40382392062,  44.191940493862,  0.0            
      5627,  496.81190339427,  43.320762036746,  0.0            
      5628,  498.38614575212,  46.692473613907,  0.0            
      5629,  496.77675110764,  45.82033631132 ,  0.0            
      5630,  498.36815194601,  49.193049667533,  0.0            
      5631,  496.74087928447,  48.319934570031,  0.0            
      5632,  498.34988122937,  51.693681541483,  0.0            
      5633,  496.7045421316 ,  50.819894370755,  0.0            
      5634,  498.33128061296,  54.194360437991,  0.0            
      5635,  496.66745333738,  53.319882264405,  0.0            
      5636,  498.3123903544 ,  56.695099153253,  0.0            
      5637,  496.62987707401,  55.820243294706,  0.0            
      5638,  498.29315507049,  59.195889068508,  0.0            
      5639,  496.5915149849 ,  58.320636496072,  0.0            
      5640,  498.27361666015,  61.696742121334,  0.0            
      5641,  496.55264223575,  60.821414125911,  0.0            
      5642,  498.25371717359,  64.19765080401 ,  0.0            
      5643,  496.51294721382,  63.32222809755 ,  0.0            
      5644,  498.23350023218,  66.698626876141,  0.0            
      5645,  496.47271723439,  65.823439128917,  0.0            
      5646,  498.21290514738,  69.199663651201,  0.0            
      5647,  496.43162609086,  68.324691131342,  0.0            
      5648,  498.19197742918,  71.700774024897,  0.0            
      5649,  496.38997444148,  70.826355123881,  0.0            
      5650,  498.17065338277,  74.20195089443 ,  0.0            
      5651,  496.34742010032,  73.328065233062,  0.0            
      5652,  498.14898069464,  76.703208491881,  0.0            
      5653,  496.304278337  ,  75.830203451521,  0.0            
      5654,  498.12689230188,  79.204538712008,  0.0            
      5655,  496.26018950069,  78.332393015582,  0.0            
      5656,  498.10443836538,  81.705955941898,  0.0            
      5657,  496.21548494305,  80.835026230531,  0.0            
      5658,  498.08154809688,  84.207451732248,  0.0            
      5659,  496.16978581446,  83.337715500968,  0.0            
      5660,  498.05827433651,  86.709039799888,  0.0            
      5661,  496.1234413059 ,  85.84086327475 ,  0.0            
      5662,  498.03454225859,  89.210712261642,  0.0            
      5663,  496.07605135396,  88.34407133273 ,  0.0            
      5664,  498.01040757667,  91.712483017122,  0.0            
      5665,  496.0279849339 ,  90.847753810794,  0.0            
      5666,  497.98579106677,  94.214344901549,  0.0            
      5667,  495.97881855842,  93.351501308554,  0.0            
      5668,  497.96075170046,  96.716312658081,  0.0            
      5669,  495.92894299315,  95.855740866269,  0.0            
      5670,  497.93520535619,  99.218379488747,  0.0            
      5671,  495.8779089872 ,  98.360050922252,  0.0            
      5672,  497.90921480671,  101.72055910284,  0.0            
      5673,  495.82613133674,  100.86487001859,  0.0            
      5674,  497.88269046357,  104.22284575105,  0.0            
      5675,  495.77313244357,  103.36976448467,  0.0            
      5676,  497.85569927315,  106.72524980858,  0.0            
      5677,  495.71935383762,  105.87518267785,  0.0            
      5678,  497.82814565271,  109.2277681586 ,  0.0            
      5679,  495.66428643441,  108.38067966052,  0.0            
      5680,  497.80010087738,  111.73040879338,  0.0            
      5681,  495.60840157845,  110.88671537904,  0.0            
      5682,  497.77146297181,  114.23317077796,  0.0            
      5683,  495.55115514597,  113.39283242054,  0.0            
      5684,  497.74230776153,  116.73606329267,  0.0            
      5685,  495.49305149905,  115.89950667307,  0.0            
      5686,  497.71252596858,  119.23908382316,  0.0            
      5687,  495.43350636037,  118.40626412051,  0.0            
      5688,  497.68219892943,  121.74224434821,  0.0            
      5689,  495.3730606856 ,  120.91359611278,  0.0            
      5690,  497.65121011728,  124.24553705039,  0.0            
      5691,  495.3110904705 ,  123.42101331883,  0.0            
      5692,  497.61964654303,  126.74897089122,  0.0            
      5693,  495.24816852524,  125.9290068969 ,  0.0            
      5694,  497.58738764109,  129.25252859546,  0.0            
      5695,  495.18364571038,  128.43707959194,  0.0            
      5696,  497.55452853885,  131.75614619362,  0.0            
      5697,  495.1181072863 ,  130.94563862364,  0.0            
      5698,  497.52095411097,  134.25967933331,  0.0            
      5699,  495.0508798485 ,  133.45405848053,  0.0            
      5700,  497.48681124184,  136.76248069565,  0.0            
      5701,  494.98254943382,  135.96211736057,  0.0            
      5702,  497.45204624924,  139.26361064986,  0.0            
      5703,  494.91242795478,  138.46832494622,  0.0            
      5704,  497.41704041203,  141.76016030209,  0.0            
      5705,  494.84113641006,  140.96987530076,  0.0            
      5706,  497.38194521338,  144.24894830976,  0.0            
      5707,  494.76845485568,  143.46214363008,  0.0            
      5708,  497.34689624379,  146.72153763711,  0.0            
      5709,  494.69446375696,  145.936621254  ,  0.0            
      5710,  497.30902177072,  149.1676659578 ,  0.0            
      5711,  494.61505703137,  148.38243178242,  0.0            
      5712,  497.25432524206,  151.55656153555,  0.0            
      5713,  494.50655596156,  150.77417080104,  0.0            
      5714,  496.96934260749,  153.7562191431 ,  0.0            
      5715,  497.89569124581,  156.27812911203,  0.0            
      5716,  494.26874510491,  153.10069822946,  0.0            
      5717,  496.03212419454,  155.79878055516,  0.0            
      5718,  497.8661981254 ,  158.14910215454,  0.0            
      5719,  493.844467734  ,  155.42373295542,  0.0            
      5720,  495.68715390433,  158.07866642558,  0.0            
      5721,  497.81226874815,  160.3462724471 ,  0.0            
      5722,  493.58005012637,  157.83830536448,  0.0            
      5723,  495.61460648489,  160.38694586712,  0.0            
      5724,  497.77929989717,  162.69913324441,  0.0            
      5725,  493.45966291627,  160.28221236065,  0.0            
      5726,  495.55787062214,  162.76185931854,  0.0            
      5727,  497.74690998715,  165.12578265118,  0.0            
      5728,  493.36927090485,  162.73360559112,  0.0            
      5729,  495.49942632592,  165.18689118354,  0.0            
      5730,  497.71379385809,  167.59265768055,  0.0            
      5731,  493.27769543348,  165.19760444874,  0.0            
      5732,  495.43648965264,  167.65021645633,  0.0            
      5733,  497.68001447089,  170.07802141332,  0.0            
      5734,  493.18106002836,  167.67887336932,  0.0            
      5735,  497.64575140403,  172.57385964933,  0.0            
      5736,  495.37054000995,  170.13331986497,  0.0            
      5737,  497.61091779618,  175.07349740565,  0.0            
      5738,  493.08091464591,  170.17056080678,  0.0            
      5739,  495.30224558418,  172.62917174696,  0.0            
      5740,  497.5754292657 ,  177.57507951644,  0.0            
      5741,  495.23224220725,  175.12976369764,  0.0            
      5742,  492.97686148494,  172.670141873  ,  0.0            
      5743,  497.5392016234 ,  180.0771133282 ,  0.0            
      5744,  495.16047753736,  177.6329370116 ,  0.0            
      5745,  492.8704429844 ,  175.17285979765,  0.0            
      5746,  497.50217002295,  182.57934890234,  0.0            
      5747,  495.08715879739,  180.13672280378,  0.0            
      5748,  492.76082403759,  177.67740419691,  0.0            
      5749,  497.46433309179,  185.08162045007,  0.0            
      5750,  495.01207982484,  182.64078838018,  0.0            
      5751,  492.64911457075,  180.18245480095,  0.0            
      5752,  497.42564269993,  187.58388223182,  0.0            
      5753,  494.93538634069,  185.14486733531,  0.0            
      5754,  492.53424828367,  182.68773663777,  0.0            
      5755,  497.38606445072,  190.08614592238,  0.0            
      5756,  494.85685024951,  187.6488168128 ,  0.0            
      5757,  492.41722076235,  185.193025618  ,  0.0            
      5758,  497.34535918871,  192.58829213075,  0.0            
      5759,  494.77654940235,  190.15251660925,  0.0            
      5760,  492.29687333324,  187.69814232335,  0.0            
      5761,  497.30307305703,  195.09026440508,  0.0            
      5762,  494.69395931428,  192.65563855687,  0.0            
      5763,  492.17418588925,  190.20287237956,  0.0            
      5764,  497.25857687264,  197.59129065988,  0.0            
      5765,  494.60854134074,  195.15804908624,  0.0            
      5766,  492.04774082874,  192.70687132178,  0.0            
      5767,  497.21153573114,  200.09065293772,  0.0            
      5768,  494.51912837176,  197.65890422586,  0.0            
      5769,  491.91815409359,  195.2099407735 ,  0.0            
      5770,  497.16219461906,  202.58553008307,  0.0            
      5771,  494.42527251093,  200.15795281334,  0.0            
      5772,  491.78348288629,  197.71169391529,  0.0            
      5773,  497.111387506  ,  205.07262797322,  0.0            
      5774,  494.32679774007,  202.65281413868,  0.0            
      5775,  491.6444375465 ,  200.21245508493,  0.0            
      5776,  497.06280990195,  207.54216329955,  0.0            
      5777,  494.22422853481,  205.1423029368 ,  0.0            
      5778,  491.4996027324 ,  202.71211597395,  0.0            
      5779,  497.04314687836,  209.98161862818,  0.0            
      5780,  494.1213012386 ,  207.61885361189,  0.0            
      5781,  491.35033819356,  205.21389856212,  0.0            
      5782,  497.14033593386,  212.39859101432,  0.0            
      5783,  494.03909288703,  210.06723661024,  0.0            
      5784,  491.19672281246,  207.72530233896,  0.0            
      5785,  497.37813722416,  214.8523427978 ,  0.0            
      5786,  494.1859223133 ,  212.40096725764,  0.0            
      5787,  491.06048162521,  210.27474447587,  0.0            
      5788,  497.43500805757,  217.34341513702,  0.0            
      5789,  494.87881478043,  214.75343291067,  0.0            
      5790,  490.97532972892,  212.9328972942 ,  0.0            
      5791,  492.75401107467,  214.80601116108,  0.0            
      5792,  497.37864032869,  219.84961957055,  0.0            
      5793,  494.92673762439,  217.16398777111,  0.0            
      5794,  492.42173992636,  216.74080259446,  0.0            
      5795,  497.28627862593,  222.40740070071,  0.0            
      5796,  494.79211630265,  219.55169550849,  0.0            
      5797,  490.06751838352,  215.6990493155 ,  0.0            
      5798,  497.02777464911,  225.08774164387,  0.0            
      5799,  492.25438123432,  219.04029711937,  0.0            
      5800,  494.6502823315 ,  222.01232903121,  0.0            
      5801,  498.33755885549,  227.2559042416 ,  0.0            
      5802,  489.82482444949,  218.31969351087,  0.0            
      5803,  492.08691402724,  221.46189503102,  0.0            
      5804,  494.3497534275 ,  224.51222102945,  0.0            
      5805,  497.9219758928 ,  229.2206864814 ,  0.0            
      5806,  495.90939195853,  227.81914925978,  0.0            
      5807,  489.62639608022,  220.84109099727,  0.0            
      5808,  491.82087613662,  223.92316748866,  0.0            
      5809,  493.76002599124,  227.02678724689,  0.0            
      5810,  497.74110978639,  231.60753881797,  0.0            
      5811,  489.38459911576,  223.33109739412,  0.0            
      5812,  495.52562372377,  230.52667709466,  0.0            
      5813,  491.43314795131,  226.42051784885,  0.0            
      5814,  493.31878877451,  229.66868676882,  0.0            
      5815,  497.63004553604,  234.11912291389,  0.0            
      5816,  489.09321151529,  225.82591427916,  0.0            
      5817,  495.30635721783,  233.17658605416,  0.0            
      5818,  491.06812428804,  228.98225064299,  0.0            
      5819,  497.54521516964,  236.66590416676,  0.0            
      5820,  493.03029499622,  232.32796841081,  0.0            
      5821,  488.79522226552,  228.34826613464,  0.0            
      5822,  495.14271634599,  235.80810404739,  0.0            
      5823,  490.76868767349,  231.58212943242,  0.0            
      5824,  497.47856617277,  239.2235469387 ,  0.0            
      5825,  492.80700884881,  234.98299799421,  0.0            
      5826,  488.51662318293,  230.89010779262,  0.0            
      5827,  495.01287617451,  238.44054906046,  0.0            
      5828,  490.51576943743,  234.19086029044,  0.0            
      5829,  497.4323237651 ,  241.78280714692,  0.0            
      5830,  492.62710164599,  237.64187331194,  0.0            
      5831,  488.25512057496,  233.43584312329,  0.0            
      5832,  494.90630743659,  241.08304756434,  0.0            
      5833,  497.43258460618,  244.3478319444 ,  0.0            
      5834,  490.29901771736,  236.78319195349,  0.0            
      5835,  492.46545689749,  240.33460054264,  0.0            
      5836,  494.87746029737,  243.72938566364,  0.0            
      5837,  488.00994867137,  235.95986691249,  0.0            
      5838,  497.49885775695,  246.93913093473,  0.0            
      5839,  490.09731451215,  239.33006002175,  0.0            
      5840,  492.28670828142,  243.12581480589,  0.0            
      5841,  495.07071702855,  246.43202734314,  0.0            
      5842,  487.7546673231 ,  238.43133296749,  0.0            
      5843,  497.53196487617,  249.53066445932,  0.0            
      5844,  489.72690356264,  241.65785653838,  0.0            
      5845,  492.8199533131 ,  246.1783874865 ,  0.0            
      5846,  490.56702130641,  244.47577079734,  0.0            
      5847,  495.13564347705,  249.12301565023,  0.0            
      5848,  487.40398567356,  240.81969977574,  0.0            
      5849,  497.51372058192,  252.10407641097,  0.0            
      5850,  488.8651818462 ,  243.79603505   ,  0.0            
      5851,  490.65665972502,  246.48513134815,  0.0            
      5852,  492.81987040386,  248.87785168508,  0.0            
      5853,  495.08111540297,  251.74134618916,  0.0            
      5854,  486.91311088194,  243.18139242059,  0.0            
      5855,  497.47132376627,  254.65261540001,  0.0            
      5856,  488.54029480489,  246.1652794137 ,  0.0            
      5857,  490.56550618144,  248.80767106893,  0.0            
      5858,  492.7077320752 ,  251.46015740611,  0.0            
      5859,  494.98886468595,  254.31311324557,  0.0            
      5860,  497.41958253467,  257.18570067644,  0.0            
      5861,  486.56578432314,  245.61866869124,  0.0            
      5862,  488.38055590623,  248.53566840145,  0.0            
      5863,  490.40535330217,  251.24191416416,  0.0            
      5864,  492.56290951308,  254.008586259  ,  0.0            
      5865,  494.88253102392,  256.86564364817,  0.0            
      5866,  497.35986177694,  259.70335440722,  0.0            
      5867,  486.30850238114,  248.08131131833,  0.0            
      5868,  488.17684290401,  250.94859170239,  0.0            
      5869,  490.21701431037,  253.72685911249,  0.0            
      5870,  492.40520253786,  256.55661515232,  0.0            
      5871,  494.76170106118,  259.40551625495,  0.0            
      5872,  497.29251584344,  262.19921328529,  0.0            
      5873,  486.04909424959,  250.54459485245,  0.0            
      5874,  487.94880187188,  253.41135594976,  0.0            
      5875,  490.01568951564,  256.24742261456,  0.0            
      5876,  492.23049619955,  259.11487123934,  0.0            
      5877,  494.62201866543,  261.93202846893,  0.0            
      5878,  497.24289872443,  264.65729652515,  0.0            
      5879,  485.7726500954 ,  253.03071668349,  0.0            
      5880,  487.70740006486,  255.91342967153,  0.0            
      5881,  489.79703504794,  258.79896661681,  0.0            
      5882,  492.02832002395,  261.69792422555,  0.0            
      5883,  494.47811654455,  264.42269811509,  0.0            
      5884,  497.30368207694,  267.09022603049,  0.0            
      5885,  485.48690615668,  255.54046926678,  0.0            
      5886,  487.44904950132,  258.44709877318,  0.0            
      5887,  489.55059907814,  261.38669048232,  0.0            
      5888,  497.51636929957,  269.55622723224,  0.0            
      5889,  491.80516286083,  264.33167943734,  0.0            
      5890,  494.53579180558,  266.7971054864 ,  0.0            
      5891,  485.18498261354,  258.06626657436,  0.0            
      5892,  487.1653811389 ,  261.00775263723,  0.0            
      5893,  497.58446203394,  272.0193893005 ,  0.0            
      5894,  489.27017940433,  264.01207162271,  0.0            
      5895,  495.1430323825 ,  269.20768053099,  0.0            
      5896,  491.55723539027,  267.07942761731,  0.0            
      5897,  493.12656572138,  269.08034021892,  0.0            
      5898,  484.86517158099,  260.60151348029,  0.0            
      5899,  497.57793810904,  274.45631550655,  0.0            
      5900,  495.19612440961,  271.57824915575,  0.0            
      5901,  486.84139133316,  263.58566485582,  0.0            
      5902,  492.78475382353,  270.93942524501,  0.0            
      5903,  488.87696123757,  266.64864121019,  0.0            
      5904,  495.14791443705,  273.88423489761,  0.0            
      5905,  490.4996939351 ,  269.80082800974,  0.0            
      5906,  497.58741122328,  276.89165383777,  0.0            
      5907,  484.51533529468,  263.14068608317,  0.0            
      5908,  486.43704806147,  266.17691480228,  0.0            
      5909,  492.72209577463,  273.16483095571,  0.0            
      5910,  495.19327770153,  276.25786203908,  0.0            
      5911,  488.22649108476,  269.31529080341,  0.0            
      5912,  497.59412812015,  279.33987927658,  0.0            
      5913,  484.12530785845,  265.68094953639,  0.0            
      5914,  490.29682860906,  272.31364854562,  0.0            
      5915,  492.868705081  ,  275.56238198914,  0.0            
      5916,  485.93578404511,  268.78975731171,  0.0            
      5917,  495.21189302589,  278.6652440865 ,  0.0            
      5918,  497.58727304176,  281.7951583298 ,  0.0            
      5919,  487.7183703013 ,  272.16673118996,  0.0            
      5920,  490.72351467746,  274.8697730849 ,  0.0            
      5921,  483.68847931633,  268.21895493829,  0.0            
      5922,  492.89105388158,  277.9648409441 ,  0.0            
      5923,  488.94667622711,  274.47056465196,  0.0            
      5924,  495.19004845292,  281.07769120587,  0.0            
      5925,  485.4031490728 ,  271.40241191236,  0.0            
      5926,  497.57589948328,  284.26029976517,  0.0            
      5927,  490.68298470687,  277.26515159686,  0.0            
      5928,  492.82491220633,  280.3373646969 ,  0.0            
      5929,  488.54091044372,  276.35985181867,  0.0            
      5930,  483.2157419394 ,  270.74931085309,  0.0            
      5931,  495.16151410421,  283.49991622071,  0.0            
      5932,  486.64489689106,  274.87648205484,  0.0            
      5933,  497.56089182695,  286.73982559511,  0.0            
      5934,  490.51979295018,  279.5516846398 ,  0.0            
      5935,  484.71927853043,  273.96101781809,  0.0            
      5936,  492.76328374755,  282.7072973368 ,  0.0            
      5937,  488.28936366044,  278.61111342859,  0.0            
      5938,  495.13087782106,  285.94012216362,  0.0            
      5939,  482.69352308399,  273.27195251638,  0.0            
      5940,  497.53095399964,  289.23679758816,  0.0            
      5941,  490.41003543996,  281.87469226476,  0.0            
      5942,  486.2069902691 ,  277.49326197541,  0.0            
      5943,  492.7084218815 ,  285.08883223711,  0.0            
      5944,  488.11774857733,  280.96485851153,  0.0            
      5945,  495.07748117527,  288.40346511576,  0.0            
      5946,  484.20164143354,  276.56397227931,  0.0            
      5947,  490.3162549346 ,  284.21618221483,  0.0            
      5948,  497.468161183  ,  291.74627401271,  0.0            
      5949,  485.93771590912,  280.00590877485,  0.0            
      5950,  482.21982358947,  275.80091745155,  0.0            
      5951,  492.62580506027,  287.46539831378,  0.0            
      5952,  487.97121596068,  283.32833265794,  0.0            
      5953,  494.96359629476,  290.90467313118,  0.0            
      5954,  483.84236446287,  279.11860921537,  0.0            
      5955,  490.19021927289,  286.53927198393,  0.0            
      5956,  497.43156129207,  294.26325480297,  0.0            
      5957,  485.71517586219,  282.44525917372,  0.0            
      5958,  481.80713309605,  278.31263338105,  0.0            
      5959,  492.47269741401,  289.80065522226,  0.0            
      5960,  487.79110245712,  285.65961006613,  0.0            
      5961,  494.77287114759,  293.50919763497,  0.0            
      5962,  483.53490932364,  281.59691496855,  0.0            
      5963,  489.96837539104,  288.80159662744,  0.0            
      5964,  497.59138440332,  296.85511511553,  0.0            
      5965,  485.46936306198,  284.8207211856 ,  0.0            
      5966,  481.42388026443,  280.77613602083,  0.0            
      5967,  492.06633249178,  291.92180202119,  0.0            
      5968,  487.52184224231,  287.93600290816,  0.0            
      5969,  483.21512272621,  284.00757686796,  0.0            
      5970,  492.96469240445,  294.63148977274,  0.0            
      5971,  495.30629341921,  296.45460239682,  0.0            
      5972,  489.54642706653,  290.96605037531,  0.0            
      5973,  497.63686890676,  299.45210530431,  0.0            
      5974,  485.15422197199,  287.13534716243,  0.0            
      5975,  491.10596431292,  293.83717872419,  0.0            
      5976,  481.03003713594,  283.19379585169,  0.0            
      5977,  493.02877295319,  296.54980445059,  0.0            
      5978,  487.11861547822,  290.153722725  ,  0.0            
      5979,  482.84677042154,  286.36327949783,  0.0            
      5980,  495.29499325221,  299.04181906064,  0.0            
      5981,  488.92156961767,  293.08764974582,  0.0            
      5982,  497.60821257166,  301.98773546824,  0.0            
      5983,  484.74963693942,  289.40316598326,  0.0            
      5984,  490.72243801983,  296.0223289259 ,  0.0            
      5985,  480.60775587044,  285.58069860361,  0.0            
      5986,  492.93662958182,  298.76413968298,  0.0            
      5987,  486.62007970058,  292.35197165058,  0.0            
      5988,  495.22294068456,  301.5302635041 ,  0.0            
      5989,  482.41695603215,  288.6850841458 ,  0.0            
      5990,  488.48504941397,  295.30383538707,  0.0            
      5991,  497.57887500188,  304.4961857983 ,  0.0            
      5992,  484.29020506966,  291.64731493623,  0.0            
      5993,  490.57307182076,  298.26451829153,  0.0            
      5994,  480.13907355025,  287.96361112569,  0.0            
      5995,  492.83495209354,  301.10614021116,  0.0            
      5996,  486.20412730026,  294.58729306915,  0.0            
      5997,  495.1633719951 ,  304.00947972324,  0.0            
      5998,  481.95006832447,  290.99210051342,  0.0            
      5999,  488.25285199544,  297.59747181219,  0.0            
      6000,  497.55680364259,  306.99817694785,  0.0            
      6001,  490.45844130029,  300.58192200118,  0.0            
      6002,  483.88507642038,  293.89177180221,  0.0            
      6003,  479.64383516401,  290.36161842004,  0.0            
      6004,  492.75490322855,  303.52635641263,  0.0            
      6005,  485.96154623012,  296.88317095969,  0.0            
      6006,  495.1175137174 ,  306.49821887958,  0.0            
      6007,  481.50854220199,  293.28881100128,  0.0            
      6008,  497.53930951477,  309.50392538228,  0.0            
      6009,  488.12650610893,  299.94044732358,  0.0            
      6010,  490.36870479897,  302.98291576621,  0.0            
      6011,  483.6722678622 ,  296.17292814218,  0.0            
      6012,  492.68338423635,  305.99208896596,  0.0            
      6013,  479.14857100004,  292.81894858983,  0.0            
      6014,  485.85633912755,  299.23581906864,  0.0            
      6015,  495.07779241579,  309.00295209892,  0.0            
      6016,  497.52649121102,  312.01577590195,  0.0            
      6017,  488.02496086409,  302.33814841088,  0.0            
      6018,  481.31296951833,  295.53441563983,  0.0            
      6019,  490.27008569114,  305.43976502881,  0.0            
      6020,  483.66764469646,  298.53199560994,  0.0            
      6021,  492.60702813873,  308.49105308701,  0.0            
      6022,  485.74483074528,  301.60798917711,  0.0            
      6023,  495.0509860777 ,  311.52176255069,  0.0            
      6024,  478.69434256468,  295.39498564381,  0.0            
      6025,  497.51537485372,  314.53646360744,  0.0            
      6026,  481.62463862408,  297.90767605695,  0.0            
      6027,  487.89221453048,  304.77172608107,  0.0            
      6028,  483.5406451846 ,  300.86669161141,  0.0            
      6029,  490.13053094721,  307.94503259821,  0.0            
      6030,  479.89408534379,  297.53905312252,  0.0            
      6031,  492.55771988624,  311.0123263143 ,  0.0            
      6032,  485.56240210029,  303.9579997594 ,  0.0            
      6033,  495.03704757673,  314.0623573134 ,  0.0            
      6034,  481.43907923398,  300.17529897541,  0.0            
      6035,  497.49574157267,  317.06029026238,  0.0            
      6036,  487.67944761078,  307.2589654274 ,  0.0            
      6037,  483.27662848232,  303.13373741593,  0.0            
      6038,  479.40123094398,  299.31300560901,  0.0            
      6039,  490.02071068429,  310.47680141376,  0.0            
      6040,  492.56506303125,  313.58021478923,  0.0            
      6041,  477.60083539657,  297.90526328412,  0.0            
      6042,  485.28310410711,  306.25678981921,  0.0            
      6043,  481.06634593237,  302.33683333333,  0.0            
      6044,  495.00312229218,  316.61281699425,  0.0            
      6045,  497.46480066217,  319.58304873531,  0.0            
      6046,  487.36983534992,  309.86261315847,  0.0            
      6047,  478.96276283289,  301.43997501236,  0.0            
      6048,  482.89069552146,  305.32434489259,  0.0            
      6049,  490.11751428151,  313.09850508432,  0.0            
      6050,  492.52872069877,  316.16642914384,  0.0            
      6051,  477.02279079473,  300.37694501499,  0.0            
      6052,  484.73369978498,  308.34677183519,  0.0            
      6053,  480.6104735906 ,  304.50109444025,  0.0            
      6054,  494.94103837772,  319.16694474754,  0.0            
      6055,  487.78064267958,  312.80066553007,  0.0            
      6056,  497.42634897105,  322.09711234232,  0.0            
      6057,  485.4631774342 ,  311.00916685062,  0.0            
      6058,  482.29005075859,  307.44727316376,  0.0            
      6059,  478.45848726138,  303.66245269348,  0.0            
      6060,  490.08528142218,  315.74618190892,  0.0            
      6061,  483.62791185849,  310.2615900095 ,  0.0            
      6062,  492.43593398186,  318.76106599445,  0.0            
      6063,  485.43404746893,  312.95528645555,  0.0            
      6064,  480.01098081303,  306.68398540119,  0.0            
      6065,  476.45323391116,  302.76253442709,  0.0            
      6066,  494.86141457587,  321.71723061852,  0.0            
      6067,  497.38399914197,  324.59440765884,  0.0            
      6068,  487.66853264066,  315.43405566095,  0.0            
      6069,  481.4987732391 ,  309.57500974828,  0.0            
      6070,  477.85297030257,  305.94350478007,  0.0            
      6071,  489.95107045477,  318.36878951835,  0.0            
      6072,  483.12164243773,  312.50205721588,  0.0            
      6073,  492.31699285292,  321.36140136736,  0.0            
      6074,  479.33358456484,  308.9249420043 ,  0.0            
      6075,  494.77023101806,  324.26054223617,  0.0            
      6076,  485.2431560007 ,  315.23448709846,  0.0            
      6077,  475.82522874471,  305.1596293949 ,  0.0            
      6078,  497.35957885488,  327.05967211898,  0.0            
      6079,  480.92948771814,  311.88610552965,  0.0            
      6080,  487.48169851264,  318.01689938254,  0.0            
      6081,  477.20373220839,  308.30322221484,  0.0            
      6082,  489.79280626413,  320.99150344506,  0.0            
      6083,  482.85893404961,  314.83639606296,  0.0            
      6084,  492.18139445043,  323.98684509013,  0.0            
      6085,  497.43798065141,  329.51342420427,  0.0            
      6086,  494.6766305084 ,  326.77608763381,  0.0            
      6087,  478.78258886111,  311.31759942222,  0.0            
      6088,  485.02031359348,  317.6912738064 ,  0.0            
      6089,  475.16234669219,  307.63668823763,  0.0            
      6090,  487.28411712312,  320.61556946552,  0.0            
      6091,  480.57288702377,  314.32619339206,  0.0            
      6092,  489.6203950047 ,  323.64202622282,  0.0            
      6093,  476.67297612763,  310.80226345895,  0.0            
      6094,  494.77302209005,  329.18447321981,  0.0            
      6095,  497.65032981828,  332.01735401929,  0.0            
      6096,  492.03030197629,  326.66940260289,  0.0            
      6097,  482.60238852271,  317.29998365756,  0.0            
      6098,  478.40947660734,  313.84486928052,  0.0            
      6099,  484.79076747059,  320.24285361608,  0.0            
      6100,  474.57287955238,  310.31644687004,  0.0            
      6101,  487.07400737906,  323.25117839452,  0.0            
      6102,  495.38968638712,  331.65023283077,  0.0            
      6103,  480.27250761114,  316.8668298185 ,  0.0            
      6104,  497.68349376266,  334.52611766342,  0.0            
      6105,  489.41944493306,  326.32258939975,  0.0            
      6106,  476.38004020384,  313.44731794961,  0.0            
      6107,  482.33933407194,  319.85695024543,  0.0            
      6108,  491.84302551599,  329.48251932631,  0.0            
      6109,  493.43630634112,  331.53789637814,  0.0            
      6110,  495.3836029088 ,  334.09329516005,  0.0            
      6111,  484.54362143085,  322.86197926295,  0.0            
      6112,  478.06629042386,  316.46698462045,  0.0            
      6113,  486.82210484238,  325.90341367427,  0.0            
      6114,  473.00421512913,  311.92935853677,  0.0            
      6115,  497.59875925536,  336.99801831576,  0.0            
      6116,  474.54323627935,  313.34145239236,  0.0            
      6117,  479.96381994606,  319.47165691114,  0.0            
      6118,  493.03934104495,  333.4781921492 ,  0.0            
      6119,  489.09729495487,  328.99491869152,  0.0            
      6120,  482.05196372995,  322.48523894785,  0.0            
      6121,  476.00182925706,  316.16962475037,  0.0            
      6122,  495.179897066  ,  336.45457993385,  0.0            
      6123,  490.81573343134,  332.28611741886,  0.0            
      6124,  484.25240634363,  325.5077992471 ,  0.0            
      6125,  477.69362262916,  319.12625253018,  0.0            
      6126,  472.72437420989,  313.93941013523,  0.0            
      6127,  486.46938055473,  328.55481249527,  0.0            
      6128,  497.50047655152,  339.44842663827,  0.0            
      6129,  479.62489157244,  322.1290296595 ,  0.0            
      6130,  474.06018424614,  316.09388376433,  0.0            
      6131,  492.75343188074,  335.78579997859,  0.0            
      6132,  488.48729001069,  331.63912350692,  0.0            
      6133,  481.72156151944,  325.14175053023,  0.0            
      6134,  475.54336103573,  318.8659645176 ,  0.0            
      6135,  494.99176615486,  338.85003689957,  0.0            
      6136,  483.88611777081,  328.16412578604,  0.0            
      6137,  490.36668695234,  334.9583126164 ,  0.0            
      6138,  497.40248464775,  341.8845698233 ,  0.0            
      6139,  477.28396058316,  321.80897717497,  0.0            
      6140,  472.16408484709,  316.29045527719,  0.0            
      6141,  485.98798614797,  331.20441679624,  0.0            
      6142,  479.24433650245,  324.80484779258,  0.0            
      6143,  473.49374796682,  318.74408386726,  0.0            
      6144,  492.48919447213,  338.20414019824,  0.0            
      6145,  487.96721463013,  334.32534583451,  0.0            
      6146,  481.33246860051,  327.81073122118,  0.0            
      6147,  494.80007205934,  341.25025065783,  0.0            
      6148,  475.04455888059,  321.54463501533,  0.0            
      6149,  497.29013940094,  344.29604745436,  0.0            
      6150,  483.44586872374,  330.82058992087,  0.0            
      6151,  476.83620987244,  324.49430254751,  0.0            
      6152,  490.01225752433,  337.53628281313,  0.0            
      6153,  471.50486751291,  318.74830747213,  0.0            
      6154,  485.5045807033 ,  333.86320353887,  0.0            
      6155,  492.21462583218,  340.63422473454,  0.0            
      6156,  478.81466809523,  327.48710480244,  0.0            
      6157,  472.89104519502,  321.35585440479,  0.0            
      6158,  494.57804150013,  343.62473325493,  0.0            
      6159,  480.89168715761,  330.47695604408,  0.0            
      6160,  487.54368448239,  336.96784880008,  0.0            
      6161,  497.13451789623,  346.64268176845,  0.0            
      6162,  474.51274615854,  324.20663050448,  0.0            
      6163,  482.98503586716,  333.47683851262,  0.0            
      6164,  489.65807866481,  340.05661639289,  0.0            
      6165,  476.34781718135,  327.17584918392,  0.0            
      6166,  470.8002108359 ,  321.22531619163,  0.0            
      6167,  491.89639640966,  343.03706445409,  0.0            
      6168,  485.05310751657,  336.51168514514,  0.0            
      6169,  478.3412712437 ,  330.1619320453 ,  0.0            
      6170,  494.26857573489,  345.92917764356,  0.0            
      6171,  472.26203867869,  323.94334691358,  0.0            
      6172,  496.68374768169,  348.78406542194,  0.0            
      6173,  487.12422258931,  339.55360291027,  0.0            
      6174,  480.43043112623,  333.13337959964,  0.0            
      6175,  497.59165022643,  351.248078668  ,  0.0            
      6176,  473.94883894768,  326.84984717942,  0.0            
      6177,  489.2588766216 ,  342.52726665671,  0.0            
      6178,  482.52939490538,  336.12610408786,  0.0            
      6179,  491.48928278504,  345.38919592198,  0.0            
      6180,  475.81797621652,  329.85003510518,  0.0            
      6181,  470.06706895466,  323.70296045677,  0.0            
      6182,  484.59369954116,  339.12768601731,  0.0            
      6183,  493.73162470321,  348.15177579363,  0.0            
      6184,  495.46558610619,  350.75363207467,  0.0            
      6185,  497.50804615658,  353.09966499912,  0.0            
      6186,  477.84663951402,  332.81552380873,  0.0            
      6187,  471.61005417333,  326.49828572575,  0.0            
      6188,  486.65915294671,  342.08818933107,  0.0            
      6189,  479.97506783585,  335.78066031155,  0.0            
      6190,  488.78329194032,  344.95143352167,  0.0            
      6191,  473.34682100463,  329.48271163817,  0.0            
      6192,  482.05405082167,  338.75712397119,  0.0            
      6193,  490.94436268822,  347.70752556345,  0.0            
      6194,  492.946894904  ,  350.35910800647,  0.0            
      6195,  475.2474119953 ,  332.5053703199 ,  0.0            
      6196,  494.94721892812,  352.97026650414,  0.0            
      6197,  497.42368252327,  355.27733057288,  0.0            
      6198,  484.07811529412,  341.70775509706,  0.0            
      6199,  469.31430647389,  326.14942282786,  0.0            
      6200,  477.38039384322,  335.45019868339,  0.0            
      6201,  486.12585921355,  344.57969841115,  0.0            
      6202,  470.92745594849,  329.01711694146,  0.0            
      6203,  479.5075550797 ,  338.41707704524,  0.0            
      6204,  488.22896525413,  347.35521485605,  0.0            
      6205,  481.50265594153,  341.36911042226,  0.0            
      6206,  490.3241321451 ,  350.03688200018,  0.0            
      6207,  472.68341454777,  332.11563736164,  0.0            
      6208,  492.42802917076,  352.67956520546,  0.0            
      6209,  494.81093753659,  355.24116969241,  0.0            
      6210,  497.3852712752 ,  357.62242196369,  0.0            
      6211,  474.72365659776,  335.12544639686,  0.0            
      6212,  483.4881643327 ,  344.2513365541 ,  0.0            
      6213,  468.52753394535,  328.55940554635,  0.0            
      6214,  476.95640569876,  338.08108289315,  0.0            
      6215,  485.54669470537,  347.0537441073 ,  0.0            
      6216,  470.20129426154,  331.46557169952,  0.0            
      6217,  478.93746289354,  341.04866299862,  0.0            
      6218,  487.67119184796,  349.77065065372,  0.0            
      6219,  489.85471177652,  352.43859251648,  0.0            
      6220,  492.20602599296,  355.06582007609,  0.0            
      6221,  494.74899028217,  357.60659865033,  0.0            
      6222,  497.36206710781,  360.05158887602,  0.0            
      6223,  480.84913474526,  343.95222172445,  0.0            
      6224,  471.92412630284,  334.81271946735,  0.0            
      6225,  474.42424424421,  337.74684308106,  0.0            
      6226,  482.86457023349,  346.77980671   ,  0.0            
      6227,  467.68892907234,  330.90493298062,  0.0            
      6228,  476.39670784437,  340.71131512706,  0.0            
      6229,  485.00463207136,  349.53547176154,  0.0            
      6230,  469.26110994749,  333.72558160406,  0.0            
      6231,  487.23816889741,  352.23729848654,  0.0            
      6232,  489.60187775797,  354.8928060507 ,  0.0            
      6233,  478.20955928801,  343.66064862718,  0.0            
      6234,  497.34539904   ,  362.53103658457,  0.0            
      6235,  492.11480684936,  357.50738313811,  0.0            
      6236,  494.71496202388,  360.04212116297,  0.0            
      6237,  480.14954859604,  346.52328071888,  0.0            
      6238,  471.95016325539,  337.63089567653,  0.0            
      6239,  469.66102997848,  336.2855353454 ,  0.0            
      6240,  473.91035264385,  340.36144276387,  0.0            
      6241,  482.31319607876,  349.31318211418,  0.0            
      6242,  466.70055033641,  333.19530826997,  0.0            
      6243,  484.59279764793,  352.05814902667,  0.0            
      6244,  475.59077348639,  343.3160269266 ,  0.0            
      6245,  486.97980406995,  354.74690612008,  0.0            
      6246,  497.33186641682,  365.03271711184,  0.0            
      6247,  489.4836466102 ,  357.39739594327,  0.0            
      6248,  467.7557876034 ,  335.86653889443,  0.0            
      6249,  494.68903921443,  362.53422510324,  0.0            
      6250,  492.06771657122,  359.99099157059,  0.0            
      6251,  469.34453982605,  338.13181429962,  0.0            
      6252,  477.37805837374,  346.27425440221,  0.0            
      6253,  471.45028062824,  340.10153830163,  0.0            
      6254,  479.56637463162,  349.09770700682,  0.0            
      6255,  473.02622327749,  342.88219116508,  0.0            
      6256,  481.92190119691,  351.88764356213,  0.0            
      6257,  465.53429027544,  335.48540998659,  0.0            
      6258,  484.33925443744,  354.61880051056,  0.0            
      6259,  497.32084980842,  367.54628899057,  0.0            
      6260,  486.84672865503,  357.30149350839,  0.0            
      6261,  494.66588873681,  365.05246938671,  0.0            
      6262,  489.42178072197,  359.93170387716,  0.0            
      6263,  492.03257817328,  362.51822998353,  0.0            
      6264,  466.81147808779,  338.19720532655,  0.0            
      6265,  474.58089527116,  345.92389348228,  0.0            
      6266,  468.82155317576,  340.17186513446,  0.0            
      6267,  476.70942584013,  348.89722387095,  0.0            
      6268,  470.55526107796,  342.47160548941,  0.0            
      6269,  479.22104534394,  351.72667490081,  0.0            
      6270,  481.68390427423,  354.50128364058,  0.0            
      6271,  497.31258810577,  370.06028471926,  0.0            
      6272,  484.20149025161,  357.22072172732,  0.0            
      6273,  494.64505016289,  367.58613480801,  0.0            
      6274,  486.77197579095,  359.88110589881,  0.0            
      6275,  492.00022096502,  365.06472429298,  0.0            
      6276,  489.37573936456,  362.49844857769,  0.0            
      6277,  464.48312537019,  337.87267815376,  0.0            
      6278,  471.80690308275,  345.2696357875 ,  0.0            
      6279,  468.46282595732,  342.0079222507 ,  0.0            
      6280,  466.11026524008,  340.61565511356,  0.0            
      6281,  473.62573413687,  348.66875005179,  0.0            
      6282,  476.50377501159,  351.59904675625,  0.0            
      6283,  479.01648693415,  354.40027628435,  0.0            
      6284,  497.30843157512,  372.5720259418 ,  0.0            
      6285,  468.84429718614,  344.60869846398,  0.0            
      6286,  481.55082458223,  357.15509926529,  0.0            
      6287,  494.62798517376,  370.1183690194 ,  0.0            
      6288,  484.11812979704,  359.84531516134,  0.0            
      6289,  491.96976088963,  367.62371915378,  0.0            
      6290,  486.71326362747,  362.48565685305,  0.0            
      6291,  489.33367331386,  365.07712829788,  0.0            
      6292,  463.60020068836,  340.31990929202,  0.0            
      6293,  470.54493873158,  347.5153950796 ,  0.0            
      6294,  473.84576760407,  351.714994292  ,  0.0            
      6295,  471.22969472232,  350.25651082425,  0.0            
      6296,  465.89174143961,  343.41872712271,  0.0            
      6297,  497.31004447344,  375.07762209828,  0.0            
      6298,  476.34744295395,  354.36242911044,  0.0            
      6299,  494.61777947558,  372.64564460893,  0.0            
      6300,  478.89688630284,  357.10971686474,  0.0            
      6301,  491.94301039869,  370.17774800704,  0.0            
      6302,  481.46429971423,  359.83321657584,  0.0            
      6303,  489.29440907597,  367.66394413012,  0.0            
      6304,  484.04408943811,  362.48877956784,  0.0            
      6305,  486.66014911826,  365.09665386611,  0.0            
      6306,  467.47657861602,  346.85596721934,  0.0            
      6307,  468.96790085683,  349.78641356225,  0.0            
      6308,  462.81904890399,  342.74654240628,  0.0            
      6309,  471.10005499847,  352.37891246492,  0.0            
      6310,  497.31807736335,  377.57834798948,  0.0            
      6311,  473.64795921017,  354.51546959725,  0.0            
      6312,  494.61827524006,  375.16093256815,  0.0            
      6313,  476.23500044854,  357.10488324134,  0.0            
      6314,  491.92424830204,  372.72364258084,  0.0            
      6315,  478.8249374052 ,  359.846521134  ,  0.0            
      6316,  489.25800206271,  370.24275035102,  0.0            
      6317,  481.36612682234,  362.52517829513,  0.0            
      6318,  486.61463665134,  367.71231171482,  0.0            
      6319,  483.97635985983,  365.13232144842,  0.0            
      6320,  464.60159189826,  346.03286847781,  0.0            
      6321,  466.26325843261,  349.36122745597,  0.0            
      6322,  468.33598680079,  352.3897937217 ,  0.0            
      6323,  497.33148596519,  380.07333575804,  0.0            
      6324,  494.63099060102,  377.66612791812,  0.0            
      6325,  470.8833771286 ,  354.88581415864,  0.0            
      6326,  491.91960239233,  375.25221938544,  0.0            
      6327,  461.75409509855,  345.09011961234,  0.0            
      6328,  476.19421016046,  359.84246364797,  0.0            
      6329,  473.52838537112,  357.2230092089 ,  0.0            
      6330,  489.22848574549,  372.81082699787,  0.0            
      6331,  478.69695315246,  362.62792265476,  0.0            
      6332,  486.56945555992,  370.31916470592,  0.0            
      6333,  483.9338850228 ,  367.77708192042,  0.0            
      6334,  481.26474640757,  365.2062036024 ,  0.0            
      6335,  463.30997650013,  348.79961822023,  0.0            
      6336,  497.34974195987,  382.56434506094,  0.0            
      6337,  465.6666180828 ,  352.16067621146,  0.0            
      6338,  494.65392836066,  380.15878177086,  0.0            
      6339,  491.93163424799,  377.76576755786,  0.0            
      6340,  468.07376900945,  355.07233669534,  0.0            
      6341,  489.21506724378,  375.35781656345,  0.0            
      6342,  486.52461732456,  372.91406886459,  0.0            
      6343,  476.13911004406,  362.6578779027 ,  0.0            
      6344,  483.88646516577,  370.41535110511,  0.0            
      6345,  470.76558423928,  357.53717297068,  0.0            
      6346,  478.48934286755,  365.36464910486,  0.0            
      6347,  481.24866806416,  367.87838537032,  0.0            
      6348,  473.51585590788,  359.85620168702,  0.0            
      6349,  460.4927348005 ,  347.29359153383,  0.0            
      6350,  497.37512067622,  385.05148709141,  0.0            
*ELEMENT,TYPE=S3
       639,       461,       458,       463
      1271,      1063,      1064,      1065
      3948,      4931,      4929,      4930
      4053,      4857,      4855,      4860
*ELEMENT,TYPE=S4
         1,      6249,      6236,      6222,      6234
         2,      6230,      6224,      6239,      6248
         3,      6237,      6252,      6233,      6223
         4,      6238,      6251,      6239,      6224
         5,      5355,      6227,      6242,      5356
         6,      6238,      6225,      6240,      6253
         7,      6241,      6254,      6237,      6226
         8,      6244,      6255,      6240,      6228
         9,      6243,      6256,      6241,      6229
        10,      6248,      6257,      6242,      6230
        11,      6258,      6243,      6231,      6245
        12,      6259,      6246,      2597,      2598
        13,      6260,      6245,      6232,      6247
        14,      6261,      6249,      6234,      6246
        15,      6235,      6250,      6262,      6247
        16,      6236,      6249,      6263,      6250
        17,      6252,      6265,      6244,      6233
        18,      6264,      6248,      6239,      6251
        19,      6251,      6238,      6253,      6266
        20,      6252,      6237,      6254,      6267
        21,      6257,      5357,      5356,      6242
        22,      6255,      6268,      6253,      6240
        23,      6256,      6269,      6254,      6241
        24,      6270,      6256,      6243,      6258
        25,      6271,      6259,      2598,      2599
        26,      6272,      6258,      6245,      6260
        27,      6273,      6261,      6246,      6259
        28,      6274,      6260,      6247,      6262
        29,      6265,      6278,      6255,      6244
        30,      6249,      6261,      6275,      6263
        31,      6250,      6263,      6276,      6262
        32,      6264,      6277,      6257,      6248
        33,      6264,      6251,      6266,      6280
        34,      6265,      6252,      6267,      6281
        35,      6253,      6268,      6279,      6266
        36,      6267,      6254,      6269,      6282
        37,      6277,      5358,      5357,      6257
        38,      6283,      6269,      6256,      6270
        39,      6284,      6271,      2599,      2600
        40,      6278,      6285,      6268,      6255
        41,      6286,      6270,      6258,      6272
        42,      6287,      6273,      6259,      6271
        43,      6288,      6272,      6260,      6274
        44,      6289,      6275,      6261,      6273
        45,      6290,      6274,      6262,      6276
        46,      6263,      6275,      6291,      6276
        47,      6277,      6264,      6280,      6292
        48,      6278,      6265,      6281,      6293
        49,      6280,      6266,      6279,      6296
        50,      6281,      6267,      6282,      6294
        51,      6285,      6296,      6279,      6268
        52,      6298,      6282,      6269,      6283
        53,      6297,      6284,      2600,      2601
        54,      6300,      6283,      6270,      6286
        55,      6299,      6287,      6271,      6284
        56,      6302,      6286,      6272,      6288
        57,      6301,      6289,      6273,      6287
        58,      6274,      6290,      6304,      6288
        59,      6303,      6291,      6275,      6289
        60,      6305,      6290,      6276,      6291
        61,      5358,      6277,      6292,      5359
        62,      6285,      6278,      6293,      6306
        63,      6293,      6281,      6295,      6307
        64,      6292,      6280,      6296,      6308
        65,      6294,      6309,      6295,      6281
        66,      6310,      6297,      2601,      2602
        67,      6282,      6298,      6311,      6294
        68,      6312,      6299,      6284,      6297
        69,      6313,      6298,      6283,      6300
        70,      6314,      6301,      6287,      6299
        71,      6315,      6300,      6286,      6302
        72,      6316,      6303,      6289,      6301
        73,      6296,      6285,      6306,      6320
        74,      6288,      6304,      6317,      6302
        75,      6318,      6305,      6291,      6303
        76,      6290,      6305,      6319,      6304
        77,      6307,      6321,      6306,      6293
        78,      5359,      6292,      6308,      5360
        79,      6322,      6307,      6295,      6309
        80,      6323,      6310,      2602,      2603
        81,      6325,      6309,      6294,      6311
        82,      6324,      6312,      6297,      6310
        83,      6320,      6327,      6308,      6296
        84,      6298,      6313,      6329,      6311
        85,      6326,      6314,      6299,      6312
        86,      6328,      6313,      6300,      6315
        87,      6330,      6316,      6301,      6314
        88,      6331,      6315,      6302,      6317
        89,      6332,      6318,      6303,      6316
        90,      6333,      6319,      6305,      6318
        91,      6304,      6319,      6334,      6317
        92,      6320,      6306,      6321,      6335
        93,      6322,      6337,      6321,      6307
        94,      6336,      6323,      2603,      2604
        95,      6327,      5361,      5360,      6308
        96,      6338,      6324,      6310,      6323
        97,      6340,      6322,      6309,      6325
        98,      6339,      6326,      6312,      6324
        99,      6345,      6325,      6311,      6329
       100,      6341,      6330,      6314,      6326
       101,      6313,      6328,      6348,      6329
       102,      6343,      6328,      6315,      6331
       103,      6342,      6332,      6316,      6330
       104,      6344,      6333,      6318,      6332
       105,      6346,      6331,      6317,      6334
       106,      6347,      6334,      6319,      6333
       107,      6335,      6349,      6327,      6320
       108,      6335,      6321,      6337,         2
       109,      6350,      6336,      2604,      2605
       110,         1,      6338,      6323,      6336
       111,         4,      6339,      6324,      6338
       112,      6322,      6340,         6,      6337
       113,         5,      6341,      6326,      6339
       114,      6349,      5362,      5361,      6327
       115,        12,      6340,      6325,      6345
       116,         7,      6342,      6330,      6341
       117,         8,      6344,      6332,      6342
       118,         9,      6343,      6331,      6346
       119,        10,      6347,      6333,      6344
       120,        11,      6346,      6334,      6347
       121,      6328,      6343,        13,      6348
       122,        14,      6345,      6329,      6348
       123,      6349,      6335,         3,        15
       124,        16,      6350,      2605,      2606
       125,        17,         1,      6336,      6350
       126,         2,        18,         3,      6335
       127,      6338,         1,        19,         4
       128,        21,         5,      6339,         4
       129,      6337,         6,        23,         2
       130,        22,         7,      6341,         5
       131,      6343,         9,        20,        13
       132,        24,         8,      6342,         7
       133,      6340,        12,        28,         6
       134,        25,        10,      6344,         8
       135,        26,         9,      6346,        11
       136,        27,        11,      6347,        10
       137,        30,        12,      6345,        14
       138,        15,      5363,      5362,      6349
       139,        32,        14,      6348,        13
       140,        29,        16,      2606,      2607
       141,        31,        17,      6350,        16
       142,         1,        17,        33,        19
       143,        34,        15,         3,        18
       144,         4,        19,        35,        21
       145,        23,        39,        18,         2
       146,        36,        22,         5,        21
       147,        38,        24,         7,        22
       148,        13,        20,        37,        32
       149,        40,        25,         8,        24
       150,        41,        27,        10,        25
       151,        42,        26,        11,        27
       152,         6,        28,        46,        23
       153,        44,        37,        20,         9
       154,        43,        29,      2607,      2608
       155,        12,        30,        49,        28
       156,        45,        31,        16,        29
       157,        50,        30,        14,        32
       158,        34,      5364,      5363,        15
       159,        17,        31,        47,        33
       160,        26,        52,        44,         9
       161,        19,        33,        48,        35
       162,        51,        36,        21,        35
       163,        39,        54,        34,        18
       164,        53,        38,        22,        36
       165,        55,        40,        24,        38
       166,        58,        41,        25,        40
       167,        59,        42,        27,        41
       168,        46,        64,        39,        23
       169,        57,        43,      2608,      2609
       170,        50,        32,        37,        56
       171,        60,        45,        29,        43
       172,        26,        42,        62,        52
       173,        61,        47,        31,        45
       174,        33,        47,        63,        48
       175,        28,        49,        67,        46
       176,        65,        51,        35,        48
       177,        30,        50,        69,        49
       178,        54,      5365,      5364,        34
       179,        56,        37,        44,        66
       180,        68,        53,        36,        51
       181,        70,        55,        38,        53
       182,        73,        58,        40,        55
       183,        71,        57,      2609,      2610
       184,        64,        78,        54,        39
       185,        72,        60,        43,        57
       186,        75,        59,        41,        58
       187,        52,        76,        66,        44
       188,        74,        61,        45,        60
       189,        77,        63,        47,        61
       190,        59,        83,        62,        42
       191,        79,        65,        48,        63
       192,        69,        50,        56,        80
       193,        64,        46,        67,        82
       194,        51,        65,        81,        68
       195,        49,        69,        86,        67
       196,        76,        52,        62,        83
       197,        84,        70,        53,        68
       198,        78,      5366,      5365,        54
       199,      5433,        71,      2610,      2611
       200,        80,        56,        66,        88
       201,        85,        72,        57,        71
       202,        90,        73,        55,        70
       203,        60,        72,        87,        74
       204,        94,        75,        58,        73
       205,        89,        77,        61,        74
       206,        91,        79,        63,        77
       207,        75,        96,        83,        59
       208,        65,        79,        95,        81
       209,        78,        64,        82,       101
       210,        69,        80,        92,        86
       211,        76,        97,        88,        66
       212,        68,        81,       100,        84
       213,        82,        67,        93,       105
       214,      5432,        85,        71,      5433
       215,        72,        85,       102,        87
       216,       106,        90,        70,        84
       217,        86,       107,        93,        67
       218,        74,        87,       103,        89
       219,       104,        91,        77,        89
       220,       108,        94,        73,        90
       221,        79,        91,        99,        95
       222,        83,       110,        97,        76
       223,      5366,        78,        98,      5367
       224,        96,        75,        94,       114
       225,       111,       109,        92,        80
       226,        88,       112,       111,        80
       227,       101,       116,        98,        78
       228,        86,        92,       109,       107
       229,        81,        95,       115,       100
       230,       104,       113,        99,        91
       231,        85,      5432,      5431,       102
       232,        96,       119,       110,        83
       233,        87,       102,       117,       103
       234,        84,       100,       121,       106
       235,       118,       104,        89,       103
       236,       124,       101,        82,       105
       237,       112,        88,        97,       122
       238,       123,       108,        90,       106
       239,       120,        95,        99,       113
       240,       105,        93,       107,       125
       241,       114,        94,       108,       126
       242,      5368,      5367,        98,       116
       243,       122,        97,       110,       131
       244,       119,        96,       114,       132
       245,       104,       118,       129,       113
       246,       102,      5431,      5430,       117
       247,       135,       115,        95,       120
       248,       109,       128,       125,       107
       249,       133,       118,       103,       117
       250,       100,       115,       136,       121
       251,       111,       130,       128,       109
       252,       112,       134,       130,       111
       253,       106,       121,       138,       123
       254,       119,       139,       131,       110
       255,       126,       108,       123,       142
       256,       113,       129,       140,       120
       257,       146,       124,       105,       125
       258,       101,       147,       137,       116
       259,       134,       112,       122,       144
       260,       137,       127,      5368,       116
       261,       114,       126,       141,       132
       262,       143,       147,       101,       124
       263,       118,       133,       145,       129
       264,      5429,       133,       117,      5430
       265,       152,       136,       115,       135
       266,       139,       119,       132,       149
       267,       151,       135,       120,       140
       268,       146,       125,       128,       148
       269,       144,       122,       131,       154
       270,       121,       136,       157,       138
       271,      5368,       127,       155,      5369
       272,       148,       128,       130,       150
       273,       142,       123,       138,       158
       274,       146,       153,       143,       124
       275,       134,       156,       150,       130
       276,       142,       163,       141,       126
       277,       129,       145,       160,       140
       278,       155,       127,       137,       159
       279,       133,      5429,      5428,       145
       280,       137,       147,       143,       159
       281,       149,       132,       141,       163
       282,       139,       164,       154,       131
       283,       134,       144,       162,       156
       284,       168,       152,       135,       151
       285,       143,       153,       161,       159
       286,       170,       157,       136,       152
       287,       158,       138,       157,       167
       288,       169,       151,       140,       160
       289,       161,       153,       146,       165
       290,       165,       146,       148,       166
       291,       164,       139,       149,       175
       292,       163,       142,       158,       173
       293,       154,       178,       162,       144
       294,       145,      5428,      5427,       160
       295,       166,       148,       150,       171
       296,      5369,       155,       172,      5370
       297,       156,       176,       171,       150
       298,       155,       159,       174,       172
       299,       161,       177,       174,       159
       300,       176,       156,       162,       178
       301,       175,       149,       163,       185
       302,       164,       179,       178,       154
       303,       183,       168,       151,       169
       304,       184,       170,       152,       168
       305,       167,       157,       170,       182
       306,       173,       158,       167,       180
       307,      5426,       169,       160,      5427
       308,       165,       189,       177,       161
       309,       186,       189,       165,       166
       310,       166,       171,       181,       186
       311,       185,       163,       173,       191
       312,       179,       164,       175,       194
       313,      5370,       172,       187,      5371
       314,       176,       188,       181,       171
       315,       172,       174,       190,       187
       316,       190,       174,       177,       189
       317,       180,       167,       182,       195
       318,       176,       178,       192,       188
       319,       182,       170,       184,       196
       320,       197,       184,       168,       183
       321,       191,       173,       180,       193
       322,      5425,       183,       169,      5426
       323,       178,       179,       198,       192
       324,       199,       186,       181,       188
       325,       194,       175,       185,       206
       326,       193,       180,       195,       207
       327,       201,      5372,      5371,       187
       328,       195,       182,       196,       208
       329,       185,       191,       200,       206
       330,       198,       179,       194,       211
       331,       202,       201,       187,       190
       332,       204,       203,       189,       186
       333,       196,       184,       197,       210
       334,       203,       202,       190,       189
       335,      5424,       197,       183,      5425
       336,       188,       192,       209,       199
       337,       205,       200,       191,       193
       338,       212,       204,       186,       199
       339,       192,       198,       214,       209
       340,       207,       216,       205,       193
       341,       207,       195,       208,       218
       342,       208,       196,       210,       220
       343,       211,       194,       206,       221
       344,       217,       206,       200,       205
       345,       210,       197,      5424,      5423
       346,      5372,       201,       213,      5373
       347,       202,       215,       213,       201
       348,       223,       212,       199,       209
       349,       202,       203,       219,       215
       350,       214,       198,       211,       224
       351,       203,       204,       222,       219
       352,       204,       212,       226,       222
       353,       216,       227,       217,       205
       354,       218,       228,       216,       207
       355,       229,       223,       209,       214
       356,       218,       208,       220,       230
       357,       225,      5373,       213,       215
       358,       217,       231,       221,       206
       359,       220,       210,      5423,      5422
       360,       224,       211,       221,       233
       361,       215,       219,       232,       225
       362,       212,       223,       234,       226
       363,       229,       214,       224,       236
       364,       219,       222,       235,       232
       365,       228,       238,       227,       216
       366,       230,       239,       228,       218
       367,       237,      5374,      5373,       225
       368,       231,       217,       227,       240
       369,       230,       220,      5422,      5421
       370,       231,       241,       233,       221
       371,       243,       235,       222,       226
       372,       223,       229,       242,       234
       373,       236,       224,       233,       245
       374,       244,       237,       225,       232
       375,       239,       246,       238,       228
       376,       247,       243,       226,       234
       377,      5421,      5420,       239,       230
       378,       240,       227,       238,       248
       379,       242,       229,       236,       249
       380,       250,       244,       232,       235
       381,       241,       231,       240,       251
       382,      5375,      5374,       237,       252
       383,       241,       253,       245,       233
       384,       254,       247,       234,       242
       385,       255,       250,       235,       243
       386,       249,       236,       245,       256
       387,       252,       237,       244,       257
       388,      5420,      5419,       246,       239
       389,       248,       238,       246,       258
       390,       251,       240,       248,       259
       391,       253,       241,       251,       260
       392,       254,       242,       249,       261
       393,       262,       255,       243,       247
       394,       257,       244,       250,       264
       395,      5376,      5375,       252,       265
       396,       253,       263,       256,       245
       397,       258,       246,      5419,      5418
       398,       267,       262,       247,       254
       399,       259,       248,       258,       266
       400,       261,       249,       256,       268
       401,       264,       250,       255,       270
       402,       260,       251,       259,       269
       403,       265,       252,       257,       271
       404,       263,       253,       260,       272
       405,       267,       254,       261,       273
       406,       263,       274,       268,       256
       407,       262,       275,       270,       255
       408,       266,       258,      5418,      5417
       409,      5377,      5376,       265,       277
       410,       271,       257,       264,       278
       411,       269,       259,       266,       276
       412,       273,       261,       268,       279
       413,       272,       260,       269,       280
       414,       267,       282,       275,       262
       415,       263,       272,       281,       274
       416,       278,       264,       270,       283
       417,       277,       265,       271,       284
       418,       276,       266,      5417,      5416
       419,       274,       285,       279,       268
       420,       273,       287,       282,       267
       421,       280,       269,       276,       286
       422,      5378,      5377,       277,       288
       423,       280,       289,       281,       272
       424,       275,       290,       283,       270
       425,       284,       271,       278,       291
       426,       285,       274,       281,       289
       427,       279,       292,       287,       273
       428,       286,       276,      5416,      5415
       429,       282,       294,       290,       275
       430,       288,       277,       284,       295
       431,       291,       278,       283,       296
       432,       289,       280,       286,       293
       433,       292,       279,       285,       298
       434,      5378,       288,       299,      5379
       435,       287,       300,       294,       282
       436,       289,       297,       298,       285
       437,       293,       286,      5415,      5414
       438,       295,       284,       291,       302
       439,       290,       303,       296,       283
       440,       293,       301,       297,       289
       441,       292,       304,       300,       287
       442,       295,       308,       299,       288
       443,       294,       306,       303,       290
       444,       302,       291,       296,       307
       445,      5414,      5413,       301,       293
       446,       298,       297,       301,      5413
       447,       304,       292,       298,       309
       448,      5380,      5379,       299,       308
       449,       294,       300,       305,       306
       450,       303,       311,       307,       296
       451,       308,       295,       302,       312
       452,       310,       305,       300,       304
       453,       309,       298,      5413,      5412
       454,       309,       313,       310,       304
       455,       306,       316,       311,       303
       456,       312,       302,       307,       315
       457,       314,       306,       305,       310
       458,      5381,      5380,       308,       317
       459,      5412,      5411,       313,       309
       460,       315,       307,       311,       319
       461,       317,       308,       312,       321
       462,       313,       318,       314,       310
       463,       316,       306,       314,       320
       464,       319,       311,       316,       325
       465,       321,       312,       315,       322
       466,      5382,      5381,       317,       323
       467,      5411,      5410,       318,       313
       468,       318,       324,       320,       314
       469,       325,       316,       320,       326
       470,       322,       315,       319,       329
       471,       323,       317,       321,       328
       472,      5410,      5409,       324,       318
       473,      5382,       323,       327,      5383
       474,       320,       324,       330,       326
       475,       328,       321,       322,       332
       476,       329,       319,       325,       333
       477,       331,       327,       323,       328
       478,      5409,      5408,       330,       324
       479,       333,       325,       326,       334
       480,       335,      5383,       327,       331
       481,       332,       322,       329,       336
       482,       334,       326,       330,      5408
       483,       331,       328,       332,       337
       484,       336,       329,       333,       339
       485,      5384,      5383,       335,       341
       486,       335,       331,       337,       340
       487,      5407,       338,       334,      5408
       488,       333,       334,       338,       339
       489,       337,       332,       336,       342
       490,       335,       340,       343,       341
       491,      5406,       339,       338,      5407
       492,       342,       336,       339,       344
       493,       340,       337,       342,       345
       494,      5385,      5384,       341,       346
       495,       344,       339,      5406,      5405
       496,       345,       342,       344,       347
       497,       345,       348,       343,       340
       498,       346,       341,       343,       348
       499,      5386,      5385,       346,       349
       500,       347,       344,      5405,      5404
       501,       348,       345,       347,       350
       502,       349,       346,       348,       351
       503,       350,       347,      5404,      5403
       504,       349,       353,      5387,      5386
       505,       351,       348,       350,       352
       506,       351,       354,       353,       349
       507,       352,       350,      5403,      5402
       508,       353,       356,      5388,      5387
       509,       354,       351,       352,       355
       510,       355,       352,      5402,      5401
       511,       354,       359,       356,       353
       512,      5388,       356,       358,      5389
       513,       354,       355,       357,       359
       514,      5400,       357,       355,      5401
       515,       359,       360,       358,       356
       516,      5399,       359,       357,      5400
       517,      5390,      5389,       358,       360
       518,      5399,      5398,       360,       359
       519,       361,      5391,      5390,       360
       520,      5397,       361,       360,      5398
       521,       362,      5392,      5391,       361
       522,      5396,       362,       361,      5397
       523,       363,      5393,      5392,       362
       524,      5395,       363,       362,      5396
       525,      5394,      5393,       363,      5395
       526,      1216,      1215,       364,      1217
       527,      1215,      1214,       365,       364
       528,       364,       365,      1218,      1217
       529,      1214,      1213,       366,       365
       530,       365,       366,      1219,      1218
       531,      1213,      1212,       367,       366
       532,       366,       367,      1220,      1219
       533,      1211,       368,       367,      1212
       534,      1220,       367,       369,      1221
       535,      1211,      1210,       370,       368
       536,       368,       371,       369,       367
       537,      1210,      1209,       372,       370
       538,       373,       368,       370,       372
       539,      1222,      1221,       369,       371
       540,       373,       374,       371,       368
       541,       372,      1209,      1208,       375
       542,       373,       372,       375,       376
       543,       374,      1223,      1222,       371
       544,       375,      1208,      1207,       377
       545,       376,       378,       374,       373
       546,       376,       375,       377,       380
       547,      1207,      1206,       379,       377
       548,       378,      1224,      1223,       374
       549,       378,       376,       380,       383
       550,      1206,      1205,       381,       379
       551,       382,       377,       379,       381
       552,       380,       377,       382,       384
       553,      1224,       378,       383,      1225
       554,       381,      1205,      1204,       385
       555,       383,       380,       384,       387
       556,       382,       381,       385,       386
       557,       384,       382,       386,       389
       558,       385,      1204,      1203,       390
       559,      1225,       383,       388,      1226
       560,       387,       393,       388,       383
       561,       387,       384,       389,       392
       562,       386,       385,       390,       391
       563,       389,       386,       391,       394
       564,      1202,       395,       390,      1203
       565,       393,       387,       392,       396
       566,      1227,      1226,       388,       393
       567,       392,       389,       394,       397
       568,       596,       595,       406,       597
       569,       595,       594,       407,       406
       570,       406,       407,       598,       597
       571,       594,       593,       408,       407
       572,       407,       408,       599,       598
       573,       593,       592,       409,       408
       574,       408,       409,       600,       599
       575,       591,       410,       409,       592
       576,       600,       409,       411,       601
       577,       410,       413,       411,       409
       578,       590,       415,       410,       591
       579,       589,       416,       412,       590
       580,       415,       590,       412,       414
       581,       602,       601,       411,       413
       582,       415,       418,       413,       410
       583,       416,       417,       414,       412
       584,       588,       419,       416,       589
       585,       417,       420,       415,       414
       586,       418,       603,       602,       413
       587,       419,       421,       417,       416
       588,       420,       423,       418,       415
       589,       587,       422,       419,       588
       590,       421,       424,       420,       417
       591,       422,       425,       421,       419
       592,       423,       604,       603,       418
       593,       586,       426,       422,       587
       594,       424,       428,       423,       420
       595,       425,       429,       424,       421
       596,       425,       422,       427,       430
       597,       426,       431,       427,       422
       598,       585,       433,       426,       586
       599,       604,       423,       428,       432
       600,       429,       434,       428,       424
       601,       430,       436,       429,       425
       602,       437,       430,       427,       431
       603,       435,       605,       604,       432
       604,       433,       438,       431,       426
       605,       428,       434,       435,       432
       606,       584,       439,       433,       585
       607,       436,       440,       434,       429
       608,       437,       441,       436,       430
       609,       438,       442,       437,       431
       610,       438,       433,       439,       443
       611,       583,       582,       439,       584
       612,       444,       435,       434,       440
       613,       445,       606,       605,       435
       614,       441,       446,       440,       436
       615,       442,       447,       441,       437
       616,       442,       438,       443,       448
       617,       443,       439,       582,       581
       618,       435,       444,       450,       445
       619,       449,       444,       440,       446
       620,       447,       451,       446,       441
       621,       607,       606,       445,       452
       622,       448,       453,       447,       442
       623,       448,       443,       581,       580
       624,       455,       450,       444,       449
       625,       454,       449,       446,       451
       626,       445,       450,       457,       452
       627,       453,       456,       451,       447
       628,       580,       579,       453,       448
       629,       457,       608,       607,       452
       630,       458,       455,       449,       454
       631,       459,       457,       450,       455
       632,       460,       454,       451,       456
       633,       579,       578,       456,       453
       634,       457,       462,       609,       608
       635,       461,       459,       455,       458
       636,       463,       458,       454,       460
       637,       577,       460,       456,       578
       638,       459,       465,       462,       457
       640,       459,       461,       464,       465
       641,       610,       609,       462,       466
       642,       576,       463,       460,       577
       643,       461,       463,       467,       464
       644,       466,       462,       465,       469
       645,       468,       465,       464,       467
       646,       467,       463,       576,       575
       647,       611,       610,       466,       470
       648,       469,       465,       468,       471
       649,       468,       467,       575,       574
       650,       470,       466,       469,       472
       651,       470,       473,       612,       611
       652,       471,       468,       574,       573
       653,       472,       469,       471,       474
       654,       472,       475,       473,       470
       655,       473,       476,       613,       612
       656,       474,       471,       573,       572
       657,       475,       472,       474,       477
       658,       475,       478,       476,       473
       659,       476,       479,       614,       613
       660,       477,       474,       572,       571
       661,       478,       475,       477,       480
       662,       478,       481,       479,       476
       663,       479,       482,       615,       614
       664,       480,       477,       571,       570
       665,       478,       480,       483,       481
       666,       481,       484,       482,       479
       667,       482,       485,       616,       615
       668,       570,       569,       483,       480
       669,       484,       481,       483,       569
       670,       484,       486,       485,       482
       671,       617,       616,       485,       487
       672,       569,       568,       486,       484
       673,       487,       485,       486,       488
       674,       488,       486,       568,       567
       675,       618,       617,       487,       489
       676,       489,       487,       488,       490
       677,       490,       488,       567,       566
       678,       619,       618,       489,       491
       679,       491,       489,       490,       492
       680,       492,       490,       566,       565
       681,       620,       619,       491,       493
       682,       493,       491,       492,       494
       683,       494,       492,       565,       564
       684,       620,       493,       495,       621
       685,       493,       494,       496,       495
       686,       496,       494,       564,       563
       687,       497,       621,       495,       496
       688,       497,       498,       622,       621
       689,       497,       496,       563,       562
       690,       562,       561,       498,       497
       691,       498,       499,       623,       622
       692,       561,       560,       499,       498
       693,       499,       500,       624,       623
       694,       560,       559,       500,       499
       695,       500,       501,       625,       624
       696,       559,       558,       501,       500
       697,       501,       502,       626,       625
       698,       558,       557,       502,       501
       699,       502,       503,       627,       626
       700,       557,       556,       503,       502
       701,       503,       504,       628,       627
       702,       556,       555,       504,       503
       703,       504,       505,       629,       628
       704,       555,       554,       505,       504
       705,       505,       506,       630,       629
       706,       554,       553,       506,       505
       707,       506,       507,       631,       630
       708,       553,       552,       507,       506
       709,       507,       508,       632,       631
       710,       552,       551,       508,       507
       711,       508,       509,       633,       632
       712,       551,       550,       509,       508
       713,       509,       510,       634,       633
       714,       550,       549,       510,       509
       715,       510,       511,       635,       634
       716,       549,       548,       511,       510
       717,       511,       512,       636,       635
       718,       548,       547,       512,       511
       719,       512,       513,       637,       636
       720,       547,       546,       513,       512
       721,       513,       514,       638,       637
       722,       546,       545,       514,       513
       723,       514,       515,       639,       638
       724,       545,       544,       515,       514
       725,       515,       516,       640,       639
       726,       544,       543,       516,       515
       727,       516,       517,       641,       640
       728,       543,       542,       517,       516
       729,       517,       518,       642,       641
       730,       542,       541,       518,       517
       731,       518,       519,       643,       642
       732,       541,       540,       519,       518
       733,       519,       520,       644,       643
       734,       540,       539,       520,       519
       735,       520,       521,       645,       644
       736,       539,       538,       521,       520
       737,       521,       522,       646,       645
       738,       538,       537,       522,       521
       739,       522,       523,       647,       646
       740,       537,       536,       523,       522
       741,       523,       524,       648,       647
       742,       536,       535,       524,       523
       743,       524,       525,       649,       648
       744,       535,       534,       525,       524
       745,       525,       526,       650,       649
       746,       534,       533,       526,       525
       747,       526,       527,       651,       650
       748,       533,       532,       527,       526
       749,       527,       528,       652,       651
       750,       532,       531,       528,       527
       751,       528,       529,       653,       652
       752,       531,       530,       529,       528
       753,       395,       399,       391,       390
       754,      1201,       401,       395,      1202
       755,       396,       392,       397,       400
       756,       393,       396,       398,      1227
       757,       394,       391,       399,       404
       758,       394,       404,       402,       397
       759,       396,       400,       403,       398
       760,       401,       654,       399,       395
       761,      1228,      1227,       398,       403
       762,       405,       400,       397,       402
       763,      1200,       655,       401,      1201
       764,       403,       400,       405,       656
       765,       404,       399,       654,       657
       766,       658,       405,       402,       404
       767,       659,       655,      1200,      1199
       768,       656,      1229,      1228,       403
       769,       655,       660,       654,       401
       770,       657,       663,       658,       404
       771,       661,       659,      1199,      1198
       772,       666,       656,       405,       658
       773,       662,       660,       655,       659
       774,       657,       654,       660,       664
       775,       656,       666,      1230,      1229
       776,       665,       661,      1198,      1197
       777,       667,       662,       659,       661
       778,       658,       663,       669,       666
       779,       668,       664,       660,       662
       780,       672,       663,       657,       664
       781,       670,       665,      1197,      1196
       782,       671,       667,       661,       665
       783,       666,       673,      1231,      1230
       784,       674,       668,       662,       667
       785,       675,       670,      1196,      1195
       786,       676,       671,       665,       670
       787,       678,       672,       664,       668
       788,       669,       677,       673,       666
       789,       682,       669,       663,       672
       790,       679,       674,       667,       671
       791,       683,       675,      1195,      1194
       792,       684,       678,       668,       674
       793,       673,       680,      1232,      1231
       794,       670,       675,       685,       676
       795,       669,       682,       681,       677
       796,       686,       679,       671,       676
       797,       677,       687,       680,       673
       798,       688,       682,       672,       678
       799,       689,       684,       674,       679
       800,       691,       683,      1194,      1193
       801,       675,       683,       692,       685
       802,       687,       677,       681,       690
       803,       676,       685,       694,       686
       804,      1233,      1232,       680,       693
       805,       695,       688,       678,       684
       806,       696,       689,       679,       686
       807,       697,       690,       681,       682
       808,       693,       680,       687,       698
       809,      1193,      1192,       700,       691
       810,       701,       695,       684,       689
       811,       703,       692,       683,       691
       812,       702,       697,       682,       688
       813,       687,       690,       699,       698
       814,       685,       692,       704,       694
       815,       706,       696,       686,       694
       816,      1234,      1233,       693,       705
       817,       707,       702,       688,       695
       818,       709,       701,       689,       696
       819,       697,       710,       699,       690
       820,      1192,      1191,       711,       700
       821,       705,       693,       698,       708
       822,       691,       700,       712,       703
       823,       713,       704,       692,       703
       824,       708,       698,       699,       710
       825,       714,       707,       695,       701
       826,       716,       706,       694,       704
       827,       710,       697,       702,       717
       828,       696,       706,       718,       709
       829,      1234,       705,       715,      1235
       830,      1191,      1190,       721,       711
       831,       720,       714,       701,       709
       832,       700,       711,       723,       712
       833,       717,       702,       707,       722
       834,       705,       708,       719,       715
       835,       703,       712,       724,       713
       836,       726,       716,       704,       713
       837,       719,       708,       710,       725
       838,       706,       716,       727,       718
       839,       722,       707,       714,       728
       840,       709,       718,       729,       720
       841,       725,       710,       717,       730
       842,       731,      1235,       715,       719
       843,      1190,      1189,      1188,       721
       844,       711,       721,       732,       723
       845,       712,       723,       733,       724
       846,       728,       714,       720,       734
       847,       713,       724,       735,       726
       848,       730,       717,       722,       736
       849,       737,       727,       716,       726
       850,       718,       727,       738,       729
       851,       731,       719,       725,       739
       852,      1236,      1235,       731,       741
       853,       736,       722,       728,       740
       854,       720,       729,       742,       734
       855,       721,      1188,      1187,       732
       856,       723,       732,       743,       733
       857,       724,       733,       744,       735
       858,       739,       725,       730,       747
       859,       726,       735,       745,       737
       860,       740,       728,       734,       746
       861,       748,       738,       727,       737
       862,       729,       738,       750,       742
       863,       741,       731,       739,       751
       864,       747,       730,       736,       753
       865,       732,      1187,      1186,       743
       866,       733,       743,       752,       744
       867,      1237,      1236,       741,       756
       868,       734,       742,       755,       746
       869,       735,       744,       754,       745
       870,       736,       740,       749,       753
       871,       737,       745,       757,       748
       872,       740,       746,       758,       749
       873,       759,       750,       738,       748
       874,       751,       739,       747,       760
       875,       743,      1186,      1185,       752
       876,       742,       750,       763,       755
       877,       744,       752,       762,       754
       878,       756,       741,       751,       765
       879,       745,       754,       764,       757
       880,       766,       758,       746,       755
       881,       748,       757,       761,       759
       882,      1238,      1237,       756,       767
       883,       768,       753,       749,       758
       884,       760,       747,       753,       770
       885,       752,      1185,      1184,       762
       886,       772,       763,       750,       759
       887,       754,       762,       771,       764
       888,       764,       769,       761,       757
       889,       765,       751,       760,       773
       890,       774,       766,       755,       763
       891,       767,       756,       765,       776
       892,       775,       759,       761,       769
       893,       758,       766,       777,       768
       894,       770,       753,       768,       779
       895,      1239,      1238,       767,       780
       896,       762,      1184,      1183,       771
       897,       764,       771,       778,       769
       898,       773,       760,       770,       781
       899,       782,       772,       759,       775
       900,       783,       774,       763,       772
       901,       776,       765,       773,       784
       902,       766,       774,       785,       777
       903,       769,       778,       786,       775
       904,       768,       777,       787,       779
       905,       780,       767,       776,       788
       906,       771,      1183,      1182,       778
       907,       781,       770,       779,       789
       908,      1240,      1239,       780,       790
       909,       772,       782,       791,       783
       910,       784,       773,       781,       794
       911,       793,       785,       774,       783
       912,       775,       786,       792,       782
       913,       777,       785,       795,       787
       914,       778,      1182,      1181,       786
       915,       788,       776,       784,       796
       916,       789,       779,       787,       798
       917,       790,       780,       788,       797
       918,       794,       781,       789,       800
       919,       790,       799,      1241,      1240
       920,       782,       792,       801,       791
       921,       783,       791,       802,       793
       922,       786,      1181,      1180,       792
       923,       803,       795,       785,       793
       924,       796,       784,       794,       804
       925,       797,       788,       796,       805
       926,       798,       787,       795,       806
       927,       797,       807,       799,       790
       928,       800,       789,       798,       808
       929,       791,       801,       809,       802
       930,      1179,       801,       792,      1180
       931,       793,       802,       811,       803
       932,      1242,      1241,       799,       810
       933,       804,       794,       800,       812
       934,       795,       803,       813,       806
       935,       805,       796,       804,       814
       936,       805,       815,       807,       797
       937,       808,       798,       806,       816
       938,       810,       799,       807,       817
       939,      1178,       809,       801,      1179
       940,       802,       809,       818,       811
       941,       812,       800,       808,       819
       942,       811,       822,       813,       803
       943,      1243,      1242,       810,       820
       944,       814,       804,       812,       821
       945,       814,       823,       815,       805
       946,       816,       806,       813,       822
       947,       815,       824,       817,       807
       948,      1177,       818,       809,      1178
       949,       819,       808,       816,       827
       950,       820,       810,       817,       825
       951,       818,       826,       822,       811
       952,       821,       812,       819,       830
       953,       821,       831,       823,       814
       954,      1244,      1243,       820,       829
       955,       824,       815,       823,       832
       956,       816,       822,       828,       827
       957,       824,       834,       825,       817
       958,      1177,      1176,       826,       818
       959,       822,       826,       833,       828
       960,       829,       820,       825,       835
       961,       830,       819,       827,       836
       962,       830,       837,       831,       821
       963,       832,       823,       831,       839
       964,      1245,      1244,       829,       838
       965,       840,       827,       828,       833
       966,       834,       824,       832,       841
       967,       833,       826,      1176,      1175
       968,       835,       825,       834,       842
       969,       838,       829,       835,       843
       970,       836,       844,       837,       830
       971,       836,       827,       840,       845
       972,       839,       831,       837,       846
       973,       841,       832,       839,       848
       974,       840,       833,      1175,      1174
       975,      1246,      1245,       838,       847
       976,       842,       834,       841,       849
       977,       843,       835,       842,       850
       978,       845,       851,       844,       836
       979,       846,       837,       844,       852
       980,       847,       838,       843,       853
       981,       845,       840,      1174,      1173
       982,       848,       839,       846,       854
       983,       848,       856,       849,       841
       984,      1247,      1246,       847,       855
       985,       850,       842,       849,       857
       986,       852,       844,       851,       858
       987,       853,       843,       850,       859
       988,      1173,      1172,       851,       845
       989,       854,       846,       852,       860
       990,       855,       847,       853,       861
       991,       854,       863,       856,       848
       992,       855,       862,      1248,      1247
       993,       857,       849,       856,       865
       994,       859,       850,       857,       867
       995,       858,       851,      1172,      1171
       996,       860,       852,       858,       866
       997,       854,       860,       864,       863
       998,       861,       853,       859,       868
       999,       861,       869,       862,       855
      1000,       865,       856,       863,       872
      1001,      1249,      1248,       862,       871
      1002,       860,       866,       870,       864
      1003,       866,       858,      1171,      1170
      1004,       867,       857,       865,       873
      1005,       868,       859,       867,       875
      1006,       874,       863,       864,       870
      1007,       868,       876,       869,       861
      1008,       871,       862,       869,       877
      1009,       870,       866,      1170,      1169
      1010,      1250,      1249,       871,       878
      1011,       872,       863,       874,       880
      1012,       873,       865,       872,       881
      1013,       867,       873,       879,       875
      1014,       875,       882,       876,       868
      1015,       877,       869,       876,       883
      1016,       874,       870,      1169,      1168
      1017,       878,       871,       877,       884
      1018,       878,       885,      1251,      1250
      1019,       881,       886,       879,       873
      1020,       882,       875,       879,       886
      1021,       881,       872,       880,       887
      1022,       880,       874,      1168,      1167
      1023,       883,       876,       882,       888
      1024,       884,       877,       883,       889
      1025,       884,       890,       885,       878
      1026,       885,       891,      1252,      1251
      1027,       887,       892,       886,       881
      1028,       886,       893,       888,       882
      1029,       887,       880,      1167,      1166
      1030,       889,       883,       888,       895
      1031,       884,       889,       894,       890
      1032,       890,       896,       891,       885
      1033,      1253,      1252,       891,       897
      1034,       893,       886,       892,       898
      1035,      1166,      1165,       892,       887
      1036,       893,       899,       895,       888
      1037,       895,       900,       894,       889
      1038,       896,       890,       894,       900
      1039,       897,       891,       896,       901
      1040,       898,       892,      1165,      1164
      1041,       897,       902,      1254,      1253
      1042,       899,       893,       898,       903
      1043,       900,       895,       899,       904
      1044,       901,       896,       900,       905
      1045,       901,       906,       902,       897
      1046,       903,       898,      1164,      1163
      1047,       904,       899,       903,       907
      1048,       902,       908,      1255,      1254
      1049,       905,       900,       904,       909
      1050,       906,       901,       905,       910
      1051,       907,       903,      1163,      1162
      1052,       906,       912,       908,       902
      1053,       909,       904,       907,       911
      1054,      1256,      1255,       908,       913
      1055,       909,       914,       910,       905
      1056,       911,       907,      1162,      1161
      1057,       912,       906,       910,       916
      1058,       911,       915,       914,       909
      1059,       913,       908,       912,       918
      1060,       913,       917,      1257,      1256
      1061,       914,       919,       916,       910
      1062,      1161,      1160,       915,       911
      1063,       918,       912,       916,       923
      1064,       918,       922,       917,       913
      1065,       915,       920,       919,       914
      1066,       917,       921,      1258,      1257
      1067,      1160,      1159,       920,       915
      1068,       923,       916,       919,       928
      1069,       922,       926,       921,       917
      1070,       922,       918,       923,       927
      1071,      1259,      1258,       921,       925
      1072,       919,       920,       924,       928
      1073,       920,      1159,      1158,       924
      1074,       925,       921,       926,       929
      1075,       926,       922,       927,       931
      1076,       928,       932,       927,       923
      1077,       925,       930,      1260,      1259
      1078,      1157,       928,       924,      1158
      1079,       929,       934,       930,       925
      1080,       929,       926,       931,       933
      1081,       932,       936,       931,       927
      1082,      1157,      1156,       932,       928
      1083,       930,       935,      1261,      1260
      1084,       933,       937,       934,       929
      1085,       934,       939,       935,       930
      1086,       933,       931,       936,       938
      1087,      1156,      1155,       936,       932
      1088,       935,       940,      1262,      1261
      1089,       938,       941,       937,       933
      1090,       937,       942,       939,       934
      1091,       938,       936,      1155,      1154
      1092,       939,       943,       940,       935
      1093,       940,       944,      1263,      1262
      1094,       941,       945,       942,       937
      1095,      1154,      1153,       941,       938
      1096,       942,       946,       943,       939
      1097,       943,       947,       944,       940
      1098,       944,       948,      1264,      1263
      1099,      1153,      1152,       945,       941
      1100,       946,       942,       945,       949
      1101,       946,       950,       947,       943
      1102,       947,       951,       948,       944
      1103,       948,       952,      1265,      1264
      1104,       949,       945,      1152,      1151
      1105,       950,       946,       949,       953
      1106,       950,       954,       951,       947
      1107,       951,       955,       952,       948
      1108,      1266,      1265,       952,       956
      1109,       953,       949,      1151,      1150
      1110,       954,       950,       953,       957
      1111,       954,       958,       955,       951
      1112,       956,       952,       955,       959
      1113,       956,       960,      1267,      1266
      1114,       957,       953,      1150,      1149
      1115,       958,       954,       957,       961
      1116,       959,       955,       958,       963
      1117,       956,       959,       962,       960
      1118,       960,       964,      1268,      1267
      1119,       961,       957,      1149,      1148
      1120,       963,       958,       961,       965
      1121,       963,       966,       962,       959
      1122,       964,       960,       962,       966
      1123,       964,       967,      1269,      1268
      1124,       965,       961,      1148,      1147
      1125,       966,       963,       965,       968
      1126,       966,       969,       967,       964
      1127,       967,       970,      1270,      1269
      1128,       968,       965,      1147,      1146
      1129,       969,       966,       968,       971
      1130,       969,       972,       970,       967
      1131,       971,       968,      1146,      1145
      1132,       970,       973,      1271,      1270
      1133,       972,       969,       971,       974
      1134,       972,       975,       973,       970
      1135,       974,       971,      1145,      1144
      1136,       973,       976,      1272,      1271
      1137,       975,       972,       974,       977
      1138,       975,       978,       976,       973
      1139,       977,       974,      1144,      1143
      1140,      1273,      1272,       976,       979
      1141,       978,       975,       977,       980
      1142,       980,       977,      1143,      1142
      1143,       979,       976,       978,       983
      1144,      1274,      1273,       979,       982
      1145,       978,       980,       981,       983
      1146,       980,      1142,      1141,       981
      1147,      1275,      1274,       982,       984
      1148,       982,       979,       983,       985
      1149,      1140,       983,       981,      1141
      1150,       984,       982,       985,       987
      1151,      1276,      1275,       984,       986
      1152,       985,       983,      1140,      1139
      1153,       986,       984,       987,       989
      1154,      1277,      1276,       986,       988
      1155,       987,       985,      1139,      1138
      1156,       988,       986,       989,       990
      1157,       989,       987,      1138,      1137
      1158,       988,       991,      1278,      1277
      1159,       990,       992,       991,       988
      1160,       990,       989,      1137,      1136
      1161,      1279,      1278,       991,       993
      1162,      1136,      1135,       992,       990
      1163,       993,       991,       992,       994
      1164,      1280,      1279,       993,       995
      1165,       994,       992,      1135,      1134
      1166,       995,       993,       994,       996
      1167,       995,       997,      1281,      1280
      1168,       996,       994,      1134,      1133
      1169,       996,       998,       997,       995
      1170,      1282,      1281,       997,       999
      1171,      1133,      1132,       998,       996
      1172,       999,       997,       998,      1000
      1173,      1283,      1282,       999,      1001
      1174,      1000,       998,      1132,      1131
      1175,      1001,       999,      1000,      1002
      1176,      1001,      1003,      1284,      1283
      1177,      1002,      1000,      1131,      1130
      1178,      1002,      1004,      1003,      1001
      1179,      1285,      1284,      1003,      1005
      1180,      1130,      1129,      1004,      1002
      1181,      1005,      1003,      1004,      1006
      1182,      1286,      1285,      1005,      1007
      1183,      1006,      1004,      1129,      1128
      1184,      1007,      1005,      1006,      1008
      1185,      1287,      1286,      1007,      1009
      1186,      1008,      1006,      1128,      1127
      1187,      1009,      1007,      1008,      1010
      1188,      1288,      1287,      1009,      1011
      1189,      1010,      1008,      1127,      1126
      1190,      1011,      1009,      1010,      1012
      1191,      1289,      1288,      1011,      1013
      1192,      1012,      1010,      1126,      1125
      1193,      1013,      1011,      1012,      1014
      1194,      1290,      1289,      1013,      1015
      1195,      1014,      1012,      1125,      1124
      1196,      1015,      1013,      1014,      1016
      1197,      1015,      1017,      1291,      1290
      1198,      1016,      1014,      1124,      1123
      1199,      1016,      1018,      1017,      1015
      1200,      1292,      1291,      1017,      1019
      1201,      1123,      1122,      1018,      1016
      1202,      1019,      1017,      1018,      1020
      1203,      1293,      1292,      1019,      1021
      1204,      1020,      1018,      1122,      1121
      1205,      1021,      1019,      1020,      1022
      1206,      1294,      1293,      1021,      1023
      1207,      1022,      1020,      1121,      1120
      1208,      1023,      1021,      1022,      1024
      1209,      1295,      1294,      1023,      1025
      1210,      1024,      1022,      1120,      1119
      1211,      1025,      1023,      1024,      1026
      1212,      1296,      1295,      1025,      1027
      1213,      1026,      1024,      1119,      1118
      1214,      1027,      1025,      1026,      1028
      1215,      1297,      1296,      1027,      1029
      1216,      1028,      1026,      1118,      1117
      1217,      1029,      1027,      1028,      1030
      1218,      1029,      1031,      1298,      1297
      1219,      1030,      1028,      1117,      1116
      1220,      1030,      1032,      1031,      1029
      1221,      1299,      1298,      1031,      1033
      1222,      1116,      1115,      1032,      1030
      1223,      1033,      1031,      1032,      1034
      1224,      1300,      1299,      1033,      1035
      1225,      1034,      1032,      1115,      1114
      1226,      1035,      1033,      1034,      1036
      1227,      1301,      1300,      1035,      1037
      1228,      1036,      1034,      1114,      1113
      1229,      1037,      1035,      1036,      1038
      1230,      1302,      1301,      1037,      1039
      1231,      1038,      1036,      1113,      1112
      1232,      1039,      1037,      1038,      1040
      1233,      1303,      1302,      1039,      1041
      1234,      1040,      1038,      1112,      1111
      1235,      1041,      1039,      1040,      1042
      1236,      1304,      1303,      1041,      1043
      1237,      1042,      1040,      1111,      1110
      1238,      1043,      1041,      1042,      1044
      1239,      1043,      1045,      1305,      1304
      1240,      1044,      1042,      1110,      1109
      1241,      1044,      1046,      1045,      1043
      1242,      1045,      1047,      1306,      1305
      1243,      1109,      1108,      1046,      1044
      1244,      1046,      1048,      1047,      1045
      1245,      1047,      1049,      1307,      1306
      1246,      1108,      1107,      1048,      1046
      1247,      1048,      1050,      1049,      1047
      1248,      1049,      1051,      1308,      1307
      1249,      1107,      1106,      1050,      1048
      1250,      1050,      1052,      1051,      1049
      1251,      1051,      1053,      1309,      1308
      1252,      1106,      1105,      1052,      1050
      1253,      1052,      1054,      1053,      1051
      1254,      1053,      1055,      1310,      1309
      1255,      1105,      1104,      1054,      1052
      1256,      1054,      1056,      1055,      1053
      1257,      1055,      1057,      1311,      1310
      1258,      1104,      1103,      1056,      1054
      1259,      1056,      1058,      1057,      1055
      1260,      1103,      1102,      1058,      1056
      1261,      1057,      1059,      1312,      1311
      1262,      1058,      1060,      1059,      1057
      1263,      1102,      1101,      1060,      1058
      1264,      1059,      1061,      1313,      1312
      1265,      1060,      1062,      1061,      1059
      1266,      1101,      1100,      1062,      1060
      1267,      1061,      1063,      1314,      1313
      1268,      1062,      1064,      1063,      1061
      1269,      1100,      1099,      1064,      1062
      1270,      1314,      1063,      1065,      1315
      1272,      1099,      1098,      1065,      1064
      1273,      1065,      1066,      1316,      1315
      1274,      1098,      1097,      1066,      1065
      1275,      1066,      1067,      1317,      1316
      1276,      1097,      1096,      1067,      1066
      1277,      1067,      1068,      1318,      1317
      1278,      1096,      1095,      1068,      1067
      1279,      1068,      1069,      1319,      1318
      1280,      1095,      1094,      1069,      1068
      1281,      1069,      1070,      1320,      1319
      1282,      1094,      1093,      1070,      1069
      1283,      1070,      1071,      1321,      1320
      1284,      1093,      1092,      1071,      1070
      1285,      1071,      1072,      1322,      1321
      1286,      1092,      1091,      1072,      1071
      1287,      1072,      1073,      1323,      1322
      1288,      1091,      1090,      1073,      1072
      1289,      1073,      1074,      1324,      1323
      1290,      1090,      1089,      1074,      1073
      1291,      1074,      1075,      1325,      1324
      1292,      1089,      1088,      1075,      1074
      1293,      1075,      1076,      1326,      1325
      1294,      1088,      1087,      1076,      1075
      1295,      1076,      1077,      1327,      1326
      1296,      1087,      1086,      1077,      1076
      1297,      1077,      1078,      1328,      1327
      1298,      1086,      1085,      1078,      1077
      1299,      1078,      1079,      1329,      1328
      1300,      1085,      1084,      1079,      1078
      1301,      1079,      1080,      1330,      1329
      1302,      1084,      1083,      1080,      1079
      1303,      1080,      1081,      1331,      1330
      1304,      1083,      1082,      1081,      1080
      1305,      2651,      2650,      1332,      2652
      1306,      2650,      2649,      1333,      1332
      1307,      1332,      1333,      2653,      2652
      1308,      2649,      2648,      1334,      1333
      1309,      1333,      1334,      2654,      2653
      1310,      2648,      2647,      1335,      1334
      1311,      1334,      1335,      2655,      2654
      1312,      2646,      1336,      1335,      2647
      1313,      2655,      1335,      1337,      2656
      1314,      2646,      2645,      1338,      1336
      1315,      1336,      1339,      1337,      1335
      1316,      2645,      2644,      1340,      1338
      1317,      1341,      1336,      1338,      1340
      1318,      2657,      2656,      1337,      1339
      1319,      1341,      1342,      1339,      1336
      1320,      1340,      2644,      2643,      1343
      1321,      1341,      1340,      1343,      1344
      1322,      1342,      2658,      2657,      1339
      1323,      1343,      2643,      2642,      1345
      1324,      1344,      1346,      1342,      1341
      1325,      1344,      1343,      1345,      1347
      1326,      1346,      2659,      2658,      1342
      1327,      1345,      2642,      2641,      1348
      1328,      1346,      1344,      1347,      1349
      1329,      1347,      1345,      1348,      1350
      1330,      1348,      2641,      2640,      1351
      1331,      2659,      1346,      1349,      2660
      1332,      1349,      1347,      1352,      1354
      1333,      1350,      1355,      1352,      1347
      1334,      1350,      1348,      1351,      1353
      1335,      1351,      2640,      2639,      1356
      1336,      2660,      1349,      1354,      2661
      1337,      1355,      1350,      1353,      1358
      1338,      1353,      1351,      1356,      1359
      1339,      2639,      2638,      1357,      1356
      1340,      1360,      1354,      1352,      1355
      1341,      1358,      1353,      1359,      1363
      1342,      1362,      1356,      1357,      1361
      1343,      2638,      2637,      1361,      1357
      1344,      1360,      1355,      1358,      1364
      1345,      2661,      1354,      1360,      2662
      1346,      1359,      1356,      1362,      1366
      1347,      1364,      1358,      1363,      1367
      1348,      1361,      2637,      1365,      1369
      1349,      1363,      1359,      1366,      1373
      1350,      1360,      1364,      1368,      2662
      1351,      1362,      1361,      1369,      1370
      1352,      2636,      1371,      1365,      2637
      1353,      1364,      1367,      1372,      1368
      1354,      1366,      1362,      1370,      1376
      1355,      1367,      1363,      1373,      1374
      1356,      1375,      1369,      1365,      1371
      1357,      2663,      2662,      1368,      1372
      1358,      2635,      1377,      1371,      2636
      1359,      1372,      1367,      1374,      1378
      1360,      1373,      1366,      1376,      1380
      1361,      1370,      1369,      1375,      1379
      1362,      1377,      1381,      1375,      1371
      1363,      2634,      1382,      1377,      2635
      1364,      2663,      1372,      1378,      2664
      1365,      1374,      1373,      1380,      1383
      1366,      1376,      1370,      1379,      1384
      1367,      1379,      1375,      1381,      1389
      1368,      1382,      1385,      1381,      1377
      1369,      1378,      1374,      1383,      1387
      1370,      1380,      1376,      1384,      1388
      1371,      2633,      1386,      1382,      2634
      1372,      2664,      1378,      1387,      2665
      1373,      1381,      1385,      1390,      1389
      1374,      1383,      1380,      1388,      1393
      1375,      1389,      1392,      1384,      1379
      1376,      1386,      1391,      1385,      1382
      1377,      1386,      2633,      2632,      1397
      1378,      1385,      1391,      1395,      1390
      1379,      1387,      1383,      1393,      1400
      1380,      1392,      1399,      1388,      1384
      1381,      1401,      1389,      1390,      1395
      1382,      2665,      1387,      1396,      2666
      1383,      1391,      1386,      1397,      1403
      1384,      1397,      2632,      1394,      1398
      1385,      2631,      1402,      1394,      2632
      1386,      1393,      1388,      1399,      1404
      1387,      1401,      1405,      1392,      1389
      1388,      1400,      1407,      1396,      1387
      1389,      1403,      1408,      1395,      1391
      1390,      1402,      1406,      1398,      1394
      1391,      1405,      1412,      1399,      1392
      1392,      1400,      1393,      1404,      1411
      1393,      1402,      2631,      2630,      1409
      1394,      1406,      1410,      1397,      1398
      1395,      1408,      1413,      1401,      1395
      1396,      2667,      2666,      1396,      1407
      1397,      1403,      1397,      1410,      1416
      1398,      1406,      1402,      1409,      1415
      1399,      1404,      1399,      1412,      1417
      1400,      1407,      1400,      1411,      1418
      1401,      1413,      1420,      1405,      1401
      1402,      1409,      2630,      2629,      1419
      1403,      1416,      1422,      1408,      1403
      1404,      1410,      1406,      1414,      1421
      1405,      1411,      1404,      1417,      1424
      1406,      1420,      1425,      1412,      1405
      1407,      1415,      1423,      1414,      1406
      1408,      2667,      1407,      1418,      2668
      1409,      1415,      1409,      1419,      1426
      1410,      1422,      1428,      1413,      1408
      1411,      1421,      1427,      1416,      1410
      1412,      1419,      2629,      2628,      1429
      1413,      1418,      1411,      1424,      1430
      1414,      1417,      1412,      1425,      1431
      1415,      1432,      1421,      1414,      1423
      1416,      1428,      1433,      1420,      1413
      1417,      1423,      1415,      1426,      1435
      1418,      1422,      1416,      1427,      1434
      1419,      1426,      1419,      1429,      1436
      1420,      1424,      1417,      1431,      1438
      1421,      2668,      1418,      1430,      2669
      1422,      1429,      2628,      2627,      1437
      1423,      1433,      1440,      1425,      1420
      1424,      1432,      1439,      1427,      1421
      1425,      1428,      1422,      1434,      1441
      1426,      1432,      1423,      1435,      1442
      1427,      1430,      1424,      1438,      1443
      1428,      1435,      1426,      1436,      1444
      1429,      1431,      1425,      1440,      1445
      1430,      1434,      1427,      1439,      1446
      1431,      1436,      1429,      1437,      1447
      1432,      1428,      1441,      1448,      1433
      1433,      1437,      2627,      2626,      1449
      1434,      1442,      1450,      1439,      1432
      1435,      2669,      1430,      1443,      2670
      1436,      1438,      1431,      1445,      1451
      1437,      1433,      1448,      1452,      1440
      1438,      1441,      1434,      1446,      1453
      1439,      1442,      1435,      1444,      1454
      1440,      1444,      1436,      1447,      1455
      1441,      1447,      1437,      1449,      1457
      1442,      2625,      1456,      1449,      2626
      1443,      1443,      1438,      1451,      1458
      1444,      1446,      1439,      1450,      1459
      1445,      1440,      1452,      1460,      1445
      1446,      1441,      1453,      1461,      1448
      1447,      1454,      1462,      1450,      1442
      1448,      2670,      1443,      1458,      2671
      1449,      1454,      1444,      1455,      1464
      1450,      1445,      1460,      1463,      1451
      1451,      1453,      1446,      1459,      1466
      1452,      1455,      1447,      1457,      1468
      1453,      2624,      1465,      1456,      2625
      1454,      1448,      1461,      1469,      1452
      1455,      1456,      1467,      1457,      1449
      1456,      1451,      1463,      1470,      1458
      1457,      1459,      1450,      1462,      1471
      1458,      1472,      1461,      1453,      1466
      1459,      1452,      1469,      1473,      1460
      1460,      1464,      1474,      1462,      1454
      1461,      1465,      2624,      2623,      1475
      1462,      1464,      1455,      1468,      1478
      1463,      1458,      1470,      2672,      2671
      1464,      1465,      1477,      1467,      1456
      1465,      1467,      1479,      1468,      1457
      1466,      1476,      1463,      1460,      1473
      1467,      1466,      1459,      1471,      1481
      1468,      1483,      1469,      1461,      1472
      1469,      1480,      1470,      1463,      1476
      1470,      1471,      1462,      1474,      1484
      1471,      1475,      2623,      2622,      1485
      1472,      1478,      1489,      1474,      1464
      1473,      1470,      1480,      1482,      2672
      1474,      1477,      1465,      1475,      1487
      1475,      1466,      1481,      1486,      1472
      1476,      1477,      1488,      1479,      1467
      1477,      1479,      1490,      1478,      1468
      1478,      1491,      1473,      1469,      1483
      1479,      1492,      1476,      1473,      1491
      1480,      1481,      1471,      1484,      1497
      1481,      1493,      1480,      1476,      1492
      1482,      1472,      1486,      1496,      1483
      1483,      1493,      1494,      1482,      1480
      1484,      2673,      2672,      1482,      1494
      1485,      1485,      2622,      2621,      1498
      1486,      1478,      1490,      1495,      1489
      1487,      1484,      1474,      1489,      1501
      1488,      1487,      1475,      1485,      1499
      1489,      1488,      1477,      1487,      1500
      1490,      1488,      1502,      1490,      1479
      1491,      1503,      1486,      1481,      1497
      1492,      1483,      1496,      1509,      1491
      1493,      1490,      1502,      1504,      1495
      1494,      1507,      1496,      1486,      1503
      1495,      2621,      2620,      1512,      1498
      1496,      1492,      1506,      1505,      1493
      1497,      1499,      1485,      1498,      1511
      1498,      1491,      1509,      1506,      1492
      1499,      1493,      1505,      1508,      1494
      1500,      1497,      1484,      1501,      1516
      1501,      1510,      1489,      1495,      1504
      1502,      1500,      1487,      1499,      1513
      1503,      1494,      1508,      2674,      2673
      1504,      1502,      1488,      1500,      1515
      1505,      1501,      1489,      1510,      1520
      1506,      1496,      1507,      1514,      1509
      1507,      1517,      1503,      1497,      1516
      1508,      2620,      2619,      1526,      1512
      1509,      1504,      1502,      1515,      1522
      1510,      1498,      1512,      1527,      1511
      1511,      1513,      1499,      1511,      1525
      1512,      1519,      1507,      1503,      1517
      1513,      1515,      1500,      1513,      1528
      1514,      1505,      1506,      1518,      1521
      1515,      1523,      1508,      1505,      1521
      1516,      1519,      1524,      1514,      1507
      1517,      2675,      2674,      1508,      1523
      1518,      1516,      1501,      1520,      1531
      1519,      1510,      1504,      1522,      1532
      1520,      1529,      1509,      1514,      1524
      1521,      1509,      1529,      1530,      1506
      1522,      1530,      1534,      1518,      1506
      1523,      2619,      2618,      1535,      1526
      1524,      1522,      1515,      1528,      1537
      1525,      1528,      1513,      1525,      1538
      1526,      1511,      1527,      1543,      1525
      1527,      1512,      1526,      1544,      1527
      1528,      1531,      1541,      1517,      1516
      1529,      1520,      1510,      1532,      1546
      1530,      1519,      1517,      1533,      1539
      1531,      1534,      1536,      1521,      1518
      1532,      1540,      1523,      1521,      1536
      1533,      1539,      1545,      1524,      1519
      1534,      2676,      2675,      1523,      1540
      1535,      1529,      1524,      1545,      1547
      1536,      1550,      1535,      2618,      2617
      1537,      1541,      1551,      1533,      1517
      1538,      1532,      1522,      1537,      1553
      1539,      1531,      1520,      1546,      1556
      1540,      1530,      1529,      1547,      1549
      1541,      1534,      1530,      1549,      1542
      1542,      1526,      1535,      1555,      1544
      1543,      1537,      1528,      1538,      1557
      1544,      1525,      1543,      1559,      1538
      1545,      1552,      1536,      1534,      1542
      1546,      1527,      1544,      1560,      1543
      1547,      1561,      1539,      1533,      1551
      1548,      1556,      1564,      1541,      1531
      1549,      1546,      1532,      1554,      1563
      1550,      1558,      1536,      1552,      1548
      1551,      1562,      1550,      2617,      2616
      1552,      1540,      1536,      1558,      1568
      1553,      1566,      1555,      1535,      1550
      1554,      1553,      1569,      1554,      1532
      1555,      1561,      1565,      1545,      1539
      1556,      1549,      1571,      1552,      1542
      1557,      1553,      1537,      1557,      1572
      1558,      1547,      1545,      1565,      1567
      1559,      2677,      2676,      1540,      1568
      1560,      1574,      1557,      1538,      1559
      1561,      1551,      1541,      1564,      1573
      1562,      1549,      1547,      1567,      1570
      1563,      1544,      1555,      1575,      1560
      1564,      1556,      1546,      1563,      1576
      1565,      1543,      1560,      1580,      1559
      1566,      2616,      2615,      1578,      1562
      1567,      1577,      1566,      1550,      1562
      1568,      1552,      1571,      1594,      1548
      1569,      1581,      1563,      1554,      1569
      1570,      1558,      1579,      2677,      1568
      1571,      1561,      1551,      1573,      1583
      1572,      1594,      1579,      1558,      1548
      1573,      1549,      1570,      1590,      1571
      1574,      1582,      1575,      1555,      1566
      1575,      1569,      1553,      1572,      1587
      1576,      1576,      1585,      1564,      1556
      1577,      1589,      1572,      1557,      1574
      1578,      1583,      1584,      1565,      1561
      1579,      1584,      1586,      1567,      1565
      1580,      1595,      1574,      1559,      1580
      1581,      1562,      1578,      1592,      1577
      1582,      1586,      1588,      1570,      1567
      1583,      1560,      1575,      1600,      1580
      1584,      1593,      1578,      2615,      2614
      1585,      1591,      1582,      1566,      1577
      1586,      1576,      1563,      1581,      1599
      1587,      1573,      1564,      1585,      1598
      1588,      2677,      1579,      1597,      2678
      1589,      1581,      1569,      1587,      1601
      1590,      1590,      1570,      1588,      1602
      1591,      1575,      1582,      1596,      1600
      1592,      1572,      1589,      1605,      1587
      1593,      1583,      1573,      1598,      1607
      1594,      1571,      1590,      1613,      1594
      1595,      1577,      1592,      1606,      1591
      1596,      1611,      1589,      1574,      1595
      1597,      1608,      1592,      1578,      1593
      1598,      1599,      1612,      1585,      1576
      1599,      1610,      1593,      2614,      2613
      1600,      1591,      1604,      1596,      1582
      1601,      1614,      1595,      1580,      1600
      1602,      1609,      1588,      1586,      1603
      1603,      1594,      1617,      1597,      1579
      1604,      1607,      1615,      1584,      1583
      1605,      1584,      1615,      1603,      1586
      1606,      1599,      1581,      1601,      1620
      1607,      2679,      2678,      1597,      1617
      1608,      1612,      1619,      1598,      1585
      1609,      1616,      1600,      1596,      1604
      1610,      1587,      1605,      1622,      1601
      1611,      1591,      1606,      1618,      1604
      1612,      1621,      1606,      1592,      1608
      1613,      1609,      1628,      1602,      1588
      1614,      1589,      1611,      1625,      1605
      1615,      1623,      1608,      1593,      1610
      1616,      2613,      2612,      1624,      1610
      1617,      1613,      1590,      1602,      1628
      1618,      1627,      1611,      1595,      1614
      1619,      1619,      1629,      1607,      1598
      1620,      1626,      1609,      1603,      1615
      1621,      1617,      1594,      1613,      1631
      1622,      1630,      1614,      1600,      1616
      1623,      1620,      1636,      1612,      1599
      1624,      1604,      1618,      1632,      1616
      1625,      1606,      1621,      1634,      1618
      1626,      1601,      1622,      1637,      1620
      1627,      1635,      1621,      1608,      1623
      1628,      1605,      1625,      1640,      1622
      1629,      1610,      1624,      1638,      1623
      1630,      1615,      1607,      1629,      1639
      1631,      2612,      2611,      2610,      1624
      1632,      1617,      1641,      2680,      2679
      1633,      1611,      1627,      1642,      1625
      1634,      1619,      1612,      1633,      1643
      1635,      1646,      1628,      1609,      1626
      1636,      1644,      1627,      1614,      1630
      1637,      1631,      1613,      1628,      1649
      1638,      1626,      1615,      1639,      1645
      1639,      1616,      1632,      1647,      1630
      1640,      1636,      1653,      1633,      1612
      1641,      1618,      1634,      1648,      1632
      1642,      1621,      1635,      1650,      1634
      1643,      1643,      1651,      1629,      1619
      1644,      1620,      1637,      1654,      1636
      1645,      1623,      1638,      1652,      1635
      1646,      1631,      1656,      1641,      1617
      1647,      1624,      2610,      2609,      1638
      1648,      1622,      1640,      1655,      1637
      1649,      1625,      1642,      1657,      1640
      1650,      1627,      1644,      1659,      1642
      1651,      1639,      1629,      1651,      1658
      1652,      1641,      1661,      2681,      2680
      1653,      1665,      1646,      1626,      1645
      1654,      1630,      1647,      1660,      1644
      1655,      1667,      1649,      1628,      1646
      1656,      1662,      1647,      1632,      1648
      1657,      1634,      1650,      1664,      1648
      1658,      1669,      1643,      1633,      1653
      1659,      1635,      1652,      1666,      1650
      1660,      1645,      1639,      1658,      1663
      1661,      1638,      2609,      2608,      1652
      1662,      1649,      1672,      1656,      1631
      1663,      1636,      1654,      1668,      1653
      1664,      1637,      1655,      1670,      1654
      1665,      1640,      1657,      1671,      1655
      1666,      1642,      1659,      1673,      1657
      1667,      1656,      1677,      1661,      1641
      1668,      1644,      1660,      1674,      1659
      1669,      1676,      1660,      1647,      1662
      1670,      1669,      1686,      1651,      1643
      1671,      1678,      1662,      1648,      1664
      1672,      1661,      1680,      2682,      2681
      1673,      1645,      1663,      1681,      1665
      1674,      1650,      1666,      1679,      1664
      1675,      1683,      1667,      1646,      1665
      1676,      1652,      2608,      2607,      1666
      1677,      1651,      1686,      1675,      1658
      1678,      1689,      1672,      1649,      1667
      1679,      1653,      1668,      1684,      1669
      1680,      1654,      1670,      1685,      1668
      1681,      1655,      1671,      1687,      1670
      1682,      1682,      1663,      1658,      1675
      1683,      1657,      1673,      1688,      1671
      1684,      1659,      1674,      1690,      1673
      1685,      1672,      1693,      1677,      1656
      1686,      1691,      1674,      1660,      1676
      1687,      1661,      1677,      1692,      1680
      1688,      1694,      1676,      1662,      1678
      1689,      1664,      1679,      1695,      1678
      1690,      1666,      2607,      2606,      1679
      1691,      1663,      1682,      1697,      1681
      1692,      1680,      1696,      2683,      2682
      1693,      1665,      1681,      1700,      1683
      1694,      1668,      1685,      1698,      1684
      1695,      1669,      1684,      1699,      1686
      1696,      1670,      1687,      1701,      1685
      1697,      1705,      1689,      1667,      1683
      1698,      1671,      1688,      1703,      1687
      1699,      1702,      1682,      1675,      1686
      1700,      1673,      1690,      1704,      1688
      1701,      1708,      1693,      1672,      1689
      1702,      1674,      1691,      1706,      1690
      1703,      1707,      1691,      1676,      1694
      1704,      1693,      1710,      1692,      1677
      1705,      1678,      1695,      1709,      1694
      1706,      1679,      2606,      2605,      1695
      1707,      1696,      1680,      1692,      1710
      1708,      1681,      1697,      1716,      1700
      1709,      1717,      1697,      1682,      1702
      1710,      1684,      1698,      1711,      1699
      1711,      1685,      1701,      1712,      1698
      1712,      1686,      1699,      1714,      1702
      1713,      1687,      1703,      1713,      1701
      1714,      1688,      1704,      1715,      1703
      1715,      1683,      1700,      1720,      1705
      1716,      1696,      1718,      2684,      2683
      1717,      1690,      1706,      1719,      1704
      1718,      1723,      1708,      1689,      1705
      1719,      1691,      1707,      1721,      1706
      1720,      1694,      1709,      1722,      1707
      1721,      1695,      2605,      2604,      1709
      1722,      1710,      1693,      1708,      1724
      1723,      1710,      1725,      1718,      1696
      1724,      1698,      1712,      1726,      1711
      1725,      1699,      1711,      1728,      1714
      1726,      1701,      1713,      1727,      1712
      1727,      1703,      1715,      1729,      1713
      1728,      1702,      1714,      1730,      1717
      1729,      1732,      1716,      1697,      1717
      1730,      1704,      1719,      1731,      1715
      1731,      1700,      1716,      1734,      1720
      1732,      1706,      1721,      1733,      1719
      1733,      1705,      1720,      1736,      1723
      1734,      1707,      1722,      1735,      1721
      1735,      1718,      1737,      2685,      2684
      1736,      1709,      2604,      2603,      1722
      1737,      1723,      1738,      1724,      1708
      1738,      1725,      1710,      1724,      1739
      1739,      1741,      1728,      1711,      1726
      1740,      1712,      1727,      1740,      1726
      1741,      1713,      1729,      1742,      1727
      1742,      1714,      1728,      1743,      1730
      1743,      1715,      1731,      1744,      1729
      1744,      1717,      1730,      1745,      1732
      1745,      1719,      1733,      1746,      1731
      1746,      1747,      1734,      1716,      1732
      1747,      1725,      1749,      1737,      1718
      1748,      1721,      1735,      1748,      1733
      1749,      1720,      1734,      1751,      1736
      1750,      1722,      2603,      2602,      1735
      1751,      1723,      1736,      1750,      1738
      1752,      2686,      2685,      1737,      1753
      1753,      1738,      1752,      1739,      1724
      1754,      1755,      1741,      1726,      1740
      1755,      1727,      1742,      1754,      1740
      1756,      1757,      1743,      1728,      1741
      1757,      1749,      1725,      1739,      1760
      1758,      1729,      1744,      1756,      1742
      1759,      1730,      1743,      1759,      1745
      1760,      1731,      1746,      1758,      1744
      1761,      1732,      1745,      1762,      1747
      1762,      1733,      1748,      1761,      1746
      1763,      1763,      1751,      1734,      1747
      1764,      1735,      2602,      2601,      1748
      1765,      1751,      1764,      1750,      1736
      1766,      1753,      1737,      1749,      1765
      1767,      1752,      1738,      1750,      1764
      1768,      1760,      1739,      1752,      1767
      1769,      2687,      2686,      1753,      1768
      1770,      1740,      1754,      1769,      1755
      1771,      1742,      1756,      1770,      1754
      1772,      1771,      1757,      1741,      1755
      1773,      1744,      1758,      1772,      1756
      1774,      1743,      1757,      1773,      1759
      1775,      1746,      1761,      1774,      1758
      1776,      1745,      1759,      1775,      1762
      1777,      1748,      2601,      2600,      1761
      1778,      1747,      1762,      1776,      1763
      1779,      1760,      1777,      1766,      1749
      1780,      1764,      1751,      1763,      1778
      1781,      1765,      1749,      1766,      1779
      1782,      1767,      1752,      1764,      1780
      1783,      1768,      1753,      1765,      1781
      1784,      1782,      1769,      1754,      1770
      1785,      1755,      1769,      1783,      1771
      1786,      1756,      1772,      1784,      1770
      1787,      1757,      1771,      1785,      1773
      1788,      1758,      1774,      1786,      1772
      1789,      1759,      1773,      1787,      1775
      1790,      1767,      1790,      1777,      1760
      1791,      1761,      2600,      2599,      1774
      1792,      1762,      1775,      1789,      1776
      1793,      1768,      1788,      2688,      2687
      1794,      1778,      1763,      1776,      1791
      1795,      1792,      1779,      1766,      1777
      1796,      1780,      1764,      1778,      1793
      1797,      1781,      1765,      1779,      1794
      1798,      1781,      1797,      1788,      1768
      1799,      1795,      1783,      1769,      1782
      1800,      1796,      1782,      1770,      1784
      1801,      1780,      1801,      1790,      1767
      1802,      1771,      1783,      1798,      1785
      1803,      1772,      1786,      1799,      1784
      1804,      1773,      1785,      1800,      1787
      1805,      1774,      2599,      2598,      1786
      1806,      1775,      1787,      1802,      1789
      1807,      1789,      1804,      1791,      1776
      1808,      1790,      1805,      1792,      1777
      1809,      1788,      1803,      2689,      2688
      1810,      1793,      1778,      1791,      1808
      1811,      1794,      1779,      1792,      1807
      1812,      1781,      1794,      1806,      1797
      1813,      1793,      1812,      1801,      1780
      1814,      1809,      1795,      1782,      1796
      1815,      1810,      1798,      1783,      1795
      1816,      1784,      1799,      1811,      1796
      1817,      1785,      1798,      1813,      1800
      1818,      1786,      2598,      2597,      1799
      1819,      1787,      1800,      1814,      1802
      1820,      1797,      1815,      1803,      1788
      1821,      1802,      1816,      1804,      1789
      1822,      1801,      1817,      1805,      1790
      1823,      1804,      1819,      1808,      1791
      1824,      1807,      1792,      1805,      1820
      1825,      2690,      2689,      1803,      1818
      1826,      1807,      1821,      1806,      1794
      1827,      1808,      1822,      1812,      1793
      1828,      1815,      1797,      1806,      1821
      1829,      1796,      1811,      1823,      1809
      1830,      1824,      1810,      1795,      1809
      1831,      1798,      1810,      1825,      1813
      1832,      1799,      2597,      2596,      1811
      1833,      1800,      1813,      1826,      1814
      1834,      1812,      1828,      1817,      1801
      1835,      1814,      1827,      1816,      1802
      1836,      1818,      1803,      1815,      1829
      1837,      1816,      1830,      1819,      1804
      1838,      1820,      1805,      1817,      1831
      1839,      1822,      1808,      1819,      1833
      1840,      1821,      1807,      1820,      1834
      1841,      1818,      1832,      2691,      2690
      1842,      1809,      1823,      1835,      1824
      1843,      1811,      2596,      2595,      1823
      1844,      1810,      1824,      1836,      1825
      1845,      1813,      1825,      1837,      1826
      1846,      1822,      1840,      1828,      1812
      1847,      1829,      1815,      1821,      1838
      1848,      1826,      1839,      1827,      1814
      1849,      1827,      1841,      1830,      1816
      1850,      1831,      1817,      1828,      1842
      1851,      1829,      1843,      1832,      1818
      1852,      1833,      1819,      1830,      1844
      1853,      1834,      1820,      1831,      1845
      1854,      1840,      1822,      1833,      1847
      1855,      1838,      1821,      1834,      1850
      1856,      1823,      2595,      2594,      1835
      1857,      1824,      1835,      1848,      1836
      1858,      1825,      1836,      1849,      1837
      1859,      1832,      1846,      2692,      2691
      1860,      1837,      1851,      1839,      1826
      1861,      1839,      1852,      1841,      1827
      1862,      1842,      1828,      1840,      1853
      1863,      1843,      1829,      1838,      1854
      1864,      1844,      1830,      1841,      1855
      1865,      1845,      1831,      1842,      1856
      1866,      1843,      1858,      1846,      1832
      1867,      1847,      1833,      1844,      1857
      1868,      1850,      1834,      1845,      1859
      1869,      1835,      2594,      2593,      1848
      1870,      1836,      1848,      1860,      1849
      1871,      1849,      1861,      1851,      1837
      1872,      1851,      1862,      1852,      1839
      1873,      1853,      1840,      1847,      1863
      1874,      1854,      1838,      1850,      1865
      1875,      2693,      2692,      1846,      1864
      1876,      1855,      1841,      1852,      1866
      1877,      1856,      1842,      1853,      1867
      1878,      1858,      1843,      1854,      1869
      1879,      1855,      1868,      1857,      1844
      1880,      1859,      1845,      1856,      1871
      1881,      1849,      1860,      1870,      1861
      1882,      1863,      1847,      1857,      1872
      1883,      1848,      2593,      2592,      1860
      1884,      1864,      1846,      1858,      1874
      1885,      1861,      1873,      1862,      1851
      1886,      1865,      1850,      1859,      1876
      1887,      1866,      1852,      1862,      1875
      1888,      1867,      1853,      1863,      1877
      1889,      1866,      1878,      1868,      1855
      1890,      1869,      1854,      1865,      1880
      1891,      1864,      1879,      2694,      2693
      1892,      1871,      1856,      1867,      1882
      1893,      1868,      1881,      1872,      1857
      1894,      1874,      1858,      1869,      1883
      1895,      2592,      2591,      1870,      1860
      1896,      1873,      1861,      1870,      2591
      1897,      1876,      1859,      1871,      1886
      1898,      1875,      1862,      1873,      1884
      1899,      1877,      1863,      1872,      1885
      1900,      1874,      1888,      1879,      1864
      1901,      1875,      1887,      1878,      1866
      1902,      1880,      1865,      1876,      1889
      1903,      1878,      1890,      1881,      1868
      1904,      1882,      1867,      1877,      1891
      1905,      1883,      1869,      1880,      1894
      1906,      1885,      1872,      1881,      1893
      1907,      1879,      1892,      2695,      2694
      1908,      1886,      1871,      1882,      1895
      1909,      1884,      1873,      2591,      2590
      1910,      1883,      1897,      1888,      1874
      1911,      1884,      1896,      1887,      1875
      1912,      1889,      1876,      1886,      1899
      1913,      1891,      1877,      1885,      1900
      1914,      1887,      1898,      1890,      1878
      1915,      1888,      1902,      1892,      1879
      1916,      1894,      1880,      1889,      1903
      1917,      1893,      1881,      1890,      1901
      1918,      1895,      1882,      1891,      1904
      1919,      1896,      1884,      2590,      2589
      1920,      1894,      1906,      1897,      1883
      1921,      1900,      1885,      1893,      1908
      1922,      1892,      1905,      2696,      2695
      1923,      1896,      1907,      1898,      1887
      1924,      1899,      1886,      1895,      1909
      1925,      1897,      1911,      1902,      1888
      1926,      1901,      1890,      1898,      1910
      1927,      1903,      1889,      1899,      1912
      1928,      1904,      1891,      1900,      1913
      1929,      1902,      1915,      1905,      1892
      1930,      1908,      1893,      1901,      1914
      1931,      1903,      1916,      1906,      1894
      1932,      1907,      1896,      2589,      2588
      1933,      1909,      1895,      1904,      1918
      1934,      1910,      1898,      1907,      1917
      1935,      1906,      1920,      1911,      1897
      1936,      1905,      1919,      2697,      2696
      1937,      1912,      1899,      1909,      1921
      1938,      1913,      1900,      1908,      1922
      1939,      1914,      1901,      1910,      1923
      1940,      1911,      1924,      1915,      1902
      1941,      1912,      1925,      1916,      1903
      1942,      1918,      1904,      1913,      1926
      1943,      1917,      1907,      2588,      2587
      1944,      1915,      1929,      1919,      1905
      1945,      1916,      1928,      1920,      1906
      1946,      1922,      1908,      1914,      1927
      1947,      1923,      1910,      1917,      1930
      1948,      1921,      1909,      1918,      1932
      1949,      1920,      1933,      1924,      1911
      1950,      2697,      1919,      1931,      2698
      1951,      1921,      1934,      1925,      1912
      1952,      1926,      1913,      1922,      1937
      1953,      1927,      1914,      1923,      1935
      1954,      1924,      1939,      1929,      1915
      1955,      1925,      1938,      1928,      1916
      1956,      1930,      1917,      2587,      2586
      1957,      1932,      1918,      1926,      1940
      1958,      1922,      1927,      1936,      1937
      1959,      1933,      1920,      1928,      1942
      1960,      1929,      1945,      1931,      1919
      1961,      1935,      1923,      1930,      1941
      1962,      1932,      1944,      1934,      1921
      1963,      1933,      1947,      1939,      1924
      1964,      2699,      2698,      1931,      1945
      1965,      1927,      1935,      1943,      1936
      1966,      1934,      1946,      1938,      1925
      1967,      1940,      1926,      1937,      1949
      1968,      1941,      1930,      2586,      2585
      1969,      1942,      1928,      1938,      1948
      1970,      1939,      1952,      1945,      1929
      1971,      1951,      1937,      1936,      1943
      1972,      1940,      1953,      1944,      1932
      1973,      1941,      1950,      1943,      1935
      1974,      1942,      1954,      1947,      1933
      1975,      1944,      1955,      1946,      1934
      1976,      1948,      1938,      1946,      1957
      1977,      2700,      2699,      1945,      1956
      1978,      1947,      1958,      1952,      1939
      1979,      2585,      2584,      1950,      1941
      1980,      1949,      1937,      1951,      1959
      1981,      1950,      1960,      1951,      1943
      1982,      1949,      1961,      1953,      1940
      1983,      1948,      1962,      1954,      1942
      1984,      1953,      1963,      1955,      1944
      1985,      1956,      1945,      1952,      1964
      1986,      1957,      1946,      1955,      1965
      1987,      1954,      1966,      1958,      1947
      1988,      2584,      2583,      1960,      1950
      1989,      1959,      1951,      1960,      1967
      1990,      1957,      1969,      1962,      1948
      1991,      1959,      1970,      1961,      1949
      1992,      1964,      1952,      1958,      1971
      1993,      2701,      2700,      1956,      1968
      1994,      1961,      1972,      1963,      1953
      1995,      1962,      1973,      1966,      1954
      1996,      1965,      1955,      1963,      1974
      1997,      1968,      1956,      1964,      1975
      1998,      1965,      1977,      1969,      1957
      1999,      1971,      1958,      1966,      1976
      2000,      1967,      1960,      2583,      2582
      2001,      1967,      1978,      1970,      1959
      2002,      1970,      1979,      1972,      1961
      2003,      1969,      1982,      1973,      1962
      2004,      1975,      1964,      1971,      1981
      2005,      1974,      1963,      1972,      1983
      2006,      2702,      2701,      1968,      1980
      2007,      1976,      1966,      1973,      1984
      2008,      1974,      1985,      1977,      1965
      2009,      1980,      1968,      1975,      1986
      2010,      2582,      2581,      1978,      1967
      2011,      1981,      1971,      1976,      1987
      2012,      1979,      1970,      1978,      1989
      2013,      1977,      1990,      1982,      1969
      2014,      1979,      1991,      1983,      1972
      2015,      1973,      1982,      1988,      1984
      2016,      1986,      1975,      1981,      1992
      2017,      1983,      1995,      1985,      1974
      2018,      1987,      1976,      1984,      1993
      2019,      2703,      2702,      1980,      1994
      2020,      1985,      1996,      1990,      1977
      2021,      1989,      1978,      2581,      2580
      2022,      1992,      1981,      1987,      1997
      2023,      1990,      1999,      1988,      1982
      2024,      1994,      1980,      1986,      1998
      2025,      1991,      1979,      1989,      2000
      2026,      1993,      1984,      1988,      1999
      2027,      1991,      2001,      1995,      1983
      2028,      1998,      1986,      1992,      2002
      2029,      1995,      2005,      1996,      1985
      2030,      1997,      1987,      1993,      2003
      2031,      1994,      2004,      2704,      2703
      2032,      1996,      2006,      1999,      1990
      2033,      2000,      1989,      2580,      2579
      2034,      2002,      1992,      1997,      2008
      2035,      2000,      2010,      2001,      1991
      2036,      1998,      2007,      2004,      1994
      2037,      2003,      1993,      1999,      2009
      2038,      2001,      2012,      2005,      1995
      2039,      2002,      2011,      2007,      1998
      2040,      2005,      2014,      2006,      1996
      2041,      2008,      1997,      2003,      2013
      2042,      2006,      2016,      2009,      1999
      2043,      2579,      2578,      2010,      2000
      2044,      2008,      2017,      2011,      2002
      2045,      2004,      2021,      2705,      2704
      2046,      2010,      2020,      2012,      2001
      2047,      2013,      2003,      2009,      2018
      2048,      2004,      2007,      2015,      2021
      2049,      2012,      2022,      2014,      2005
      2050,      2007,      2011,      2019,      2015
      2051,      2014,      2024,      2016,      2006
      2052,      2013,      2023,      2017,      2008
      2053,      2016,      2026,      2018,      2009
      2054,      2017,      2025,      2019,      2011
      2055,      2578,      2577,      2020,      2010
      2056,      2020,      2029,      2022,      2012
      2057,      2027,      2021,      2015,      2019
      2058,      2018,      2028,      2023,      2013
      2059,      2024,      2014,      2022,      2030
      2060,      2021,      2032,      2706,      2705
      2061,      2025,      2017,      2023,      2031
      2062,      2024,      2033,      2026,      2016
      2063,      2025,      2034,      2027,      2019
      2064,      2026,      2035,      2028,      2018
      2065,      2577,      2576,      2029,      2020
      2066,      2027,      2038,      2032,      2021
      2067,      2030,      2022,      2029,      2037
      2068,      2031,      2023,      2028,      2036
      2069,      2033,      2024,      2030,      2039
      2070,      2034,      2025,      2031,      2040
      2071,      2033,      2041,      2035,      2026
      2072,      2032,      2042,      2707,      2706
      2073,      2034,      2043,      2038,      2027
      2074,      2035,      2044,      2036,      2028
      2075,      2037,      2029,      2576,      2575
      2076,      2039,      2030,      2037,      2045
      2077,      2040,      2031,      2036,      2046
      2078,      2042,      2032,      2038,      2047
      2079,      2039,      2048,      2041,      2033
      2080,      2040,      2049,      2043,      2034
      2081,      2041,      2050,      2044,      2035
      2082,      2042,      2051,      2708,      2707
      2083,      2045,      2037,      2575,      2574
      2084,      2044,      2052,      2046,      2036
      2085,      2047,      2038,      2043,      2053
      2086,      2045,      2054,      2048,      2039
      2087,      2046,      2055,      2049,      2040
      2088,      2050,      2041,      2048,      2057
      2089,      2051,      2042,      2047,      2056
      2090,      2049,      2058,      2053,      2043
      2091,      2050,      2059,      2052,      2044
      2092,      2574,      2573,      2054,      2045
      2093,      2051,      2060,      2709,      2708
      2094,      2052,      2061,      2055,      2046
      2095,      2056,      2047,      2053,      2062
      2096,      2057,      2048,      2054,      2063
      2097,      2055,      2064,      2058,      2049
      2098,      2059,      2050,      2057,      2065
      2099,      2056,      2066,      2060,      2051
      2100,      2059,      2068,      2061,      2052
      2101,      2062,      2053,      2058,      2067
      2102,      2063,      2054,      2573,      2572
      2103,      2061,      2070,      2064,      2055
      2104,      2060,      2069,      2710,      2709
      2105,      2062,      2071,      2066,      2056
      2106,      2065,      2057,      2063,      2072
      2107,      2067,      2058,      2064,      2073
      2108,      2065,      2074,      2068,      2059
      2109,      2066,      2076,      2069,      2060
      2110,      2061,      2068,      2075,      2070
      2111,      2067,      2077,      2071,      2062
      2112,      2072,      2063,      2572,      2571
      2113,      2070,      2078,      2073,      2064
      2114,      2069,      2079,      2711,      2710
      2115,      2071,      2080,      2076,      2066
      2116,      2074,      2065,      2072,      2081
      2117,      2073,      2082,      2077,      2067
      2118,      2074,      2084,      2075,      2068
      2119,      2078,      2070,      2075,      2084
      2120,      2076,      2083,      2079,      2069
      2121,      2077,      2085,      2080,      2071
      2122,      2081,      2072,      2571,      2570
      2123,      2078,      2086,      2082,      2073
      2124,      2080,      2088,      2083,      2076
      2125,      2084,      2074,      2081,      2089
      2126,      2079,      2087,      2712,      2711
      2127,      2082,      2090,      2085,      2077
      2128,      2084,      2092,      2086,      2078
      2129,      2083,      2091,      2087,      2079
      2130,      2085,      2093,      2088,      2080
      2131,      2089,      2081,      2570,      2569
      2132,      2086,      2094,      2090,      2082
      2133,      2088,      2096,      2091,      2083
      2134,      2089,      2097,      2092,      2084
      2135,      2087,      2095,      2713,      2712
      2136,      2090,      2098,      2093,      2085
      2137,      2092,      2100,      2094,      2086
      2138,      2091,      2099,      2095,      2087
      2139,      2096,      2088,      2093,      2101
      2140,      2569,      2568,      2097,      2089
      2141,      2094,      2102,      2098,      2090
      2142,      2096,      2103,      2099,      2091
      2143,      2097,      2105,      2100,      2092
      2144,      2101,      2093,      2098,      2104
      2145,      2095,      2106,      2714,      2713
      2146,      2100,      2107,      2102,      2094
      2147,      2103,      2096,      2101,      2108
      2148,      2099,      2110,      2106,      2095
      2149,      2104,      2098,      2102,      2109
      2150,      2568,      2567,      2105,      2097
      2151,      2108,      2101,      2104,      2111
      2152,      2105,      2112,      2107,      2100
      2153,      2103,      2113,      2110,      2099
      2154,      2109,      2102,      2107,      2114
      2155,      2106,      2115,      2715,      2714
      2156,      2108,      2116,      2113,      2103
      2157,      2111,      2104,      2109,      2117
      2158,      2567,      2566,      2112,      2105
      2159,      2110,      2120,      2115,      2106
      2160,      2111,      2118,      2116,      2108
      2161,      2114,      2107,      2112,      2119
      2162,      2117,      2109,      2114,      2121
      2163,      2113,      2126,      2120,      2110
      2164,      2117,      2123,      2118,      2111
      2165,      2115,      2124,      2716,      2715
      2166,      2119,      2112,      2566,      2565
      2167,      2113,      2116,      2122,      2126
      2168,      2116,      2118,      2125,      2122
      2169,      2121,      2114,      2119,      2127
      2170,      2120,      2129,      2124,      2115
      2171,      2121,      2128,      2123,      2117
      2172,      2125,      2118,      2123,      2130
      2173,      2127,      2119,      2565,      2564
      2174,      2131,      2126,      2122,      2125
      2175,      2124,      2132,      2717,      2716
      2176,      2129,      2120,      2126,      2134
      2177,      2127,      2133,      2128,      2121
      2178,      2130,      2123,      2128,      2135
      2179,      2129,      2137,      2132,      2124
      2180,      2131,      2125,      2130,      2136
      2181,      2564,      2563,      2133,      2127
      2182,      2134,      2126,      2131,      2140
      2183,      2135,      2128,      2133,      2139
      2184,      2132,      2138,      2718,      2717
      2185,      2136,      2130,      2135,      2141
      2186,      2137,      2129,      2134,      2142
      2187,      2136,      2143,      2140,      2131
      2188,      2137,      2144,      2138,      2132
      2189,      2139,      2133,      2563,      2562
      2190,      2141,      2135,      2139,      2146
      2191,      2142,      2134,      2140,      2149
      2192,      2141,      2145,      2143,      2136
      2193,      2138,      2147,      2719,      2718
      2194,      2144,      2137,      2142,      2151
      2195,      2140,      2143,      2148,      2149
      2196,      2146,      2139,      2562,      2561
      2197,      2144,      2153,      2147,      2138
      2198,      2146,      2152,      2145,      2141
      2199,      2143,      2145,      2150,      2148
      2200,      2147,      2154,      2720,      2719
      2201,      2151,      2142,      2149,      2156
      2202,      2155,      2149,      2148,      2150
      2203,      2150,      2145,      2152,      2157
      2204,      2561,      2560,      2152,      2146
      2205,      2153,      2144,      2151,      2158
      2206,      2153,      2159,      2154,      2147
      2207,      2155,      2162,      2156,      2149
      2208,      2721,      2720,      2154,      2160
      2209,      2155,      2150,      2157,      2161
      2210,      2157,      2152,      2560,      2559
      2211,      2158,      2151,      2156,      2163
      2212,      2158,      2164,      2159,      2153
      2213,      2160,      2154,      2159,      2165
      2214,      2161,      2167,      2162,      2155
      2215,      2161,      2157,      2559,      2558
      2216,      2722,      2721,      2160,      2166
      2217,      2162,      2168,      2163,      2156
      2218,      2163,      2169,      2164,      2158
      2219,      2165,      2159,      2164,      2170
      2220,      2166,      2160,      2165,      2171
      2221,      2558,      2557,      2167,      2161
      2222,      2167,      2173,      2168,      2162
      2223,      2166,      2172,      2723,      2722
      2224,      2168,      2174,      2169,      2163
      2225,      2170,      2164,      2169,      2175
      2226,      2171,      2165,      2170,      2176
      2227,      2171,      2177,      2172,      2166
      2228,      2557,      2556,      2173,      2167
      2229,      2173,      2179,      2174,      2168
      2230,      2174,      2180,      2175,      2169
      2231,      2172,      2178,      2724,      2723
      2232,      2176,      2170,      2175,      2181
      2233,      2176,      2182,      2177,      2171
      2234,      2177,      2183,      2178,      2172
      2235,      2556,      2555,      2179,      2173
      2236,      2180,      2174,      2179,      2185
      2237,      2180,      2186,      2181,      2175
      2238,      2178,      2184,      2725,      2724
      2239,      2181,      2187,      2182,      2176
      2240,      2182,      2188,      2183,      2177
      2241,      2183,      2189,      2184,      2178
      2242,      2185,      2179,      2555,      2554
      2243,      2186,      2180,      2185,      2190
      2244,      2186,      2192,      2187,      2181
      2245,      2726,      2725,      2184,      2191
      2246,      2187,      2193,      2188,      2182
      2247,      2188,      2194,      2189,      2183
      2248,      2191,      2184,      2189,      2195
      2249,      2190,      2185,      2554,      2553
      2250,      2190,      2196,      2192,      2186
      2251,      2192,      2198,      2193,      2187
      2252,      2727,      2726,      2191,      2197
      2253,      2193,      2200,      2194,      2188
      2254,      2189,      2194,      2199,      2195
      2255,      2197,      2191,      2195,      2201
      2256,      2553,      2552,      2196,      2190
      2257,      2196,      2202,      2198,      2192
      2258,      2198,      2204,      2200,      2193
      2259,      2200,      2205,      2199,      2194
      2260,      2197,      2203,      2728,      2727
      2261,      2201,      2195,      2199,      2205
      2262,      2552,      2551,      2202,      2196
      2263,      2201,      2206,      2203,      2197
      2264,      2202,      2207,      2204,      2198
      2265,      2204,      2209,      2205,      2200
      2266,      2203,      2208,      2729,      2728
      2267,      2205,      2210,      2206,      2201
      2268,      2551,      2550,      2207,      2202
      2269,      2206,      2211,      2208,      2203
      2270,      2207,      2212,      2209,      2204
      2271,      2209,      2213,      2210,      2205
      2272,      2208,      2214,      2730,      2729
      2273,      2210,      2215,      2211,      2206
      2274,      2550,      2549,      2212,      2207
      2275,      2212,      2216,      2213,      2209
      2276,      2211,      2217,      2214,      2208
      2277,      2213,      2218,      2215,      2210
      2278,      2214,      2219,      2731,      2730
      2279,      2215,      2220,      2217,      2211
      2280,      2549,      2548,      2216,      2212
      2281,      2216,      2221,      2218,      2213
      2282,      2219,      2214,      2217,      2222
      2283,      2218,      2223,      2220,      2215
      2284,      2548,      2547,      2221,      2216
      2285,      2219,      2224,      2732,      2731
      2286,      2222,      2217,      2220,      2225
      2287,      2221,      2226,      2223,      2218
      2288,      2224,      2219,      2222,      2227
      2289,      2223,      2228,      2225,      2220
      2290,      2547,      2546,      2226,      2221
      2291,      2224,      2229,      2733,      2732
      2292,      2227,      2222,      2225,      2231
      2293,      2226,      2230,      2228,      2223
      2294,      2227,      2232,      2229,      2224
      2295,      2546,      2545,      2230,      2226
      2296,      2231,      2225,      2228,      2233
      2297,      2229,      2234,      2734,      2733
      2298,      2233,      2228,      2230,      2235
      2299,      2231,      2236,      2232,      2227
      2300,      2232,      2237,      2234,      2229
      2301,      2235,      2230,      2545,      2544
      2302,      2234,      2238,      2735,      2734
      2303,      2233,      2239,      2236,      2231
      2304,      2235,      2240,      2239,      2233
      2305,      2236,      2241,      2237,      2232
      2306,      2237,      2242,      2238,      2234
      2307,      2544,      2543,      2240,      2235
      2308,      2238,      2243,      2736,      2735
      2309,      2239,      2247,      2241,      2236
      2310,      2241,      2245,      2242,      2237
      2311,      2242,      2246,      2243,      2238
      2312,      2239,      2240,      2244,      2247
      2313,      2240,      2543,      2542,      2244
      2314,      2243,      2248,      2737,      2736
      2315,      2245,      2249,      2246,      2242
      2316,      2247,      2250,      2245,      2241
      2317,      2541,      2247,      2244,      2542
      2318,      2246,      2251,      2248,      2243
      2319,      2250,      2253,      2249,      2245
      2320,      2249,      2252,      2251,      2246
      2321,      2248,      2255,      2738,      2737
      2322,      2541,      2540,      2250,      2247
      2323,      2248,      2251,      2254,      2255
      2324,      2252,      2249,      2253,      2257
      2325,      2251,      2252,      2256,      2254
      2326,      2540,      2539,      2253,      2250
      2327,      2739,      2738,      2255,      2258
      2328,      2259,      2255,      2254,      2256
      2329,      2257,      2260,      2256,      2252
      2330,      2257,      2253,      2539,      2538
      2331,      2740,      2739,      2258,      2261
      2332,      2258,      2255,      2259,      2262
      2333,      2260,      2263,      2259,      2256
      2334,      2538,      2537,      2260,      2257
      2335,      2261,      2264,      2741,      2740
      2336,      2261,      2258,      2262,      2265
      2337,      2262,      2259,      2263,      2266
      2338,      2537,      2536,      2263,      2260
      2339,      2264,      2267,      2742,      2741
      2340,      2265,      2268,      2264,      2261
      2341,      2265,      2262,      2266,      2269
      2342,      2266,      2263,      2536,      2535
      2343,      2743,      2742,      2267,      2270
      2344,      2268,      2271,      2267,      2264
      2345,      2269,      2272,      2268,      2265
      2346,      2269,      2266,      2535,      2534
      2347,      2744,      2743,      2270,      2273
      2348,      2270,      2267,      2271,      2274
      2349,      2272,      2275,      2271,      2268
      2350,      2534,      2533,      2272,      2269
      2351,      2745,      2744,      2273,      2276
      2352,      2273,      2270,      2274,      2277
      2353,      2274,      2271,      2275,      2278
      2354,      2533,      2532,      2275,      2272
      2355,      2276,      2279,      2746,      2745
      2356,      2276,      2273,      2277,      2280
      2357,      2277,      2274,      2278,      2281
      2358,      2278,      2275,      2532,      2531
      2359,      2279,      2282,      2747,      2746
      2360,      2280,      2283,      2279,      2276
      2361,      2280,      2277,      2281,      2284
      2362,      2281,      2278,      2531,      2530
      2363,      2748,      2747,      2282,      2285
      2364,      2283,      2286,      2282,      2279
      2365,      2284,      2287,      2283,      2280
      2366,      2284,      2281,      2530,      2529
      2367,      2285,      2282,      2286,      2289
      2368,      2749,      2748,      2285,      2288
      2369,      2287,      2290,      2286,      2283
      2370,      2529,      2528,      2287,      2284
      2371,      2288,      2285,      2289,      2292
      2372,      2750,      2749,      2288,      2291
      2373,      2289,      2286,      2290,      2293
      2374,      2528,      2527,      2290,      2287
      2375,      2291,      2288,      2292,      2295
      2376,      2292,      2289,      2293,      2296
      2377,      2291,      2294,      2751,      2750
      2378,      2293,      2290,      2527,      2526
      2379,      2295,      2298,      2294,      2291
      2380,      2295,      2292,      2296,      2299
      2381,      2294,      2297,      2752,      2751
      2382,      2296,      2293,      2526,      2525
      2383,      2298,      2301,      2297,      2294
      2384,      2299,      2302,      2298,      2295
      2385,      2299,      2296,      2525,      2524
      2386,      2753,      2752,      2297,      2300
      2387,      2300,      2297,      2301,      2304
      2388,      2302,      2305,      2301,      2298
      2389,      2524,      2523,      2302,      2299
      2390,      2754,      2753,      2300,      2303
      2391,      2303,      2300,      2304,      2306
      2392,      2304,      2301,      2305,      2308
      2393,      2523,      2522,      2305,      2302
      2394,      2755,      2754,      2303,      2307
      2395,      2307,      2303,      2306,      2309
      2396,      2306,      2304,      2308,      2310
      2397,      2308,      2305,      2522,      2521
      2398,      2756,      2755,      2307,      2311
      2399,      2309,      2306,      2310,      2312
      2400,      2311,      2307,      2309,      2313
      2401,      2310,      2308,      2521,      2520
      2402,      2757,      2756,      2311,      2314
      2403,      2313,      2309,      2312,      2315
      2404,      2312,      2310,      2520,      2519
      2405,      2314,      2311,      2313,      2316
      2406,      2758,      2757,      2314,      2317
      2407,      2315,      2312,      2519,      2518
      2408,      2316,      2313,      2315,      2318
      2409,      2317,      2314,      2316,      2319
      2410,      2759,      2758,      2317,      2320
      2411,      2318,      2315,      2518,      2517
      2412,      2319,      2316,      2318,      2321
      2413,      2320,      2317,      2319,      2322
      2414,      2760,      2759,      2320,      2323
      2415,      2321,      2318,      2517,      2516
      2416,      2322,      2319,      2321,      2324
      2417,      2323,      2320,      2322,      2325
      2418,      2323,      2326,      2761,      2760
      2419,      2324,      2321,      2516,      2515
      2420,      2325,      2322,      2324,      2327
      2421,      2325,      2328,      2326,      2323
      2422,      2326,      2329,      2762,      2761
      2423,      2325,      2327,      2330,      2328
      2424,      2327,      2324,      2515,      2514
      2425,      2328,      2331,      2329,      2326
      2426,      2763,      2762,      2329,      2332
      2427,      2514,      2513,      2330,      2327
      2428,      2331,      2328,      2330,      2513
      2429,      2332,      2329,      2331,      2333
      2430,      2764,      2763,      2332,      2334
      2431,      2333,      2331,      2513,      2512
      2432,      2334,      2332,      2333,      2335
      2433,      2765,      2764,      2334,      2336
      2434,      2335,      2333,      2512,      2511
      2435,      2336,      2334,      2335,      2337
      2436,      2336,      2338,      2766,      2765
      2437,      2337,      2335,      2511,      2510
      2438,      2337,      2339,      2338,      2336
      2439,      2338,      2340,      2767,      2766
      2440,      2339,      2337,      2510,      2509
      2441,      2339,      2341,      2340,      2338
      2442,      2768,      2767,      2340,      2342
      2443,      2341,      2339,      2509,      2508
      2444,      2342,      2340,      2341,      2343
      2445,      2769,      2768,      2342,      2344
      2446,      2343,      2341,      2508,      2507
      2447,      2344,      2342,      2343,      2345
      2448,      2770,      2769,      2344,      2346
      2449,      2345,      2343,      2507,      2506
      2450,      2346,      2344,      2345,      2347
      2451,      2346,      2348,      2771,      2770
      2452,      2347,      2345,      2506,      2505
      2453,      2347,      2349,      2348,      2346
      2454,      2348,      2350,      2772,      2771
      2455,      2349,      2347,      2505,      2504
      2456,      2349,      2351,      2350,      2348
      2457,      2773,      2772,      2350,      2352
      2458,      2351,      2349,      2504,      2503
      2459,      2352,      2350,      2351,      2353
      2460,      2774,      2773,      2352,      2354
      2461,      2353,      2351,      2503,      2502
      2462,      2354,      2352,      2353,      2355
      2463,      2775,      2774,      2354,      2356
      2464,      2355,      2353,      2502,      2501
      2465,      2356,      2354,      2355,      2357
      2466,      2356,      2358,      2776,      2775
      2467,      2357,      2355,      2501,      2500
      2468,      2357,      2359,      2358,      2356
      2469,      2358,      2360,      2777,      2776
      2470,      2359,      2357,      2500,      2499
      2471,      2359,      2361,      2360,      2358
      2472,      2778,      2777,      2360,      2362
      2473,      2361,      2359,      2499,      2498
      2474,      2362,      2360,      2361,      2363
      2475,      2779,      2778,      2362,      2364
      2476,      2363,      2361,      2498,      2497
      2477,      2364,      2362,      2363,      2365
      2478,      2780,      2779,      2364,      2366
      2479,      2365,      2363,      2497,      2496
      2480,      2366,      2364,      2365,      2367
      2481,      2366,      2368,      2781,      2780
      2482,      2367,      2365,      2496,      2495
      2483,      2367,      2369,      2368,      2366
      2484,      2368,      2370,      2782,      2781
      2485,      2369,      2367,      2495,      2494
      2486,      2369,      2371,      2370,      2368
      2487,      2783,      2782,      2370,      2372
      2488,      2371,      2369,      2494,      2493
      2489,      2372,      2370,      2371,      2373
      2490,      2784,      2783,      2372,      2374
      2491,      2373,      2371,      2493,      2492
      2492,      2374,      2372,      2373,      2375
      2493,      2785,      2784,      2374,      2376
      2494,      2375,      2373,      2492,      2491
      2495,      2376,      2374,      2375,      2377
      2496,      2377,      2375,      2491,      2490
      2497,      2376,      2378,      2786,      2785
      2498,      2377,      2379,      2378,      2376
      2499,      2379,      2377,      2490,      2489
      2500,      2378,      2380,      2787,      2786
      2501,      2379,      2381,      2380,      2378
      2502,      2381,      2379,      2489,      2488
      2503,      2788,      2787,      2380,      2382
      2504,      2382,      2380,      2381,      2383
      2505,      2383,      2381,      2488,      2487
      2506,      2789,      2788,      2382,      2384
      2507,      2384,      2382,      2383,      2385
      2508,      2385,      2383,      2487,      2486
      2509,      2790,      2789,      2384,      2386
      2510,      2386,      2384,      2385,      2387
      2511,      2387,      2385,      2486,      2485
      2512,      2386,      2388,      2791,      2790
      2513,      2387,      2389,      2388,      2386
      2514,      2485,      2484,      2389,      2387
      2515,      2792,      2791,      2388,      2390
      2516,      2390,      2388,      2389,      2391
      2517,      2391,      2389,      2484,      2483
      2518,      2793,      2792,      2390,      2392
      2519,      2392,      2390,      2391,      2393
      2520,      2393,      2391,      2483,      2482
      2521,      2794,      2793,      2392,      2394
      2522,      2394,      2392,      2393,      2395
      2523,      2395,      2393,      2482,      2481
      2524,      2795,      2794,      2394,      2396
      2525,      2396,      2394,      2395,      2397
      2526,      2397,      2395,      2481,      2480
      2527,      2396,      2398,      2796,      2795
      2528,      2397,      2399,      2398,      2396
      2529,      2480,      2479,      2399,      2397
      2530,      2797,      2796,      2398,      2400
      2531,      2400,      2398,      2399,      2401
      2532,      2401,      2399,      2479,      2478
      2533,      2798,      2797,      2400,      2402
      2534,      2402,      2400,      2401,      2403
      2535,      2403,      2401,      2478,      2477
      2536,      2799,      2798,      2402,      2404
      2537,      2404,      2402,      2403,      2405
      2538,      2405,      2403,      2477,      2476
      2539,      2800,      2799,      2404,      2406
      2540,      2406,      2404,      2405,      2407
      2541,      2407,      2405,      2476,      2475
      2542,      2406,      2408,      2801,      2800
      2543,      2407,      2409,      2408,      2406
      2544,      2475,      2474,      2409,      2407
      2545,      2802,      2801,      2408,      2410
      2546,      2410,      2408,      2409,      2411
      2547,      2411,      2409,      2474,      2473
      2548,      2803,      2802,      2410,      2412
      2549,      2412,      2410,      2411,      2413
      2550,      2413,      2411,      2473,      2472
      2551,      2804,      2803,      2412,      2414
      2552,      2414,      2412,      2413,      2415
      2553,      2415,      2413,      2472,      2471
      2554,      2805,      2804,      2414,      2416
      2555,      2416,      2414,      2415,      2417
      2556,      2417,      2415,      2471,      2470
      2557,      2416,      2418,      2806,      2805
      2558,      2417,      2419,      2418,      2416
      2559,      2470,      2469,      2419,      2417
      2560,      2807,      2806,      2418,      2420
      2561,      2420,      2418,      2419,      2421
      2562,      2421,      2419,      2469,      2468
      2563,      2808,      2807,      2420,      2422
      2564,      2422,      2420,      2421,      2423
      2565,      2423,      2421,      2468,      2467
      2566,      2809,      2808,      2422,      2424
      2567,      2424,      2422,      2423,      2425
      2568,      2425,      2423,      2467,      2466
      2569,      2810,      2809,      2424,      2426
      2570,      2426,      2424,      2425,      2427
      2571,      2427,      2425,      2466,      2465
      2572,      2426,      2428,      2811,      2810
      2573,      2427,      2429,      2428,      2426
      2574,      2465,      2464,      2429,      2427
      2575,      2812,      2811,      2428,      2430
      2576,      2430,      2428,      2429,      2431
      2577,      2431,      2429,      2464,      2463
      2578,      2813,      2812,      2430,      2432
      2579,      2432,      2430,      2431,      2433
      2580,      2433,      2431,      2463,      2462
      2581,      2814,      2813,      2432,      2434
      2582,      2434,      2432,      2433,      2435
      2583,      2435,      2433,      2462,      2461
      2584,      2815,      2814,      2434,      2436
      2585,      2436,      2434,      2435,      2437
      2586,      2437,      2435,      2461,      2460
      2587,      2436,      2438,      2816,      2815
      2588,      2437,      2439,      2438,      2436
      2589,      2460,      2459,      2439,      2437
      2590,      2817,      2816,      2438,      2440
      2591,      2440,      2438,      2439,      2441
      2592,      2441,      2439,      2459,      2458
      2593,      2818,      2817,      2440,      2442
      2594,      2442,      2440,      2441,      2443
      2595,      2443,      2441,      2458,      2457
      2596,      2442,      2444,      2819,      2818
      2597,      2443,      2445,      2444,      2442
      2598,      2457,      2456,      2445,      2443
      2599,      2444,      2447,      2820,      2819
      2600,      2444,      2445,      2446,      2447
      2601,      2445,      2456,      2455,      2446
      2602,      2454,      2447,      2446,      2455
      2603,      2447,      2448,      2821,      2820
      2604,      2454,      2453,      2448,      2447
      2605,      2448,      2449,      2822,      2821
      2606,      2453,      2452,      2449,      2448
      2607,      2449,      2450,      2823,      2822
      2608,      2452,      2451,      2450,      2449
      2609,      6221,      6236,      6250,      6235
      2610,      6247,      6232,      6220,      6235
      2611,      6246,      6234,      2596,      2597
      2612,      6245,      6231,      6219,      6232
      2613,      6233,      6244,      6228,      6217
      2614,      6231,      6243,      6229,      6218
      2615,      6227,      6216,      6230,      6242
      2616,      6229,      6241,      6226,      6215
      2617,      6225,      6214,      6228,      6240
      2618,      6223,      6212,      6226,      6237
      2619,      6224,      6211,      6225,      6238
      2620,      6227,      5355,      5354,      6213
      2621,      6236,      6221,      6210,      6222
      2622,      6234,      6222,      2595,      2596
      2623,      6235,      6220,      6209,      6221
      2624,      6232,      6219,      6208,      6220
      2625,      6223,      6233,      6217,      6205
      2626,      6216,      6207,      6224,      6230
      2627,      6219,      6231,      6218,      6206
      2628,      6218,      6229,      6215,      6204
      2629,      6214,      6203,      6217,      6228
      2630,      6216,      6227,      6213,      6202
      2631,      6212,      6201,      6215,      6226
      2632,      6211,      6200,      6214,      6225
      2633,      6205,      6198,      6212,      6223
      2634,      6207,      6195,      6211,      6224
      2635,      6222,      6210,      2594,      2595
      2636,      6221,      6209,      6197,      6210
      2637,      6220,      6208,      6196,      6209
      2638,      6213,      5354,      5353,      6199
      2639,      6208,      6219,      6206,      6194
      2640,      6206,      6218,      6204,      6193
      2641,      6203,      6192,      6205,      6217
      2642,      6202,      6191,      6207,      6216
      2643,      6201,      6190,      6204,      6215
      2644,      6200,      6189,      6203,      6214
      2645,      6202,      6213,      6199,      6187
      2646,      6198,      6188,      6201,      6212
      2647,      6195,      6186,      6200,      6211
      2648,      6210,      6197,      2593,      2594
      2649,      6209,      6196,      6185,      6197
      2650,      6196,      6208,      6194,      6184
      2651,      6194,      6206,      6193,      6183
      2652,      6192,      6182,      6198,      6205
      2653,      6191,      6180,      6195,      6207
      2654,      5352,      6181,      6199,      5353
      2655,      6190,      6179,      6193,      6204
      2656,      6189,      6178,      6192,      6203
      2657,      6187,      6176,      6191,      6202
      2658,      6190,      6201,      6188,      6177
      2659,      6186,      6174,      6189,      6200
      2660,      6196,      6184,      6175,      6185
      2661,      6182,      6173,      6188,      6198
      2662,      6197,      6185,      2592,      2593
      2663,      6181,      6171,      6187,      6199
      2664,      6184,      6194,      6183,      6172
      2665,      6180,      6169,      6186,      6195
      2666,      6179,      6170,      6183,      6193
      2667,      6178,      6168,      6182,      6192
      2668,      6179,      6190,      6177,      6167
      2669,      6176,      6165,      6180,      6191
      2670,      6181,      5352,      5351,      6166
      2671,      6174,      6163,      6178,      6189
      2672,      6177,      6188,      6173,      6164
      2673,      6171,      6162,      6176,      6187
      2674,      2592,      6185,      6175,      2591
      2675,      6172,      2591,      6175,      6184
      2676,      6169,      6159,      6174,      6186
      2677,      6170,      6161,      6172,      6183
      2678,      6168,      6160,      6173,      6182
      2679,      6171,      6181,      6166,      6157
      2680,      6170,      6179,      6167,      6158
      2681,      6165,      6156,      6169,      6180
      2682,      6167,      6177,      6164,      6155
      2683,      6163,      6154,      6168,      6178
      2684,      6162,      6151,      6165,      6176
      2685,      6160,      6152,      6164,      6173
      2686,      6166,      5351,      5350,      6153
      2687,      6159,      6150,      6163,      6174
      2688,      6161,      2590,      2591,      6172
      2689,      6162,      6171,      6157,      6148
      2690,      6161,      6170,      6158,      6149
      2691,      6156,      6146,      6159,      6169
      2692,      6154,      6145,      6160,      6168
      2693,      6158,      6167,      6155,      6147
      2694,      6157,      6166,      6153,      6143
      2695,      6151,      6142,      6156,      6165
      2696,      6152,      6144,      6155,      6164
      2697,      6150,      6141,      6154,      6163
      2698,      6149,      2589,      2590,      6161
      2699,      6151,      6162,      6148,      6139
      2700,      6145,      6137,      6152,      6160
      2701,      6153,      5350,      5349,      6140
      2702,      6149,      6158,      6147,      6138
      2703,      6146,      6136,      6150,      6159
      2704,      6148,      6157,      6143,      6134
      2705,      6144,      6135,      6147,      6155
      2706,      6142,      6133,      6146,      6156
      2707,      6141,      6132,      6145,      6154
      2708,      6143,      6153,      6140,      6130
      2709,      6137,      6131,      6144,      6152
      2710,      6142,      6151,      6139,      6129
      2711,      6138,      2588,      2589,      6149
      2712,      6136,      6127,      6141,      6150
      2713,      6135,      6128,      6138,      6147
      2714,      6139,      6148,      6134,      6125
      2715,      6140,      5349,      5348,      6126
      2716,      6133,      6124,      6136,      6146
      2717,      6132,      6123,      6137,      6145
      2718,      6131,      6122,      6135,      6144
      2719,      6134,      6143,      6130,      6121
      2720,      6133,      6142,      6129,      6120
      2721,      6127,      6119,      6132,      6141
      2722,      6128,      2587,      2588,      6138
      2723,      6130,      6140,      6126,      6116
      2724,      6129,      6139,      6125,      6117
      2725,      6123,      6118,      6131,      6137
      2726,      6122,      6115,      6128,      6135
      2727,      6124,      6113,      6127,      6136
      2728,      6125,      6134,      6121,      6112
      2729,      5348,      5347,      6114,      6126
      2730,      6124,      6133,      6120,      6111
      2731,      6119,      6108,      6123,      6132
      2732,      6118,      6110,      6122,      6131
      2733,      6121,      6130,      6116,      6106
      2734,      6120,      6129,      6117,      6107
      2735,      6115,      2586,      2587,      6128
      2736,      6113,      6105,      6119,      6127
      2737,      6123,      6108,      6109,      6118
      2738,      6112,      6103,      6117,      6125
      2739,      6116,      6126,      6114,      6100
      2740,      6110,      6104,      6115,      6122
      2741,      6113,      6124,      6111,      6101
      2742,      6112,      6121,      6106,      6098
      2743,      5346,      6100,      6114,      5347
      2744,      6118,      6109,      6102,      6110
      2745,      6111,      6120,      6107,      6099
      2746,      6105,      6096,      6108,      6119
      2747,      6104,      2585,      2586,      6115
      2748,      6103,      6097,      6107,      6117
      2749,      6106,      6116,      6100,      6093
      2750,      6094,      6102,      6109,      6108
      2751,      6105,      6113,      6101,      6092
      2752,      6104,      6110,      6102,      6095
      2753,      6103,      6112,      6098,      6091
      2754,      6101,      6111,      6099,      6090
      2755,      6097,      6088,      6099,      6107
      2756,      5345,      6089,      6100,      5346
      2757,      6098,      6106,      6093,      6087
      2758,      2585,      6104,      6095,      2584
      2759,      6096,      6086,      6094,      6108
      2760,      6095,      6102,      6094,      6085
      2761,      6096,      6105,      6092,      6084
      2762,      6097,      6103,      6091,      6083
      2763,      6092,      6101,      6090,      6082
      2764,      6089,      6081,      6093,      6100
      2765,      6088,      6080,      6090,      6099
      2766,      6091,      6098,      6087,      6079
      2767,      2584,      6095,      6085,      2583
      2768,      6086,      6078,      6085,      6094
      2769,      6088,      6097,      6083,      6076
      2770,      6086,      6096,      6084,      6075
      2771,      6081,      6074,      6087,      6093
      2772,      5344,      6077,      6089,      5345
      2773,      6084,      6092,      6082,      6073
      2774,      6083,      6091,      6079,      6072
      2775,      6080,      6071,      6082,      6090
      2776,      6077,      6070,      6081,      6089
      2777,      6080,      6088,      6076,      6068
      2778,      6074,      6069,      6079,      6087
      2779,      6078,      2582,      2583,      6085
      2780,      6078,      6086,      6075,      6067
      2781,      6075,      6084,      6073,      6066
      2782,      6076,      6083,      6072,      6063
      2783,      6070,      6064,      6074,      6081
      2784,      6071,      6062,      6073,      6082
      2785,      5343,      6065,      6077,      5344
      2786,      6069,      6061,      6072,      6079
      2787,      6071,      6080,      6068,      6060
      2788,      6065,      6059,      6070,      6077
      2789,      2582,      6078,      6067,      2581
      2790,      6064,      6058,      6069,      6074
      2791,      6066,      6056,      6067,      6075
      2792,      6068,      6076,      6063,      6055
      2793,      6066,      6073,      6062,      6054
      2794,      6072,      6061,      6057,      6063
      2795,      6059,      6053,      6064,      6070
      2796,      6062,      6071,      6060,      6050
      2797,      6058,      6052,      6061,      6069
      2798,      5342,      6051,      6065,      5343
      2799,      6060,      6068,      6055,      6049
      2800,      6056,      2580,      2581,      6067
      2801,      6053,      6048,      6058,      6064
      2802,      6055,      6063,      6057,      6046
      2803,      6051,      6047,      6059,      6065
      2804,      6054,      6045,      6056,      6066
      2805,      6052,      6046,      6057,      6061
      2806,      6054,      6062,      6050,      6044
      2807,      6047,      6043,      6053,      6059
      2808,      6050,      6060,      6049,      6040
      2809,      6048,      6042,      6052,      6058
      2810,      6051,      5342,      5341,      6041
      2811,      6049,      6055,      6046,      6039
      2812,      6045,      2579,      2580,      6056
      2813,      6043,      6037,      6048,      6053
      2814,      6045,      6054,      6044,      6035
      2815,      6047,      6051,      6041,      6038
      2816,      6042,      6036,      6046,      6052
      2817,      6044,      6050,      6040,      6033
      2818,      6043,      6047,      6038,      6034
      2819,      6040,      6049,      6039,      6031
      2820,      6037,      6032,      6042,      6048
      2821,      6039,      6046,      6036,      6029
      2822,      2579,      6045,      6035,      2578
      2823,      6037,      6043,      6034,      6028
      2824,      6041,      5341,      5340,      6024
      2825,      6035,      6044,      6033,      6025
      2826,      6032,      6027,      6036,      6042
      2827,      6041,      6024,      6030,      6038
      2828,      6033,      6040,      6031,      6023
      2829,      6038,      6030,      6026,      6034
      2830,      6031,      6039,      6029,      6021
      2831,      6032,      6037,      6028,      6022
      2832,      6029,      6036,      6027,      6019
      2833,      6028,      6034,      6026,      6020
      2834,      2578,      6035,      6025,      2577
      2835,      6025,      6033,      6023,      6016
      2836,      6018,      6026,      6030,      6024
      2837,      6027,      6032,      6022,      6017
      2838,      6021,      6015,      6023,      6031
      2839,      6024,      5340,      5339,      6013
      2840,      6020,      6014,      6022,      6028
      2841,      6021,      6029,      6019,      6012
      2842,      6020,      6026,      6018,      6011
      2843,      6019,      6027,      6017,      6010
      2844,      2577,      6025,      6016,      2576
      2845,      6018,      6024,      6013,      6007
      2846,      6015,      6008,      6016,      6023
      2847,      6014,      6009,      6017,      6022
      2848,      6012,      6006,      6015,      6021
      2849,      6011,      6005,      6014,      6020
      2850,      6012,      6019,      6010,      6004
      2851,      6013,      5339,      5338,      6003
      2852,      6011,      6018,      6007,      6002
      2853,      6010,      6017,      6009,      6001
      2854,      6008,      2575,      2576,      6016
      2855,      6006,      6000,      6008,      6015
      2856,      6005,      5999,      6009,      6014
      2857,      6003,      5998,      6007,      6013
      2858,      6006,      6012,      6004,      5997
      2859,      6005,      6011,      6002,      5996
      2860,      6004,      6010,      6001,      5995
      2861,      6003,      5338,      5337,      5994
      2862,      6000,      2574,      2575,      6008
      2863,      6001,      6009,      5999,      5993
      2864,      5998,      5992,      6002,      6007
      2865,      6000,      6006,      5997,      5991
      2866,      5999,      6005,      5996,      5990
      2867,      5995,      5988,      5997,      6004
      2868,      5994,      5989,      5998,      6003
      2869,      5996,      6002,      5992,      5987
      2870,      5995,      6001,      5993,      5986
      2871,      2574,      6000,      5991,      2573
      2872,      5994,      5337,      5336,      5985
      2873,      5993,      5999,      5990,      5984
      2874,      5989,      5983,      5992,      5998
      2875,      5988,      5982,      5991,      5997
      2876,      5990,      5996,      5987,      5981
      2877,      5986,      5980,      5988,      5995
      2878,      5989,      5994,      5985,      5979
      2879,      5986,      5993,      5984,      5977
      2880,      5983,      5978,      5987,      5992
      2881,      5982,      2572,      2573,      5991
      2882,      5984,      5990,      5981,      5975
      2883,      5985,      5336,      5335,      5976
      2884,      5983,      5989,      5979,      5974
      2885,      5980,      5973,      5982,      5988
      2886,      5978,      5972,      5981,      5987
      2887,      5980,      5986,      5977,      5971
      2888,      5979,      5985,      5976,      5969
      2889,      5984,      5975,      5970,      5977
      2890,      5978,      5983,      5974,      5968
      2891,      5973,      2571,      2572,      5982
      2892,      5975,      5981,      5972,      5967
      2893,      5976,      5335,      5334,      5966
      2894,      5974,      5979,      5969,      5965
      2895,      5971,      5964,      5973,      5980
      2896,      5972,      5978,      5968,      5963
      2897,      5971,      5977,      5970,      5961
      2898,      5967,      5961,      5970,      5975
      2899,      5969,      5976,      5966,      5962
      2900,      5968,      5974,      5965,      5960
      2901,      5964,      2570,      2571,      5973
      2902,      5967,      5972,      5963,      5959
      2903,      5965,      5969,      5962,      5957
      2904,      5961,      5956,      5964,      5971
      2905,      5966,      5334,      5333,      5958
      2906,      5963,      5968,      5960,      5955
      2907,      5961,      5967,      5959,      5953
      2908,      5962,      5966,      5958,      5954
      2909,      5960,      5965,      5957,      5952
      2910,      5956,      2569,      2570,      5964
      2911,      5959,      5963,      5955,      5951
      2912,      5957,      5962,      5954,      5949
      2913,      5956,      5961,      5953,      5948
      2914,      5958,      5333,      5332,      5950
      2915,      5955,      5960,      5952,      5947
      2916,      5953,      5959,      5951,      5945
      2917,      5954,      5958,      5950,      5946
      2918,      5949,      5944,      5952,      5957
      2919,      2569,      5956,      5948,      2568
      2920,      5951,      5955,      5947,      5943
      2921,      5949,      5954,      5946,      5942
      2922,      5948,      5953,      5945,      5940
      2923,      5944,      5941,      5947,      5952
      2924,      5950,      5332,      5331,      5939
      2925,      5945,      5951,      5943,      5938
      2926,      5942,      5937,      5944,      5949
      2927,      5946,      5950,      5939,      5935
      2928,      5941,      5936,      5943,      5947
      2929,      2568,      5948,      5940,      2567
      2930,      5937,      5934,      5941,      5944
      2931,      5940,      5945,      5938,      5933
      2932,      5942,      5946,      5935,      5932
      2933,      5936,      5931,      5938,      5943
      2934,      5939,      5331,      5330,      5930
      2935,      5937,      5942,      5932,      5929
      2936,      5934,      5928,      5936,      5941
      2937,      2567,      5940,      5933,      2566
      2938,      5935,      5939,      5930,      5925
      2939,      5934,      5937,      5929,      5927
      2940,      5931,      5926,      5933,      5938
      2941,      5928,      5924,      5931,      5936
      2942,      5932,      5935,      5925,      5919
      2943,      5928,      5934,      5927,      5922
      2944,      5930,      5330,      5329,      5921
      2945,      5926,      2565,      2566,      5933
      2946,      5932,      5919,      5923,      5929
      2947,      5929,      5923,      5920,      5927
      2948,      5924,      5918,      5926,      5931
      2949,      5925,      5930,      5921,      5916
      2950,      5924,      5928,      5922,      5917
      2951,      5920,      5915,      5922,      5927
      2952,      5918,      2564,      2565,      5926
      2953,      5914,      5920,      5923,      5919
      2954,      5921,      5329,      5328,      5913
      2955,      5916,      5911,      5919,      5925
      2956,      5918,      5924,      5917,      5912
      2957,      5915,      5910,      5917,      5922
      2958,      5916,      5921,      5913,      5908
      2959,      5914,      5909,      5915,      5920
      2960,      2564,      5918,      5912,      2563
      2961,      5911,      5905,      5914,      5919
      2962,      5910,      5906,      5912,      5917
      2963,      5913,      5328,      5327,      5907
      2964,      5909,      5904,      5910,      5915
      2965,      5908,      5903,      5911,      5916
      2966,      5909,      5914,      5905,      5902
      2967,      5908,      5913,      5907,      5901
      2968,      5906,      2562,      2563,      5912
      2969,      5904,      5899,      5906,      5910
      2970,      5903,      5896,      5905,      5911
      2971,      5904,      5909,      5902,      5900
      2972,      5907,      5327,      5326,      5898
      2973,      5901,      5894,      5903,      5908
      2974,      5905,      5896,      5897,      5902
      2975,      5899,      2561,      2562,      5906
      2976,      5901,      5907,      5898,      5892
      2977,      5899,      5904,      5900,      5893
      2978,      5902,      5897,      5895,      5900
      2979,      5898,      5326,      5325,      5891
      2980,      5894,      5889,      5896,      5903
      2981,      5890,      5895,      5897,      5896
      2982,      5895,      5888,      5893,      5900
      2983,      2561,      5899,      5893,      2560
      2984,      5892,      5887,      5894,      5901
      2985,      5892,      5898,      5891,      5886
      2986,      5890,      5896,      5889,      5883
      2987,      5324,      5885,      5891,      5325
      2988,      5890,      5884,      5888,      5895
      2989,      5888,      2559,      2560,      5893
      2990,      5887,      5882,      5889,      5894
      2991,      5887,      5892,      5886,      5881
      2992,      5885,      5880,      5886,      5891
      2993,      5884,      5890,      5883,      5878
      2994,      5884,      2558,      2559,      5888
      2995,      5323,      5879,      5885,      5324
      2996,      5883,      5889,      5882,      5877
      2997,      5882,      5887,      5881,      5876
      2998,      5880,      5875,      5881,      5886
      2999,      5879,      5874,      5880,      5885
      3000,      2558,      5884,      5878,      2557
      3001,      5878,      5883,      5877,      5872
      3002,      5879,      5323,      5322,      5873
      3003,      5877,      5882,      5876,      5871
      3004,      5875,      5870,      5876,      5881
      3005,      5874,      5869,      5875,      5880
      3006,      5874,      5879,      5873,      5868
      3007,      2557,      5878,      5872,      2556
      3008,      5872,      5877,      5871,      5866
      3009,      5871,      5876,      5870,      5865
      3010,      5873,      5322,      5321,      5867
      3011,      5869,      5864,      5870,      5875
      3012,      5869,      5874,      5868,      5863
      3013,      5868,      5873,      5867,      5862
      3014,      2556,      5872,      5866,      2555
      3015,      5865,      5860,      5866,      5871
      3016,      5865,      5870,      5864,      5859
      3017,      5867,      5321,      5320,      5861
      3018,      5864,      5869,      5863,      5858
      3019,      5863,      5868,      5862,      5857
      3020,      5862,      5867,      5861,      5856
      3021,      5860,      2554,      2555,      5866
      3022,      5859,      5855,      5860,      5865
      3023,      5859,      5864,      5858,      5853
      3024,      5319,      5854,      5861,      5320
      3025,      5858,      5863,      5857,      5852
      3026,      5857,      5862,      5856,      5851
      3027,      5854,      5850,      5856,      5861
      3028,      5855,      2553,      2554,      5860
      3029,      5855,      5859,      5853,      5849
      3030,      5853,      5858,      5852,      5847
      3031,      5318,      5848,      5854,      5319
      3032,      5852,      5857,      5851,      5845
      3033,      5856,      5850,      5846,      5851
      3034,      5848,      5844,      5850,      5854
      3035,      2553,      5855,      5849,      2552
      3036,      5849,      5853,      5847,      5843
      3037,      5847,      5852,      5845,      5841
      3038,      5845,      5851,      5846,      5840
      3039,      5848,      5318,      5317,      5842
      3040,      5844,      5840,      5846,      5850
      3041,      2552,      5849,      5843,      2551
      3042,      5844,      5848,      5842,      5839
      3043,      5843,      5847,      5841,      5838
      3044,      5841,      5845,      5840,      5836
      3045,      5842,      5317,      5316,      5837
      3046,      5840,      5844,      5839,      5835
      3047,      2551,      5843,      5838,      2550
      3048,      5839,      5842,      5837,      5834
      3049,      5838,      5841,      5836,      5833
      3050,      5836,      5840,      5835,      5832
      3051,      5837,      5316,      5315,      5831
      3052,      5835,      5839,      5834,      5830
      3053,      2550,      5838,      5833,      2549
      3054,      5833,      5836,      5832,      5829
      3055,      5834,      5837,      5831,      5828
      3056,      5832,      5835,      5830,      5827
      3057,      5831,      5315,      5314,      5826
      3058,      5830,      5834,      5828,      5825
      3059,      2549,      5833,      5829,      2548
      3060,      5829,      5832,      5827,      5824
      3061,      5826,      5823,      5828,      5831
      3062,      5827,      5830,      5825,      5822
      3063,      2548,      5829,      5824,      2547
      3064,      5826,      5314,      5313,      5821
      3065,      5823,      5820,      5825,      5828
      3066,      5824,      5827,      5822,      5819
      3067,      5821,      5818,      5823,      5826
      3068,      5822,      5825,      5820,      5817
      3069,      2547,      5824,      5819,      2546
      3070,      5821,      5313,      5312,      5816
      3071,      5818,      5814,      5820,      5823
      3072,      5819,      5822,      5817,      5815
      3073,      5818,      5821,      5816,      5813
      3074,      2546,      5819,      5815,      2545
      3075,      5814,      5812,      5817,      5820
      3076,      5816,      5312,      5311,      5811
      3077,      5812,      5810,      5815,      5817
      3078,      5814,      5818,      5813,      5809
      3079,      5813,      5816,      5811,      5808
      3080,      5810,      2544,      2545,      5815
      3081,      5811,      5311,      5310,      5807
      3082,      5812,      5814,      5809,      5806
      3083,      5810,      5812,      5806,      5805
      3084,      5809,      5813,      5808,      5804
      3085,      5808,      5811,      5807,      5803
      3086,      2544,      5810,      5805,      2543
      3087,      5807,      5310,      5309,      5802
      3088,      5806,      5809,      5804,      5798
      3089,      5804,      5808,      5803,      5800
      3090,      5803,      5807,      5802,      5799
      3091,      5806,      5798,      5801,      5805
      3092,      5805,      5801,      2542,      2543
      3093,      5802,      5309,      5308,      5797
      3094,      5800,      5803,      5799,      5796
      3095,      5798,      5804,      5800,      5795
      3096,      2541,      2542,      5801,      5798
      3097,      5799,      5802,      5797,      5794
      3098,      5795,      5800,      5796,      5792
      3099,      5796,      5799,      5794,      5793
      3100,      5797,      5308,      5307,      5790
      3101,      2541,      5798,      5795,      2540
      3102,      5797,      5790,      5791,      5794
      3103,      5793,      5788,      5792,      5796
      3104,      5794,      5791,      5789,      5793
      3105,      2540,      5795,      5792,      2539
      3106,      5306,      5787,      5790,      5307
      3107,      5786,      5789,      5791,      5790
      3108,      5788,      5793,      5789,      5785
      3109,      5788,      2538,      2539,      5792
      3110,      5305,      5784,      5787,      5306
      3111,      5787,      5783,      5786,      5790
      3112,      5785,      5789,      5786,      5782
      3113,      2538,      5788,      5785,      2537
      3114,      5784,      5305,      5304,      5781
      3115,      5784,      5780,      5783,      5787
      3116,      5783,      5779,      5782,      5786
      3117,      2537,      5785,      5782,      2536
      3118,      5781,      5304,      5303,      5778
      3119,      5780,      5784,      5781,      5777
      3120,      5780,      5776,      5779,      5783
      3121,      5779,      2535,      2536,      5782
      3122,      5302,      5775,      5778,      5303
      3123,      5777,      5781,      5778,      5774
      3124,      5776,      5780,      5777,      5773
      3125,      5776,      2534,      2535,      5779
      3126,      5301,      5772,      5775,      5302
      3127,      5775,      5771,      5774,      5778
      3128,      5773,      5777,      5774,      5770
      3129,      2534,      5776,      5773,      2533
      3130,      5300,      5769,      5772,      5301
      3131,      5772,      5768,      5771,      5775
      3132,      5771,      5767,      5770,      5774
      3133,      2533,      5773,      5770,      2532
      3134,      5769,      5300,      5299,      5766
      3135,      5769,      5765,      5768,      5772
      3136,      5768,      5764,      5767,      5771
      3137,      5767,      2531,      2532,      5770
      3138,      5766,      5299,      5298,      5763
      3139,      5765,      5769,      5766,      5762
      3140,      5765,      5761,      5764,      5768
      3141,      5764,      2530,      2531,      5767
      3142,      5297,      5760,      5763,      5298
      3143,      5762,      5766,      5763,      5759
      3144,      5761,      5765,      5762,      5758
      3145,      5761,      2529,      2530,      5764
      3146,      5760,      5756,      5759,      5763
      3147,      5296,      5757,      5760,      5297
      3148,      5758,      5762,      5759,      5755
      3149,      2529,      5761,      5758,      2528
      3150,      5757,      5753,      5756,      5760
      3151,      5295,      5754,      5757,      5296
      3152,      5756,      5752,      5755,      5759
      3153,      2528,      5758,      5755,      2527
      3154,      5754,      5750,      5753,      5757
      3155,      5753,      5749,      5752,      5756
      3156,      5754,      5295,      5294,      5751
      3157,      5752,      2526,      2527,      5755
      3158,      5750,      5754,      5751,      5747
      3159,      5750,      5746,      5749,      5753
      3160,      5751,      5294,      5293,      5748
      3161,      5749,      2525,      2526,      5752
      3162,      5747,      5751,      5748,      5744
      3163,      5746,      5750,      5747,      5743
      3164,      5746,      2524,      2525,      5749
      3165,      5292,      5745,      5748,      5293
      3166,      5745,      5741,      5744,      5748
      3167,      5743,      5747,      5744,      5740
      3168,      2524,      5746,      5743,      2523
      3169,      5291,      5742,      5745,      5292
      3170,      5742,      5739,      5741,      5745
      3171,      5741,      5737,      5740,      5744
      3172,      2523,      5743,      5740,      2522
      3173,      5290,      5738,      5742,      5291
      3174,      5738,      5736,      5739,      5742
      3175,      5739,      5735,      5737,      5741
      3176,      5737,      2521,      2522,      5740
      3177,      5289,      5734,      5738,      5290
      3178,      5736,      5733,      5735,      5739
      3179,      5734,      5732,      5736,      5738
      3180,      5735,      2520,      2521,      5737
      3181,      5288,      5731,      5734,      5289
      3182,      5732,      5730,      5733,      5736
      3183,      5733,      2519,      2520,      5735
      3184,      5731,      5729,      5732,      5734
      3185,      5287,      5728,      5731,      5288
      3186,      5730,      2518,      2519,      5733
      3187,      5729,      5727,      5730,      5732
      3188,      5728,      5726,      5729,      5731
      3189,      5286,      5725,      5728,      5287
      3190,      5727,      2517,      2518,      5730
      3191,      5726,      5724,      5727,      5729
      3192,      5725,      5723,      5726,      5728
      3193,      5285,      5722,      5725,      5286
      3194,      5724,      2516,      2517,      5727
      3195,      5723,      5721,      5724,      5726
      3196,      5722,      5720,      5723,      5725
      3197,      5722,      5285,      5284,      5719
      3198,      5721,      2515,      2516,      5724
      3199,      5720,      5718,      5721,      5723
      3200,      5720,      5722,      5719,      5717
      3201,      5719,      5284,      5283,      5716
      3202,      5720,      5717,      5715,      5718
      3203,      5718,      2514,      2515,      5721
      3204,      5717,      5719,      5716,      5714
      3205,      5282,      5713,      5716,      5283
      3206,      2514,      5718,      5715,      2513
      3207,      5714,      2513,      5715,      5717
      3208,      5713,      5712,      5714,      5716
      3209,      5281,      5711,      5713,      5282
      3210,      5712,      2512,      2513,      5714
      3211,      5711,      5710,      5712,      5713
      3212,      5280,      5709,      5711,      5281
      3213,      5710,      2511,      2512,      5712
      3214,      5709,      5708,      5710,      5711
      3215,      5709,      5280,      5279,      5707
      3216,      5708,      2510,      2511,      5710
      3217,      5708,      5709,      5707,      5706
      3218,      5707,      5279,      5278,      5705
      3219,      5706,      2509,      2510,      5708
      3220,      5706,      5707,      5705,      5704
      3221,      5277,      5703,      5705,      5278
      3222,      5704,      2508,      2509,      5706
      3223,      5703,      5702,      5704,      5705
      3224,      5276,      5701,      5703,      5277
      3225,      5702,      2507,      2508,      5704
      3226,      5701,      5700,      5702,      5703
      3227,      5275,      5699,      5701,      5276
      3228,      5700,      2506,      2507,      5702
      3229,      5699,      5698,      5700,      5701
      3230,      5699,      5275,      5274,      5697
      3231,      5698,      2505,      2506,      5700
      3232,      5698,      5699,      5697,      5696
      3233,      5697,      5274,      5273,      5695
      3234,      5696,      2504,      2505,      5698
      3235,      5696,      5697,      5695,      5694
      3236,      5272,      5693,      5695,      5273
      3237,      5694,      2503,      2504,      5696
      3238,      5693,      5692,      5694,      5695
      3239,      5271,      5691,      5693,      5272
      3240,      5692,      2502,      2503,      5694
      3241,      5691,      5690,      5692,      5693
      3242,      5270,      5689,      5691,      5271
      3243,      5690,      2501,      2502,      5692
      3244,      5689,      5688,      5690,      5691
      3245,      5689,      5270,      5269,      5687
      3246,      5688,      2500,      2501,      5690
      3247,      5688,      5689,      5687,      5686
      3248,      5687,      5269,      5268,      5685
      3249,      5686,      2499,      2500,      5688
      3250,      5686,      5687,      5685,      5684
      3251,      5267,      5683,      5685,      5268
      3252,      5684,      2498,      2499,      5686
      3253,      5683,      5682,      5684,      5685
      3254,      5266,      5681,      5683,      5267
      3255,      5682,      2497,      2498,      5684
      3256,      5681,      5680,      5682,      5683
      3257,      5265,      5679,      5681,      5266
      3258,      5680,      2496,      2497,      5682
      3259,      5679,      5678,      5680,      5681
      3260,      5679,      5265,      5264,      5677
      3261,      5678,      2495,      2496,      5680
      3262,      5678,      5679,      5677,      5676
      3263,      5677,      5264,      5263,      5675
      3264,      5676,      2494,      2495,      5678
      3265,      5676,      5677,      5675,      5674
      3266,      5262,      5673,      5675,      5263
      3267,      5674,      2493,      2494,      5676
      3268,      5673,      5672,      5674,      5675
      3269,      5261,      5671,      5673,      5262
      3270,      5672,      2492,      2493,      5674
      3271,      5671,      5670,      5672,      5673
      3272,      5260,      5669,      5671,      5261
      3273,      5670,      2491,      2492,      5672
      3274,      5669,      5668,      5670,      5671
      3275,      5668,      2490,      2491,      5670
      3276,      5669,      5260,      5259,      5667
      3277,      5668,      5669,      5667,      5666
      3278,      5666,      2489,      2490,      5668
      3279,      5667,      5259,      5258,      5665
      3280,      5666,      5667,      5665,      5664
      3281,      5664,      2488,      2489,      5666
      3282,      5257,      5663,      5665,      5258
      3283,      5663,      5662,      5664,      5665
      3284,      5662,      2487,      2488,      5664
      3285,      5256,      5661,      5663,      5257
      3286,      5661,      5660,      5662,      5663
      3287,      5660,      2486,      2487,      5662
      3288,      5255,      5659,      5661,      5256
      3289,      5659,      5658,      5660,      5661
      3290,      5658,      2485,      2486,      5660
      3291,      5659,      5255,      5254,      5657
      3292,      5658,      5659,      5657,      5656
      3293,      2485,      5658,      5656,      2484
      3294,      5253,      5655,      5657,      5254
      3295,      5655,      5654,      5656,      5657
      3296,      5654,      2483,      2484,      5656
      3297,      5252,      5653,      5655,      5253
      3298,      5653,      5652,      5654,      5655
      3299,      5652,      2482,      2483,      5654
      3300,      5251,      5651,      5653,      5252
      3301,      5651,      5650,      5652,      5653
      3302,      5650,      2481,      2482,      5652
      3303,      5250,      5649,      5651,      5251
      3304,      5649,      5648,      5650,      5651
      3305,      5648,      2480,      2481,      5650
      3306,      5649,      5250,      5249,      5647
      3307,      5648,      5649,      5647,      5646
      3308,      2480,      5648,      5646,      2479
      3309,      5248,      5645,      5647,      5249
      3310,      5645,      5644,      5646,      5647
      3311,      5644,      2478,      2479,      5646
      3312,      5247,      5643,      5645,      5248
      3313,      5643,      5642,      5644,      5645
      3314,      5642,      2477,      2478,      5644
      3315,      5246,      5641,      5643,      5247
      3316,      5641,      5640,      5642,      5643
      3317,      5640,      2476,      2477,      5642
      3318,      5245,      5639,      5641,      5246
      3319,      5639,      5638,      5640,      5641
      3320,      5638,      2475,      2476,      5640
      3321,      5639,      5245,      5244,      5637
      3322,      5638,      5639,      5637,      5636
      3323,      2475,      5638,      5636,      2474
      3324,      5243,      5635,      5637,      5244
      3325,      5635,      5634,      5636,      5637
      3326,      5634,      2473,      2474,      5636
      3327,      5242,      5633,      5635,      5243
      3328,      5633,      5632,      5634,      5635
      3329,      5632,      2472,      2473,      5634
      3330,      5241,      5631,      5633,      5242
      3331,      5631,      5630,      5632,      5633
      3332,      5630,      2471,      2472,      5632
      3333,      5240,      5629,      5631,      5241
      3334,      5629,      5628,      5630,      5631
      3335,      5628,      2470,      2471,      5630
      3336,      5629,      5240,      5239,      5627
      3337,      5628,      5629,      5627,      5626
      3338,      2470,      5628,      5626,      2469
      3339,      5238,      5625,      5627,      5239
      3340,      5625,      5624,      5626,      5627
      3341,      5624,      2468,      2469,      5626
      3342,      5237,      5623,      5625,      5238
      3343,      5623,      5622,      5624,      5625
      3344,      5622,      2467,      2468,      5624
      3345,      5236,      5621,      5623,      5237
      3346,      5621,      5620,      5622,      5623
      3347,      5620,      2466,      2467,      5622
      3348,      5235,      5619,      5621,      5236
      3349,      5619,      5618,      5620,      5621
      3350,      5618,      2465,      2466,      5620
      3351,      5619,      5235,      5234,      5617
      3352,      5618,      5619,      5617,      5616
      3353,      2465,      5618,      5616,      2464
      3354,      5233,      5615,      5617,      5234
      3355,      5615,      5614,      5616,      5617
      3356,      5614,      2463,      2464,      5616
      3357,      5232,      5613,      5615,      5233
      3358,      5613,      5612,      5614,      5615
      3359,      5612,      2462,      2463,      5614
      3360,      5231,      5611,      5613,      5232
      3361,      5611,      5610,      5612,      5613
      3362,      5610,      2461,      2462,      5612
      3363,      5230,      5609,      5611,      5231
      3364,      5609,      5608,      5610,      5611
      3365,      5608,      2460,      2461,      5610
      3366,      5609,      5230,      5229,      5607
      3367,      5608,      5609,      5607,      5606
      3368,      2460,      5608,      5606,      2459
      3369,      5228,      5605,      5607,      5229
      3370,      5605,      5604,      5606,      5607
      3371,      5604,      2458,      2459,      5606
      3372,      5227,      5603,      5605,      5228
      3373,      5603,      5602,      5604,      5605
      3374,      5602,      2457,      2458,      5604
      3375,      5603,      5227,      5226,      5601
      3376,      5602,      5603,      5601,      5600
      3377,      2457,      5602,      5600,      2456
      3378,      5601,      5226,      5225,      5598
      3379,      5601,      5598,      5599,      5600
      3380,      5600,      5599,      2455,      2456
      3381,      2454,      2455,      5599,      5598
      3382,      5598,      5225,      5224,      5597
      3383,      2454,      5598,      5597,      2453
      3384,      5597,      5224,      5223,      5596
      3385,      2453,      5597,      5596,      2452
      3386,      5596,      5223,      5222,      5595
      3387,      2452,      5596,      5595,      2451
      3388,      4778,      4777,      5594,      4779
      3389,      4779,      5594,      5593,      4780
      3390,      5594,      4777,      4776,      5593
      3391,      4780,      5593,      5592,      4781
      3392,      5593,      4776,      4775,      5592
      3393,      4781,      5592,      5591,      4782
      3394,      5592,      4775,      4774,      5591
      3395,      4783,      4782,      5591,      5590
      3396,      4774,      4773,      5589,      5591
      3397,      4783,      5590,      5588,      4784
      3398,      5590,      5591,      5589,      5587
      3399,      4784,      5588,      5586,      4785
      3400,      5585,      5586,      5588,      5590
      3401,      4772,      5587,      5589,      4773
      3402,      5585,      5590,      5587,      5584
      3403,      5586,      5583,      4786,      4785
      3404,      5585,      5582,      5583,      5586
      3405,      5584,      5587,      4772,      4771
      3406,      5583,      5581,      4787,      4786
      3407,      5582,      5585,      5584,      5580
      3408,      5582,      5578,      5581,      5583
      3409,      4787,      5581,      5579,      4788
      3410,      5580,      5584,      4771,      4770
      3411,      5580,      5575,      5578,      5582
      3412,      4788,      5579,      5577,      4789
      3413,      5576,      5577,      5579,      5581
      3414,      5578,      5574,      5576,      5581
      3415,      4770,      4769,      5575,      5580
      3416,      5577,      5573,      4790,      4789
      3417,      5575,      5571,      5574,      5578
      3418,      5576,      5572,      5573,      5577
      3419,      5574,      5569,      5572,      5576
      3420,      5573,      5568,      4791,      4790
      3421,      4769,      4768,      5570,      5575
      3422,      5571,      5575,      5570,      5565
      3423,      5571,      5566,      5569,      5574
      3424,      5572,      5567,      5568,      5573
      3425,      5569,      5564,      5567,      5572
      3426,      4792,      4791,      5568,      5563
      3427,      5565,      5562,      5566,      5571
      3428,      4767,      5565,      5570,      4768
      3429,      5566,      5561,      5564,      5569
      3430,      5563,      5568,      5567,      5559
      3431,      4793,      4792,      5563,      5557
      3432,      5562,      5558,      5561,      5566
      3433,      5565,      4767,      5560,      5562
      3434,      5564,      5554,      5559,      5567
      3435,      5564,      5561,      5556,      5554
      3436,      5562,      5560,      5555,      5558
      3437,      5557,      5563,      5559,      5552
      3438,      4766,      5555,      5560,      4767
      3439,      5553,      5556,      5561,      5558
      3440,      4794,      4793,      5557,      5551
      3441,      5555,      5550,      5553,      5558
      3442,      5554,      5549,      5552,      5559
      3443,      5548,      5554,      5556,      5553
      3444,      5547,      4795,      4794,      5551
      3445,      5550,      5555,      4766,      4765
      3446,      5551,      5557,      5552,      5546
      3447,      5549,      5554,      5548,      5543
      3448,      5545,      4796,      4795,      5547
      3449,      5540,      5548,      5553,      5550
      3450,      5544,      5547,      5551,      5546
      3451,      5549,      5542,      5546,      5552
      3452,      5550,      4765,      4764,      5540
      3453,      5541,      4797,      4796,      5545
      3454,      5539,      5545,      5547,      5544
      3455,      5548,      5540,      5537,      5543
      3456,      5538,      5544,      5546,      5542
      3457,      5534,      5542,      5549,      5543
      3458,      5536,      4798,      4797,      5541
      3459,      5535,      5541,      5545,      5539
      3460,      5540,      4764,      4763,      5533
      3461,      5532,      5539,      5544,      5538
      3462,      5531,      4799,      4798,      5536
      3463,      5530,      5536,      5541,      5535
      3464,      5528,      5538,      5542,      5534
      3465,      5537,      5540,      5533,      5529
      3466,      5524,      5534,      5543,      5537
      3467,      5527,      5535,      5539,      5532
      3468,      5523,      4800,      4799,      5531
      3469,      5522,      5532,      5538,      5528
      3470,      5533,      4763,      4762,      5526
      3471,      5536,      5530,      5521,      5531
      3472,      5537,      5529,      5525,      5524
      3473,      5520,      5530,      5535,      5527
      3474,      5529,      5533,      5526,      5519
      3475,      5518,      5528,      5534,      5524
      3476,      5517,      5527,      5532,      5522
      3477,      5515,      4801,      4800,      5523
      3478,      5531,      5521,      5514,      5523
      3479,      5519,      5516,      5525,      5529
      3480,      5530,      5520,      5512,      5521
      3481,      4761,      5513,      5526,      4762
      3482,      5511,      5522,      5528,      5518
      3483,      5510,      5520,      5527,      5517
      3484,      5509,      5524,      5525,      5516
      3485,      5513,      5508,      5519,      5526
      3486,      4801,      5515,      5506,      4802
      3487,      5505,      5517,      5522,      5511
      3488,      5503,      5515,      5523,      5514
      3489,      5504,      5518,      5524,      5509
      3490,      5519,      5508,      5507,      5516
      3491,      5521,      5512,      5502,      5514
      3492,      5500,      5512,      5520,      5510
      3493,      4760,      5501,      5513,      4761
      3494,      5499,      5511,      5518,      5504
      3495,      5497,      5510,      5517,      5505
      3496,      5509,      5516,      5507,      5496
      3497,      4802,      5506,      5495,      4803
      3498,      5501,      5498,      5508,      5513
      3499,      5515,      5503,      5494,      5506
      3500,      5493,      5503,      5514,      5502
      3501,      5498,      5496,      5507,      5508
      3502,      5492,      5505,      5511,      5499
      3503,      5490,      5502,      5512,      5500
      3504,      5496,      5489,      5504,      5509
      3505,      5510,      5497,      5488,      5500
      3506,      4760,      4759,      5491,      5501
      3507,      4803,      5495,      5485,      4804
      3508,      5486,      5497,      5505,      5492
      3509,      5506,      5494,      5483,      5495
      3510,      5489,      5484,      5499,      5504
      3511,      5501,      5491,      5487,      5498
      3512,      5503,      5493,      5482,      5494
      3513,      5480,      5493,      5502,      5490
      3514,      5487,      5481,      5496,      5498
      3515,      5500,      5488,      5479,      5490
      3516,      5484,      5478,      5492,      5499
      3517,      5497,      5486,      5477,      5488
      3518,      5481,      5476,      5489,      5496
      3519,      5475,      5487,      5491,      4759
      3520,      4804,      5485,      1188,      1189
      3521,      5495,      5483,      5474,      5485
      3522,      5494,      5482,      5473,      5483
      3523,      5478,      5472,      5486,      5492
      3524,      5493,      5480,      5471,      5482
      3525,      5476,      5470,      5484,      5489
      3526,      5469,      5480,      5490,      5479
      3527,      5488,      5477,      5468,      5479
      3528,      5475,      5467,      5481,      5487
      3529,      4758,      5465,      5475,      4759
      3530,      5470,      5466,      5478,      5484
      3531,      5486,      5472,      5464,      5477
      3532,      5485,      5474,      1187,      1188
      3533,      5483,      5473,      5463,      5474
      3534,      5482,      5471,      5462,      5473
      3535,      5467,      5459,      5476,      5481
      3536,      5480,      5469,      5461,      5471
      3537,      5466,      5460,      5472,      5478
      3538,      5458,      5469,      5479,      5468
      3539,      5477,      5464,      5456,      5468
      3540,      5465,      5455,      5467,      5475
      3541,      5459,      5453,      5470,      5476
      3542,      5474,      5463,      1186,      1187
      3543,      5473,      5462,      5454,      5463
      3544,      4757,      5450,      5465,      4758
      3545,      5472,      5460,      5451,      5464
      3546,      5471,      5461,      5452,      5462
      3547,      5470,      5453,      5457,      5466
      3548,      5469,      5458,      5449,      5461
      3549,      5466,      5457,      5448,      5460
      3550,      5447,      5458,      5468,      5456
      3551,      5455,      5446,      5459,      5467
      3552,      5463,      5454,      1185,      1186
      3553,      5464,      5451,      5443,      5456
      3554,      5462,      5452,      5444,      5454
      3555,      5450,      5441,      5455,      5465
      3556,      5461,      5449,      5442,      5452
      3557,      5440,      5451,      5460,      5448
      3558,      5458,      5447,      5445,      5449
      3559,      4756,      5439,      5450,      4757
      3560,      5438,      5448,      5457,      5453
      3561,      5446,      5436,      5453,      5459
      3562,      5454,      5444,      1184,      1185
      3563,      5434,      5447,      5456,      5443
      3564,      5452,      5442,      5435,      5444
      3565,      5442,      5449,      5445,      5437
      3566,      5441,      5221,      5446,      5455
      3567,      5220,      5443,      5451,      5440
      3568,      5439,      5218,      5441,      5450
      3569,      5219,      5437,      5445,      5447
      3570,      5448,      5438,      5217,      5440
      3571,      5436,      5215,      5438,      5453
      3572,      4755,      5214,      5439,      4756
      3573,      5444,      5435,      1183,      1184
      3574,      5442,      5437,      5216,      5435
      3575,      5221,      5213,      5436,      5446
      3576,      5212,      5219,      5447,      5434
      3577,      5211,      5434,      5443,      5220
      3578,      5218,      5210,      5221,      5441
      3579,      5440,      5217,      5209,      5220
      3580,      5437,      5219,      5208,      5216
      3581,      5438,      5215,      5207,      5217
      3582,      5214,      5206,      5218,      5439
      3583,      5435,      5216,      1182,      1183
      3584,      5213,      5205,      5215,      5436
      3585,      4754,      5204,      5214,      4755
      3586,      5434,      5211,      5203,      5212
      3587,      5210,      5200,      5213,      5221
      3588,      5201,      5211,      5220,      5209
      3589,      5219,      5212,      5202,      5208
      3590,      5217,      5207,      5199,      5209
      3591,      5216,      5208,      1181,      1182
      3592,      5206,      5198,      5210,      5218
      3593,      5205,      5196,      5207,      5215
      3594,      5204,      5197,      5206,      5214
      3595,      5200,      5194,      5205,      5213
      3596,      5204,      4754,      4753,      5195
      3597,      5212,      5203,      5193,      5202
      3598,      5211,      5201,      5192,      5203
      3599,      5208,      5202,      1180,      1181
      3600,      5191,      5201,      5209,      5199
      3601,      5198,      5190,      5200,      5210
      3602,      5197,      5189,      5198,      5206
      3603,      5196,      5188,      5199,      5207
      3604,      5197,      5204,      5195,      5187
      3605,      5194,      5186,      5196,      5205
      3606,      5203,      5192,      5185,      5193
      3607,      1179,      1180,      5202,      5193
      3608,      5201,      5191,      5183,      5192
      3609,      4752,      5184,      5195,      4753
      3610,      5190,      5182,      5194,      5200
      3611,      5199,      5188,      5181,      5191
      3612,      5189,      5180,      5190,      5198
      3613,      5189,      5197,      5187,      5179
      3614,      5186,      5178,      5188,      5196
      3615,      5184,      5177,      5187,      5195
      3616,      1178,      1179,      5193,      5185
      3617,      5192,      5183,      5176,      5185
      3618,      5182,      5175,      5186,      5194
      3619,      5183,      5191,      5181,      5172
      3620,      4751,      5174,      5184,      4752
      3621,      5180,      5173,      5182,      5190
      3622,      5180,      5189,      5179,      5171
      3623,      5178,      5172,      5181,      5188
      3624,      5179,      5187,      5177,      5170
      3625,      1177,      1178,      5185,      5176
      3626,      5175,      5167,      5178,      5186
      3627,      5174,      5169,      5177,      5184
      3628,      5176,      5183,      5172,      5168
      3629,      5173,      5164,      5175,      5182
      3630,      5173,      5180,      5171,      5163
      3631,      4750,      5165,      5174,      4751
      3632,      5170,      5162,      5171,      5179
      3633,      5178,      5167,      5166,      5172
      3634,      5170,      5177,      5169,      5160
      3635,      1177,      5176,      5168,      1176
      3636,      5172,      5166,      5161,      5168
      3637,      5165,      5159,      5169,      5174
      3638,      5164,      5158,      5167,      5175
      3639,      5164,      5173,      5163,      5157
      3640,      5162,      5155,      5163,      5171
      3641,      4749,      5156,      5165,      4750
      3642,      5154,      5161,      5166,      5167
      3643,      5160,      5153,      5162,      5170
      3644,      5161,      1175,      1176,      5168
      3645,      5159,      5152,      5160,      5169
      3646,      5156,      5151,      5159,      5165
      3647,      5158,      5164,      5157,      5150
      3648,      5158,      5149,      5154,      5167
      3649,      5155,      5148,      5157,      5163
      3650,      5153,      5146,      5155,      5162
      3651,      5154,      1174,      1175,      5161
      3652,      4748,      5147,      5156,      4749
      3653,      5152,      5145,      5153,      5160
      3654,      5151,      5144,      5152,      5159
      3655,      5149,      5158,      5150,      5143
      3656,      5148,      5142,      5150,      5157
      3657,      5147,      5141,      5151,      5156
      3658,      5149,      1173,      1174,      5154
      3659,      5146,      5140,      5148,      5155
      3660,      5146,      5153,      5145,      5138
      3661,      4747,      5139,      5147,      4748
      3662,      5144,      5137,      5145,      5152
      3663,      5142,      5136,      5143,      5150
      3664,      5141,      5135,      5144,      5151
      3665,      1173,      5149,      5143,      1172
      3666,      5140,      5134,      5142,      5148
      3667,      5139,      5133,      5141,      5147
      3668,      5140,      5146,      5138,      5131
      3669,      5139,      4747,      4746,      5132
      3670,      5137,      5129,      5138,      5145
      3671,      5135,      5127,      5137,      5144
      3672,      5136,      1171,      1172,      5143
      3673,      5134,      5128,      5136,      5142
      3674,      5140,      5131,      5130,      5134
      3675,      5133,      5126,      5135,      5141
      3676,      5133,      5139,      5132,      5125
      3677,      5129,      5122,      5131,      5138
      3678,      4745,      5123,      5132,      4746
      3679,      5134,      5130,      5124,      5128
      3680,      5128,      1170,      1171,      5136
      3681,      5127,      5121,      5129,      5137
      3682,      5126,      5119,      5127,      5135
      3683,      5120,      5124,      5130,      5131
      3684,      5126,      5133,      5125,      5118
      3685,      5123,      5117,      5125,      5132
      3686,      5124,      1169,      1170,      5128
      3687,      4744,      5116,      5123,      4745
      3688,      5122,      5114,      5120,      5131
      3689,      5121,      5113,      5122,      5129
      3690,      5127,      5119,      5115,      5121
      3691,      5119,      5126,      5118,      5112
      3692,      5117,      5111,      5118,      5125
      3693,      5120,      1168,      1169,      5124
      3694,      5116,      5110,      5117,      5123
      3695,      5116,      4744,      4743,      5109
      3696,      5113,      5121,      5115,      5108
      3697,      5112,      5108,      5115,      5119
      3698,      5113,      5107,      5114,      5122
      3699,      5114,      1167,      1168,      5120
      3700,      5111,      5106,      5112,      5118
      3701,      5110,      5105,      5111,      5117
      3702,      5110,      5116,      5109,      5104
      3703,      5109,      4743,      4742,      5103
      3704,      5107,      5113,      5108,      5102
      3705,      5108,      5112,      5106,      5101
      3706,      5107,      1166,      1167,      5114
      3707,      5105,      5099,      5106,      5111
      3708,      5110,      5104,      5100,      5105
      3709,      5104,      5109,      5103,      5098
      3710,      4741,      5097,      5103,      4742
      3711,      5101,      5096,      5102,      5108
      3712,      1166,      5107,      5102,      1165
      3713,      5101,      5106,      5099,      5095
      3714,      5099,      5105,      5100,      5094
      3715,      5098,      5094,      5100,      5104
      3716,      5097,      5093,      5098,      5103
      3717,      5096,      1164,      1165,      5102
      3718,      5097,      4741,      4740,      5092
      3719,      5095,      5091,      5096,      5101
      3720,      5094,      5090,      5095,      5099
      3721,      5093,      5089,      5094,      5098
      3722,      5093,      5097,      5092,      5088
      3723,      5091,      1163,      1164,      5096
      3724,      5090,      5087,      5091,      5095
      3725,      5092,      4740,      4739,      5086
      3726,      5089,      5085,      5090,      5094
      3727,      5088,      5084,      5089,      5093
      3728,      5087,      1162,      1163,      5091
      3729,      5088,      5092,      5086,      5082
      3730,      5085,      5083,      5087,      5090
      3731,      4738,      5081,      5086,      4739
      3732,      5085,      5089,      5084,      5080
      3733,      5083,      1161,      1162,      5087
      3734,      5082,      5078,      5084,      5088
      3735,      5083,      5085,      5080,      5079
      3736,      5081,      5076,      5082,      5086
      3737,      5081,      4738,      4737,      5077
      3738,      5080,      5084,      5078,      5075
      3739,      1161,      5083,      5079,      1160
      3740,      5076,      5071,      5078,      5082
      3741,      5076,      5081,      5077,      5072
      3742,      5079,      5080,      5075,      5074
      3743,      5077,      4737,      4736,      5073
      3744,      1160,      5079,      5074,      1159
      3745,      5071,      5066,      5075,      5078
      3746,      5072,      5077,      5073,      5068
      3747,      5072,      5067,      5071,      5076
      3748,      4735,      5069,      5073,      4736
      3749,      5075,      5066,      5070,      5074
      3750,      5074,      5070,      1158,      1159
      3751,      5069,      5065,      5068,      5073
      3752,      5068,      5063,      5067,      5072
      3753,      5066,      5071,      5067,      5062
      3754,      5069,      4735,      4734,      5064
      3755,      1157,      1158,      5070,      5066
      3756,      5065,      5069,      5064,      5060
      3757,      5065,      5061,      5063,      5068
      3758,      5062,      5067,      5063,      5058
      3759,      1157,      5066,      5062,      1156
      3760,      5064,      4734,      4733,      5059
      3761,      5061,      5065,      5060,      5057
      3762,      5060,      5064,      5059,      5055
      3763,      5061,      5056,      5058,      5063
      3764,      1156,      5062,      5058,      1155
      3765,      5059,      4733,      4732,      5054
      3766,      5056,      5061,      5057,      5053
      3767,      5057,      5060,      5055,      5052
      3768,      5056,      1154,      1155,      5058
      3769,      5055,      5059,      5054,      5051
      3770,      5054,      4732,      4731,      5050
      3771,      5053,      5057,      5052,      5049
      3772,      1154,      5056,      5053,      1153
      3773,      5052,      5055,      5051,      5048
      3774,      5051,      5054,      5050,      5047
      3775,      5050,      4731,      4730,      5046
      3776,      1153,      5053,      5049,      1152
      3777,      5048,      5045,      5049,      5052
      3778,      5048,      5051,      5047,      5044
      3779,      5047,      5050,      5046,      5043
      3780,      5046,      4730,      4729,      5042
      3781,      5045,      1151,      1152,      5049
      3782,      5044,      5041,      5045,      5048
      3783,      5044,      5047,      5043,      5040
      3784,      5043,      5046,      5042,      5039
      3785,      4728,      5038,      5042,      4729
      3786,      5041,      1150,      1151,      5045
      3787,      5040,      5037,      5041,      5044
      3788,      5040,      5043,      5039,      5036
      3789,      5038,      5035,      5039,      5042
      3790,      5038,      4728,      4727,      5034
      3791,      5037,      1149,      1150,      5041
      3792,      5036,      5033,      5037,      5040
      3793,      5035,      5031,      5036,      5039
      3794,      5038,      5034,      5032,      5035
      3795,      5034,      4727,      4726,      5030
      3796,      5033,      1148,      1149,      5037
      3797,      5031,      5029,      5033,      5036
      3798,      5031,      5035,      5032,      5028
      3799,      5030,      5028,      5032,      5034
      3800,      5030,      4726,      4725,      5027
      3801,      5029,      1147,      1148,      5033
      3802,      5028,      5026,      5029,      5031
      3803,      5028,      5030,      5027,      5025
      3804,      5027,      4725,      4724,      5024
      3805,      5026,      1146,      1147,      5029
      3806,      5025,      5023,      5026,      5028
      3807,      5025,      5027,      5024,      5022
      3808,      5023,      1145,      1146,      5026
      3809,      5024,      4724,      4723,      5021
      3810,      5022,      5020,      5023,      5025
      3811,      5022,      5024,      5021,      5019
      3812,      5020,      1144,      1145,      5023
      3813,      5021,      4723,      4722,      5018
      3814,      5019,      5017,      5020,      5022
      3815,      5019,      5021,      5018,      5016
      3816,      5017,      1143,      1144,      5020
      3817,      4721,      5015,      5018,      4722
      3818,      5016,      5014,      5017,      5019
      3819,      5014,      1142,      1143,      5017
      3820,      5015,      5011,      5016,      5018
      3821,      4720,      5012,      5015,      4721
      3822,      5016,      5011,      5013,      5014
      3823,      5014,      5013,      1141,      1142
      3824,      4719,      5010,      5012,      4720
      3825,      5012,      5009,      5011,      5015
      3826,      1140,      1141,      5013,      5011
      3827,      5010,      5007,      5009,      5012
      3828,      4718,      5008,      5010,      4719
      3829,      5009,      1139,      1140,      5011
      3830,      5008,      5005,      5007,      5010
      3831,      4717,      5006,      5008,      4718
      3832,      5007,      1138,      1139,      5009
      3833,      5006,      5004,      5005,      5008
      3834,      5005,      1137,      1138,      5007
      3835,      5006,      4717,      4716,      5003
      3836,      5004,      5006,      5003,      5002
      3837,      5004,      1136,      1137,      5005
      3838,      4715,      5001,      5003,      4716
      3839,      1136,      5004,      5002,      1135
      3840,      5001,      5000,      5002,      5003
      3841,      4714,      4999,      5001,      4715
      3842,      5000,      1134,      1135,      5002
      3843,      4999,      4998,      5000,      5001
      3844,      4999,      4714,      4713,      4997
      3845,      4998,      1133,      1134,      5000
      3846,      4998,      4999,      4997,      4996
      3847,      4712,      4995,      4997,      4713
      3848,      1133,      4998,      4996,      1132
      3849,      4995,      4994,      4996,      4997
      3850,      4711,      4993,      4995,      4712
      3851,      4994,      1131,      1132,      4996
      3852,      4993,      4992,      4994,      4995
      3853,      4993,      4711,      4710,      4991
      3854,      4992,      1130,      1131,      4994
      3855,      4992,      4993,      4991,      4990
      3856,      4709,      4989,      4991,      4710
      3857,      1130,      4992,      4990,      1129
      3858,      4989,      4988,      4990,      4991
      3859,      4708,      4987,      4989,      4709
      3860,      4988,      1128,      1129,      4990
      3861,      4987,      4986,      4988,      4989
      3862,      4707,      4985,      4987,      4708
      3863,      4986,      1127,      1128,      4988
      3864,      4985,      4984,      4986,      4987
      3865,      4706,      4983,      4985,      4707
      3866,      4984,      1126,      1127,      4986
      3867,      4983,      4982,      4984,      4985
      3868,      4705,      4981,      4983,      4706
      3869,      4982,      1125,      1126,      4984
      3870,      4981,      4980,      4982,      4983
      3871,      4704,      4979,      4981,      4705
      3872,      4980,      1124,      1125,      4982
      3873,      4979,      4978,      4980,      4981
      3874,      4979,      4704,      4703,      4977
      3875,      4978,      1123,      1124,      4980
      3876,      4978,      4979,      4977,      4976
      3877,      4702,      4975,      4977,      4703
      3878,      1123,      4978,      4976,      1122
      3879,      4975,      4974,      4976,      4977
      3880,      4701,      4973,      4975,      4702
      3881,      4974,      1121,      1122,      4976
      3882,      4973,      4972,      4974,      4975
      3883,      4700,      4971,      4973,      4701
      3884,      4972,      1120,      1121,      4974
      3885,      4971,      4970,      4972,      4973
      3886,      4699,      4969,      4971,      4700
      3887,      4970,      1119,      1120,      4972
      3888,      4969,      4968,      4970,      4971
      3889,      4698,      4967,      4969,      4699
      3890,      4968,      1118,      1119,      4970
      3891,      4967,      4966,      4968,      4969
      3892,      4697,      4965,      4967,      4698
      3893,      4966,      1117,      1118,      4968
      3894,      4965,      4964,      4966,      4967
      3895,      4965,      4697,      4696,      4963
      3896,      4964,      1116,      1117,      4966
      3897,      4964,      4965,      4963,      4962
      3898,      4695,      4961,      4963,      4696
      3899,      1116,      4964,      4962,      1115
      3900,      4961,      4960,      4962,      4963
      3901,      4694,      4959,      4961,      4695
      3902,      4960,      1114,      1115,      4962
      3903,      4959,      4958,      4960,      4961
      3904,      4693,      4957,      4959,      4694
      3905,      4958,      1113,      1114,      4960
      3906,      4957,      4956,      4958,      4959
      3907,      4692,      4955,      4957,      4693
      3908,      4956,      1112,      1113,      4958
      3909,      4955,      4954,      4956,      4957
      3910,      4691,      4953,      4955,      4692
      3911,      4954,      1111,      1112,      4956
      3912,      4953,      4952,      4954,      4955
      3913,      4690,      4951,      4953,      4691
      3914,      4952,      1110,      1111,      4954
      3915,      4951,      4950,      4952,      4953
      3916,      4951,      4690,      4689,      4949
      3917,      4950,      1109,      1110,      4952
      3918,      4950,      4951,      4949,      4948
      3919,      4949,      4689,      4688,      4947
      3920,      1109,      4950,      4948,      1108
      3921,      4948,      4949,      4947,      4946
      3922,      4947,      4688,      4687,      4945
      3923,      1108,      4948,      4946,      1107
      3924,      4946,      4947,      4945,      4944
      3925,      4945,      4687,      4686,      4943
      3926,      1107,      4946,      4944,      1106
      3927,      4944,      4945,      4943,      4942
      3928,      4943,      4686,      4685,      4941
      3929,      1106,      4944,      4942,      1105
      3930,      4942,      4943,      4941,      4940
      3931,      4941,      4685,      4684,      4939
      3932,      1105,      4942,      4940,      1104
      3933,      4940,      4941,      4939,      4938
      3934,      4939,      4684,      4683,      4937
      3935,      1104,      4940,      4938,      1103
      3936,      4938,      4939,      4937,      4936
      3937,      1103,      4938,      4936,      1102
      3938,      4937,      4683,      4682,      4935
      3939,      4936,      4937,      4935,      4934
      3940,      1102,      4936,      4934,      1101
      3941,      4935,      4682,      4681,      4933
      3942,      4934,      4935,      4933,      4932
      3943,      1101,      4934,      4932,      1100
      3944,      4933,      4681,      4680,      4931
      3945,      4932,      4933,      4931,      4930
      3946,      1100,      4932,      4930,      1099
      3947,      4680,      4679,      4929,      4931
      3949,      1099,      4930,      4929,      1098
      3950,      4929,      4679,      4678,      4928
      3951,      1098,      4929,      4928,      1097
      3952,      4928,      4678,      4677,      4927
      3953,      1097,      4928,      4927,      1096
      3954,      4927,      4677,      4676,      4926
      3955,      1096,      4927,      4926,      1095
      3956,      4926,      4676,      4675,      4925
      3957,      1095,      4926,      4925,      1094
      3958,      4925,      4675,      4674,      4924
      3959,      1094,      4925,      4924,      1093
      3960,      4924,      4674,      4673,      4923
      3961,      1093,      4924,      4923,      1092
      3962,      4923,      4673,      4672,      4922
      3963,      1092,      4923,      4922,      1091
      3964,      4922,      4672,      4671,      4921
      3965,      1091,      4922,      4921,      1090
      3966,      4921,      4671,      4670,      4920
      3967,      1090,      4921,      4920,      1089
      3968,      4920,      4670,      4669,      4919
      3969,      1089,      4920,      4919,      1088
      3970,      4919,      4669,      4668,      4918
      3971,      1088,      4919,      4918,      1087
      3972,      4918,      4668,      4667,      4917
      3973,      1087,      4918,      4917,      1086
      3974,      4917,      4667,      4666,      4916
      3975,      1086,      4917,      4916,      1085
      3976,      4916,      4666,      4665,      4915
      3977,      1085,      4916,      4915,      1084
      3978,      4915,      4665,      4664,      4914
      3979,      1084,      4915,      4914,      1083
      3980,      4914,      4664,      4663,      4913
      3981,      1083,      4914,      4913,      1082
      3982,      4580,      4579,      4912,      4581
      3983,      4581,      4912,      4911,      4582
      3984,      4912,      4579,      4578,      4911
      3985,      4582,      4911,      4910,      4583
      3986,      4911,      4578,      4577,      4910
      3987,      4583,      4910,      4909,      4584
      3988,      4910,      4577,      4576,      4909
      3989,      4585,      4584,      4909,      4908
      3990,      4576,      4575,      4907,      4909
      3991,      4908,      4909,      4907,      4905
      3992,      4586,      4585,      4908,      4903
      3993,      4587,      4586,      4906,      4902
      3994,      4903,      4904,      4906,      4586
      3995,      4574,      4905,      4907,      4575
      3996,      4903,      4908,      4905,      4900
      3997,      4902,      4906,      4904,      4901
      3998,      4588,      4587,      4902,      4899
      3999,      4901,      4904,      4903,      4898
      4000,      4900,      4905,      4574,      4573
      4001,      4899,      4902,      4901,      4897
      4002,      4898,      4903,      4900,      4895
      4003,      4589,      4588,      4899,      4896
      4004,      4897,      4901,      4898,      4894
      4005,      4896,      4899,      4897,      4893
      4006,      4895,      4900,      4573,      4572
      4007,      4590,      4589,      4896,      4892
      4008,      4894,      4898,      4895,      4890
      4009,      4893,      4897,      4894,      4889
      4010,      4893,      4888,      4891,      4896
      4011,      4892,      4896,      4891,      4887
      4012,      4591,      4590,      4892,      4885
      4013,      4572,      4886,      4890,      4895
      4014,      4889,      4894,      4890,      4884
      4015,      4888,      4893,      4889,      4882
      4016,      4881,      4887,      4891,      4888
      4017,      4883,      4886,      4572,      4571
      4018,      4885,      4892,      4887,      4880
      4019,      4890,      4886,      4883,      4884
      4020,      4592,      4591,      4885,      4879
      4021,      4882,      4889,      4884,      4878
      4022,      4881,      4888,      4882,      4877
      4023,      4880,      4887,      4881,      4876
      4024,      4880,      4875,      4879,      4885
      4025,       583,      4592,      4879,       582
      4026,      4874,      4878,      4884,      4883
      4027,      4873,      4883,      4571,      4570
      4028,      4877,      4882,      4878,      4872
      4029,      4876,      4881,      4877,      4871
      4030,      4876,      4870,      4875,      4880
      4031,      4875,       581,       582,      4879
      4032,      4883,      4873,      4868,      4874
      4033,      4869,      4872,      4878,      4874
      4034,      4871,      4877,      4872,      4867
      4035,      4569,      4866,      4873,      4570
      4036,      4870,      4876,      4871,      4865
      4037,      4870,       580,       581,      4875
      4038,      4863,      4869,      4874,      4868
      4039,      4864,      4867,      4872,      4869
      4040,      4873,      4866,      4861,      4868
      4041,      4865,      4871,      4867,      4862
      4042,       580,      4870,      4865,       579
      4043,      4861,      4866,      4569,      4568
      4044,      4860,      4864,      4869,      4863
      4045,      4859,      4863,      4868,      4861
      4046,      4858,      4862,      4867,      4864
      4047,       579,      4865,      4862,       578
      4048,      4861,      4568,      4567,      4856
      4049,      4857,      4860,      4863,      4859
      4050,      4855,      4858,      4864,      4860
      4051,       577,       578,      4862,      4858
      4052,      4859,      4861,      4856,      4853
      4054,      4859,      4853,      4854,      4857
      4055,      4566,      4852,      4856,      4567
      4056,       576,       577,      4858,      4855
      4057,      4857,      4854,      4851,      4855
      4058,      4852,      4849,      4853,      4856
      4059,      4850,      4851,      4854,      4853
      4060,      4851,       575,       576,      4855
      4061,      4565,      4848,      4852,      4566
      4062,      4849,      4847,      4850,      4853
      4063,      4850,       574,       575,      4851
      4064,      4848,      4846,      4849,      4852
      4065,      4848,      4565,      4564,      4845
      4066,      4847,       573,       574,      4850
      4067,      4846,      4844,      4847,      4849
      4068,      4846,      4848,      4845,      4843
      4069,      4845,      4564,      4563,      4842
      4070,      4844,       572,       573,      4847
      4071,      4843,      4841,      4844,      4846
      4072,      4843,      4845,      4842,      4840
      4073,      4842,      4563,      4562,      4839
      4074,      4841,       571,       572,      4844
      4075,      4840,      4838,      4841,      4843
      4076,      4840,      4842,      4839,      4837
      4077,      4839,      4562,      4561,      4836
      4078,      4838,       570,       571,      4841
      4079,      4840,      4837,      4835,      4838
      4080,      4837,      4839,      4836,      4834
      4081,      4836,      4561,      4560,      4833
      4082,       570,      4838,      4835,       569
      4083,      4834,       569,      4835,      4837
      4084,      4834,      4836,      4833,      4832
      4085,      4559,      4831,      4833,      4560
      4086,       569,      4834,      4832,       568
      4087,      4831,      4830,      4832,      4833
      4088,      4830,       567,       568,      4832
      4089,      4558,      4829,      4831,      4559
      4090,      4829,      4828,      4830,      4831
      4091,      4828,       566,       567,      4830
      4092,      4557,      4827,      4829,      4558
      4093,      4827,      4826,      4828,      4829
      4094,      4826,       565,       566,      4828
      4095,      4556,      4825,      4827,      4557
      4096,      4825,      4824,      4826,      4827
      4097,      4824,       564,       565,      4826
      4098,      4556,      4555,      4823,      4825
      4099,      4825,      4823,      4822,      4824
      4100,      4822,       563,       564,      4824
      4101,      4821,      4822,      4823,      4555
      4102,      4821,      4555,      4554,      4820
      4103,      4821,       562,       563,      4822
      4104,       562,      4821,      4820,       561
      4105,      4820,      4554,      4553,      4819
      4106,       561,      4820,      4819,       560
      4107,      4819,      4553,      4552,      4818
      4108,       560,      4819,      4818,       559
      4109,      4818,      4552,      4551,      4817
      4110,       559,      4818,      4817,       558
      4111,      4817,      4551,      4550,      4816
      4112,       558,      4817,      4816,       557
      4113,      4816,      4550,      4549,      4815
      4114,       557,      4816,      4815,       556
      4115,      4815,      4549,      4548,      4814
      4116,       556,      4815,      4814,       555
      4117,      4814,      4548,      4547,      4813
      4118,       555,      4814,      4813,       554
      4119,      4813,      4547,      4546,      4812
      4120,       554,      4813,      4812,       553
      4121,      4812,      4546,      4545,      4811
      4122,       553,      4812,      4811,       552
      4123,      4811,      4545,      4544,      4810
      4124,       552,      4811,      4810,       551
      4125,      4810,      4544,      4543,      4809
      4126,       551,      4810,      4809,       550
      4127,      4809,      4543,      4542,      4808
      4128,       550,      4809,      4808,       549
      4129,      4808,      4542,      4541,      4807
      4130,       549,      4808,      4807,       548
      4131,      4807,      4541,      4540,      4806
      4132,       548,      4807,      4806,       547
      4133,      4806,      4540,      4539,      4805
      4134,       547,      4806,      4805,       546
      4135,      4805,      4539,      4538,      4662
      4136,       546,      4805,      4662,       545
      4137,      4662,      4538,      4537,      4661
      4138,       545,      4662,      4661,       544
      4139,      4661,      4537,      4536,      4660
      4140,       544,      4661,      4660,       543
      4141,      4660,      4536,      4535,      4659
      4142,       543,      4660,      4659,       542
      4143,      4659,      4535,      4534,      4658
      4144,       542,      4659,      4658,       541
      4145,      4658,      4534,      4533,      4657
      4146,       541,      4658,      4657,       540
      4147,      4657,      4533,      4532,      4656
      4148,       540,      4657,      4656,       539
      4149,      4656,      4532,      4531,      4655
      4150,       539,      4656,      4655,       538
      4151,      4655,      4531,      4530,      4654
      4152,       538,      4655,      4654,       537
      4153,      4654,      4530,      4529,      4653
      4154,       537,      4654,      4653,       536
      4155,      4653,      4529,      4528,      4652
      4156,       536,      4653,      4652,       535
      4157,      4652,      4528,      4527,      4651
      4158,       535,      4652,      4651,       534
      4159,      4651,      4527,      4526,      4650
      4160,       534,      4651,      4650,       533
      4161,      4650,      4526,      4525,      4649
      4162,       533,      4650,      4649,       532
      4163,      4649,      4525,      4524,      4648
      4164,       532,      4649,      4648,       531
      4165,      4648,      4524,      4523,      4647
      4166,       531,      4648,      4647,       530
      4167,      3171,      3173,      3174,      3170
      4168,      4595,      4594,      4598,      4597
      4169,      4594,      4637,      4636,      4598
      4170,      4639,      4638,      4594,      4595
      4171,      4638,      4641,      4637,      4594
      4172,      4605,      4593,      4596,      4606
      4173,      4593,      4595,      4597,      4596
      4174,      4644,      4640,      4593,      4605
      4175,      4640,      4639,      4595,      4593
      4176,      4522,      4521,      4601,      4600
      4177,      4521,      4635,      4634,      4601
      4178,      4597,      4598,      4521,      4522
      4179,      4598,      4636,      4635,      4521
      4180,      4607,      4520,      4599,      4608
      4181,      4520,      4522,      4600,      4599
      4182,      4606,      4596,      4520,      4607
      4183,      4596,      4597,      4522,      4520
      4184,      4516,      4515,      4519,      4518
      4185,      4515,      4633,      4632,      4519
      4186,      4600,      4601,      4515,      4516
      4187,      4601,      4634,      4633,      4515
      4188,      4609,      4514,      4517,      4610
      4189,      4514,      4516,      4518,      4517
      4190,      4608,      4599,      4514,      4609
      4191,      4599,      4600,      4516,      4514
      4192,      4513,      4512,      4604,      4603
      4193,      4512,      4631,      4630,      4604
      4194,      4518,      4519,      4512,      4513
      4195,      4519,      4632,      4631,      4512
      4196,      4611,      4511,      4602,      4612
      4197,      4511,      4513,      4603,      4602
      4198,      4610,      4517,      4511,      4611
      4199,      4517,      4518,      4513,      4511
      4200,      4504,      4503,      4507,      4506
      4201,      4503,      4629,      4628,      4507
      4202,      4603,      4604,      4503,      4504
      4203,      4604,      4630,      4629,      4503
      4204,      4613,      4502,      4505,      4614
      4205,      4502,      4504,      4506,      4505
      4206,      4612,      4602,      4502,      4613
      4207,      4602,      4603,      4504,      4502
      4208,      4501,      4500,      4510,      4509
      4209,      4500,      4627,      4626,      4510
      4210,      4506,      4507,      4500,      4501
      4211,      4507,      4628,      4627,      4500
      4212,      4615,      4499,      4508,      4616
      4213,      4499,      4501,      4509,      4508
      4214,      4614,      4505,      4499,      4615
      4215,      4505,      4506,      4501,      4499
      4216,      4495,      4494,      4498,      4497
      4217,      4494,      4625,      4624,      4498
      4218,      4509,      4510,      4494,      4495
      4219,      4510,      4626,      4625,      4494
      4220,      4617,      4493,      4496,      4618
      4221,      4493,      4495,      4497,      4496
      4222,      4616,      4508,      4493,      4617
      4223,      4508,      4509,      4495,      4493
      4224,      4492,      4491,      5595,      2451
      4225,      4491,      4623,      5222,      5595
      4226,      4497,      4498,      4491,      4492
      4227,      4498,      4624,      4623,      4491
      4228,      4619,      4490,      2450,      2823
      4229,      4490,      4492,      2451,      2450
      4230,      4618,      4496,      4490,      4619
      4231,      4496,      4497,      4492,      4490
      4232,      4444,      4443,      4447,      4446
      4233,      4443,      4486,      4485,      4447
      4234,      4488,      4487,      4443,      4444
      4235,      4487,      4642,      4486,      4443
      4236,      4454,      4442,      4445,      4455
      4237,      4442,      4444,      4446,      4445
      4238,      4645,      4489,      4442,      4454
      4239,      4489,      4488,      4444,      4442
      4240,      4441,      4440,      4450,      4449
      4241,      4440,      4484,      4483,      4450
      4242,      4446,      4447,      4440,      4441
      4243,      4447,      4485,      4484,      4440
      4244,      4456,      4439,      4448,      4457
      4245,      4439,      4441,      4449,      4448
      4246,      4455,      4445,      4439,      4456
      4247,      4445,      4446,      4441,      4439
      4248,      4435,      4434,      4438,      4437
      4249,      4434,      4482,      4481,      4438
      4250,      4449,      4450,      4434,      4435
      4251,      4450,      4483,      4482,      4434
      4252,      4458,      4433,      4436,      4459
      4253,      4433,      4435,      4437,      4436
      4254,      4457,      4448,      4433,      4458
      4255,      4448,      4449,      4435,      4433
      4256,      4432,      4431,      4453,      4452
      4257,      4431,      4480,      4479,      4453
      4258,      4437,      4438,      4431,      4432
      4259,      4438,      4481,      4480,      4431
      4260,      4460,      4430,      4451,      4461
      4261,      4430,      4432,      4452,      4451
      4262,      4459,      4436,      4430,      4460
      4263,      4436,      4437,      4432,      4430
      4264,      4423,      4422,      4426,      4425
      4265,      4422,      4478,      4477,      4426
      4266,      4452,      4453,      4422,      4423
      4267,      4453,      4479,      4478,      4422
      4268,      4462,      4421,      4424,      4463
      4269,      4421,      4423,      4425,      4424
      4270,      4461,      4451,      4421,      4462
      4271,      4451,      4452,      4423,      4421
      4272,      4420,      4419,      4429,      4428
      4273,      4419,      4476,      4475,      4429
      4274,      4425,      4426,      4419,      4420
      4275,      4426,      4477,      4476,      4419
      4276,      4464,      4418,      4427,      4465
      4277,      4418,      4420,      4428,      4427
      4278,      4463,      4424,      4418,      4464
      4279,      4424,      4425,      4420,      4418
      4280,      4414,      4413,      4417,      4416
      4281,      4413,      4474,      4473,      4417
      4282,      4428,      4429,      4413,      4414
      4283,      4429,      4475,      4474,      4413
      4284,      4466,      4412,      4415,      4467
      4285,      4412,      4414,      4416,      4415
      4286,      4465,      4427,      4412,      4466
      4287,      4427,      4428,      4414,      4412
      4288,      4411,      4410,      4913,      1082
      4289,      4410,      4472,      4663,      4913
      4290,      4416,      4417,      4410,      4411
      4291,      4417,      4473,      4472,      4410
      4292,      4468,      4409,      1081,      1331
      4293,      4409,      4411,      1082,      1081
      4294,      4467,      4415,      4409,      4468
      4295,      4415,      4416,      4411,      4409
      4296,      4405,      4363,      4406,      4643
      4297,      4363,      4362,      4407,      4406
      4298,      4362,      4361,      4408,      4407
      4299,      4361,      4373,      4646,      4408
      4300,      4404,      4366,      4363,      4405
      4301,      4366,      4365,      4362,      4363
      4302,      4365,      4364,      4361,      4362
      4303,      4364,      4374,      4373,      4361
      4304,      4403,      4360,      4366,      4404
      4305,      4360,      4359,      4365,      4366
      4306,      4359,      4358,      4364,      4365
      4307,      4358,      4375,      4374,      4364
      4308,      4402,      4369,      4360,      4403
      4309,      4369,      4368,      4359,      4360
      4310,      4368,      4367,      4358,      4359
      4311,      4367,      4376,      4375,      4358
      4312,      4401,      4354,      4369,      4402
      4313,      4354,      4353,      4368,      4369
      4314,      4353,      4352,      4367,      4368
      4315,      4352,      4377,      4376,      4367
      4316,      4400,      4357,      4354,      4401
      4317,      4357,      4356,      4353,      4354
      4318,      4356,      4355,      4352,      4353
      4319,      4355,      4378,      4377,      4352
      4320,      4399,      4351,      4357,      4400
      4321,      4351,      4350,      4356,      4357
      4322,      4350,      4349,      4355,      4356
      4323,      4349,      4379,      4378,      4355
      4324,      4398,      4372,      4351,      4399
      4325,      4372,      4371,      4350,      4351
      4326,      4371,      4370,      4349,      4350
      4327,      4370,      4380,      4379,      4349
      4328,      4397,      4342,      4372,      4398
      4329,      4342,      4341,      4371,      4372
      4330,      4341,      4340,      4370,      4371
      4331,      4340,      4381,      4380,      4370
      4332,      4396,      4345,      4342,      4397
      4333,      4345,      4344,      4341,      4342
      4334,      4344,      4343,      4340,      4341
      4335,      4343,      4382,      4381,      4340
      4336,      4395,      4339,      4345,      4396
      4337,      4339,      4338,      4344,      4345
      4338,      4338,      4337,      4343,      4344
      4339,      4337,      4383,      4382,      4343
      4340,      4394,      4348,      4339,      4395
      4341,      4348,      4347,      4338,      4339
      4342,      4347,      4346,      4337,      4338
      4343,      4346,      4384,      4383,      4337
      4344,      4393,      4333,      4348,      4394
      4345,      4333,      4332,      4347,      4348
      4346,      4332,      4331,      4346,      4347
      4347,      4331,      4385,      4384,      4346
      4348,      4392,      4336,      4333,      4393
      4349,      4336,      4335,      4332,      4333
      4350,      4335,      4334,      4331,      4332
      4351,      4334,      4386,      4385,      4331
      4352,      4391,      4330,      4336,      4392
      4353,      4330,      4329,      4335,      4336
      4354,      4329,      4328,      4334,      4335
      4355,      4328,      4387,      4386,      4334
      4356,      4523,      4647,      4330,      4391
      4357,      4647,       530,      4329,      4330
      4358,       530,       529,      4328,      4329
      4359,       529,       653,      4387,      4328
      4360,      4240,      4238,      4237,      4241
      4361,      4241,      4237,      4244,      4243
      4362,      4238,      4250,      4249,      4237
      4363,      4237,      4249,      4248,      4244
      4364,      4258,      4257,      4236,      4239
      4365,      4239,      4236,      4238,      4240
      4366,      4257,      4256,      4251,      4236
      4367,      4236,      4251,      4250,      4238
      4368,      4269,      4235,      4234,      4270
      4369,      4270,      4234,      4242,      4271
      4370,      4235,      4240,      4241,      4234
      4371,      4234,      4241,      4243,      4242
      4372,      4267,      4259,      4233,      4268
      4373,      4268,      4233,      4235,      4269
      4374,      4259,      4258,      4239,      4233
      4375,      4233,      4239,      4240,      4235
      4376,      4231,      4229,      4228,      4232
      4377,      4232,      4228,      4301,      4300
      4378,      4229,      4246,      4245,      4228
      4379,      4228,      4245,      4302,      4301
      4380,      4243,      4244,      4227,      4230
      4381,      4230,      4227,      4229,      4231
      4382,      4244,      4248,      4247,      4227
      4383,      4227,      4247,      4246,      4229
      4384,      4273,      4226,      4225,      4274
      4385,      4274,      4225,      4299,      4298
      4386,      4226,      4231,      4232,      4225
      4387,      4225,      4232,      4300,      4299
      4388,      4271,      4242,      4224,      4272
      4389,      4272,      4224,      4226,      4273
      4390,      4242,      4243,      4230,      4224
      4391,      4224,      4230,      4231,      4226
      4392,      4218,      4216,      4215,      4219
      4393,      4219,      4215,      4223,      4222
      4394,      4216,      4463,      4464,      4215
      4395,      4215,      4464,      4465,      4223
      4396,      4253,      4252,      4214,      4217
      4397,      4217,      4214,      4216,      4218
      4398,      4252,      4461,      4462,      4214
      4399,      4214,      4462,      4463,      4216
      4400,      4250,      4213,      4211,      4249
      4401,      4249,      4211,      4220,      4248
      4402,      4213,      4212,      4210,      4211
      4403,      4211,      4210,      4221,      4220
      4404,      4212,      4218,      4219,      4210
      4405,      4210,      4219,      4222,      4221
      4406,      4256,      4255,      4209,      4251
      4407,      4251,      4209,      4213,      4250
      4408,      4255,      4254,      4208,      4209
      4409,      4209,      4208,      4212,      4213
      4410,      4254,      4253,      4217,      4208
      4411,      4208,      4217,      4218,      4212
      4412,      4206,      4204,      4203,      4207
      4413,      4207,      4203,      4306,      4305
      4414,      4204,      4467,      4468,      4203
      4415,      4203,      4468,      1331,      4306
      4416,      4222,      4223,      4202,      4205
      4417,      4205,      4202,      4204,      4206
      4418,      4223,      4465,      4466,      4202
      4419,      4202,      4466,      4467,      4204
      4420,      4246,      4201,      4199,      4245
      4421,      4245,      4199,      4303,      4302
      4422,      4201,      4200,      4198,      4199
      4423,      4199,      4198,      4304,      4303
      4424,      4200,      4206,      4207,      4198
      4425,      4198,      4207,      4305,      4304
      4426,      4248,      4220,      4197,      4247
      4427,      4247,      4197,      4201,      4246
      4428,      4220,      4221,      4196,      4197
      4429,      4197,      4196,      4200,      4201
      4430,      4221,      4222,      4205,      4196
      4431,      4196,      4205,      4206,      4200
      4432,      4184,      4182,      4181,      4185
      4433,      4185,      4181,      4188,      4187
      4434,      4182,      4194,      4193,      4181
      4435,      4181,      4193,      4192,      4188
      4436,      4326,      4325,      4180,      4183
      4437,      4183,      4180,      4182,      4184
      4438,      4325,      4324,      4195,      4180
      4439,      4180,      4195,      4194,      4182
      4440,      4261,      4179,      4178,      4262
      4441,      4262,      4178,      4186,      4263
      4442,      4179,      4184,      4185,      4178
      4443,      4178,      4185,      4187,      4186
      4444,      4620,      4327,      4177,      4260
      4445,      4260,      4177,      4179,      4261
      4446,      4327,      4326,      4183,      4177
      4447,      4177,      4183,      4184,      4179
      4448,      4175,      4173,      4172,      4176
      4449,      4176,      4172,      4257,      4258
      4450,      4173,      4190,      4189,      4172
      4451,      4172,      4189,      4256,      4257
      4452,      4187,      4188,      4171,      4174
      4453,      4174,      4171,      4173,      4175
      4454,      4188,      4192,      4191,      4171
      4455,      4171,      4191,      4190,      4173
      4456,      4265,      4170,      4169,      4266
      4457,      4266,      4169,      4259,      4267
      4458,      4170,      4175,      4176,      4169
      4459,      4169,      4176,      4258,      4259
      4460,      4263,      4186,      4168,      4264
      4461,      4264,      4168,      4170,      4265
      4462,      4186,      4187,      4174,      4168
      4463,      4168,      4174,      4175,      4170
      4464,      4162,      4160,      4159,      4163
      4465,      4163,      4159,      4167,      4166
      4466,      4160,      4455,      4456,      4159
      4467,      4159,      4456,      4457,      4167
      4468,      4321,      4320,      4158,      4161
      4469,      4161,      4158,      4160,      4162
      4470,      4320,      4645,      4454,      4158
      4471,      4158,      4454,      4455,      4160
      4472,      4194,      4157,      4155,      4193
      4473,      4193,      4155,      4164,      4192
      4474,      4157,      4156,      4154,      4155
      4475,      4155,      4154,      4165,      4164
      4476,      4156,      4162,      4163,      4154
      4477,      4154,      4163,      4166,      4165
      4478,      4324,      4323,      4153,      4195
      4479,      4195,      4153,      4157,      4194
      4480,      4323,      4322,      4152,      4153
      4481,      4153,      4152,      4156,      4157
      4482,      4322,      4321,      4161,      4152
      4483,      4152,      4161,      4162,      4156
      4484,      4150,      4148,      4147,      4151
      4485,      4151,      4147,      4252,      4253
      4486,      4148,      4459,      4460,      4147
      4487,      4147,      4460,      4461,      4252
      4488,      4166,      4167,      4146,      4149
      4489,      4149,      4146,      4148,      4150
      4490,      4167,      4457,      4458,      4146
      4491,      4146,      4458,      4459,      4148
      4492,      4190,      4145,      4143,      4189
      4493,      4189,      4143,      4255,      4256
      4494,      4145,      4144,      4142,      4143
      4495,      4143,      4142,      4254,      4255
      4496,      4144,      4150,      4151,      4142
      4497,      4142,      4151,      4253,      4254
      4498,      4192,      4164,      4141,      4191
      4499,      4191,      4141,      4145,      4190
      4500,      4164,      4165,      4140,      4141
      4501,      4141,      4140,      4144,      4145
      4502,      4165,      4166,      4149,      4140
      4503,      4140,      4149,      4150,      4144
      4504,      4120,      4118,      4117,      4121
      4505,      4121,      4117,      4124,      4123
      4506,      4118,      4130,      4129,      4117
      4507,      4117,      4129,      4128,      4124
      4508,      4138,      4137,      4116,      4119
      4509,      4119,      4116,      4118,      4120
      4510,      4137,      4136,      4131,      4116
      4511,      4116,      4131,      4130,      4118
      4512,      4396,      4115,      4114,      4395
      4513,      4395,      4114,      4122,      4394
      4514,      4115,      4120,      4121,      4114
      4515,      4114,      4121,      4123,      4122
      4516,      4398,      4139,      4113,      4397
      4517,      4397,      4113,      4115,      4396
      4518,      4139,      4138,      4119,      4113
      4519,      4113,      4119,      4120,      4115
      4520,      4111,      4109,      4108,      4112
      4521,      4112,      4108,      4292,      4291
      4522,      4109,      4126,      4125,      4108
      4523,      4108,      4125,      4293,      4292
      4524,      4123,      4124,      4107,      4110
      4525,      4110,      4107,      4109,      4111
      4526,      4124,      4128,      4127,      4107
      4527,      4107,      4127,      4126,      4109
      4528,      4392,      4106,      4105,      4391
      4529,      4391,      4105,      4290,      4523
      4530,      4106,      4111,      4112,      4105
      4531,      4105,      4112,      4291,      4290
      4532,      4394,      4122,      4104,      4393
      4533,      4393,      4104,      4106,      4392
      4534,      4122,      4123,      4110,      4104
      4535,      4104,      4110,      4111,      4106
      4536,      4098,      4096,      4095,      4099
      4537,      4099,      4095,      4103,      4102
      4538,      4096,      4269,      4270,      4095
      4539,      4095,      4270,      4271,      4103
      4540,      4133,      4132,      4094,      4097
      4541,      4097,      4094,      4096,      4098
      4542,      4132,      4267,      4268,      4094
      4543,      4094,      4268,      4269,      4096
      4544,      4130,      4093,      4091,      4129
      4545,      4129,      4091,      4100,      4128
      4546,      4093,      4092,      4090,      4091
      4547,      4091,      4090,      4101,      4100
      4548,      4092,      4098,      4099,      4090
      4549,      4090,      4099,      4102,      4101
      4550,      4136,      4135,      4089,      4131
      4551,      4131,      4089,      4093,      4130
      4552,      4135,      4134,      4088,      4089
      4553,      4089,      4088,      4092,      4093
      4554,      4134,      4133,      4097,      4088
      4555,      4088,      4097,      4098,      4092
      4556,      4086,      4084,      4083,      4087
      4557,      4087,      4083,      4297,      4296
      4558,      4084,      4273,      4274,      4083
      4559,      4083,      4274,      4298,      4297
      4560,      4102,      4103,      4082,      4085
      4561,      4085,      4082,      4084,      4086
      4562,      4103,      4271,      4272,      4082
      4563,      4082,      4272,      4273,      4084
      4564,      4126,      4081,      4079,      4125
      4565,      4125,      4079,      4294,      4293
      4566,      4081,      4080,      4078,      4079
      4567,      4079,      4078,      4295,      4294
      4568,      4080,      4086,      4087,      4078
      4569,      4078,      4087,      4296,      4295
      4570,      4128,      4100,      4077,      4127
      4571,      4127,      4077,      4081,      4126
      4572,      4100,      4101,      4076,      4077
      4573,      4077,      4076,      4080,      4081
      4574,      4101,      4102,      4085,      4076
      4575,      4076,      4085,      4086,      4080
      4576,      4064,      4062,      4061,      4065
      4577,      4065,      4061,      4068,      4067
      4578,      4062,      4074,      4073,      4061
      4579,      4061,      4073,      4072,      4068
      4580,      4389,      4388,      4060,      4063
      4581,      4063,      4060,      4062,      4064
      4582,      4388,      4471,      4075,      4060
      4583,      4060,      4075,      4074,      4062
      4584,      4404,      4059,      4058,      4403
      4585,      4403,      4058,      4066,      4402
      4586,      4059,      4064,      4065,      4058
      4587,      4058,      4065,      4067,      4066
      4588,      4643,      4390,      4057,      4405
      4589,      4405,      4057,      4059,      4404
      4590,      4390,      4389,      4063,      4057
      4591,      4057,      4063,      4064,      4059
      4592,      4055,      4053,      4052,      4056
      4593,      4056,      4052,      4137,      4138
      4594,      4053,      4070,      4069,      4052
      4595,      4052,      4069,      4136,      4137
      4596,      4067,      4068,      4051,      4054
      4597,      4054,      4051,      4053,      4055
      4598,      4068,      4072,      4071,      4051
      4599,      4051,      4071,      4070,      4053
      4600,      4400,      4050,      4049,      4399
      4601,      4399,      4049,      4139,      4398
      4602,      4050,      4055,      4056,      4049
      4603,      4049,      4056,      4138,      4139
      4604,      4402,      4066,      4048,      4401
      4605,      4401,      4048,      4050,      4400
      4606,      4066,      4067,      4054,      4048
      4607,      4048,      4054,      4055,      4050
      4608,      4042,      4040,      4039,      4043
      4609,      4043,      4039,      4047,      4046
      4610,      4040,      4261,      4262,      4039
      4611,      4039,      4262,      4263,      4047
      4612,      4622,      4621,      4038,      4041
      4613,      4041,      4038,      4040,      4042
      4614,      4621,      4620,      4260,      4038
      4615,      4038,      4260,      4261,      4040
      4616,      4074,      4037,      4035,      4073
      4617,      4073,      4035,      4044,      4072
      4618,      4037,      4036,      4034,      4035
      4619,      4035,      4034,      4045,      4044
      4620,      4036,      4042,      4043,      4034
      4621,      4034,      4043,      4046,      4045
      4622,      4471,      4470,      4033,      4075
      4623,      4075,      4033,      4037,      4074
      4624,      4470,      4469,      4032,      4033
      4625,      4033,      4032,      4036,      4037
      4626,      4469,      4622,      4041,      4032
      4627,      4032,      4041,      4042,      4036
      4628,      4030,      4028,      4027,      4031
      4629,      4031,      4027,      4132,      4133
      4630,      4028,      4265,      4266,      4027
      4631,      4027,      4266,      4267,      4132
      4632,      4046,      4047,      4026,      4029
      4633,      4029,      4026,      4028,      4030
      4634,      4047,      4263,      4264,      4026
      4635,      4026,      4264,      4265,      4028
      4636,      4070,      4025,      4023,      4069
      4637,      4069,      4023,      4135,      4136
      4638,      4025,      4024,      4022,      4023
      4639,      4023,      4022,      4134,      4135
      4640,      4024,      4030,      4031,      4022
      4641,      4022,      4031,      4133,      4134
      4642,      4072,      4044,      4021,      4071
      4643,      4071,      4021,      4025,      4070
      4644,      4044,      4045,      4020,      4021
      4645,      4021,      4020,      4024,      4025
      4646,      4045,      4046,      4029,      4020
      4647,      4020,      4029,      4030,      4024
      4648,      3883,      3881,      3880,      3884
      4649,      3884,      3880,      3887,      3886
      4650,      3881,      3893,      3892,      3880
      4651,      3880,      3892,      3891,      3887
      4652,      3901,      3900,      3879,      3882
      4653,      3882,      3879,      3881,      3883
      4654,      3900,      3899,      3894,      3879
      4655,      3879,      3894,      3893,      3881
      4656,      3912,      3878,      3877,      3913
      4657,      3913,      3877,      3885,      3914
      4658,      3878,      3883,      3884,      3877
      4659,      3877,      3884,      3886,      3885
      4660,      3910,      3902,      3876,      3911
      4661,      3911,      3876,      3878,      3912
      4662,      3902,      3901,      3882,      3876
      4663,      3876,      3882,      3883,      3878
      4664,      3874,      3872,      3871,      3875
      4665,      3875,      3871,      3971,      3970
      4666,      3872,      3889,      3888,      3871
      4667,      3871,      3888,      3972,      3971
      4668,      3886,      3887,      3870,      3873
      4669,      3873,      3870,      3872,      3874
      4670,      3887,      3891,      3890,      3870
      4671,      3870,      3890,      3889,      3872
      4672,      3916,      3869,      3868,      3917
      4673,      3917,      3868,      3969,      3968
      4674,      3869,      3874,      3875,      3868
      4675,      3868,      3875,      3970,      3969
      4676,      3914,      3885,      3867,      3915
      4677,      3915,      3867,      3869,      3916
      4678,      3885,      3886,      3873,      3867
      4679,      3867,      3873,      3874,      3869
      4680,      3861,      3859,      3858,      3862
      4681,      3862,      3858,      3866,      3865
      4682,      3859,      4614,      4615,      3858
      4683,      3858,      4615,      4616,      3866
      4684,      3896,      3895,      3857,      3860
      4685,      3860,      3857,      3859,      3861
      4686,      3895,      4612,      4613,      3857
      4687,      3857,      4613,      4614,      3859
      4688,      3893,      3856,      3854,      3892
      4689,      3892,      3854,      3863,      3891
      4690,      3856,      3855,      3853,      3854
      4691,      3854,      3853,      3864,      3863
      4692,      3855,      3861,      3862,      3853
      4693,      3853,      3862,      3865,      3864
      4694,      3899,      3898,      3852,      3894
      4695,      3894,      3852,      3856,      3893
      4696,      3898,      3897,      3851,      3852
      4697,      3852,      3851,      3855,      3856
      4698,      3897,      3896,      3860,      3851
      4699,      3851,      3860,      3861,      3855
      4700,      3849,      3847,      3846,      3850
      4701,      3850,      3846,      3976,      3975
      4702,      3847,      4618,      4619,      3846
      4703,      3846,      4619,      2823,      3976
      4704,      3865,      3866,      3845,      3848
      4705,      3848,      3845,      3847,      3849
      4706,      3866,      4616,      4617,      3845
      4707,      3845,      4617,      4618,      3847
      4708,      3889,      3844,      3842,      3888
      4709,      3888,      3842,      3973,      3972
      4710,      3844,      3843,      3841,      3842
      4711,      3842,      3841,      3974,      3973
      4712,      3843,      3849,      3850,      3841
      4713,      3841,      3850,      3975,      3974
      4714,      3891,      3863,      3840,      3890
      4715,      3890,      3840,      3844,      3889
      4716,      3863,      3864,      3839,      3840
      4717,      3840,      3839,      3843,      3844
      4718,      3864,      3865,      3848,      3839
      4719,      3839,      3848,      3849,      3843
      4720,      3827,      3825,      3824,      3828
      4721,      3828,      3824,      3831,      3830
      4722,      3825,      3837,      3836,      3824
      4723,      3824,      3836,      3835,      3831
      4724,      3990,      3989,      3823,      3826
      4725,      3826,      3823,      3825,      3827
      4726,      3989,      3988,      3838,      3823
      4727,      3823,      3838,      3837,      3825
      4728,      3904,      3822,      3821,      3905
      4729,      3905,      3821,      3829,      3906
      4730,      3822,      3827,      3828,      3821
      4731,      3821,      3828,      3830,      3829
      4732,      3992,      3991,      3820,      3903
      4733,      3903,      3820,      3822,      3904
      4734,      3991,      3990,      3826,      3820
      4735,      3820,      3826,      3827,      3822
      4736,      3818,      3816,      3815,      3819
      4737,      3819,      3815,      3900,      3901
      4738,      3816,      3833,      3832,      3815
      4739,      3815,      3832,      3899,      3900
      4740,      3830,      3831,      3814,      3817
      4741,      3817,      3814,      3816,      3818
      4742,      3831,      3835,      3834,      3814
      4743,      3814,      3834,      3833,      3816
      4744,      3908,      3813,      3812,      3909
      4745,      3909,      3812,      3902,      3910
      4746,      3813,      3818,      3819,      3812
      4747,      3812,      3819,      3901,      3902
      4748,      3906,      3829,      3811,      3907
      4749,      3907,      3811,      3813,      3908
      4750,      3829,      3830,      3817,      3811
      4751,      3811,      3817,      3818,      3813
      4752,      3805,      3803,      3802,      3806
      4753,      3806,      3802,      3810,      3809
      4754,      3803,      4606,      4607,      3802
      4755,      3802,      4607,      4608,      3810
      4756,      3985,      3984,      3801,      3804
      4757,      3804,      3801,      3803,      3805
      4758,      3984,      4644,      4605,      3801
      4759,      3801,      4605,      4606,      3803
      4760,      3837,      3800,      3798,      3836
      4761,      3836,      3798,      3807,      3835
      4762,      3800,      3799,      3797,      3798
      4763,      3798,      3797,      3808,      3807
      4764,      3799,      3805,      3806,      3797
      4765,      3797,      3806,      3809,      3808
      4766,      3988,      3987,      3796,      3838
      4767,      3838,      3796,      3800,      3837
      4768,      3987,      3986,      3795,      3796
      4769,      3796,      3795,      3799,      3800
      4770,      3986,      3985,      3804,      3795
      4771,      3795,      3804,      3805,      3799
      4772,      3793,      3791,      3790,      3794
      4773,      3794,      3790,      3895,      3896
      4774,      3791,      4610,      4611,      3790
      4775,      3790,      4611,      4612,      3895
      4776,      3809,      3810,      3789,      3792
      4777,      3792,      3789,      3791,      3793
      4778,      3810,      4608,      4609,      3789
      4779,      3789,      4609,      4610,      3791
      4780,      3833,      3788,      3786,      3832
      4781,      3832,      3786,      3898,      3899
      4782,      3788,      3787,      3785,      3786
      4783,      3786,      3785,      3897,      3898
      4784,      3787,      3793,      3794,      3785
      4785,      3785,      3794,      3896,      3897
      4786,      3835,      3807,      3784,      3834
      4787,      3834,      3784,      3788,      3833
      4788,      3807,      3808,      3783,      3784
      4789,      3784,      3783,      3787,      3788
      4790,      3808,      3809,      3792,      3783
      4791,      3783,      3792,      3793,      3787
      4792,      3763,      3761,      3760,      3764
      4793,      3764,      3760,      3767,      3766
      4794,      3761,      3773,      3772,      3760
      4795,      3760,      3772,      3771,      3767
      4796,      3781,      3780,      3759,      3762
      4797,      3762,      3759,      3761,      3763
      4798,      3780,      3779,      3774,      3759
      4799,      3759,      3774,      3773,      3761
      4800,      3927,      3758,      3757,      3928
      4801,      3928,      3757,      3765,      3929
      4802,      3758,      3763,      3764,      3757
      4803,      3757,      3764,      3766,      3765
      4804,      3925,      3782,      3756,      3926
      4805,      3926,      3756,      3758,      3927
      4806,      3782,      3781,      3762,      3756
      4807,      3756,      3762,      3763,      3758
      4808,      3754,      3752,      3751,      3755
      4809,      3755,      3751,      3962,      3961
      4810,      3752,      3769,      3768,      3751
      4811,      3751,      3768,      3963,      3962
      4812,      3766,      3767,      3750,      3753
      4813,      3753,      3750,      3752,      3754
      4814,      3767,      3771,      3770,      3750
      4815,      3750,      3770,      3769,      3752
      4816,      3931,      3749,      3748,      3932
      4817,      3932,      3748,      3960,      3959
      4818,      3749,      3754,      3755,      3748
      4819,      3748,      3755,      3961,      3960
      4820,      3929,      3765,      3747,      3930
      4821,      3930,      3747,      3749,      3931
      4822,      3765,      3766,      3753,      3747
      4823,      3747,      3753,      3754,      3749
      4824,      3741,      3739,      3738,      3742
      4825,      3742,      3738,      3746,      3745
      4826,      3739,      3912,      3913,      3738
      4827,      3738,      3913,      3914,      3746
      4828,      3776,      3775,      3737,      3740
      4829,      3740,      3737,      3739,      3741
      4830,      3775,      3910,      3911,      3737
      4831,      3737,      3911,      3912,      3739
      4832,      3773,      3736,      3734,      3772
      4833,      3772,      3734,      3743,      3771
      4834,      3736,      3735,      3733,      3734
      4835,      3734,      3733,      3744,      3743
      4836,      3735,      3741,      3742,      3733
      4837,      3733,      3742,      3745,      3744
      4838,      3779,      3778,      3732,      3774
      4839,      3774,      3732,      3736,      3773
      4840,      3778,      3777,      3731,      3732
      4841,      3732,      3731,      3735,      3736
      4842,      3777,      3776,      3740,      3731
      4843,      3731,      3740,      3741,      3735
      4844,      3729,      3727,      3726,      3730
      4845,      3730,      3726,      3967,      3966
      4846,      3727,      3916,      3917,      3726
      4847,      3726,      3917,      3968,      3967
      4848,      3745,      3746,      3725,      3728
      4849,      3728,      3725,      3727,      3729
      4850,      3746,      3914,      3915,      3725
      4851,      3725,      3915,      3916,      3727
      4852,      3769,      3724,      3722,      3768
      4853,      3768,      3722,      3964,      3963
      4854,      3724,      3723,      3721,      3722
      4855,      3722,      3721,      3965,      3964
      4856,      3723,      3729,      3730,      3721
      4857,      3721,      3730,      3966,      3965
      4858,      3771,      3743,      3720,      3770
      4859,      3770,      3720,      3724,      3769
      4860,      3743,      3744,      3719,      3720
      4861,      3720,      3719,      3723,      3724
      4862,      3744,      3745,      3728,      3719
      4863,      3719,      3728,      3729,      3723
      4864,      3707,      3705,      3704,      3708
      4865,      3708,      3704,      3711,      3710
      4866,      3705,      3717,      3716,      3704
      4867,      3704,      3716,      3715,      3711
      4868,      3999,      3998,      3703,      3706
      4869,      3706,      3703,      3705,      3707
      4870,      3998,      3997,      3718,      3703
      4871,      3703,      3718,      3717,      3705
      4872,      3919,      3702,      3701,      3920
      4873,      3920,      3701,      3709,      3921
      4874,      3702,      3707,      3708,      3701
      4875,      3701,      3708,      3710,      3709
      4876,      4001,      4000,      3700,      3918
      4877,      3918,      3700,      3702,      3919
      4878,      4000,      3999,      3706,      3700
      4879,      3700,      3706,      3707,      3702
      4880,      3698,      3696,      3695,      3699
      4881,      3699,      3695,      3780,      3781
      4882,      3696,      3713,      3712,      3695
      4883,      3695,      3712,      3779,      3780
      4884,      3710,      3711,      3694,      3697
      4885,      3697,      3694,      3696,      3698
      4886,      3711,      3715,      3714,      3694
      4887,      3694,      3714,      3713,      3696
      4888,      3923,      3693,      3692,      3924
      4889,      3924,      3692,      3782,      3925
      4890,      3693,      3698,      3699,      3692
      4891,      3692,      3699,      3781,      3782
      4892,      3921,      3709,      3691,      3922
      4893,      3922,      3691,      3693,      3923
      4894,      3709,      3710,      3697,      3691
      4895,      3691,      3697,      3698,      3693
      4896,      3685,      3683,      3682,      3686
      4897,      3686,      3682,      3690,      3689
      4898,      3683,      3904,      3905,      3682
      4899,      3682,      3905,      3906,      3690
      4900,      3994,      3993,      3681,      3684
      4901,      3684,      3681,      3683,      3685
      4902,      3993,      3992,      3903,      3681
      4903,      3681,      3903,      3904,      3683
      4904,      3717,      3680,      3678,      3716
      4905,      3716,      3678,      3687,      3715
      4906,      3680,      3679,      3677,      3678
      4907,      3678,      3677,      3688,      3687
      4908,      3679,      3685,      3686,      3677
      4909,      3677,      3686,      3689,      3688
      4910,      3997,      3996,      3676,      3718
      4911,      3718,      3676,      3680,      3717
      4912,      3996,      3995,      3675,      3676
      4913,      3676,      3675,      3679,      3680
      4914,      3995,      3994,      3684,      3675
      4915,      3675,      3684,      3685,      3679
      4916,      3673,      3671,      3670,      3674
      4917,      3674,      3670,      3775,      3776
      4918,      3671,      3908,      3909,      3670
      4919,      3670,      3909,      3910,      3775
      4920,      3689,      3690,      3669,      3672
      4921,      3672,      3669,      3671,      3673
      4922,      3690,      3906,      3907,      3669
      4923,      3669,      3907,      3908,      3671
      4924,      3713,      3668,      3666,      3712
      4925,      3712,      3666,      3778,      3779
      4926,      3668,      3667,      3665,      3666
      4927,      3666,      3665,      3777,      3778
      4928,      3667,      3673,      3674,      3665
      4929,      3665,      3674,      3776,      3777
      4930,      3715,      3687,      3664,      3714
      4931,      3714,      3664,      3668,      3713
      4932,      3687,      3688,      3663,      3664
      4933,      3664,      3663,      3667,      3668
      4934,      3688,      3689,      3672,      3663
      4935,      3663,      3672,      3673,      3667
      4936,      3628,      3626,      3625,      3629
      4937,      3629,      3625,      3632,      3631
      4938,      3626,      3638,      3637,      3625
      4939,      3625,      3637,      3636,      3632
      4940,      3646,      3645,      3624,      3627
      4941,      3627,      3624,      3626,      3628
      4942,      3645,      3644,      3639,      3624
      4943,      3624,      3639,      3638,      3626
      4944,      3657,      3623,      3622,      3658
      4945,      3658,      3622,      3630,      3659
      4946,      3623,      3628,      3629,      3622
      4947,      3622,      3629,      3631,      3630
      4948,      3655,      3647,      3621,      3656
      4949,      3656,      3621,      3623,      3657
      4950,      3647,      3646,      3627,      3621
      4951,      3621,      3627,      3628,      3623
      4952,      3619,      3617,      3616,      3620
      4953,      3620,      3616,      3953,      3952
      4954,      3617,      3634,      3633,      3616
      4955,      3616,      3633,      3954,      3953
      4956,      3631,      3632,      3615,      3618
      4957,      3618,      3615,      3617,      3619
      4958,      3632,      3636,      3635,      3615
      4959,      3615,      3635,      3634,      3617
      4960,      3661,      3614,      3613,      3662
      4961,      3662,      3613,      3951,      3950
      4962,      3614,      3619,      3620,      3613
      4963,      3613,      3620,      3952,      3951
      4964,      3659,      3630,      3612,      3660
      4965,      3660,      3612,      3614,      3661
      4966,      3630,      3631,      3618,      3612
      4967,      3612,      3618,      3619,      3614
      4968,      3606,      3604,      3603,      3607
      4969,      3607,      3603,      3611,      3610
      4970,      3604,      3927,      3928,      3603
      4971,      3603,      3928,      3929,      3611
      4972,      3641,      3640,      3602,      3605
      4973,      3605,      3602,      3604,      3606
      4974,      3640,      3925,      3926,      3602
      4975,      3602,      3926,      3927,      3604
      4976,      3638,      3601,      3599,      3637
      4977,      3637,      3599,      3608,      3636
      4978,      3601,      3600,      3598,      3599
      4979,      3599,      3598,      3609,      3608
      4980,      3600,      3606,      3607,      3598
      4981,      3598,      3607,      3610,      3609
      4982,      3644,      3643,      3597,      3639
      4983,      3639,      3597,      3601,      3638
      4984,      3643,      3642,      3596,      3597
      4985,      3597,      3596,      3600,      3601
      4986,      3642,      3641,      3605,      3596
      4987,      3596,      3605,      3606,      3600
      4988,      3594,      3592,      3591,      3595
      4989,      3595,      3591,      3958,      3957
      4990,      3592,      3931,      3932,      3591
      4991,      3591,      3932,      3959,      3958
      4992,      3610,      3611,      3590,      3593
      4993,      3593,      3590,      3592,      3594
      4994,      3611,      3929,      3930,      3590
      4995,      3590,      3930,      3931,      3592
      4996,      3634,      3589,      3587,      3633
      4997,      3633,      3587,      3955,      3954
      4998,      3589,      3588,      3586,      3587
      4999,      3587,      3586,      3956,      3955
      5000,      3588,      3594,      3595,      3586
      5001,      3586,      3595,      3957,      3956
      5002,      3636,      3608,      3585,      3635
      5003,      3635,      3585,      3589,      3634
      5004,      3608,      3609,      3584,      3585
      5005,      3585,      3584,      3588,      3589
      5006,      3609,      3610,      3593,      3584
      5007,      3584,      3593,      3594,      3588
      5008,      3572,      3570,      3569,      3573
      5009,      3573,      3569,      3576,      3575
      5010,      3570,      3582,      3581,      3569
      5011,      3569,      3581,      3580,      3576
      5012,      4008,      4007,      3568,      3571
      5013,      3571,      3568,      3570,      3572
      5014,      4007,      4006,      3583,      3568
      5015,      3568,      3583,      3582,      3570
      5016,      3649,      3567,      3566,      3650
      5017,      3650,      3566,      3574,      3651
      5018,      3567,      3572,      3573,      3566
      5019,      3566,      3573,      3575,      3574
      5020,      4010,      4009,      3565,      3648
      5021,      3648,      3565,      3567,      3649
      5022,      4009,      4008,      3571,      3565
      5023,      3565,      3571,      3572,      3567
      5024,      3563,      3561,      3560,      3564
      5025,      3564,      3560,      3645,      3646
      5026,      3561,      3578,      3577,      3560
      5027,      3560,      3577,      3644,      3645
      5028,      3575,      3576,      3559,      3562
      5029,      3562,      3559,      3561,      3563
      5030,      3576,      3580,      3579,      3559
      5031,      3559,      3579,      3578,      3561
      5032,      3653,      3558,      3557,      3654
      5033,      3654,      3557,      3647,      3655
      5034,      3558,      3563,      3564,      3557
      5035,      3557,      3564,      3646,      3647
      5036,      3651,      3574,      3556,      3652
      5037,      3652,      3556,      3558,      3653
      5038,      3574,      3575,      3562,      3556
      5039,      3556,      3562,      3563,      3558
      5040,      3550,      3548,      3547,      3551
      5041,      3551,      3547,      3555,      3554
      5042,      3548,      3919,      3920,      3547
      5043,      3547,      3920,      3921,      3555
      5044,      4003,      4002,      3546,      3549
      5045,      3549,      3546,      3548,      3550
      5046,      4002,      4001,      3918,      3546
      5047,      3546,      3918,      3919,      3548
      5048,      3582,      3545,      3543,      3581
      5049,      3581,      3543,      3552,      3580
      5050,      3545,      3544,      3542,      3543
      5051,      3543,      3542,      3553,      3552
      5052,      3544,      3550,      3551,      3542
      5053,      3542,      3551,      3554,      3553
      5054,      4006,      4005,      3541,      3583
      5055,      3583,      3541,      3545,      3582
      5056,      4005,      4004,      3540,      3541
      5057,      3541,      3540,      3544,      3545
      5058,      4004,      4003,      3549,      3540
      5059,      3540,      3549,      3550,      3544
      5060,      3538,      3536,      3535,      3539
      5061,      3539,      3535,      3640,      3641
      5062,      3536,      3923,      3924,      3535
      5063,      3535,      3924,      3925,      3640
      5064,      3554,      3555,      3534,      3537
      5065,      3537,      3534,      3536,      3538
      5066,      3555,      3921,      3922,      3534
      5067,      3534,      3922,      3923,      3536
      5068,      3578,      3533,      3531,      3577
      5069,      3577,      3531,      3643,      3644
      5070,      3533,      3532,      3530,      3531
      5071,      3531,      3530,      3642,      3643
      5072,      3532,      3538,      3539,      3530
      5073,      3530,      3539,      3641,      3642
      5074,      3580,      3552,      3529,      3579
      5075,      3579,      3529,      3533,      3578
      5076,      3552,      3553,      3528,      3529
      5077,      3529,      3528,      3532,      3533
      5078,      3553,      3554,      3537,      3528
      5079,      3528,      3537,      3538,      3532
      5080,      3506,      3504,      3503,      3507
      5081,      3507,      3503,      3511,      3510
      5082,      3504,      3517,      3516,      3503
      5083,      3503,      3516,      3515,      3511
      5084,      3525,      3524,      3502,      3505
      5085,      3505,      3502,      3504,      3506
      5086,      3524,      3523,      3518,      3502
      5087,      3502,      3518,      3517,      3504
      5088,      4477,      3501,      3499,      4476
      5089,      4476,      3499,      3508,      4475
      5090,      3501,      3500,      3498,      3499
      5091,      3499,      3498,      3509,      3508
      5092,      3500,      3506,      3507,      3498
      5093,      3498,      3507,      3510,      3509
      5094,      4479,      3527,      3497,      4478
      5095,      4478,      3497,      3501,      4477
      5096,      3527,      3526,      3496,      3497
      5097,      3497,      3496,      3500,      3501
      5098,      3526,      3525,      3505,      3496
      5099,      3496,      3505,      3506,      3500
      5100,      3494,      3492,      3491,      3495
      5101,      3495,      3491,      3944,      3943
      5102,      3492,      3513,      3512,      3491
      5103,      3491,      3512,      3945,      3944
      5104,      3510,      3511,      3490,      3493
      5105,      3493,      3490,      3492,      3494
      5106,      3511,      3515,      3514,      3490
      5107,      3490,      3514,      3513,      3492
      5108,      4473,      3489,      3487,      4472
      5109,      4472,      3487,      3941,      4663
      5110,      3489,      3488,      3486,      3487
      5111,      3487,      3486,      3942,      3941
      5112,      3488,      3494,      3495,      3486
      5113,      3486,      3495,      3943,      3942
      5114,      4475,      3508,      3485,      4474
      5115,      4474,      3485,      3489,      4473
      5116,      3508,      3509,      3484,      3485
      5117,      3485,      3484,      3488,      3489
      5118,      3509,      3510,      3493,      3484
      5119,      3484,      3493,      3494,      3488
      5120,      3478,      3476,      3475,      3479
      5121,      3479,      3475,      3483,      3482
      5122,      3476,      3657,      3658,      3475
      5123,      3475,      3658,      3659,      3483
      5124,      3520,      3519,      3474,      3477
      5125,      3477,      3474,      3476,      3478
      5126,      3519,      3655,      3656,      3474
      5127,      3474,      3656,      3657,      3476
      5128,      3517,      3473,      3471,      3516
      5129,      3516,      3471,      3480,      3515
      5130,      3473,      3472,      3470,      3471
      5131,      3471,      3470,      3481,      3480
      5132,      3472,      3478,      3479,      3470
      5133,      3470,      3479,      3482,      3481
      5134,      3523,      3522,      3469,      3518
      5135,      3518,      3469,      3473,      3517
      5136,      3522,      3521,      3468,      3469
      5137,      3469,      3468,      3472,      3473
      5138,      3521,      3520,      3477,      3468
      5139,      3468,      3477,      3478,      3472
      5140,      3466,      3464,      3463,      3467
      5141,      3467,      3463,      3949,      3948
      5142,      3464,      3661,      3662,      3463
      5143,      3463,      3662,      3950,      3949
      5144,      3482,      3483,      3462,      3465
      5145,      3465,      3462,      3464,      3466
      5146,      3483,      3659,      3660,      3462
      5147,      3462,      3660,      3661,      3464
      5148,      3513,      3461,      3459,      3512
      5149,      3512,      3459,      3946,      3945
      5150,      3461,      3460,      3458,      3459
      5151,      3459,      3458,      3947,      3946
      5152,      3460,      3466,      3467,      3458
      5153,      3458,      3467,      3948,      3947
      5154,      3515,      3480,      3457,      3514
      5155,      3514,      3457,      3461,      3513
      5156,      3480,      3481,      3456,      3457
      5157,      3457,      3456,      3460,      3461
      5158,      3481,      3482,      3465,      3456
      5159,      3456,      3465,      3466,      3460
      5160,      3443,      3441,      3440,      3444
      5161,      3444,      3440,      3448,      3447
      5162,      3441,      3454,      3453,      3440
      5163,      3440,      3453,      3452,      3448
      5164,      4017,      4016,      3439,      3442
      5165,      3442,      3439,      3441,      3443
      5166,      4016,      4015,      3455,      3439
      5167,      3439,      3455,      3454,      3441
      5168,      4485,      3438,      3436,      4484
      5169,      4484,      3436,      3445,      4483
      5170,      3438,      3437,      3435,      3436
      5171,      3436,      3435,      3446,      3445
      5172,      3437,      3443,      3444,      3435
      5173,      3435,      3444,      3447,      3446
      5174,      4642,      4019,      3434,      4486
      5175,      4486,      3434,      3438,      4485
      5176,      4019,      4018,      3433,      3434
      5177,      3434,      3433,      3437,      3438
      5178,      4018,      4017,      3442,      3433
      5179,      3433,      3442,      3443,      3437
      5180,      3431,      3429,      3428,      3432
      5181,      3432,      3428,      3524,      3525
      5182,      3429,      3450,      3449,      3428
      5183,      3428,      3449,      3523,      3524
      5184,      3447,      3448,      3427,      3430
      5185,      3430,      3427,      3429,      3431
      5186,      3448,      3452,      3451,      3427
      5187,      3427,      3451,      3450,      3429
      5188,      4481,      3426,      3424,      4480
      5189,      4480,      3424,      3527,      4479
      5190,      3426,      3425,      3423,      3424
      5191,      3424,      3423,      3526,      3527
      5192,      3425,      3431,      3432,      3423
      5193,      3423,      3432,      3525,      3526
      5194,      4483,      3445,      3422,      4482
      5195,      4482,      3422,      3426,      4481
      5196,      3445,      3446,      3421,      3422
      5197,      3422,      3421,      3425,      3426
      5198,      3446,      3447,      3430,      3421
      5199,      3421,      3430,      3431,      3425
      5200,      3415,      3413,      3412,      3416
      5201,      3416,      3412,      3420,      3419
      5202,      3413,      3649,      3650,      3412
      5203,      3412,      3650,      3651,      3420
      5204,      4012,      4011,      3411,      3414
      5205,      3414,      3411,      3413,      3415
      5206,      4011,      4010,      3648,      3411
      5207,      3411,      3648,      3649,      3413
      5208,      3454,      3410,      3408,      3453
      5209,      3453,      3408,      3417,      3452
      5210,      3410,      3409,      3407,      3408
      5211,      3408,      3407,      3418,      3417
      5212,      3409,      3415,      3416,      3407
      5213,      3407,      3416,      3419,      3418
      5214,      4015,      4014,      3406,      3455
      5215,      3455,      3406,      3410,      3454
      5216,      4014,      4013,      3405,      3406
      5217,      3406,      3405,      3409,      3410
      5218,      4013,      4012,      3414,      3405
      5219,      3405,      3414,      3415,      3409
      5220,      3403,      3401,      3400,      3404
      5221,      3404,      3400,      3519,      3520
      5222,      3401,      3653,      3654,      3400
      5223,      3400,      3654,      3655,      3519
      5224,      3419,      3420,      3399,      3402
      5225,      3402,      3399,      3401,      3403
      5226,      3420,      3651,      3652,      3399
      5227,      3399,      3652,      3653,      3401
      5228,      3450,      3398,      3396,      3449
      5229,      3449,      3396,      3522,      3523
      5230,      3398,      3397,      3395,      3396
      5231,      3396,      3395,      3521,      3522
      5232,      3397,      3403,      3404,      3395
      5233,      3395,      3404,      3520,      3521
      5234,      3452,      3417,      3394,      3451
      5235,      3451,      3394,      3398,      3450
      5236,      3417,      3418,      3393,      3394
      5237,      3394,      3393,      3397,      3398
      5238,      3418,      3419,      3402,      3393
      5239,      3393,      3402,      3403,      3397
      5240,      3170,      3174,      3167,      3168
      5241,      3173,      3161,      3162,      3174
      5242,      3174,      3162,      3163,      3167
      5243,      3153,      3154,      3175,      3172
      5244,      3172,      3175,      3173,      3171
      5245,      3154,      3155,      3160,      3175
      5246,      3175,      3160,      3161,      3173
      5247,      3142,      3176,      3177,      3141
      5248,      3141,      3177,      3169,      3140
      5249,      3176,      3171,      3170,      3177
      5250,      3177,      3170,      3168,      3169
      5251,      3144,      3152,      3178,      3143
      5252,      3143,      3178,      3176,      3142
      5253,      3152,      3153,      3172,      3178
      5254,      3178,      3172,      3171,      3176
      5255,      3180,      3182,      3183,      3179
      5256,      3179,      3183,      3110,      3111
      5257,      3182,      3165,      3166,      3183
      5258,      3183,      3166,      3109,      3110
      5259,      3168,      3167,      3184,      3181
      5260,      3181,      3184,      3182,      3180
      5261,      3167,      3163,      3164,      3184
      5262,      3184,      3164,      3165,      3182
      5263,      3138,      3185,      3186,      3137
      5264,      3137,      3186,      3112,      3113
      5265,      3185,      3180,      3179,      3186
      5266,      3186,      3179,      3111,      3112
      5267,      3140,      3169,      3187,      3139
      5268,      3139,      3187,      3185,      3138
      5269,      3169,      3168,      3181,      3187
      5270,      3187,      3181,      3180,      3185
      5271,      3193,      3195,      3196,      3192
      5272,      3192,      3196,      3188,      3189
      5273,      3195,      4382,      4383,      3196
      5274,      3196,      4383,      4384,      3188
      5275,      3158,      3159,      3197,      3194
      5276,      3194,      3197,      3195,      3193
      5277,      3159,      4380,      4381,      3197
      5278,      3197,      4381,      4382,      3195
      5279,      3161,      3198,      3200,      3162
      5280,      3162,      3200,      3191,      3163
      5281,      3198,      3199,      3201,      3200
      5282,      3200,      3201,      3190,      3191
      5283,      3199,      3193,      3192,      3201
      5284,      3201,      3192,      3189,      3190
      5285,      3155,      3156,      3202,      3160
      5286,      3160,      3202,      3198,      3161
      5287,      3156,      3157,      3203,      3202
      5288,      3202,      3203,      3199,      3198
      5289,      3157,      3158,      3194,      3203
      5290,      3203,      3194,      3193,      3199
      5291,      3205,      3207,      3208,      3204
      5292,      3204,      3208,      3105,      3106
      5293,      3207,      4386,      4387,      3208
      5294,      3208,      4387,       653,      3105
      5295,      3189,      3188,      3209,      3206
      5296,      3206,      3209,      3207,      3205
      5297,      3188,      4384,      4385,      3209
      5298,      3209,      4385,      4386,      3207
      5299,      3165,      3210,      3212,      3166
      5300,      3166,      3212,      3108,      3109
      5301,      3210,      3211,      3213,      3212
      5302,      3212,      3213,      3107,      3108
      5303,      3211,      3205,      3204,      3213
      5304,      3213,      3204,      3106,      3107
      5305,      3163,      3191,      3214,      3164
      5306,      3164,      3214,      3210,      3165
      5307,      3191,      3190,      3215,      3214
      5308,      3214,      3215,      3211,      3210
      5309,      3190,      3189,      3206,      3215
      5310,      3215,      3206,      3205,      3211
      5311,      3227,      3229,      3230,      3226
      5312,      3226,      3230,      3223,      3224
      5313,      3229,      3217,      3218,      3230
      5314,      3230,      3218,      3219,      3223
      5315,      3083,      3084,      3231,      3228
      5316,      3228,      3231,      3229,      3227
      5317,      3084,      3085,      3216,      3231
      5318,      3231,      3216,      3217,      3229
      5319,      3150,      3232,      3233,      3149
      5320,      3149,      3233,      3225,      3148
      5321,      3232,      3227,      3226,      3233
      5322,      3233,      3226,      3224,      3225
      5323,      3074,      3082,      3234,      3151
      5324,      3151,      3234,      3232,      3150
      5325,      3082,      3083,      3228,      3234
      5326,      3234,      3228,      3227,      3232
      5327,      3236,      3238,      3239,      3235
      5328,      3235,      3239,      3154,      3153
      5329,      3238,      3221,      3222,      3239
      5330,      3239,      3222,      3155,      3154
      5331,      3224,      3223,      3240,      3237
      5332,      3237,      3240,      3238,      3236
      5333,      3223,      3219,      3220,      3240
      5334,      3240,      3220,      3221,      3238
      5335,      3146,      3241,      3242,      3145
      5336,      3145,      3242,      3152,      3144
      5337,      3241,      3236,      3235,      3242
      5338,      3242,      3235,      3153,      3152
      5339,      3148,      3225,      3243,      3147
      5340,      3147,      3243,      3241,      3146
      5341,      3225,      3224,      3237,      3243
      5342,      3243,      3237,      3236,      3241
      5343,      3249,      3251,      3252,      3248
      5344,      3248,      3252,      3244,      3245
      5345,      3251,      4374,      4375,      3252
      5346,      3252,      4375,      4376,      3244
      5347,      3088,      3089,      3253,      3250
      5348,      3250,      3253,      3251,      3249
      5349,      3089,      4646,      4373,      3253
      5350,      3253,      4373,      4374,      3251
      5351,      3217,      3254,      3256,      3218
      5352,      3218,      3256,      3247,      3219
      5353,      3254,      3255,      3257,      3256
      5354,      3256,      3257,      3246,      3247
      5355,      3255,      3249,      3248,      3257
      5356,      3257,      3248,      3245,      3246
      5357,      3085,      3086,      3258,      3216
      5358,      3216,      3258,      3254,      3217
      5359,      3086,      3087,      3259,      3258
      5360,      3258,      3259,      3255,      3254
      5361,      3087,      3088,      3250,      3259
      5362,      3259,      3250,      3249,      3255
      5363,      3261,      3263,      3264,      3260
      5364,      3260,      3264,      3159,      3158
      5365,      3263,      4378,      4379,      3264
      5366,      3264,      4379,      4380,      3159
      5367,      3245,      3244,      3265,      3262
      5368,      3262,      3265,      3263,      3261
      5369,      3244,      4376,      4377,      3265
      5370,      3265,      4377,      4378,      3263
      5371,      3221,      3266,      3268,      3222
      5372,      3222,      3268,      3156,      3155
      5373,      3266,      3267,      3269,      3268
      5374,      3268,      3269,      3157,      3156
      5375,      3267,      3261,      3260,      3269
      5376,      3269,      3260,      3158,      3157
      5377,      3219,      3247,      3270,      3220
      5378,      3220,      3270,      3266,      3221
      5379,      3247,      3246,      3271,      3270
      5380,      3270,      3271,      3267,      3266
      5381,      3246,      3245,      3262,      3271
      5382,      3271,      3262,      3261,      3267
      5383,      3291,      3293,      3294,      3290
      5384,      3290,      3294,      3287,      3288
      5385,      3293,      3281,      3282,      3294
      5386,      3294,      3282,      3283,      3287
      5387,      3273,      3274,      3295,      3292
      5388,      3292,      3295,      3293,      3291
      5389,      3274,      3275,      3280,      3295
      5390,      3295,      3280,      3281,      3293
      5391,      3127,      3296,      3297,      3126
      5392,      3126,      3297,      3289,      3125
      5393,      3296,      3291,      3290,      3297
      5394,      3297,      3290,      3288,      3289
      5395,      3129,      3272,      3298,      3128
      5396,      3128,      3298,      3296,      3127
      5397,      3272,      3273,      3292,      3298
      5398,      3298,      3292,      3291,      3296
      5399,      3300,      3302,      3303,      3299
      5400,      3299,      3303,      3119,      3120
      5401,      3302,      3285,      3286,      3303
      5402,      3303,      3286,      3118,      3119
      5403,      3288,      3287,      3304,      3301
      5404,      3301,      3304,      3302,      3300
      5405,      3287,      3283,      3284,      3304
      5406,      3304,      3284,      3285,      3302
      5407,      3123,      3305,      3306,      3122
      5408,      3122,      3306,      3121,      3075
      5409,      3305,      3300,      3299,      3306
      5410,      3306,      3299,      3120,      3121
      5411,      3125,      3289,      3307,      3124
      5412,      3124,      3307,      3305,      3123
      5413,      3289,      3288,      3301,      3307
      5414,      3307,      3301,      3300,      3305
      5415,      3313,      3315,      3316,      3312
      5416,      3312,      3316,      3308,      3309
      5417,      3315,      3142,      3141,      3316
      5418,      3316,      3141,      3140,      3308
      5419,      3278,      3279,      3317,      3314
      5420,      3314,      3317,      3315,      3313
      5421,      3279,      3144,      3143,      3317
      5422,      3317,      3143,      3142,      3315
      5423,      3281,      3318,      3320,      3282
      5424,      3282,      3320,      3311,      3283
      5425,      3318,      3319,      3321,      3320
      5426,      3320,      3321,      3310,      3311
      5427,      3319,      3313,      3312,      3321
      5428,      3321,      3312,      3309,      3310
      5429,      3275,      3276,      3322,      3280
      5430,      3280,      3322,      3318,      3281
      5431,      3276,      3277,      3323,      3322
      5432,      3322,      3323,      3319,      3318
      5433,      3277,      3278,      3314,      3323
      5434,      3323,      3314,      3313,      3319
      5435,      3325,      3327,      3328,      3324
      5436,      3324,      3328,      3114,      3115
      5437,      3327,      3138,      3137,      3328
      5438,      3328,      3137,      3113,      3114
      5439,      3309,      3308,      3329,      3326
      5440,      3326,      3329,      3327,      3325
      5441,      3308,      3140,      3139,      3329
      5442,      3329,      3139,      3138,      3327
      5443,      3285,      3330,      3332,      3286
      5444,      3286,      3332,      3117,      3118
      5445,      3330,      3331,      3333,      3332
      5446,      3332,      3333,      3116,      3117
      5447,      3331,      3325,      3324,      3333
      5448,      3333,      3324,      3115,      3116
      5449,      3283,      3311,      3334,      3284
      5450,      3284,      3334,      3330,      3285
      5451,      3311,      3310,      3335,      3334
      5452,      3334,      3335,      3331,      3330
      5453,      3310,      3309,      3326,      3335
      5454,      3335,      3326,      3325,      3331
      5455,      3347,      3349,      3350,      3346
      5456,      3346,      3350,      3343,      3344
      5457,      3349,      3337,      3338,      3350
      5458,      3350,      3338,      3339,      3343
      5459,      3080,      3081,      3351,      3348
      5460,      3348,      3351,      3349,      3347
      5461,      3081,      3076,      3336,      3351
      5462,      3351,      3336,      3337,      3349
      5463,      3135,      3352,      3353,      3134
      5464,      3134,      3353,      3345,      3133
      5465,      3352,      3347,      3346,      3353
      5466,      3353,      3346,      3344,      3345
      5467,      3071,      3079,      3354,      3136
      5468,      3136,      3354,      3352,      3135
      5469,      3079,      3080,      3348,      3354
      5470,      3354,      3348,      3347,      3352
      5471,      3356,      3358,      3359,      3355
      5472,      3355,      3359,      3274,      3273
      5473,      3358,      3341,      3342,      3359
      5474,      3359,      3342,      3275,      3274
      5475,      3344,      3343,      3360,      3357
      5476,      3357,      3360,      3358,      3356
      5477,      3343,      3339,      3340,      3360
      5478,      3360,      3340,      3341,      3358
      5479,      3131,      3361,      3362,      3130
      5480,      3130,      3362,      3272,      3129
      5481,      3361,      3356,      3355,      3362
      5482,      3362,      3355,      3273,      3272
      5483,      3133,      3345,      3363,      3132
      5484,      3132,      3363,      3361,      3131
      5485,      3345,      3344,      3357,      3363
      5486,      3363,      3357,      3356,      3361
      5487,      3369,      3371,      3372,      3368
      5488,      3368,      3372,      3364,      3365
      5489,      3371,      3150,      3149,      3372
      5490,      3372,      3149,      3148,      3364
      5491,      3072,      3073,      3373,      3370
      5492,      3370,      3373,      3371,      3369
      5493,      3073,      3074,      3151,      3373
      5494,      3373,      3151,      3150,      3371
      5495,      3337,      3374,      3376,      3338
      5496,      3338,      3376,      3367,      3339
      5497,      3374,      3375,      3377,      3376
      5498,      3376,      3377,      3366,      3367
      5499,      3375,      3369,      3368,      3377
      5500,      3377,      3368,      3365,      3366
      5501,      3076,      3077,      3378,      3336
      5502,      3336,      3378,      3374,      3337
      5503,      3077,      3078,      3379,      3378
      5504,      3378,      3379,      3375,      3374
      5505,      3078,      3072,      3370,      3379
      5506,      3379,      3370,      3369,      3375
      5507,      3381,      3383,      3384,      3380
      5508,      3380,      3384,      3279,      3278
      5509,      3383,      3146,      3145,      3384
      5510,      3384,      3145,      3144,      3279
      5511,      3365,      3364,      3385,      3382
      5512,      3382,      3385,      3383,      3381
      5513,      3364,      3148,      3147,      3385
      5514,      3385,      3147,      3146,      3383
      5515,      3341,      3386,      3388,      3342
      5516,      3342,      3388,      3276,      3275
      5517,      3386,      3387,      3389,      3388
      5518,      3388,      3389,      3277,      3276
      5519,      3387,      3381,      3380,      3389
      5520,      3389,      3380,      3278,      3277
      5521,      3339,      3367,      3390,      3340
      5522,      3340,      3390,      3386,      3341
      5523,      3367,      3366,      3391,      3390
      5524,      3390,      3391,      3387,      3386
      5525,      3366,      3365,      3382,      3391
      5526,      3391,      3382,      3381,      3387
      5527,      3060,      3058,      3057,      3061
      5528,      3061,      3057,      3064,      3063
      5529,      3058,      3070,      3069,      3057
      5530,      3057,      3069,      3068,      3064
      5531,      3097,      3096,      3056,      3059
      5532,      3059,      3056,      3058,      3060
      5533,      3096,      3095,      3090,      3056
      5534,      3056,      3090,      3070,      3058
      5535,      3935,      3055,      3054,      3936
      5536,      3936,      3054,      3062,      3937
      5537,      3055,      3060,      3061,      3054
      5538,      3054,      3061,      3063,      3062
      5539,      3933,      3098,      3053,      3934
      5540,      3934,      3053,      3055,      3935
      5541,      3098,      3097,      3059,      3053
      5542,      3053,      3059,      3060,      3055
      5543,      3051,      3049,      3048,      3052
      5544,      3052,      3048,      4279,      4278
      5545,      3049,      3066,      3065,      3048
      5546,      3048,      3065,      4280,      4279
      5547,      3063,      3064,      3047,      3050
      5548,      3050,      3047,      3049,      3051
      5549,      3064,      3068,      3067,      3047
      5550,      3047,      3067,      3066,      3049
      5551,      3939,      3046,      3045,      3940
      5552,      3940,      3045,      4277,      4276
      5553,      3046,      3051,      3052,      3045
      5554,      3045,      3052,      4278,      4277
      5555,      3937,      3062,      3044,      3938
      5556,      3938,      3044,      3046,      3939
      5557,      3062,      3063,      3050,      3044
      5558,      3044,      3050,      3051,      3046
      5559,      3038,      3036,      3035,      3039
      5560,      3039,      3035,      3043,      3042
      5561,      3036,      2830,      2829,      3035
      5562,      3035,      2829,      2828,      3043
      5563,      3092,      3091,      3034,      3037
      5564,      3037,      3034,      3036,      3038
      5565,      3091,      2832,      2831,      3034
      5566,      3034,      2831,      2830,      3036
      5567,      3070,      3033,      3031,      3069
      5568,      3069,      3031,      3040,      3068
      5569,      3033,      3032,      3030,      3031
      5570,      3031,      3030,      3041,      3040
      5571,      3032,      3038,      3039,      3030
      5572,      3030,      3039,      3042,      3041
      5573,      3095,      3094,      3029,      3090
      5574,      3090,      3029,      3033,      3070
      5575,      3094,      3093,      3028,      3029
      5576,      3029,      3028,      3032,      3033
      5577,      3093,      3092,      3037,      3028
      5578,      3028,      3037,      3038,      3032
      5579,      3026,      3024,      3023,      3027
      5580,      3027,      3023,      4284,      4283
      5581,      3024,      2826,      2825,      3023
      5582,      3023,      2825,      4319,      4284
      5583,      3042,      3043,      3022,      3025
      5584,      3025,      3022,      3024,      3026
      5585,      3043,      2828,      2827,      3022
      5586,      3022,      2827,      2826,      3024
      5587,      3066,      3021,      3019,      3065
      5588,      3065,      3019,      4281,      4280
      5589,      3021,      3020,      3018,      3019
      5590,      3019,      3018,      4282,      4281
      5591,      3020,      3026,      3027,      3018
      5592,      3018,      3027,      4283,      4282
      5593,      3068,      3040,      3017,      3067
      5594,      3067,      3017,      3021,      3066
      5595,      3040,      3041,      3016,      3017
      5596,      3017,      3016,      3020,      3021
      5597,      3041,      3042,      3025,      3016
      5598,      3016,      3025,      3026,      3020
      5599,      3004,      3002,      3001,      3005
      5600,      3005,      3001,      3008,      3007
      5601,      3002,      3014,      3013,      3001
      5602,      3001,      3013,      3012,      3008
      5603,      4308,      4307,      3000,      3003
      5604,      3003,      3000,      3002,      3004
      5605,      4307,      4289,      3015,      3000
      5606,      3000,      3015,      3014,      3002
      5607,      3100,      2999,      2998,      3101
      5608,      3101,      2998,      3006,      3102
      5609,      2999,      3004,      3005,      2998
      5610,      2998,      3005,      3007,      3006
      5611,      4316,      4309,      2997,      3099
      5612,      3099,      2997,      2999,      3100
      5613,      4309,      4308,      3003,      2997
      5614,      2997,      3003,      3004,      2999
      5615,      2995,      2993,      2992,      2996
      5616,      2996,      2992,      3096,      3097
      5617,      2993,      3010,      3009,      2992
      5618,      2992,      3009,      3095,      3096
      5619,      3007,      3008,      2991,      2994
      5620,      2994,      2991,      2993,      2995
      5621,      3008,      3012,      3011,      2991
      5622,      2991,      3011,      3010,      2993
      5623,      3104,      2990,      2989,      3392
      5624,      3392,      2989,      3098,      3933
      5625,      2990,      2995,      2996,      2989
      5626,      2989,      2996,      3097,      3098
      5627,      3102,      3006,      2988,      3103
      5628,      3103,      2988,      2990,      3104
      5629,      3006,      3007,      2994,      2988
      5630,      2988,      2994,      2995,      2990
      5631,      2982,      2980,      2979,      2983
      5632,      2983,      2979,      2987,      2986
      5633,      2980,      2838,      2837,      2979
      5634,      2979,      2837,      2836,      2987
      5635,      4286,      4285,      2978,      2981
      5636,      2981,      2978,      2980,      2982
      5637,      4285,      2824,      2839,      2978
      5638,      2978,      2839,      2838,      2980
      5639,      3014,      2977,      2975,      3013
      5640,      3013,      2975,      2984,      3012
      5641,      2977,      2976,      2974,      2975
      5642,      2975,      2974,      2985,      2984
      5643,      2976,      2982,      2983,      2974
      5644,      2974,      2983,      2986,      2985
      5645,      4289,      4288,      2973,      3015
      5646,      3015,      2973,      2977,      3014
      5647,      4288,      4287,      2972,      2973
      5648,      2973,      2972,      2976,      2977
      5649,      4287,      4286,      2981,      2972
      5650,      2972,      2981,      2982,      2976
      5651,      2970,      2968,      2967,      2971
      5652,      2971,      2967,      3091,      3092
      5653,      2968,      2834,      2833,      2967
      5654,      2967,      2833,      2832,      3091
      5655,      2986,      2987,      2966,      2969
      5656,      2969,      2966,      2968,      2970
      5657,      2987,      2836,      2835,      2966
      5658,      2966,      2835,      2834,      2968
      5659,      3010,      2965,      2963,      3009
      5660,      3009,      2963,      3094,      3095
      5661,      2965,      2964,      2962,      2963
      5662,      2963,      2962,      3093,      3094
      5663,      2964,      2970,      2971,      2962
      5664,      2962,      2971,      3092,      3093
      5665,      3012,      2984,      2961,      3011
      5666,      3011,      2961,      2965,      3010
      5667,      2984,      2985,      2960,      2961
      5668,      2961,      2960,      2964,      2965
      5669,      2985,      2986,      2969,      2960
      5670,      2960,      2969,      2970,      2964
      5671,      2940,      2938,      2937,      2941
      5672,      2941,      2937,      2944,      2943
      5673,      2938,      2950,      2949,      2937
      5674,      2937,      2949,      2948,      2944
      5675,      2958,      2957,      2936,      2939
      5676,      2939,      2936,      2938,      2940
      5677,      2957,      2956,      2951,      2936
      5678,      2936,      2951,      2950,      2938
      5679,      4628,      2935,      2934,      4627
      5680,      4627,      2934,      2942,      4626
      5681,      2935,      2940,      2941,      2934
      5682,      2934,      2941,      2943,      2942
      5683,      4630,      2959,      2933,      4629
      5684,      4629,      2933,      2935,      4628
      5685,      2959,      2958,      2939,      2933
      5686,      2933,      2939,      2940,      2935
      5687,      2931,      2929,      2928,      2932
      5688,      2932,      2928,      3979,      3978
      5689,      2929,      2946,      2945,      2928
      5690,      2928,      2945,      3980,      3979
      5691,      2943,      2944,      2927,      2930
      5692,      2930,      2927,      2929,      2931
      5693,      2944,      2948,      2947,      2927
      5694,      2927,      2947,      2946,      2929
      5695,      4624,      2926,      2925,      4623
      5696,      4623,      2925,      3977,      5222
      5697,      2926,      2931,      2932,      2925
      5698,      2925,      2932,      3978,      3977
      5699,      4626,      2942,      2924,      4625
      5700,      4625,      2924,      2926,      4624
      5701,      2942,      2943,      2930,      2924
      5702,      2924,      2930,      2931,      2926
      5703,      2918,      2916,      2915,      2919
      5704,      2919,      2915,      2923,      2922
      5705,      2916,      3935,      3936,      2915
      5706,      2915,      3936,      3937,      2923
      5707,      2953,      2952,      2914,      2917
      5708,      2917,      2914,      2916,      2918
      5709,      2952,      3933,      3934,      2914
      5710,      2914,      3934,      3935,      2916
      5711,      2950,      2913,      2911,      2949
      5712,      2949,      2911,      2920,      2948
      5713,      2913,      2912,      2910,      2911
      5714,      2911,      2910,      2921,      2920
      5715,      2912,      2918,      2919,      2910
      5716,      2910,      2919,      2922,      2921
      5717,      2956,      2955,      2909,      2951
      5718,      2951,      2909,      2913,      2950
      5719,      2955,      2954,      2908,      2909
      5720,      2909,      2908,      2912,      2913
      5721,      2954,      2953,      2917,      2908
      5722,      2908,      2917,      2918,      2912
      5723,      2906,      2904,      2903,      2907
      5724,      2907,      2903,      4275,      3983
      5725,      2904,      3939,      3940,      2903
      5726,      2903,      3940,      4276,      4275
      5727,      2922,      2923,      2902,      2905
      5728,      2905,      2902,      2904,      2906
      5729,      2923,      3937,      3938,      2902
      5730,      2902,      3938,      3939,      2904
      5731,      2946,      2901,      2899,      2945
      5732,      2945,      2899,      3981,      3980
      5733,      2901,      2900,      2898,      2899
      5734,      2899,      2898,      3982,      3981
      5735,      2900,      2906,      2907,      2898
      5736,      2898,      2907,      3983,      3982
      5737,      2948,      2920,      2897,      2947
      5738,      2947,      2897,      2901,      2946
      5739,      2920,      2921,      2896,      2897
      5740,      2897,      2896,      2900,      2901
      5741,      2921,      2922,      2905,      2896
      5742,      2896,      2905,      2906,      2900
      5743,      2884,      2882,      2881,      2885
      5744,      2885,      2881,      2888,      2887
      5745,      2882,      2894,      2893,      2881
      5746,      2881,      2893,      2892,      2888
      5747,      4311,      4310,      2880,      2883
      5748,      2883,      2880,      2882,      2884
      5749,      4310,      4315,      2895,      2880
      5750,      2880,      2895,      2894,      2882
      5751,      4636,      2879,      2878,      4635
      5752,      4635,      2878,      2886,      4634
      5753,      2879,      2884,      2885,      2878
      5754,      2878,      2885,      2887,      2886
      5755,      4641,      4312,      2877,      4637
      5756,      4637,      2877,      2879,      4636
      5757,      4312,      4311,      2883,      2877
      5758,      2877,      2883,      2884,      2879
      5759,      2875,      2873,      2872,      2876
      5760,      2876,      2872,      2957,      2958
      5761,      2873,      2890,      2889,      2872
      5762,      2872,      2889,      2956,      2957
      5763,      2887,      2888,      2871,      2874
      5764,      2874,      2871,      2873,      2875
      5765,      2888,      2892,      2891,      2871
      5766,      2871,      2891,      2890,      2873
      5767,      4632,      2870,      2869,      4631
      5768,      4631,      2869,      2959,      4630
      5769,      2870,      2875,      2876,      2869
      5770,      2869,      2876,      2958,      2959
      5771,      4634,      2886,      2868,      4633
      5772,      4633,      2868,      2870,      4632
      5773,      2886,      2887,      2874,      2868
      5774,      2868,      2874,      2875,      2870
      5775,      2862,      2860,      2859,      2863
      5776,      2863,      2859,      2867,      2866
      5777,      2860,      3100,      3101,      2859
      5778,      2859,      3101,      3102,      2867
      5779,      4318,      4317,      2858,      2861
      5780,      2861,      2858,      2860,      2862
      5781,      4317,      4316,      3099,      2858
      5782,      2858,      3099,      3100,      2860
      5783,      2894,      2857,      2855,      2893
      5784,      2893,      2855,      2864,      2892
      5785,      2857,      2856,      2854,      2855
      5786,      2855,      2854,      2865,      2864
      5787,      2856,      2862,      2863,      2854
      5788,      2854,      2863,      2866,      2865
      5789,      4315,      4314,      2853,      2895
      5790,      2895,      2853,      2857,      2894
      5791,      4314,      4313,      2852,      2853
      5792,      2853,      2852,      2856,      2857
      5793,      4313,      4318,      2861,      2852
      5794,      2852,      2861,      2862,      2856
      5795,      2850,      2848,      2847,      2851
      5796,      2851,      2847,      2952,      2953
      5797,      2848,      3104,      3392,      2847
      5798,      2847,      3392,      3933,      2952
      5799,      2866,      2867,      2846,      2849
      5800,      2849,      2846,      2848,      2850
      5801,      2867,      3102,      3103,      2846
      5802,      2846,      3103,      3104,      2848
      5803,      2890,      2845,      2843,      2889
      5804,      2889,      2843,      2955,      2956
      5805,      2845,      2844,      2842,      2843
      5806,      2843,      2842,      2954,      2955
      5807,      2844,      2850,      2851,      2842
      5808,      2842,      2851,      2953,      2954
      5809,      2892,      2864,      2841,      2891
      5810,      2891,      2841,      2845,      2890
      5811,      2864,      2865,      2840,      2841
      5812,      2841,      2840,      2844,      2845
      5813,      2865,      2866,      2849,      2840
      5814,      2840,      2849,      2850,      2844
*****
