**
**   Template:  2D Helmholtz solver
**
*NODE
         1,  -20.0          ,  0.0            ,  0.0            
         2,  -19.28571428571,  3.552713679E-15,  0.0            
         3,  -18.57142857143,  3.552713679E-15,  0.0            
         4,  -17.85714285714,  3.552713679E-15,  0.0            
         5,  -17.14285714286,  3.552713679E-15,  0.0            
         6,  -16.42857142857,  3.552713679E-15,  0.0            
         7,  -15.71428571428,  3.552713679E-15,  0.0            
         8,  -15.0          ,  3.552713679E-15,  0.0            
         9,  -14.28571428571,  3.552713679E-15,  0.0            
        10,  -13.57142857143,  3.552713679E-15,  0.0            
        11,  -12.85714285714,  3.552713679E-15,  0.0            
        12,  -12.14285714286,  3.552713679E-15,  0.0            
        13,  -11.42857142857,  3.552713679E-15,  0.0            
        14,  -10.71428571428,  3.552713679E-15,  0.0            
        15,  -10.0          ,  3.552713679E-15,  0.0            
        16,  -9.987954562052,  0.4906767432742,  0.0            
        17,  -9.951847266722,  0.9801714032956,  0.0            
        18,  -9.891765099648,  1.4673047445536,  0.0            
        19,  -9.807852804032,  1.9509032201613,  0.0            
        20,  -9.700312531945,  2.4298017990326,  0.0            
        21,  -9.569403357322,  2.9028467725446,  0.0            
        22,  -9.41544065183 ,  3.3688985339222,  0.0            
        23,  -9.238795325113,  3.8268343236509,  0.0            
        24,  -9.039892931234,  4.2755509343028,  0.0            
        25,  -8.819212643484,  4.71396736826  ,  0.0            
        26,  -8.577286100003,  5.1410274419322,  0.0            
        27,  -8.314696123025,  5.555702330196 ,  0.0            
        28,  -8.032075314806,  5.9569930449243,  0.0            
        29,  -7.730104533627,  6.3439328416364,  0.0            
        30,  -7.40951125355 ,  6.7155895484702,  0.0            
        31,  -7.071067811865,  7.0710678118655,  0.0            
        32,  -6.71558954847 ,  7.4095112535496,  0.0            
        33,  -6.343932841636,  7.7301045336274,  0.0            
        34,  -5.956993044924,  8.0320753148064,  0.0            
        35,  -5.555702330196,  8.3146961230254,  0.0            
        36,  -5.141027441932,  8.5772861000027,  0.0            
        37,  -4.71396736826 ,  8.8192126434836,  0.0            
        38,  -4.275550934303,  9.0398929312344,  0.0            
        39,  -3.826834323651,  9.2387953251129,  0.0            
        40,  -3.368898533922,  9.4154406518302,  0.0            
        41,  -2.902846772545,  9.5694033573221,  0.0            
        42,  -2.429801799033,  9.7003125319454,  0.0            
        43,  -1.950903220161,  9.8078528040323,  0.0            
        44,  -1.467304744554,  9.8917650996478,  0.0            
        45,  -0.980171403296,  9.951847266722 ,  0.0            
        46,  -0.490676743274,  9.9879545620517,  0.0            
        47,  3.552713679E-15,  10.0           ,  0.0            
        48,  0.4906767432742,  9.9879545620517,  0.0            
        49,  0.9801714032956,  9.951847266722 ,  0.0            
        50,  1.4673047445536,  9.8917650996478,  0.0            
        51,  1.9509032201613,  9.8078528040323,  0.0            
        52,  2.4298017990326,  9.7003125319454,  0.0            
        53,  2.9028467725446,  9.5694033573221,  0.0            
        54,  3.3688985339222,  9.4154406518302,  0.0            
        55,  3.8268343236509,  9.2387953251129,  0.0            
        56,  4.2755509343028,  9.0398929312344,  0.0            
        57,  4.71396736826  ,  8.8192126434836,  0.0            
        58,  5.1410274419322,  8.5772861000027,  0.0            
        59,  5.555702330196 ,  8.3146961230254,  0.0            
        60,  5.9569930449243,  8.0320753148064,  0.0            
        61,  6.3439328416364,  7.7301045336274,  0.0            
        62,  6.7155895484702,  7.4095112535496,  0.0            
        63,  7.0710678118655,  7.0710678118655,  0.0            
        64,  7.4095112535496,  6.7155895484702,  0.0            
        65,  7.7301045336274,  6.3439328416364,  0.0            
        66,  8.0320753148064,  5.9569930449243,  0.0            
        67,  8.3146961230254,  5.555702330196 ,  0.0            
        68,  8.5772861000027,  5.1410274419322,  0.0            
        69,  8.8192126434836,  4.71396736826  ,  0.0            
        70,  9.0398929312344,  4.2755509343028,  0.0            
        71,  9.2387953251129,  3.8268343236509,  0.0            
        72,  9.4154406518302,  3.3688985339222,  0.0            
        73,  9.5694033573221,  2.9028467725446,  0.0            
        74,  9.7003125319454,  2.4298017990326,  0.0            
        75,  9.8078528040323,  1.9509032201613,  0.0            
        76,  9.8917650996478,  1.4673047445536,  0.0            
        77,  9.951847266722 ,  0.9801714032956,  0.0            
        78,  9.9879545620517,  0.4906767432742,  0.0            
        79,  10.0           ,  3.552713679E-15,  0.0            
        80,  10.714285714286,  3.552713679E-15,  0.0            
        81,  11.428571428571,  3.552713679E-15,  0.0            
        82,  12.142857142857,  3.552713679E-15,  0.0            
        83,  12.857142857143,  3.552713679E-15,  0.0            
        84,  13.571428571429,  3.552713679E-15,  0.0            
        85,  14.285714285714,  3.552713679E-15,  0.0            
        86,  15.0           ,  3.552713679E-15,  0.0            
        87,  15.714285714286,  3.552713679E-15,  0.0            
        88,  16.428571428571,  3.552713679E-15,  0.0            
        89,  17.142857142857,  3.552713679E-15,  0.0            
        90,  17.857142857143,  3.552713679E-15,  0.0            
        91,  18.571428571429,  3.552713679E-15,  0.0            
        92,  19.285714285714,  3.552713679E-15,  0.0            
        93,  20.0           ,  -7.10542736E-15,  0.0            
        94,  19.975909124103,  0.9813534865484,  0.0            
        95,  19.903694533444,  1.9603428065912,  0.0            
        96,  19.783530199296,  2.9346094891072,  0.0            
        97,  19.615705608065,  3.9018064403226,  0.0            
        98,  19.400625063891,  4.8596035980653,  0.0            
        99,  19.138806714644,  5.8056935450892,  0.0            
       100,  18.83088130366 ,  6.7377970678444,  0.0            
       101,  18.477590650226,  7.6536686473018,  0.0            
       102,  18.079785862469,  8.5511018686056,  0.0            
       103,  17.638425286967,  9.4279347365199,  0.0            
       104,  17.154572200005,  10.282054883864,  0.0            
       105,  16.629392246051,  11.111404660392,  0.0            
       106,  16.064150629613,  11.913986089849,  0.0            
       107,  15.460209067255,  12.687865683273,  0.0            
       108,  14.819022507099,  13.43117909694 ,  0.0            
       109,  14.142135623731,  14.142135623731,  0.0            
       110,  13.43117909694 ,  14.819022507099,  0.0            
       111,  12.687865683273,  15.460209067255,  0.0            
       112,  11.913986089849,  16.064150629613,  0.0            
       113,  11.111404660392,  16.629392246051,  0.0            
       114,  10.282054883864,  17.154572200005,  0.0            
       115,  9.4279347365199,  17.638425286967,  0.0            
       116,  8.5511018686056,  18.079785862469,  0.0            
       117,  7.6536686473018,  18.477590650226,  0.0            
       118,  6.7377970678444,  18.83088130366 ,  0.0            
       119,  5.8056935450892,  19.138806714644,  0.0            
       120,  4.8596035980653,  19.400625063891,  0.0            
       121,  3.9018064403226,  19.615705608065,  0.0            
       122,  2.9346094891072,  19.783530199296,  0.0            
       123,  1.9603428065912,  19.903694533444,  0.0            
       124,  0.9813534865484,  19.975909124103,  0.0            
       125,  0.0            ,  20.0           ,  0.0            
       126,  -0.981353486548,  19.975909124103,  0.0            
       127,  -1.960342806591,  19.903694533444,  0.0            
       128,  -2.934609489107,  19.783530199296,  0.0            
       129,  -3.901806440322,  19.615705608065,  0.0            
       130,  -4.859603598065,  19.400625063891,  0.0            
       131,  -5.805693545089,  19.138806714644,  0.0            
       132,  -6.737797067844,  18.83088130366 ,  0.0            
       133,  -7.653668647302,  18.477590650226,  0.0            
       134,  -8.551101868606,  18.079785862469,  0.0            
       135,  -9.42793473652 ,  17.638425286967,  0.0            
       136,  -10.28205488386,  17.154572200005,  0.0            
       137,  -11.11140466039,  16.629392246051,  0.0            
       138,  -11.91398608985,  16.064150629613,  0.0            
       139,  -12.68786568327,  15.460209067255,  0.0            
       140,  -13.43117909694,  14.819022507099,  0.0            
       141,  -14.14213562373,  14.142135623731,  0.0            
       142,  -14.8190225071 ,  13.43117909694 ,  0.0            
       143,  -15.46020906725,  12.687865683273,  0.0            
       144,  -16.06415062961,  11.913986089849,  0.0            
       145,  -16.62939224605,  11.111404660392,  0.0            
       146,  -17.1545722    ,  10.282054883864,  0.0            
       147,  -17.63842528697,  9.42793473652  ,  0.0            
       148,  -18.07978586247,  8.5511018686056,  0.0            
       149,  -18.47759065022,  7.6536686473018,  0.0            
       150,  -18.83088130366,  6.7377970678444,  0.0            
       151,  -19.13880671464,  5.8056935450892,  0.0            
       152,  -19.40062506389,  4.8596035980653,  0.0            
       153,  -19.61570560806,  3.9018064403226,  0.0            
       154,  -19.7835301993 ,  2.9346094891072,  0.0            
       155,  -19.90369453344,  1.9603428065912,  0.0            
       156,  -19.9759091241 ,  0.9813534865484,  0.0            
       157,  3.552713679E-15,  10.719069975358,  0.0            
       158,  3.552713679E-15,  11.433726375961,  0.0            
       159,  3.552713679E-15,  12.146701481919,  0.0            
       160,  -1.06581410E-14,  12.859764820528,  0.0            
       161,  -3.55271368E-15,  13.572902421832,  0.0            
       162,  3.552713679E-15,  14.286103118821,  0.0            
       163,  3.552713679E-15,  14.999357877673,  0.0            
       164,  3.552713679E-15,  15.712659311368,  0.0            
       165,  3.552713679E-15,  16.426001320638,  0.0            
       166,  3.552713679E-15,  17.139378824965,  0.0            
       167,  3.552713679E-15,  17.852787558331,  0.0            
       168,  3.552713679E-15,  18.566223912231,  0.0            
       169,  3.552713679E-15,  19.281246476336,  0.0            
       170,  -7.579527067589,  7.5795270675888,  0.0            
       171,  -8.084865454674,  8.0848654546736,  0.0            
       172,  -8.589014986914,  8.5890149869137,  0.0            
       173,  -9.09322690906 ,  9.0932269090597,  0.0            
       174,  -9.597491342861,  9.5974913428607,  0.0            
       175,  -10.10180039205,  10.101800392049,  0.0            
       176,  -10.60614766875,  10.606147668746,  0.0            
       177,  -11.11052794954,  11.110527949542,  0.0            
       178,  -11.6149369216 ,  11.614936921603,  0.0            
       179,  -12.11937099246,  12.119370992458,  0.0            
       180,  -12.62382714558,  12.623827145579,  0.0            
       181,  -13.12830282937,  13.128302829367,  0.0            
       182,  -13.63390013315,  13.633900133146,  0.0            
       183,  -11.11379109906,  10.072953099706,  0.0            
       184,  -11.59466043317,  9.5154919043628,  0.0            
       185,  -12.04759721472,  8.9351070555629,  0.0            
       186,  -12.47151027934,  8.3331967512432,  0.0            
       187,  -12.86537838331,  7.7112110460479,  0.0            
       188,  -13.22825266389,  7.0706483580204,  0.0            
       189,  -13.55925892514,  6.4130518587827,  0.0            
       190,  -13.85759974399,  5.7400057559002,  0.0            
       191,  -14.12255639128,  5.0531314763867,  0.0            
       192,  -14.35349056323,  4.3540837605445,  0.0            
       193,  -14.54984591919,  3.6445466755504,  0.0            
       194,  -14.71114942192,  2.9262295583904,  0.0            
       195,  -14.83701247715,  2.2008628979167,  0.0            
       196,  -14.92713186975,  1.4701941659492,  0.0            
       197,  -14.98134124723,  0.73594100088  ,  0.0            
       198,  -13.19863827082,  5.4670549766321,  0.0            
       199,  -12.5397267443 ,  5.1941248859431,  0.0            
       200,  -11.88087351059,  4.9212189409276,  0.0            
       201,  -11.22208888667,  4.648341415015 ,  0.0            
       202,  -10.56338577908,  4.3754976542761,  0.0            
       203,  -9.90312935779 ,  4.1020104899316,  0.0            
       204,  -11.62508970984,  5.4982579493324,  0.0            
       205,  -11.34130004974,  6.0620511727467,  0.0            
       206,  -11.03018820444,  6.611240383913 ,  0.0            
       207,  -10.69250366963,  7.1445025379181,  0.0            
       208,  -10.32905995692,  7.6605529595249,  0.0            
       209,  -9.940732634055,  8.158148438067 ,  0.0            
       210,  -9.52845721557 ,  8.6360902224524,  0.0            
       211,  -11.2854559145 ,  7.5407005612495,  0.0            
       212,  -11.87846062152,  7.9369336386655,  0.0            
       213,  -11.97023126474,  6.3982219109093,  0.0            
       214,  -12.59921812516,  6.734422392172 ,  0.0            
       215,  -12.26975846594,  5.8031635630865,  0.0            
       216,  -12.91448425987,  6.1080961537222,  0.0            
       217,  -11.64186672795,  6.9778663817306,  0.0            
       218,  -12.25359937043,  7.3445248172133,  0.0            
       219,  -10.49199545455,  8.6105581430187,  0.0            
       220,  -11.04330704867,  9.0630078754494,  0.0            
       221,  -10.90185744927,  8.085368532629 ,  0.0            
       222,  -11.47470562055,  8.5102216917889,  0.0            
       223,  -10.05685732379,  9.115004164646 ,  0.0            
       224,  -10.58530418283,  9.5939604793122,  0.0            
       225,  -8.912580956655,  5.9551962039631,  0.0            
       226,  -9.506796036994,  6.3522380269751,  0.0            
       227,  -10.09961317193,  6.7483457727294,  0.0            
       228,  -9.807034231577,  5.8781101062361,  0.0            
       229,  -10.0836464217 ,  5.3898213033894,  0.0            
       230,  -10.33596622437,  4.8885479489304,  0.0            
       231,  -9.453375745306,  5.0529346081933,  0.0            
       232,  -9.19405299046 ,  5.5107032895308,  0.0            
       233,  -9.689924489965,  4.5829929648   ,  0.0            
       234,  -10.7124343286 ,  5.7259154417762,  0.0            
       235,  -10.41857337817,  6.2446525647505,  0.0            
       236,  -10.98048808642,  5.1933840869717,  0.0            
       237,  -8.471832425269,  7.6784213350473,  0.0            
       238,  -8.838390009507,  7.2534792258745,  0.0            
       239,  -9.183655138061,  6.8110628499169,  0.0            
       240,  -8.285953141278,  6.8001060048474,  0.0            
       241,  -7.942306961   ,  7.1984874295836,  0.0            
       242,  -8.609637734676,  6.3853425291266,  0.0            
       243,  -9.3895272194  ,  7.7057858448701,  0.0            
       244,  -9.000112132379,  8.1572261520364,  0.0            
       245,  -9.756322112925,  7.2357816246565,  0.0            
       246,  -12.84407867262,  0.6309739194916,  0.0            
       247,  -12.79784153799,  1.2604773730188,  0.0            
       248,  -12.72057728414,  1.8869193935005,  0.0            
       249,  -12.61266804542,  2.5088156598885,  0.0            
       250,  -12.47437378464,  3.1246679696056,  0.0            
       251,  -12.30602766479,  3.7329926804953,  0.0            
       252,  -12.10803524642,  4.3323242850462,  0.0            
       253,  -13.31210290768,  2.6479419041687,  0.0            
       254,  -14.01159965326,  2.7870804578064,  0.0            
       255,  -13.50754518682,  1.3303770813601,  0.0            
       256,  -14.21731162751,  1.40028297416  ,  0.0            
       257,  -13.55644405252,  0.6659597771972,  0.0            
       258,  -14.26886769126,  0.7009489631632,  0.0            
       259,  -13.42599624772,  1.9915584120917,  0.0            
       260,  -14.13147762407,  2.0962066887428,  0.0            
       261,  -12.98845780041,  3.9400055989278,  0.0            
       262,  -13.67094831483,  4.1470368330709,  0.0            
       263,  -13.16613954574,  3.2979462722662,  0.0            
       264,  -13.85796651162,  3.4712399059277,  0.0            
       265,  -12.77948572258,  4.5725731069979,  0.0            
       266,  -13.45099560612,  4.8128431852458,  0.0            
       267,  -10.51310605144,  2.091186813206 ,  0.0            
       268,  -11.2140305297 ,  2.2306093605306,  0.0            
       269,  -11.91330601892,  2.3697039035414,  0.0            
       270,  -11.30997355246,  1.6776760959376,  0.0            
       271,  -11.3786698583 ,  1.1207011626824,  0.0            
       272,  -11.41956652361,  0.5610146927808,  0.0            
       273,  -10.66745472361,  1.050652585977 ,  0.0            
       274,  -10.60305222829,  1.5728142232045,  0.0            
       275,  -10.70595376796,  0.5260639563492,  0.0            
       276,  -12.08821179425,  1.1905849436946,  0.0            
       277,  -12.01523177947,  1.7822912715096,  0.0            
       278,  -12.13178186304,  0.5959919790677,  0.0            
       279,  -10.76535721221,  3.8519064025243,  0.0            
       280,  -10.94139395688,  3.3190355708617,  0.0            
       281,  -11.09107192516,  2.7781688917957,  0.0            
       282,  -10.25751042096,  3.1115817682648,  0.0            
       283,  -10.09247671958,  3.6111459124994,  0.0            
       284,  -10.39783288128,  2.6045215510082,  0.0            
       285,  -11.62366859415,  3.5260013193852,  0.0            
       286,  -11.43665469185,  4.0921004814428,  0.0            
       287,  -11.78268006069,  2.951407711308 ,  0.0            
       288,  -17.81354898079,  7.3786135818414,  0.0            
       289,  -17.15295426853,  7.1049862927915,  0.0            
       290,  -16.49382502341,  6.8319660201069,  0.0            
       291,  -15.83472129634,  6.5589563173432,  0.0            
       292,  -15.17564642114,  6.2859585654154,  0.0            
       293,  -14.5166043391 ,  6.0129743968577,  0.0            
       294,  -16.03177053239,  10.712086597766,  0.0            
       295,  -15.43725099822,  10.314841345212,  0.0            
       296,  -14.84405034964,  9.9184773438314,  0.0            
       297,  -14.2508726667 ,  9.5221286875971,  0.0            
       298,  -13.65772094975,  9.1257973812874,  0.0            
       299,  -13.06459874586,  8.7294857949745,  0.0            
       300,  -14.33949342478,  10.634893131749,  0.0            
       301,  -13.80039140425,  11.325688530606,  0.0            
       302,  -13.22804303207,  11.989199353779,  0.0            
       303,  -14.35188516363,  11.778287762198,  0.0            
       304,  -14.90460508007,  12.231893274891,  0.0            
       305,  -14.91253087746,  11.059886671567,  0.0            
       306,  -15.48684238613,  11.4858251157  ,  0.0            
       307,  -13.75666450136,  12.468313925954,  0.0            
       308,  -14.28646127489,  12.948493731796,  0.0            
       309,  -12.14604989782,  9.9680055434834,  0.0            
       310,  -12.6974707278 ,  10.420544923476,  0.0            
       311,  -13.24891899584,  10.873106821294,  0.0            
       312,  -13.19348797285,  9.7849575622961,  0.0            
       313,  -12.62052629848,  9.3600202235087,  0.0            
       314,  -13.76647815711,  10.209916045464,  0.0            
       315,  -12.17086416361,  11.031028279204,  0.0            
       316,  -11.64231259908,  10.55197706501 ,  0.0            
       317,  -12.69944202824,  11.510103330421,  0.0            
       318,  -16.13872880514,  7.6330502524932,  0.0            
       319,  -15.74475297558,  8.415745798245 ,  0.0            
       320,  -15.31284665704,  9.1781670752366,  0.0            
       321,  -16.37394766685,  8.7520573674067,  0.0            
       322,  -17.00454127062,  9.0891166708824,  0.0            
       323,  -16.78366763039,  7.9380835994416,  0.0            
       324,  -17.43004037268,  8.243795138642 ,  0.0            
       325,  -15.92478142919,  9.5449466625839,  0.0            
       326,  -16.53807673922,  9.9125417249501,  0.0            
       327,  -13.85732836616,  7.4068963262376,  0.0            
       328,  -14.48643985288,  7.7431634216484,  0.0            
       329,  -15.11558264346,  8.0794472493131,  0.0            
       330,  -14.84892932269,  7.0230205293315,  0.0            
       331,  -14.20407578397,  6.7180275199103,  0.0            
       332,  -15.49381494856,  7.3280287148449,  0.0            
       333,  -14.08905128061,  8.4446523550617,  0.0            
       334,  -13.47719743055,  8.0779212705476,  0.0            
       335,  -14.7009355758 ,  8.8114016876817,  0.0            
       336,  -18.91076273182,  3.7615845839407,  0.0            
       337,  -18.20947912579,  3.6220906016607,  0.0            
       338,  -17.50975125138,  3.4829060736403,  0.0            
       339,  -16.81005046678,  3.3437269341188,  0.0            
       340,  -16.11038031117,  3.2045538870807,  0.0            
       341,  -15.41074496858,  3.0653877647846,  0.0            
       342,  -17.31776188822,  4.337873532698 ,  0.0            
       343,  -17.08405251982,  5.1823906744626,  0.0            
       344,  -16.80918617252,  6.0144229831686,  0.0            
       345,  -17.76676854385,  5.3894903161962,  0.0            
       346,  -18.4510024764 ,  5.5970504104468,  0.0            
       347,  -18.00981744867,  4.5112244263182,  0.0            
       348,  -18.70341168259,  4.6849607375792,  0.0            
       349,  -17.48091793742,  6.2547724518388,  0.0            
       350,  -18.15414318912,  6.495656298632 ,  0.0            
       351,  -15.03607747667,  4.5611442370099,  0.0            
       352,  -15.71870321851,  4.7682164919429,  0.0            
       353,  -16.401362927  ,  4.975299050547 ,  0.0            
       354,  -15.93373464603,  3.99119275598  ,  0.0            
       355,  -15.24177060282,  3.817864786235 ,  0.0            
       356,  -16.62573312056,  4.1645293503202,  0.0            
       357,  -15.46580405814,  5.5337531767303,  0.0            
       358,  -14.79416112286,  5.2934354918088,  0.0            
       359,  -16.13748041357,  5.7740828195762,  0.0            
       360,  -17.83161463081,  0.8759308134035,  0.0            
       361,  -17.76682150657,  1.7498791833788,  0.0            
       362,  -17.65955809009,  2.6195479887847,  0.0            
       363,  -18.47682246943,  1.8198081745952,  0.0            
       364,  -19.18840200445,  1.8898926415998,  0.0            
       365,  -18.54425585773,  0.9109324303459,  0.0            
       366,  -19.25820848428,  0.946185634487 ,  0.0            
       367,  -18.36527257272,  2.7242308434862,  0.0            
       368,  -19.07255609723,  2.8291464435635,  0.0            
       369,  -15.63699856208,  1.540109932673 ,  0.0            
       370,  -16.3469056346 ,  1.6100296764986,  0.0            
       371,  -17.05684803125,  1.6799528994481,  0.0            
       372,  -16.40641201625,  0.8059321408921,  0.0            
       373,  -15.6938578995 ,  0.7709355006984,  0.0            
       374,  -17.11899890635,  0.8409306534701,  0.0            
       375,  -16.24821465902,  2.4101949671817,  0.0            
       376,  -15.54259349988,  2.3055259557125,  0.0            
       377,  -16.95387092904,  2.5148691868573,  0.0            
       378,  -0.735983607462,  14.981290494215,  0.0            
       379,  -1.470194165949,  14.92713186975 ,  0.0            
       380,  -2.200862897917,  14.837012477149,  0.0            
       381,  -2.92622955839 ,  14.711149421922,  0.0            
       382,  -3.64454667555 ,  14.549845919193,  0.0            
       383,  -4.354083760544,  14.353490563228,  0.0            
       384,  -5.053131476387,  14.122556391279,  0.0            
       385,  -5.7400057559  ,  13.857599743994,  0.0            
       386,  -6.413051858783,  13.559258925143,  0.0            
       387,  -7.07064835802 ,  13.228252663891,  0.0            
       388,  -7.711211046048,  12.865378383313,  0.0            
       389,  -8.333196751243,  12.471510279336,  0.0            
       390,  -8.935107055563,  12.04759721472 ,  0.0            
       391,  -9.515491904363,  11.59466043317 ,  0.0            
       392,  -10.07295309971,  11.113791099064,  0.0            
       393,  -5.467054976632,  13.198638270824,  0.0            
       394,  -5.194124885943,  12.539726744304,  0.0            
       395,  -4.921218940928,  11.880873510595,  0.0            
       396,  -4.648341415015,  11.22208888667 ,  0.0            
       397,  -4.375497654276,  10.563385779085,  0.0            
       398,  -4.102010489932,  9.9031293577896,  0.0            
       399,  -4.332324285046,  12.108035246418,  0.0            
       400,  -3.732992680495,  12.306027664794,  0.0            
       401,  -3.124667969606,  12.474373784644,  0.0            
       402,  -2.508815659888,  12.612668045421,  0.0            
       403,  -1.8869193935  ,  12.720577284138,  0.0            
       404,  -1.260477373019,  12.797841537986,  0.0            
       405,  -0.630998752141,  12.844274670611,  0.0            
       406,  -2.647941904169,  13.312102907682,  0.0            
       407,  -2.787080457806,  14.011599653262,  0.0            
       408,  -3.940005598928,  12.988457800408,  0.0            
       409,  -4.147036833071,  13.67094831483 ,  0.0            
       410,  -4.572573106998,  12.779485722584,  0.0            
       411,  -4.812843185246,  13.450995606119,  0.0            
       412,  -3.297946272266,  13.166139545737,  0.0            
       413,  -3.471239905928,  13.857966511616,  0.0            
       414,  -1.33037708136 ,  13.507545186819,  0.0            
       415,  -1.40028297416 ,  14.217311627515,  0.0            
       416,  -1.991558412092,  13.42599624772 ,  0.0            
       417,  -2.096206688743,  14.131477624072,  0.0            
       418,  -0.665990755712,  13.556553266442,  0.0            
       419,  -0.700985855242,  14.268894881957,  0.0            
       420,  -2.091186813206,  10.513106051444,  0.0            
       421,  -2.23060936053 ,  11.214030529701,  0.0            
       422,  -2.369703903541,  11.913306018918,  0.0            
       423,  -2.778168891796,  11.091071925157,  0.0            
       424,  -3.319035570862,  10.941393956882,  0.0            
       425,  -3.851906402524,  10.765357212213,  0.0            
       426,  -3.111581768265,  10.257510420956,  0.0            
       427,  -2.604521551008,  10.397832881277,  0.0            
       428,  -3.611145912499,  10.09247671958 ,  0.0            
       429,  -3.526001319385,  11.623668594147,  0.0            
       430,  -2.951407711308,  11.782680060686,  0.0            
       431,  -4.092100481443,  11.436654691851,  0.0            
       432,  -0.561026362164,  11.419953951803,  0.0            
       433,  -1.120701162682,  11.378669858306,  0.0            
       434,  -1.677676095938,  11.309973552466,  0.0            
       435,  -1.050652585977,  10.667454723607,  0.0            
       436,  -0.525959834644,  10.706158386133,  0.0            
       437,  -1.572814223204,  10.603052228293,  0.0            
       438,  -1.190584943694,  12.088211794252,  0.0            
       439,  -0.596010392467,  12.132070248022,  0.0            
       440,  -1.78229127151 ,  12.015231779469,  0.0            
       441,  -8.636090222452,  9.5284572155705,  0.0            
       442,  -8.158148438067,  9.9407326340546,  0.0            
       443,  -7.660552959525,  10.329059956918,  0.0            
       444,  -7.144502537918,  10.692503669626,  0.0            
       445,  -6.611240383913,  11.030188204442,  0.0            
       446,  -6.062051172747,  11.341300049743,  0.0            
       447,  -5.498257949332,  11.625089709843,  0.0            
       448,  -7.54070056125 ,  11.285455914501,  0.0            
       449,  -7.936933638665,  11.87846062152 ,  0.0            
       450,  -8.610558143019,  10.491995454548,  0.0            
       451,  -9.063007875449,  11.043307048667,  0.0            
       452,  -9.115004164646,  10.05685732379 ,  0.0            
       453,  -9.593960479312,  10.585304182827,  0.0            
       454,  -8.085368532629,  10.901857449267,  0.0            
       455,  -8.510221691789,  11.474705620546,  0.0            
       456,  -6.398221910909,  11.970231264739,  0.0            
       457,  -6.734422392172,  12.599218125162,  0.0            
       458,  -6.977866381731,  11.641866727947,  0.0            
       459,  -7.344524817213,  12.253599370427,  0.0            
       460,  -5.803163563086,  12.269758465945,  0.0            
       461,  -6.108096153722,  12.914484259872,  0.0            
       462,  -5.955196203963,  8.9125809566549,  0.0            
       463,  -6.352238026975,  9.5067960369938,  0.0            
       464,  -6.748345772729,  10.099613171926,  0.0            
       465,  -6.811062849917,  9.1836551380609,  0.0            
       466,  -7.253479225874,  8.8383900095072,  0.0            
       467,  -7.678421335047,  8.4718324252691,  0.0            
       468,  -6.800106004847,  8.2859531412785,  0.0            
       469,  -6.385342529126,  8.6096377346757,  0.0            
       470,  -7.198487429584,  7.9423069610002,  0.0            
       471,  -7.70578584487 ,  9.3895272194002,  0.0            
       472,  -7.235781624656,  9.7563221129246,  0.0            
       473,  -8.157226152036,  9.0001121323788,  0.0            
       474,  -4.88854794893 ,  10.335966224372,  0.0            
       475,  -5.389821303389,  10.083646421701,  0.0            
       476,  -5.878110106236,  9.8070342315766,  0.0            
       477,  -5.052934608193,  9.4533757453063,  0.0            
       478,  -4.5829929648  ,  9.6899244899647,  0.0            
       479,  -5.510703289531,  9.1940529904596,  0.0            
       480,  -5.725915441776,  10.712434328596,  0.0            
       481,  -5.193384086972,  10.980488086422,  0.0            
       482,  -6.24465256475 ,  10.418573378175,  0.0            
       483,  -7.378613581841,  17.813548980792,  0.0            
       484,  -7.104986292791,  17.152954268532,  0.0            
       485,  -6.831966020107,  16.493825023414,  0.0            
       486,  -6.558956317343,  15.834721296343,  0.0            
       487,  -6.285958565415,  15.175646421141,  0.0            
       488,  -6.012974396858,  14.516604339096,  0.0            
       489,  -3.761584583941,  18.910762731817,  0.0            
       490,  -3.622090601661,  18.209479125787,  0.0            
       491,  -3.48290607364 ,  17.509751251377,  0.0            
       492,  -3.343726934119,  16.810050466781,  0.0            
       493,  -3.204553887081,  16.110380311166,  0.0            
       494,  -3.065387764784,  15.410744968581,  0.0            
       495,  -2.619547988785,  17.659558090092,  0.0            
       496,  -1.749879183379,  17.766821506574,  0.0            
       497,  -0.875994765749,  17.831283093857,  0.0            
       498,  -1.819808174595,  18.476822469429,  0.0            
       499,  -1.8898926416  ,  19.188402004451,  0.0            
       500,  -2.724230843486,  18.365272572726,  0.0            
       501,  -2.829146443564,  19.072556097232,  0.0            
       502,  -0.911001428415,  18.543860082424,  0.0            
       503,  -0.946085922728,  19.258021370536,  0.0            
       504,  -1.540109932673,  15.636998562077,  0.0            
       505,  -1.610029676498,  16.346905634597,  0.0            
       506,  -1.679952899448,  17.056848031254,  0.0            
       507,  -2.410194967182,  16.248214659026,  0.0            
       508,  -2.305525955712,  15.542593499885,  0.0            
       509,  -2.514869186857,  16.953870929043,  0.0            
       510,  -0.805985683303,  16.406215482674,  0.0            
       511,  -0.770983649908,  15.693732725094,  0.0            
       512,  -0.840989458358,  17.118733692554,  0.0            
       513,  -6.014422983168,  16.80918617252 ,  0.0            
       514,  -5.182390674462,  17.084052519825,  0.0            
       515,  -4.337873532698,  17.317761888224,  0.0            
       516,  -5.389490316196,  17.76676854385 ,  0.0            
       517,  -5.597050410447,  18.4510024764  ,  0.0            
       518,  -6.254772451839,  17.48091793742 ,  0.0            
       519,  -6.495656298632,  18.154143189125,  0.0            
       520,  -4.511224426318,  18.009817448672,  0.0            
       521,  -4.684960737579,  18.703411682593,  0.0            
       522,  -4.56114423701 ,  15.036077476667,  0.0            
       523,  -4.768216491943,  15.718703218509,  0.0            
       524,  -4.975299050547,  16.401362927004,  0.0            
       525,  -5.53375317673 ,  15.465804058136,  0.0            
       526,  -5.293435491809,  14.794161122862,  0.0            
       527,  -5.774082819576,  16.137480413569,  0.0            
       528,  -3.99119275598 ,  15.933734646034,  0.0            
       529,  -3.817864786235,  15.241770602826,  0.0            
       530,  -4.16452935032 ,  16.625733120557,  0.0            
       531,  -10.71208659777,  16.031770532389,  0.0            
       532,  -10.31484134521,  15.437250998225,  0.0            
       533,  -9.918477343831,  14.844050349645,  0.0            
       534,  -9.522128687597,  14.2508726667  ,  0.0            
       535,  -9.125797381287,  13.657720949752,  0.0            
       536,  -8.729485794974,  13.064598745865,  0.0            
       537,  -9.178167075236,  15.312846657037,  0.0            
       538,  -8.415745798245,  15.744752975586,  0.0            
       539,  -7.633050252493,  16.138728805139,  0.0            
       540,  -8.752057367407,  16.37394766685 ,  0.0            
       541,  -9.089116670882,  17.004541270622,  0.0            
       542,  -9.544946662584,  15.924781429192,  0.0            
       543,  -9.91254172495 ,  16.53807673922 ,  0.0            
       544,  -7.938083599442,  16.78366763039 ,  0.0            
       545,  -8.243795138642,  17.430040372682,  0.0            
       546,  -7.406896326238,  13.857328366157,  0.0            
       547,  -7.743163421648,  14.486439852885,  0.0            
       548,  -8.079447249313,  15.115582643459,  0.0            
       549,  -8.444652355062,  14.089051280614,  0.0            
       550,  -8.077921270548,  13.477197430548,  0.0            
       551,  -8.811401687682,  14.700935575805,  0.0            
       552,  -7.023020529331,  14.848929322689,  0.0            
       553,  -6.71802751991 ,  14.204075783973,  0.0            
       554,  -7.328028714845,  15.493814948555,  0.0            
       555,  -11.98919935378,  13.228043032068,  0.0            
       556,  -11.3256885306 ,  13.800391404254,  0.0            
       557,  -10.63489313175,  14.339493424775,  0.0            
       558,  -11.7782877622 ,  14.351885163628,  0.0            
       559,  -12.23189327489,  14.904605080071,  0.0            
       560,  -12.46831392595,  13.75666450136 ,  0.0            
       561,  -12.9484937318 ,  14.286461274887,  0.0            
       562,  -11.05988667157,  14.91253087746 ,  0.0            
       563,  -11.4858251157 ,  15.486842386128,  0.0            
       564,  -9.968005543483,  12.146049897815,  0.0            
       565,  -10.42054492348,  12.697470727804,  0.0            
       566,  -10.87310682129,  13.248918995842,  0.0            
       567,  -11.0310282792 ,  12.170864163609,  0.0            
       568,  -10.55197706501,  11.642312599077,  0.0            
       569,  -11.51010333042,  12.699442028243,  0.0            
       570,  -9.784957562296,  13.193487972848,  0.0            
       571,  -9.360020223509,  12.62052629848 ,  0.0            
       572,  -10.20991604546,  13.766478157112,  0.0            
       573,  7.5795270675889,  7.5795270675888,  0.0            
       574,  8.0848654546736,  8.0848654546736,  0.0            
       575,  8.5890149869137,  8.5890149869137,  0.0            
       576,  9.0932269090597,  9.0932269090597,  0.0            
       577,  9.5974913428607,  9.5974913428607,  0.0            
       578,  10.101800392049,  10.101800392049,  0.0            
       579,  10.606147668746,  10.606147668746,  0.0            
       580,  11.110527949542,  11.110527949542,  0.0            
       581,  11.614936921603,  11.614936921603,  0.0            
       582,  12.119370992458,  12.119370992458,  0.0            
       583,  12.623827145579,  12.623827145579,  0.0            
       584,  13.128302829367,  13.128302829367,  0.0            
       585,  13.633900133146,  13.633900133146,  0.0            
       586,  10.072953099706,  11.113791099064,  0.0            
       587,  9.5154919043628,  11.59466043317 ,  0.0            
       588,  8.9351070555629,  12.04759721472 ,  0.0            
       589,  8.3331967512432,  12.471510279336,  0.0            
       590,  7.7112110460479,  12.865378383313,  0.0            
       591,  7.0706483580203,  13.228252663891,  0.0            
       592,  6.4130518587827,  13.559258925143,  0.0            
       593,  5.7400057559002,  13.857599743994,  0.0            
       594,  5.0531314763867,  14.122556391279,  0.0            
       595,  4.3540837605445,  14.353490563228,  0.0            
       596,  3.6445466755504,  14.549845919192,  0.0            
       597,  2.9262295583904,  14.711149421922,  0.0            
       598,  2.2008628979167,  14.837012477149,  0.0            
       599,  1.4701941659492,  14.92713186975 ,  0.0            
       600,  0.735983607462 ,  14.981290494215,  0.0            
       601,  5.4670549766321,  13.198638270824,  0.0            
       602,  5.1941248859431,  12.539726744303,  0.0            
       603,  4.9212189409276,  11.880873510595,  0.0            
       604,  4.648341415015 ,  11.22208888667 ,  0.0            
       605,  4.3754976542761,  10.563385779085,  0.0            
       606,  4.1020104899316,  9.9031293577896,  0.0            
       607,  5.4982579493324,  11.625089709843,  0.0            
       608,  6.0620511727467,  11.341300049743,  0.0            
       609,  6.611240383913 ,  11.030188204442,  0.0            
       610,  7.1445025379181,  10.692503669626,  0.0            
       611,  7.6605529595249,  10.329059956918,  0.0            
       612,  8.158148438067 ,  9.9407326340546,  0.0            
       613,  8.6360902224523,  9.5284572155705,  0.0            
       614,  7.5407005612495,  11.285455914501,  0.0            
       615,  7.9369336386655,  11.87846062152 ,  0.0            
       616,  6.3982219109093,  11.970231264739,  0.0            
       617,  6.7344223921719,  12.599218125162,  0.0            
       618,  5.8031635630865,  12.269758465945,  0.0            
       619,  6.1080961537222,  12.914484259872,  0.0            
       620,  6.9778663817306,  11.641866727947,  0.0            
       621,  7.3445248172132,  12.253599370427,  0.0            
       622,  8.6105581430187,  10.491995454548,  0.0            
       623,  9.0630078754494,  11.043307048667,  0.0            
       624,  8.085368532629 ,  10.901857449267,  0.0            
       625,  8.5102216917889,  11.474705620546,  0.0            
       626,  9.115004164646 ,  10.05685732379 ,  0.0            
       627,  9.5939604793122,  10.585304182827,  0.0            
       628,  5.9551962039631,  8.9125809566549,  0.0            
       629,  6.3522380269751,  9.5067960369938,  0.0            
       630,  6.7483457727294,  10.099613171926,  0.0            
       631,  5.8781101062361,  9.8070342315766,  0.0            
       632,  5.3898213033894,  10.083646421701,  0.0            
       633,  4.8885479489304,  10.335966224372,  0.0            
       634,  5.0529346081933,  9.4533757453063,  0.0            
       635,  5.5107032895308,  9.1940529904596,  0.0            
       636,  4.5829929648   ,  9.6899244899647,  0.0            
       637,  5.7259154417762,  10.712434328596,  0.0            
       638,  6.2446525647505,  10.418573378175,  0.0            
       639,  5.1933840869717,  10.980488086422,  0.0            
       640,  7.6784213350473,  8.4718324252691,  0.0            
       641,  7.2534792258745,  8.8383900095072,  0.0            
       642,  6.8110628499169,  9.1836551380609,  0.0            
       643,  6.8001060048474,  8.2859531412785,  0.0            
       644,  7.1984874295836,  7.9423069610002,  0.0            
       645,  6.3853425291266,  8.6096377346757,  0.0            
       646,  7.7057858448701,  9.3895272194002,  0.0            
       647,  8.1572261520364,  9.0001121323788,  0.0            
       648,  7.2357816246565,  9.7563221129246,  0.0            
       649,  0.6309987521408,  12.844274670611,  0.0            
       650,  1.2604773730188,  12.797841537986,  0.0            
       651,  1.8869193935005,  12.720577284138,  0.0            
       652,  2.5088156598885,  12.612668045421,  0.0            
       653,  3.1246679696056,  12.474373784644,  0.0            
       654,  3.7329926804953,  12.306027664794,  0.0            
       655,  4.3323242850462,  12.108035246418,  0.0            
       656,  2.6479419041687,  13.312102907682,  0.0            
       657,  2.7870804578064,  14.011599653262,  0.0            
       658,  1.3303770813601,  13.507545186819,  0.0            
       659,  1.40028297416  ,  14.217311627515,  0.0            
       660,  0.6659907557123,  13.556553266442,  0.0            
       661,  0.7009858552422,  14.268894881957,  0.0            
       662,  1.9915584120917,  13.42599624772 ,  0.0            
       663,  2.0962066887428,  14.131477624072,  0.0            
       664,  3.9400055989278,  12.988457800408,  0.0            
       665,  4.1470368330709,  13.67094831483 ,  0.0            
       666,  3.2979462722662,  13.166139545737,  0.0            
       667,  3.4712399059277,  13.857966511616,  0.0            
       668,  4.5725731069979,  12.779485722584,  0.0            
       669,  4.8128431852458,  13.450995606119,  0.0            
       670,  2.091186813206 ,  10.513106051444,  0.0            
       671,  2.2306093605306,  11.214030529701,  0.0            
       672,  2.3697039035414,  11.913306018918,  0.0            
       673,  1.6776760959376,  11.309973552466,  0.0            
       674,  1.1207011626824,  11.378669858306,  0.0            
       675,  0.5610263621645,  11.419953951803,  0.0            
       676,  1.0506525859771,  10.667454723607,  0.0            
       677,  1.5728142232045,  10.603052228293,  0.0            
       678,  0.5259598346437,  10.706158386133,  0.0            
       679,  1.1905849436946,  12.088211794252,  0.0            
       680,  1.7822912715096,  12.015231779469,  0.0            
       681,  0.5960103924672,  12.132070248022,  0.0            
       682,  3.8519064025243,  10.765357212213,  0.0            
       683,  3.3190355708617,  10.941393956882,  0.0            
       684,  2.7781688917957,  11.091071925157,  0.0            
       685,  3.1115817682648,  10.257510420956,  0.0            
       686,  3.6111459124994,  10.09247671958 ,  0.0            
       687,  2.6045215510082,  10.397832881277,  0.0            
       688,  3.5260013193852,  11.623668594147,  0.0            
       689,  4.0921004814428,  11.436654691851,  0.0            
       690,  2.951407711308 ,  11.782680060686,  0.0            
       691,  7.3786135818414,  17.813548980792,  0.0            
       692,  7.1049862927915,  17.152954268532,  0.0            
       693,  6.8319660201069,  16.493825023414,  0.0            
       694,  6.5589563173432,  15.834721296343,  0.0            
       695,  6.2859585654154,  15.175646421141,  0.0            
       696,  6.0129743968577,  14.516604339096,  0.0            
       697,  10.712086597766,  16.031770532389,  0.0            
       698,  10.314841345212,  15.437250998225,  0.0            
       699,  9.9184773438314,  14.844050349645,  0.0            
       700,  9.522128687597 ,  14.2508726667  ,  0.0            
       701,  9.1257973812873,  13.657720949752,  0.0            
       702,  8.7294857949745,  13.064598745865,  0.0            
       703,  10.634893131749,  14.339493424775,  0.0            
       704,  11.325688530606,  13.800391404254,  0.0            
       705,  11.989199353779,  13.228043032068,  0.0            
       706,  11.778287762198,  14.351885163628,  0.0            
       707,  12.231893274891,  14.904605080071,  0.0            
       708,  11.059886671567,  14.91253087746 ,  0.0            
       709,  11.4858251157  ,  15.486842386128,  0.0            
       710,  12.468313925954,  13.75666450136 ,  0.0            
       711,  12.948493731796,  14.286461274887,  0.0            
       712,  9.9680055434834,  12.146049897815,  0.0            
       713,  10.420544923476,  12.697470727804,  0.0            
       714,  10.873106821294,  13.248918995842,  0.0            
       715,  9.784957562296 ,  13.193487972848,  0.0            
       716,  9.3600202235086,  12.62052629848 ,  0.0            
       717,  10.209916045464,  13.766478157112,  0.0            
       718,  11.031028279204,  12.170864163609,  0.0            
       719,  10.55197706501 ,  11.642312599077,  0.0            
       720,  11.510103330421,  12.699442028243,  0.0            
       721,  7.6330502524932,  16.138728805139,  0.0            
       722,  8.415745798245 ,  15.744752975586,  0.0            
       723,  9.1781670752366,  15.312846657037,  0.0            
       724,  8.7520573674066,  16.37394766685 ,  0.0            
       725,  9.0891166708824,  17.004541270622,  0.0            
       726,  7.9380835994416,  16.78366763039 ,  0.0            
       727,  8.243795138642 ,  17.430040372682,  0.0            
       728,  9.5449466625839,  15.924781429192,  0.0            
       729,  9.9125417249501,  16.53807673922 ,  0.0            
       730,  7.4068963262376,  13.857328366157,  0.0            
       731,  7.7431634216484,  14.486439852885,  0.0            
       732,  8.0794472493131,  15.115582643459,  0.0            
       733,  7.0230205293315,  14.848929322689,  0.0            
       734,  6.7180275199103,  14.204075783973,  0.0            
       735,  7.3280287148449,  15.493814948555,  0.0            
       736,  8.4446523550616,  14.089051280614,  0.0            
       737,  8.0779212705476,  13.477197430548,  0.0            
       738,  8.8114016876817,  14.700935575805,  0.0            
       739,  3.7615845839407,  18.910762731817,  0.0            
       740,  3.6220906016607,  18.209479125787,  0.0            
       741,  3.4829060736403,  17.509751251377,  0.0            
       742,  3.3437269341188,  16.81005046678 ,  0.0            
       743,  3.2045538870807,  16.110380311166,  0.0            
       744,  3.0653877647846,  15.410744968581,  0.0            
       745,  4.337873532698 ,  17.317761888224,  0.0            
       746,  5.1823906744626,  17.084052519825,  0.0            
       747,  6.0144229831686,  16.80918617252 ,  0.0            
       748,  5.3894903161962,  17.76676854385 ,  0.0            
       749,  5.5970504104469,  18.4510024764  ,  0.0            
       750,  4.5112244263182,  18.009817448672,  0.0            
       751,  4.6849607375792,  18.703411682593,  0.0            
       752,  6.2547724518387,  17.48091793742 ,  0.0            
       753,  6.495656298632 ,  18.154143189125,  0.0            
       754,  4.5611442370099,  15.036077476667,  0.0            
       755,  4.7682164919429,  15.718703218509,  0.0            
       756,  4.975299050547 ,  16.401362927004,  0.0            
       757,  3.99119275598  ,  15.933734646034,  0.0            
       758,  3.817864786235 ,  15.241770602826,  0.0            
       759,  4.1645293503202,  16.625733120557,  0.0            
       760,  5.5337531767303,  15.465804058136,  0.0            
       761,  5.2934354918088,  14.794161122862,  0.0            
       762,  5.7740828195762,  16.137480413569,  0.0            
       763,  0.8759947657488,  17.831283093857,  0.0            
       764,  1.7498791833788,  17.766821506574,  0.0            
       765,  2.6195479887847,  17.659558090092,  0.0            
       766,  1.8198081745952,  18.476822469429,  0.0            
       767,  1.8898926415998,  19.188402004451,  0.0            
       768,  0.9110014284153,  18.543860082424,  0.0            
       769,  0.9460859227275,  19.258021370536,  0.0            
       770,  2.7242308434862,  18.365272572726,  0.0            
       771,  2.8291464435635,  19.072556097232,  0.0            
       772,  1.540109932673 ,  15.636998562077,  0.0            
       773,  1.6100296764986,  16.346905634597,  0.0            
       774,  1.6799528994481,  17.056848031254,  0.0            
       775,  0.8059856833028,  16.406215482674,  0.0            
       776,  0.7709836499079,  15.693732725094,  0.0            
       777,  0.8409894583576,  17.118733692554,  0.0            
       778,  2.4101949671817,  16.248214659026,  0.0            
       779,  2.3055259557125,  15.542593499885,  0.0            
       780,  2.5148691868573,  16.953870929043,  0.0            
       781,  14.981341247234,  0.73594100088  ,  0.0            
       782,  14.92713186975 ,  1.4701941659492,  0.0            
       783,  14.837012477149,  2.2008628979167,  0.0            
       784,  14.711149421922,  2.9262295583904,  0.0            
       785,  14.549845919193,  3.6445466755504,  0.0            
       786,  14.353490563228,  4.3540837605445,  0.0            
       787,  14.122556391279,  5.0531314763867,  0.0            
       788,  13.857599743994,  5.7400057559002,  0.0            
       789,  13.559258925143,  6.4130518587827,  0.0            
       790,  13.228252663891,  7.0706483580203,  0.0            
       791,  12.865378383313,  7.7112110460479,  0.0            
       792,  12.471510279336,  8.3331967512432,  0.0            
       793,  12.04759721472 ,  8.9351070555629,  0.0            
       794,  11.59466043317 ,  9.5154919043628,  0.0            
       795,  11.113791099064,  10.072953099706,  0.0            
       796,  13.198638270824,  5.4670549766321,  0.0            
       797,  12.539726744303,  5.1941248859431,  0.0            
       798,  11.880873510595,  4.9212189409276,  0.0            
       799,  11.22208888667 ,  4.648341415015 ,  0.0            
       800,  10.563385779085,  4.3754976542761,  0.0            
       801,  9.9031293577896,  4.1020104899316,  0.0            
       802,  12.108035246418,  4.3323242850462,  0.0            
       803,  12.306027664794,  3.7329926804953,  0.0            
       804,  12.474373784644,  3.1246679696056,  0.0            
       805,  12.612668045421,  2.5088156598885,  0.0            
       806,  12.720577284138,  1.8869193935005,  0.0            
       807,  12.797841537986,  1.2604773730188,  0.0            
       808,  12.84407867262 ,  0.6309739194916,  0.0            
       809,  13.312102907682,  2.6479419041687,  0.0            
       810,  14.011599653262,  2.7870804578064,  0.0            
       811,  12.988457800408,  3.9400055989278,  0.0            
       812,  13.67094831483 ,  4.1470368330709,  0.0            
       813,  12.779485722584,  4.5725731069979,  0.0            
       814,  13.450995606119,  4.8128431852458,  0.0            
       815,  13.166139545737,  3.2979462722662,  0.0            
       816,  13.857966511616,  3.4712399059277,  0.0            
       817,  13.507545186819,  1.3303770813601,  0.0            
       818,  14.217311627515,  1.4002829741601,  0.0            
       819,  13.42599624772 ,  1.9915584120917,  0.0            
       820,  14.131477624072,  2.0962066887428,  0.0            
       821,  13.556444052516,  0.6659597771972,  0.0            
       822,  14.268867691261,  0.7009489631632,  0.0            
       823,  10.513106051444,  2.091186813206 ,  0.0            
       824,  11.214030529701,  2.2306093605306,  0.0            
       825,  11.913306018918,  2.3697039035414,  0.0            
       826,  11.091071925157,  2.7781688917957,  0.0            
       827,  10.941393956882,  3.3190355708617,  0.0            
       828,  10.765357212213,  3.8519064025243,  0.0            
       829,  10.257510420956,  3.1115817682648,  0.0            
       830,  10.397832881277,  2.6045215510082,  0.0            
       831,  10.09247671958 ,  3.6111459124994,  0.0            
       832,  11.623668594147,  3.5260013193852,  0.0            
       833,  11.782680060686,  2.951407711308 ,  0.0            
       834,  11.436654691851,  4.0921004814428,  0.0            
       835,  11.419566523613,  0.5610146927808,  0.0            
       836,  11.378669858306,  1.1207011626824,  0.0            
       837,  11.309973552466,  1.6776760959376,  0.0            
       838,  10.667454723607,  1.050652585977 ,  0.0            
       839,  10.705953767965,  0.5260639563492,  0.0            
       840,  10.603052228293,  1.5728142232045,  0.0            
       841,  12.088211794252,  1.1905849436946,  0.0            
       842,  12.131781863039,  0.5959919790677,  0.0            
       843,  12.015231779469,  1.7822912715096,  0.0            
       844,  9.5284572155705,  8.6360902224524,  0.0            
       845,  9.9407326340546,  8.158148438067 ,  0.0            
       846,  10.329059956918,  7.6605529595249,  0.0            
       847,  10.692503669626,  7.1445025379181,  0.0            
       848,  11.030188204442,  6.611240383913 ,  0.0            
       849,  11.341300049743,  6.0620511727467,  0.0            
       850,  11.625089709843,  5.4982579493324,  0.0            
       851,  11.285455914501,  7.5407005612495,  0.0            
       852,  11.87846062152 ,  7.9369336386655,  0.0            
       853,  10.491995454548,  8.6105581430187,  0.0            
       854,  11.043307048667,  9.0630078754494,  0.0            
       855,  10.05685732379 ,  9.115004164646 ,  0.0            
       856,  10.585304182827,  9.5939604793122,  0.0            
       857,  10.901857449267,  8.085368532629 ,  0.0            
       858,  11.474705620546,  8.5102216917889,  0.0            
       859,  11.970231264739,  6.3982219109093,  0.0            
       860,  12.599218125162,  6.7344223921719,  0.0            
       861,  11.641866727947,  6.9778663817306,  0.0            
       862,  12.253599370427,  7.3445248172133,  0.0            
       863,  12.269758465945,  5.8031635630865,  0.0            
       864,  12.914484259872,  6.1080961537222,  0.0            
       865,  8.9125809566549,  5.9551962039631,  0.0            
       866,  9.5067960369938,  6.3522380269751,  0.0            
       867,  10.099613171926,  6.7483457727294,  0.0            
       868,  9.1836551380609,  6.8110628499169,  0.0            
       869,  8.8383900095072,  7.2534792258745,  0.0            
       870,  8.4718324252691,  7.6784213350473,  0.0            
       871,  8.2859531412785,  6.8001060048474,  0.0            
       872,  8.6096377346757,  6.3853425291266,  0.0            
       873,  7.9423069610002,  7.1984874295836,  0.0            
       874,  9.3895272194002,  7.7057858448701,  0.0            
       875,  9.7563221129246,  7.2357816246565,  0.0            
       876,  9.0001121323788,  8.1572261520364,  0.0            
       877,  10.335966224372,  4.8885479489304,  0.0            
       878,  10.083646421701,  5.3898213033894,  0.0            
       879,  9.8070342315766,  5.8781101062361,  0.0            
       880,  9.4533757453063,  5.0529346081934,  0.0            
       881,  9.6899244899647,  4.5829929648   ,  0.0            
       882,  9.1940529904596,  5.5107032895308,  0.0            
       883,  10.712434328596,  5.7259154417762,  0.0            
       884,  10.980488086422,  5.1933840869717,  0.0            
       885,  10.418573378175,  6.2446525647505,  0.0            
       886,  17.813548980792,  7.3786135818414,  0.0            
       887,  17.152954268532,  7.1049862927915,  0.0            
       888,  16.493825023414,  6.8319660201069,  0.0            
       889,  15.834721296343,  6.5589563173432,  0.0            
       890,  15.175646421141,  6.2859585654154,  0.0            
       891,  14.516604339096,  6.0129743968577,  0.0            
       892,  18.910762731817,  3.7615845839407,  0.0            
       893,  18.209479125787,  3.6220906016607,  0.0            
       894,  17.509751251377,  3.4829060736403,  0.0            
       895,  16.81005046678 ,  3.3437269341188,  0.0            
       896,  16.110380311166,  3.2045538870807,  0.0            
       897,  15.410744968581,  3.0653877647846,  0.0            
       898,  17.659558090092,  2.6195479887847,  0.0            
       899,  17.766821506574,  1.7498791833788,  0.0            
       900,  17.83161463081 ,  0.8759308134035,  0.0            
       901,  18.476822469429,  1.8198081745952,  0.0            
       902,  19.188402004451,  1.8898926415998,  0.0            
       903,  18.365272572726,  2.7242308434862,  0.0            
       904,  19.072556097232,  2.8291464435635,  0.0            
       905,  18.544255857733,  0.9109324303459,  0.0            
       906,  19.258208484278,  0.946185634487 ,  0.0            
       907,  15.636998562077,  1.540109932673 ,  0.0            
       908,  16.346905634597,  1.6100296764986,  0.0            
       909,  17.056848031254,  1.6799528994481,  0.0            
       910,  16.248214659026,  2.4101949671817,  0.0            
       911,  15.542593499885,  2.3055259557125,  0.0            
       912,  16.953870929043,  2.5148691868573,  0.0            
       913,  16.406412016246,  0.8059321408921,  0.0            
       914,  15.693857899503,  0.7709355006984,  0.0            
       915,  17.118998906354,  0.8409306534701,  0.0            
       916,  16.80918617252 ,  6.0144229831686,  0.0            
       917,  17.084052519825,  5.1823906744626,  0.0            
       918,  17.317761888224,  4.337873532698 ,  0.0            
       919,  17.76676854385 ,  5.3894903161962,  0.0            
       920,  18.4510024764  ,  5.5970504104469,  0.0            
       921,  17.48091793742 ,  6.2547724518387,  0.0            
       922,  18.154143189125,  6.495656298632 ,  0.0            
       923,  18.009817448672,  4.5112244263182,  0.0            
       924,  18.703411682593,  4.6849607375792,  0.0            
       925,  15.036077476667,  4.5611442370099,  0.0            
       926,  15.718703218509,  4.7682164919429,  0.0            
       927,  16.401362927004,  4.975299050547 ,  0.0            
       928,  15.465804058136,  5.5337531767303,  0.0            
       929,  14.794161122862,  5.2934354918088,  0.0            
       930,  16.137480413569,  5.7740828195762,  0.0            
       931,  15.933734646034,  3.99119275598  ,  0.0            
       932,  15.241770602826,  3.817864786235 ,  0.0            
       933,  16.625733120557,  4.1645293503202,  0.0            
       934,  16.031770532389,  10.712086597766,  0.0            
       935,  15.437250998225,  10.314841345212,  0.0            
       936,  14.844050349645,  9.9184773438314,  0.0            
       937,  14.2508726667  ,  9.5221286875971,  0.0            
       938,  13.657720949752,  9.1257973812874,  0.0            
       939,  13.064598745865,  8.7294857949745,  0.0            
       940,  15.312846657037,  9.1781670752366,  0.0            
       941,  15.744752975586,  8.415745798245 ,  0.0            
       942,  16.138728805139,  7.6330502524932,  0.0            
       943,  16.37394766685 ,  8.7520573674066,  0.0            
       944,  17.004541270622,  9.0891166708824,  0.0            
       945,  15.924781429192,  9.5449466625839,  0.0            
       946,  16.53807673922 ,  9.9125417249501,  0.0            
       947,  16.78366763039 ,  7.9380835994416,  0.0            
       948,  17.430040372682,  8.243795138642 ,  0.0            
       949,  13.857328366157,  7.4068963262376,  0.0            
       950,  14.486439852885,  7.7431634216484,  0.0            
       951,  15.115582643459,  8.0794472493131,  0.0            
       952,  14.089051280614,  8.4446523550617,  0.0            
       953,  13.477197430548,  8.0779212705476,  0.0            
       954,  14.700935575805,  8.8114016876817,  0.0            
       955,  14.848929322689,  7.0230205293315,  0.0            
       956,  14.204075783973,  6.7180275199103,  0.0            
       957,  15.493814948555,  7.3280287148449,  0.0            
       958,  13.228043032068,  11.989199353779,  0.0            
       959,  13.800391404254,  11.325688530606,  0.0            
       960,  14.339493424775,  10.634893131749,  0.0            
       961,  14.351885163628,  11.778287762198,  0.0            
       962,  14.904605080071,  12.231893274891,  0.0            
       963,  13.75666450136 ,  12.468313925954,  0.0            
       964,  14.286461274887,  12.948493731796,  0.0            
       965,  14.91253087746 ,  11.059886671567,  0.0            
       966,  15.486842386128,  11.4858251157  ,  0.0            
       967,  12.146049897815,  9.9680055434834,  0.0            
       968,  12.697470727804,  10.420544923476,  0.0            
       969,  13.248918995842,  10.873106821294,  0.0            
       970,  12.170864163609,  11.031028279204,  0.0            
       971,  11.642312599077,  10.55197706501 ,  0.0            
       972,  12.699442028243,  11.510103330421,  0.0            
       973,  13.193487972848,  9.7849575622961,  0.0            
       974,  12.62052629848 ,  9.3600202235086,  0.0            
       975,  13.766478157112,  10.209916045464,  0.0            
       976,  9.9879545620517,  -0.490676743274,  0.0            
       977,  9.951847266722 ,  -0.980171403296,  0.0            
       978,  9.8917650996478,  -1.467304744554,  0.0            
       979,  9.8078528040323,  -1.950903220161,  0.0            
       980,  9.7003125319454,  -2.429801799033,  0.0            
       981,  9.5694033573221,  -2.902846772545,  0.0            
       982,  9.4154406518302,  -3.368898533922,  0.0            
       983,  9.2387953251129,  -3.826834323651,  0.0            
       984,  9.0398929312344,  -4.275550934303,  0.0            
       985,  8.8192126434836,  -4.71396736826 ,  0.0            
       986,  8.5772861000027,  -5.141027441932,  0.0            
       987,  8.3146961230254,  -5.555702330196,  0.0            
       988,  8.0320753148064,  -5.956993044924,  0.0            
       989,  7.7301045336274,  -6.343932841636,  0.0            
       990,  7.4095112535496,  -6.71558954847 ,  0.0            
       991,  7.0710678118655,  -7.071067811865,  0.0            
       992,  6.7155895484702,  -7.40951125355 ,  0.0            
       993,  6.3439328416364,  -7.730104533627,  0.0            
       994,  5.9569930449243,  -8.032075314806,  0.0            
       995,  5.555702330196 ,  -8.314696123025,  0.0            
       996,  5.1410274419322,  -8.577286100003,  0.0            
       997,  4.71396736826  ,  -8.819212643484,  0.0            
       998,  4.2755509343028,  -9.039892931234,  0.0            
       999,  3.8268343236509,  -9.238795325113,  0.0            
      1000,  3.3688985339222,  -9.41544065183 ,  0.0            
      1001,  2.9028467725446,  -9.569403357322,  0.0            
      1002,  2.4298017990326,  -9.700312531945,  0.0            
      1003,  1.9509032201613,  -9.807852804032,  0.0            
      1004,  1.4673047445536,  -9.891765099648,  0.0            
      1005,  0.9801714032956,  -9.951847266722,  0.0            
      1006,  0.4906767432742,  -9.987954562052,  0.0            
      1007,  3.552713679E-15,  -10.0          ,  0.0            
      1008,  -0.490676743274,  -9.987954562052,  0.0            
      1009,  -0.980171403296,  -9.951847266722,  0.0            
      1010,  -1.467304744554,  -9.891765099648,  0.0            
      1011,  -1.950903220161,  -9.807852804032,  0.0            
      1012,  -2.429801799033,  -9.700312531945,  0.0            
      1013,  -2.902846772545,  -9.569403357322,  0.0            
      1014,  -3.368898533922,  -9.41544065183 ,  0.0            
      1015,  -3.826834323651,  -9.238795325113,  0.0            
      1016,  -4.275550934303,  -9.039892931234,  0.0            
      1017,  -4.71396736826 ,  -8.819212643484,  0.0            
      1018,  -5.141027441932,  -8.577286100003,  0.0            
      1019,  -5.555702330196,  -8.314696123025,  0.0            
      1020,  -5.956993044924,  -8.032075314806,  0.0            
      1021,  -6.343932841636,  -7.730104533627,  0.0            
      1022,  -6.71558954847 ,  -7.40951125355 ,  0.0            
      1023,  -7.071067811865,  -7.071067811865,  0.0            
      1024,  -7.40951125355 ,  -6.71558954847 ,  0.0            
      1025,  -7.730104533627,  -6.343932841636,  0.0            
      1026,  -8.032075314806,  -5.956993044924,  0.0            
      1027,  -8.314696123025,  -5.555702330196,  0.0            
      1028,  -8.577286100003,  -5.141027441932,  0.0            
      1029,  -8.819212643484,  -4.71396736826 ,  0.0            
      1030,  -9.039892931234,  -4.275550934303,  0.0            
      1031,  -9.238795325113,  -3.826834323651,  0.0            
      1032,  -9.41544065183 ,  -3.368898533922,  0.0            
      1033,  -9.569403357322,  -2.902846772545,  0.0            
      1034,  -9.700312531945,  -2.429801799033,  0.0            
      1035,  -9.807852804032,  -1.950903220161,  0.0            
      1036,  -9.891765099648,  -1.467304744554,  0.0            
      1037,  -9.951847266722,  -0.980171403296,  0.0            
      1038,  -9.987954562052,  -0.490676743274,  0.0            
      1039,  -19.9759091241 ,  -0.981353486548,  0.0            
      1040,  -19.90369453344,  -1.960342806591,  0.0            
      1041,  -19.7835301993 ,  -2.934609489107,  0.0            
      1042,  -19.61570560806,  -3.901806440322,  0.0            
      1043,  -19.40062506389,  -4.859603598065,  0.0            
      1044,  -19.13880671464,  -5.805693545089,  0.0            
      1045,  -18.83088130366,  -6.737797067844,  0.0            
      1046,  -18.47759065022,  -7.653668647302,  0.0            
      1047,  -18.07978586247,  -8.551101868606,  0.0            
      1048,  -17.63842528697,  -9.42793473652 ,  0.0            
      1049,  -17.1545722    ,  -10.28205488386,  0.0            
      1050,  -16.62939224605,  -11.11140466039,  0.0            
      1051,  -16.06415062961,  -11.91398608985,  0.0            
      1052,  -15.46020906725,  -12.68786568327,  0.0            
      1053,  -14.8190225071 ,  -13.43117909694,  0.0            
      1054,  -14.14213562373,  -14.14213562373,  0.0            
      1055,  -13.43117909694,  -14.8190225071 ,  0.0            
      1056,  -12.68786568327,  -15.46020906725,  0.0            
      1057,  -11.91398608985,  -16.06415062961,  0.0            
      1058,  -11.11140466039,  -16.62939224605,  0.0            
      1059,  -10.28205488386,  -17.1545722    ,  0.0            
      1060,  -9.42793473652 ,  -17.63842528697,  0.0            
      1061,  -8.551101868606,  -18.07978586247,  0.0            
      1062,  -7.653668647302,  -18.47759065022,  0.0            
      1063,  -6.737797067844,  -18.83088130366,  0.0            
      1064,  -5.805693545089,  -19.13880671464,  0.0            
      1065,  -4.859603598065,  -19.40062506389,  0.0            
      1066,  -3.901806440322,  -19.61570560806,  0.0            
      1067,  -2.934609489107,  -19.7835301993 ,  0.0            
      1068,  -1.960342806591,  -19.90369453344,  0.0            
      1069,  -0.981353486548,  -19.9759091241 ,  0.0            
      1070,  -7.10542736E-15,  -20.0          ,  0.0            
      1071,  0.9813534865484,  -19.9759091241 ,  0.0            
      1072,  1.9603428065912,  -19.90369453344,  0.0            
      1073,  2.9346094891072,  -19.7835301993 ,  0.0            
      1074,  3.9018064403226,  -19.61570560806,  0.0            
      1075,  4.8596035980653,  -19.40062506389,  0.0            
      1076,  5.8056935450892,  -19.13880671464,  0.0            
      1077,  6.7377970678444,  -18.83088130366,  0.0            
      1078,  7.6536686473018,  -18.47759065022,  0.0            
      1079,  8.5511018686056,  -18.07978586247,  0.0            
      1080,  9.4279347365199,  -17.63842528697,  0.0            
      1081,  10.282054883864,  -17.1545722    ,  0.0            
      1082,  11.111404660392,  -16.62939224605,  0.0            
      1083,  11.913986089849,  -16.06415062961,  0.0            
      1084,  12.687865683273,  -15.46020906725,  0.0            
      1085,  13.43117909694 ,  -14.8190225071 ,  0.0            
      1086,  14.142135623731,  -14.14213562373,  0.0            
      1087,  14.819022507099,  -13.43117909694,  0.0            
      1088,  15.460209067255,  -12.68786568327,  0.0            
      1089,  16.064150629613,  -11.91398608985,  0.0            
      1090,  16.629392246051,  -11.11140466039,  0.0            
      1091,  17.154572200005,  -10.28205488386,  0.0            
      1092,  17.638425286967,  -9.42793473652 ,  0.0            
      1093,  18.079785862469,  -8.551101868606,  0.0            
      1094,  18.477590650226,  -7.653668647302,  0.0            
      1095,  18.83088130366 ,  -6.737797067844,  0.0            
      1096,  19.138806714644,  -5.805693545089,  0.0            
      1097,  19.400625063891,  -4.859603598065,  0.0            
      1098,  19.615705608065,  -3.901806440322,  0.0            
      1099,  19.783530199296,  -2.934609489107,  0.0            
      1100,  19.903694533444,  -1.960342806591,  0.0            
      1101,  19.975909124103,  -0.981353486548,  0.0            
      1102,  4.239745977E-08,  -10.71906997536,  0.0            
      1103,  -4.92018160E-09,  -11.4337263762 ,  0.0            
      1104,  -6.30312869E-09,  -12.14670148203,  0.0            
      1105,  -7.00535203E-08,  -12.85976482076,  0.0            
      1106,  -6.14236377E-08,  -13.57290242211,  0.0            
      1107,  -8.61923581E-08,  -14.28610311881,  0.0            
      1108,  -6.28192183E-08,  -14.99935787752,  0.0            
      1109,  -8.61923581E-08,  -15.71265931133,  0.0            
      1110,  -6.07454957E-08,  -16.42600132094,  0.0            
      1111,  -6.73673988E-08,  -17.13937882504,  0.0            
      1112,  -3.26393490E-09,  -17.85278755844,  0.0            
      1113,  -2.53225352E-09,  -18.56622391227,  0.0            
      1114,  4.350185989E-08,  -19.28124647632,  0.0            
      1115,  7.5795270744906,  -7.579527068915,  0.0            
      1116,  8.0848654155035,  -8.084865442138,  0.0            
      1117,  8.5890149675996,  -8.589014998362,  0.0            
      1118,  9.0932268219588,  -9.093226903653,  0.0            
      1119,  9.5974912911313,  -9.597491361781,  0.0            
      1120,  10.101800301507,  -10.10180036915,  0.0            
      1121,  10.606147623864,  -10.60614768788,  0.0            
      1122,  11.110527830901,  -11.11052793513,  0.0            
      1123,  11.614936902794,  -11.61493695213,  0.0            
      1124,  12.119370910442,  -12.11937096527,  0.0            
      1125,  12.623827194847,  -12.62382717303,  0.0            
      1126,  13.128302820191,  -13.12830280001,  0.0            
      1127,  13.633900201086,  -13.63390012167,  0.0            
      1128,  11.113791056045,  -10.07295311881,  0.0            
      1129,  11.594660392009,  -9.515491923252,  0.0            
      1130,  12.047597175391,  -8.935107074054,  0.0            
      1131,  12.471510241795,  -8.333196769157,  0.0            
      1132,  12.8653783475  ,  -7.711211063208,  0.0            
      1133,  13.228252629727,  -7.070648374256,  0.0            
      1134,  13.559258892554,  -6.413051874054,  0.0            
      1135,  13.857599713331,  -5.740005770376,  0.0            
      1136,  14.122556363718,  -5.053131490329,  0.0            
      1137,  14.353490539262,  -4.354083773684,  0.0            
      1138,  14.549845898606,  -3.644546687709,  0.0            
      1139,  14.711149403407,  -2.926229569415,  0.0            
      1140,  14.837012457853,  -2.200862907203,  0.0            
      1141,  14.92713184907 ,  -1.470194166443,  0.0            
      1142,  14.981341253605,  -0.735940992112,  0.0            
      1143,  13.1986381708  ,  -5.467054959913,  0.0            
      1144,  12.539726697778,  -5.194124897937,  0.0            
      1145,  11.88087342515 ,  -4.921218941354,  0.0            
      1146,  11.222088858426,  -4.648341420281,  0.0            
      1147,  10.563385728972,  -4.375497648177,  0.0            
      1148,  9.9031293534638,  -4.102010492869,  0.0            
      1149,  11.625089621639,  -5.498257948498,  0.0            
      1150,  11.341299961121,  -6.062051171339,  0.0            
      1151,  11.030188115764,  -6.611240381876,  0.0            
      1152,  10.69250358101 ,  -7.144502535214,  0.0            
      1153,  10.329059868488,  -7.660552956131,  0.0            
      1154,  9.9407325459396,  -8.15814843398 ,  0.0            
      1155,  9.5284571278988,  -8.636090217689,  0.0            
      1156,  11.2854558655  ,  -7.540700577204,  0.0            
      1157,  11.878460525276,  -7.936933616475,  0.0            
      1158,  11.97023121634 ,  -6.398221924568,  0.0            
      1159,  12.599218026194,  -6.73442237174 ,  0.0            
      1160,  12.269758417742,  -5.803163575585,  0.0            
      1161,  12.914484159731,  -6.108096134708,  0.0            
      1162,  11.64186667932 ,  -6.977866396591,  0.0            
      1163,  12.25359927279 ,  -7.344524795785,  0.0            
      1164,  10.491995404403,  -8.610558160768,  0.0            
      1165,  11.043306955294,  -9.063007852441,  0.0            
      1166,  10.901857399756,  -8.085368549552,  0.0            
      1167,  11.474705525731,  -8.510221669072,  0.0            
      1168,  10.0568572729  ,  -9.115004183066,  0.0            
      1169,  10.585304090888,  -9.593960456246,  0.0            
      1170,  8.912580956891 ,  -5.955196206557,  0.0            
      1171,  9.5067959902463,  -6.352238017147,  0.0            
      1172,  10.099613147877,  -6.748345781281,  0.0            
      1173,  9.8070341832361,  -5.878110097273,  0.0            
      1174,  10.083646371897,  -5.389821295332,  0.0            
      1175,  10.335966173505,  -4.888547941675,  0.0            
      1176,  9.4533757425677,  -5.052934611147,  0.0            
      1177,  9.1940529891836,  -5.510703292335,  0.0            
      1178,  9.6899244859749,  -4.582992967735,  0.0            
      1179,  10.712434301406,  -5.725915448556,  0.0            
      1180,  10.418573352622,  -6.244652572429,  0.0            
      1181,  10.980488057749,  -5.193384092726,  0.0            
      1182,  8.4718323840379,  -7.678421323044,  0.0            
      1183,  8.8383899663203,  -7.25347921451 ,  0.0            
      1184,  9.1836550930329,  -6.811062839283,  0.0            
      1185,  8.2859531447142,  -6.800106006874,  0.0            
      1186,  7.9423069661338,  -7.198487431271,  0.0            
      1187,  8.6096377364805,  -6.385342531458,  0.0            
      1188,  9.3895271979647,  -7.705785855024,  0.0            
      1189,  9.000112112062 ,  -8.157226162885,  0.0            
      1190,  9.7563220902469,  -7.235781634039,  0.0            
      1191,  12.844078681271,  -0.630973919228,  0.0            
      1192,  12.797841521924,  -1.26047737761 ,  0.0            
      1193,  12.720577254467,  -1.886919401538,  0.0            
      1194,  12.612668003592,  -2.508815668752,  0.0            
      1195,  12.474373730846,  -3.124667977798,  0.0            
      1196,  12.30602759926 ,  -3.732992686805,  0.0            
      1197,  12.108035169656,  -4.332324288466,  0.0            
      1198,  13.312102891077,  -2.647941916485,  0.0            
      1199,  14.011599572643,  -2.78708045374 ,  0.0            
      1200,  13.507545184748,  -1.330377088593,  0.0            
      1201,  14.217311561237,  -1.400282971785,  0.0            
      1202,  13.556444070028,  -0.665959782589,  0.0            
      1203,  14.268867659122,  -0.700948962132,  0.0            
      1204,  13.425996238843,  -1.991558422364,  0.0            
      1205,  14.131477547984,  -2.096206686744,  0.0            
      1206,  12.988457767742,  -3.940005612445,  0.0            
      1207,  13.670948223369,  -4.147036823338,  0.0            
      1208,  13.166139521109,  -3.297946285601,  0.0            
      1209,  13.857966425682,  -3.471239899226,  0.0            
      1210,  12.7794856821  ,  -4.57257311985 ,  0.0            
      1211,  13.450995509552,  -4.812843172028,  0.0            
      1212,  10.51310605678 ,  -2.09118681754 ,  0.0            
      1213,  11.214030505893,  -2.230609362698,  0.0            
      1214,  11.913306019317,  -2.369703911808,  0.0            
      1215,  11.309973536172,  -1.677676098903,  0.0            
      1216,  11.378669850669,  -1.120701165047,  0.0            
      1217,  11.41956652967 ,  -0.561014694759,  0.0            
      1218,  10.667454732441,  -1.050652588214,  0.0            
      1219,  10.603052236076,  -1.572814227067,  0.0            
      1220,  10.705953780044,  -0.526063956084,  0.0            
      1221,  12.088211807476,  -1.190584947389,  0.0            
      1222,  12.015231787392,  -1.782291278757,  0.0            
      1223,  12.13178189049 ,  -0.59599197894 ,  0.0            
      1224,  10.765357167056,  -3.851906398834,  0.0            
      1225,  10.94139391849 ,  -3.319035569752,  0.0            
      1226,  11.091071893936,  -2.778168892742,  0.0            
      1227,  10.257510420871,  -3.11158177238 ,  0.0            
      1228,  10.09247671696 ,  -3.611145915979,  0.0            
      1229,  10.397832883874,  -2.604521555474,  0.0            
      1230,  11.623668578933,  -3.526001327138,  0.0            
      1231,  11.436654669117,  -4.092100487867,  0.0            
      1232,  11.782680053242,  -2.951407719772,  0.0            
      1233,  17.813549053614,  -7.378613571819,  0.0            
      1234,  17.152954242871,  -7.104986269043,  0.0            
      1235,  16.493825111812,  -6.831966042454,  0.0            
      1236,  15.834721192476,  -6.558956294367,  0.0            
      1237,  15.17564643406 ,  -6.285958588731,  0.0            
      1238,  14.516604204882,  -6.01297438827 ,  0.0            
      1239,  16.031770602898,  -10.71208658588,  0.0            
      1240,  15.437250980627,  -10.31484131615,  0.0            
      1241,  14.844050418595,  -9.918477371117,  0.0            
      1242,  14.250872573814,  -9.522128660044,  0.0            
      1243,  13.657720947273,  -9.125797410645,  0.0            
      1244,  13.064598618578,  -8.729485782568,  0.0            
      1245,  14.339493488748,  -10.63489315951,  0.0            
      1246,  13.800391463268,  -11.32568855855,  0.0            
      1247,  13.228043086172,  -11.98919938161,  0.0            
      1248,  14.351885150326,  -11.77828773238,  0.0            
      1249,  14.904605149388,  -12.23189326295,  0.0            
      1250,  14.912530862016,  -11.05988664197,  0.0            
      1251,  15.486842456057,  -11.48582510372,  0.0            
      1252,  13.756664490158,  -12.46831389622,  0.0            
      1253,  14.286461343545,  -12.94849372003,  0.0            
      1254,  12.146049774704,  -9.96800552983 ,  0.0            
      1255,  12.697470717151,  -10.42054495403,  0.0            
      1256,  13.248918908533,  -10.87310679334,  0.0            
      1257,  13.193487966295,  -9.784957592408,  0.0            
      1258,  12.620526173239,  -9.360020210423,  0.0            
      1259,  13.766478067035,  -10.20991601756,  0.0            
      1260,  12.170864148861,  -11.0310283099 ,  0.0            
      1261,  11.64231247817 ,  -10.55197705091,  0.0            
      1262,  12.699441943631,  -11.51010330271,  0.0            
      1263,  16.138728888807,  -7.633050276526,  0.0            
      1264,  15.744753054415,  -8.415745823665,  0.0            
      1265,  15.31284673095 ,  -9.178167101742,  0.0            
      1266,  16.373947645043,  -8.752057340372,  0.0            
      1267,  17.004541342257,  -9.089116659628,  0.0            
      1268,  16.783667606594,  -7.938083573896,  0.0            
      1269,  17.430040444894,  -8.243795127928,  0.0            
      1270,  15.924781409462,  -9.544946634377,  0.0            
      1271,  16.538076810293,  -9.912541713306,  0.0            
      1272,  13.857328235069,  -7.406896315479,  0.0            
      1273,  14.486439858346,  -7.743163448577,  0.0            
      1274,  15.115582544962,  -8.079447223412,  0.0            
      1275,  14.848929331954,  -7.023020554596,  0.0            
      1276,  14.204075651166,  -6.718027510136,  0.0            
      1277,  15.493814847326,  -7.328028690248,  0.0            
      1278,  14.08905128215 ,  -8.444652383356,  0.0            
      1279,  13.477197301309,  -8.077921258921,  0.0            
      1280,  14.700935480102,  -8.811401660795,  0.0            
      1281,  18.910762804614,  -3.761584575404,  0.0            
      1282,  18.20947908916 ,  -3.622090585795,  0.0            
      1283,  17.509751349398,  -3.482906085843,  0.0            
      1284,  16.810050346962,  -3.343726921569,  0.0            
      1285,  16.110380330678,  -3.204553901541,  0.0            
      1286,  15.410744829175,  -3.065387762613,  0.0            
      1287,  17.317761989176,  -4.337873548414,  0.0            
      1288,  17.08405261722 ,  -5.182390692585,  0.0            
      1289,  16.809186265503,  -6.014423003542,  0.0            
      1290,  17.766768514956,  -5.389490296928,  0.0            
      1291,  18.451002550607,  -5.597050402253,  0.0            
      1292,  18.009817418123,  -4.511224409253,  0.0            
      1293,  18.70341175742 ,  -4.684960729866,  0.0            
      1294,  17.480917910048,  -6.254772430187,  0.0            
      1295,  18.154143262606,  -6.49565628945 ,  0.0            
      1296,  15.036077341269,  -4.561144231176,  0.0            
      1297,  15.718703238162,  -4.768216510562,  0.0            
      1298,  16.401362818285,  -4.975299031732,  0.0            
      1299,  15.933734668044,  -3.991192772528,  0.0            
      1300,  15.241770466762,  -3.817864782166,  0.0            
      1301,  16.62573300898 ,  -4.164529334603,  0.0            
      1302,  15.465804074526,  -5.533753197825,  0.0            
      1303,  14.79416098786 ,  -5.293435484608,  0.0            
      1304,  16.137480307194,  -5.774082798531,  0.0            
      1305,  17.831614667259,  -0.875930820477,  0.0            
      1306,  17.766821557198,  -1.749879187796,  0.0            
      1307,  17.659558169373,  -2.619547993559,  0.0            
      1308,  18.476822405746,  -1.819808168911,  0.0            
      1309,  19.188402055405,  -1.889892636939,  0.0            
      1310,  18.544255786747,  -0.910932435606,  0.0            
      1311,  19.258208521939,  -0.946185632509,  0.0            
      1312,  18.365272518683,  -2.724230826598,  0.0            
      1313,  19.072556160615,  -2.829146434607,  0.0            
      1314,  15.6369984091  ,  -1.540109929567,  0.0            
      1315,  16.346905619307,  -1.610029683684,  0.0            
      1316,  17.056847875724,  -1.679952892587,  0.0            
      1317,  16.406412019283,  -0.80593214647 ,  0.0            
      1318,  15.6938577859  ,  -0.770935498098,  0.0            
      1319,  17.118998773658,  -0.840930655349,  0.0            
      1320,  16.248214664509,  -2.410194978201,  0.0            
      1321,  15.5425933506  ,  -2.305525954653,  0.0            
      1322,  16.953870787659,  -2.514869175555,  0.0            
      1323,  0.7359835446516,  -14.98129049587,  0.0            
      1324,  1.4701941033248,  -14.9271318732 ,  0.0            
      1325,  2.2008628356549,  -14.83701248237,  0.0            
      1326,  2.9262294966647,  -14.71114942888,  0.0            
      1327,  3.6445466145301,  -14.54984592782,  0.0            
      1328,  4.3540837003926,  -14.35349057346,  0.0            
      1329,  5.0531314172586,  -14.12255640302,  0.0            
      1330,  5.7400056979421,  -13.85759975714,  0.0            
      1331,  6.4130518021299,  -13.55925893957,  0.0            
      1332,  7.0706483027962,  -13.22825267947,  0.0            
      1333,  7.7112109923623,  -12.8653783999 ,  0.0            
      1334,  8.3331966991917,  -12.47151029677,  0.0            
      1335,  8.9351070052254,  -12.04759723284,  0.0            
      1336,  9.515491855803 ,  -11.59466045181,  0.0            
      1337,  10.072953052971,  -11.11379111804,  0.0            
      1338,  5.467054893679 ,  -13.19863825623,  0.0            
      1339,  5.1941248264   ,  -12.53972676004,  0.0            
      1340,  4.9212188620229,  -11.88087350331,  0.0            
      1341,  4.6483414011143,  -11.22208889788,  0.0            
      1342,  4.3754976337272,  -10.56338576758,  0.0            
      1343,  4.1020105134483,  -9.903129356642,  0.0            
      1344,  4.3323242074154,  -12.1080352395 ,  0.0            
      1345,  3.7329926041332,  -12.30602765842,  0.0            
      1346,  3.1246678944859,  -12.47437377898,  0.0            
      1347,  2.5088155859634,  -12.61266804062,  0.0            
      1348,  1.8869193207004,  -12.72057728037,  0.0            
      1349,  1.2604773012529,  -12.79784153541,  0.0            
      1350,  0.6309986812971,  -12.84427466937,  0.0            
      1351,  2.6479418422635,  -13.31210291694,  0.0            
      1352,  2.7870803747713,  -14.0115996458 ,  0.0            
      1353,  3.940005537926 ,  -12.98845781328,  0.0            
      1354,  4.1470367504592,  -13.67094830368,  0.0            
      1355,  4.5725730466668,  -12.77948573699,  0.0            
      1356,  4.8128431025568,  -13.45099559321,  0.0            
      1357,  3.2979462107328,  -13.16613955689,  0.0            
      1358,  3.4712398232015,  -13.85796650229,  0.0            
      1359,  1.3303770192683,  -13.50754519183,  0.0            
      1360,  1.4002828899245,  -14.21731162382,  0.0            
      1361,  1.9915583499944,  -13.42599625492,  0.0            
      1362,  2.0962066052041,  -14.13147761849,  0.0            
      1363,  0.6659906938401,  -13.55655326914,  0.0            
      1364,  0.7009857701203,  -14.26889488012,  0.0            
      1365,  2.0911868461658,  -10.51310605026,  0.0            
      1366,  2.230609348814 ,  -11.21403052285,  0.0            
      1367,  2.3697038924992,  -11.91330602586,  0.0            
      1368,  2.7781688780129,  -11.09107191689,  0.0            
      1369,  3.3190355549042,  -10.94139394736,  0.0            
      1370,  3.8519063843045,  -10.76535720161,  0.0            
      1371,  3.1115817964612,  -10.25751041964,  0.0            
      1372,  2.6045215815809,  -10.39783287999,  0.0            
      1373,  3.6111459383404,  -10.09247671832,  0.0            
      1374,  3.5260013067626,  -11.62366860358,  0.0            
      1375,  2.9514076994269,  -11.78268006896,  0.0            
      1376,  4.0921004681543,  -11.43665470226,  0.0            
      1377,  0.5610263558013,  -11.41995395008,  0.0            
      1378,  1.1207011546942,  -11.37866985474,  0.0            
      1379,  1.6776760861589,  -11.30997354718,  0.0            
      1380,  1.0506526237   ,  -10.66745472286,  0.0            
      1381,  0.5259598747205,  -10.70615838572,  0.0            
      1382,  1.5728142585514,  -10.60305222729,  0.0            
      1383,  1.1905849347059,  -12.08821179806,  0.0            
      1384,  0.5960103847331,  -12.13207025004,  0.0            
      1385,  1.7822912614247,  -12.01523178492,  0.0            
      1386,  8.6360901360456,  -9.528457209573,  0.0            
      1387,  8.1581483524714,  -9.940732627537,  0.0            
      1388,  7.6605528748488,  -10.32905994997,  0.0            
      1389,  7.1445024542589,  -10.69250366235,  0.0            
      1390,  6.6112403013551,  -11.03018819695,  0.0            
      1391,  6.0620510913598,  -11.34130004217,  0.0            
      1392,  5.4982578691692,  -11.62508970234,  0.0            
      1393,  7.5407005055778,  -11.2854559335 ,  0.0            
      1394,  7.9369335529558,  -11.87846060141,  0.0            
      1395,  8.6105580893959,  -10.49199547391,  0.0            
      1396,  9.0630077875167,  -11.04330702676,  0.0            
      1397,  9.1150041119995,  -10.05685734303,  0.0            
      1398,  9.5939603901137,  -10.58530416032,  0.0            
      1399,  8.0853684779908,  -10.90185746855,  0.0            
      1400,  8.5102216050253,  -11.47470559945,  0.0            
      1401,  6.3982218532038,  -11.97023128254,  0.0            
      1402,  6.7344223081595,  -12.59921810753,  0.0            
      1403,  6.977866325029 ,  -11.64186674645,  0.0            
      1404,  7.3445247324256,  -12.25359935148,  0.0            
      1405,  5.8031635044262,  -12.26975848282,  0.0            
      1406,  6.1080960703249,  -12.9144842437 ,  0.0            
      1407,  5.955196218657 ,  -8.912580956516,  0.0            
      1408,  6.3522379968583,  -9.506796023669,  0.0            
      1409,  6.748345756492 ,  -10.09961318453,  0.0            
      1410,  6.8110628174444,  -9.183655124708,  0.0            
      1411,  7.2534791910975,  -8.838389996284,  0.0            
      1412,  7.6784212980328,  -8.471832412322,  0.0            
      1413,  6.8001060155022,  -8.285953141855,  0.0            
      1414,  6.3853425417661,  -8.609637734885,  0.0            
      1415,  7.1984874383255,  -7.942306961952,  0.0            
      1416,  7.7057858272547,  -9.389527231702,  0.0            
      1417,  7.2357816077626,  -9.756322125452,  0.0            
      1418,  8.1572261336188,  -9.000112144316,  0.0            
      1419,  4.8885479260068,  -10.33596621215,  0.0            
      1420,  5.3898212780662,  -10.08364640894,  0.0            
      1421,  5.8781100785085,  -9.807034218445,  0.0            
      1422,  5.0529346271889,  -9.453375744569,  0.0            
      1423,  4.5829929860321,  -9.689924488995,  0.0            
      1424,  5.5107033063449,  -9.194052990002,  0.0            
      1425,  5.7259154267263,  -10.71243434085,  0.0            
      1426,  5.193384072491 ,  -10.98048809824,  0.0            
      1427,  6.2446525491216,  -10.41857339069,  0.0            
      1428,  7.3786136408076,  -17.8135489747 ,  0.0            
      1429,  7.1049862942295,  -17.15295425073,  0.0            
      1430,  6.8319660362017,  -16.49382503989,  0.0            
      1431,  6.5589562498091,  -15.83472128084,  0.0            
      1432,  6.2859585185759,  -15.175646441  ,  0.0            
      1433,  6.0129742968362,  -14.51660432749,  0.0            
      1434,  3.761584635893 ,  -18.91076272907,  0.0            
      1435,  3.6220906030439,  -18.20947911696,  0.0            
      1436,  3.4829060782662,  -17.50975125954,  0.0            
      1437,  3.343726868414 ,  -16.81005045942,  0.0            
      1438,  3.2045538312384,  -16.11038032155,  0.0            
      1439,  3.0653876727527,  -15.4107449619 ,  0.0            
      1440,  2.6195479911201,  -17.65955809616,  0.0            
      1441,  1.7498791836428,  -17.76682151058,  0.0            
      1442,  0.8759947641505,  -17.83128309588,  0.0            
      1443,  1.8198081744766,  -18.47682246515,  0.0            
      1444,  1.8898926894762,  -19.18840200318,  0.0            
      1445,  2.7242308442374,  -18.36527256619,  0.0            
      1446,  2.8291464935196,  -19.07255609525,  0.0            
      1447,  0.9110014271983,  -18.54386008034,  0.0            
      1448,  0.9460859684492,  -19.25802136993,  0.0            
      1449,  1.5401098438784,  -15.63699855856,  0.0            
      1450,  1.6100296176947,  -16.34690563991,  0.0            
      1451,  1.6799528333028,  -17.0568480278 ,  0.0            
      1452,  2.4101949097291,  -16.24821466688,  0.0            
      1453,  2.3055258653734,  -15.54259349474,  0.0            
      1454,  2.5148691210372,  -16.95387092367,  0.0            
      1455,  0.8059856234033,  -16.40621548546,  0.0            
      1456,  0.7709835624988,  -15.69373272329,  0.0            
      1457,  0.8409893916913,  -17.11873369092,  0.0            
      1458,  6.0144229960453,  -16.80918618698,  0.0            
      1459,  5.1823906843554,  -17.08405253221,  0.0            
      1460,  4.3378735398413,  -17.3177618985 ,  0.0            
      1461,  5.3894903181051,  -17.76676853045,  0.0            
      1462,  5.5970504661115,  -18.45100247201,  0.0            
      1463,  6.2547724536363,  -17.48091792178,  0.0            
      1464,  6.4956563560009,  -18.15414318388,  0.0            
      1465,  4.5112244280887,  -18.00981743755,  0.0            
      1466,  4.6849607914366,  -18.70341167904,  0.0            
      1467,  4.5611441411987,  -15.03607746726,  0.0            
      1468,  4.7682164400979,  -15.71870323382,  0.0            
      1469,  4.9752989843992,  -16.40136291556,  0.0            
      1470,  5.5337531272655,  -15.46580407578,  0.0            
      1471,  5.2934353939388,  -14.79416111229,  0.0            
      1472,  5.7740827528552,  -16.13748040008,  0.0            
      1473,  3.9911927020075,  -15.93373465891,  0.0            
      1474,  3.8178646923746,  -15.24177059473,  0.0            
      1475,  4.1645292845091,  -16.62573311117,  0.0            
      1476,  10.712086662027,  -16.0317705231 ,  0.0            
      1477,  10.314841342871,  -15.43725097304,  0.0            
      1478,  9.918477375031 ,  -14.84405037308,  0.0            
      1479,  9.5221286144582,  -14.25087264401,  0.0            
      1480,  9.1257973471508,  -13.65772097681,  0.0            
      1481,  8.7294856857396,  -13.06459873163,  0.0            
      1482,  9.1781671023434,  -15.31284667895,  0.0            
      1483,  8.4157458214625,  -15.74475299581,  0.0            
      1484,  7.633050272037 ,  -16.13872882355,  0.0            
      1485,  8.7520573674031,  -16.37394764505,  0.0            
      1486,  9.0891167327142,  -17.00454126286,  0.0            
      1487,  9.544946661517 ,  -15.92478140561,  0.0            
      1488,  9.9125417880501,  -16.53807673067,  0.0            
      1489,  7.9380836002766,  -16.78366761053,  0.0            
      1490,  8.2437951990961,  -17.43004036574,  0.0            
      1491,  7.4068962216982,  -13.85732835293,  0.0            
      1492,  7.7431633807502,  -14.48643987673,  0.0            
      1493,  8.0794471794363,  -15.11558262413,  0.0            
      1494,  8.4446523174506,  -14.08905130617,  0.0            
      1495,  8.0779211636745,  -13.47719741674,  0.0            
      1496,  8.8114016162845,  -14.70093555472,  0.0            
      1497,  7.0230204853518,  -14.84892934462,  0.0            
      1498,  6.7180274176602,  -14.20407577148,  0.0            
      1499,  7.328028646258 ,  -15.4938149311 ,  0.0            
      1500,  11.989199398316,  -13.22804305887,  0.0            
      1501,  11.325688570539,  -13.80039143015,  0.0            
      1502,  10.63489316723 ,  -14.33949344955,  0.0            
      1503,  11.778287756744,  -14.35188513586,  0.0            
      1504,  12.231893341171,  -14.90460506951,  0.0            
      1505,  12.468313918703,  -13.75666447267,  0.0            
      1506,  12.948493798946,  -14.28646126382,  0.0            
      1507,  11.059886667757,  -14.91253085087,  0.0            
      1508,  11.48582518102 ,  -15.48684237616,  0.0            
      1509,  9.9680054295061,  -12.14604988319,  0.0            
      1510,  10.420544896766,  -12.69747075713,  0.0            
      1511,  10.873106744063,  -13.24891897046,  0.0            
      1512,  11.031028256398,  -12.17086419368,  0.0            
      1513,  10.551976948683,  -11.64231258448,  0.0            
      1514,  11.510103250873,  -12.69944200184,  0.0            
      1515,  9.7849575318009,  -13.19348800117,  0.0            
      1516,  9.3600201119004,  -12.62052628397,  0.0            
      1517,  10.209915970375,  -13.76647813298,  0.0            
      1518,  -7.579526998834,  -7.579527078054,  0.0            
      1519,  -8.084865466245,  -8.084865483039,  0.0            
      1520,  -8.589014940153,  -8.589014958309,  0.0            
      1521,  -9.093226993409,  -9.093226934996,  0.0            
      1522,  -9.597491363884,  -9.597491311687,  0.0            
      1523,  -10.10180051058,  -10.10180040584,  0.0            
      1524,  -10.60614771281,  -10.60614765118,  0.0            
      1525,  -11.11052803999,  -11.11052797183,  0.0            
      1526,  -11.61493697418,  -11.61493690203,  0.0            
      1527,  -12.11937107882,  -12.11937099892,  0.0            
      1528,  -12.62382716351,  -12.62382713516,  0.0            
      1529,  -13.12830286739,  -13.12830284215,  0.0            
      1530,  -13.63390012551,  -13.6339001331 ,  0.0            
      1531,  -10.07295314551,  -11.11379108152,  0.0            
      1532,  -9.515491951907,  -11.59466041582,  0.0            
      1533,  -8.935107104822,  -12.04759719773,  0.0            
      1534,  -8.333196802179,  -12.47151026287,  0.0            
      1535,  -7.711211098604,  -12.86537836754,  0.0            
      1536,  -7.070648412127,  -13.22825264896,  0.0            
      1537,  -6.413051914353,  -13.55925891121,  0.0            
      1538,  -5.740005812833,  -13.85759973119,  0.0            
      1539,  -5.053131534568,  -14.12255637974,  0.0            
      1540,  -4.354083819847,  -14.35349055307,  0.0            
      1541,  -3.644546735836,  -14.54984591053,  0.0            
      1542,  -2.92622961951 ,  -14.71114941484,  0.0            
      1543,  -2.200862959713,  -14.83701247172,  0.0            
      1544,  -1.470194228258,  -14.92713186604,  0.0            
      1545,  -0.735983670113,  -14.98129049227,  0.0            
      1546,  -5.467055076808,  -13.19863828217,  0.0            
      1547,  -5.194124934575,  -12.53972672462,  0.0            
      1548,  -4.92121901131 ,  -11.88087352547,  0.0            
      1549,  -4.648341401989,  -11.22208886956,  0.0            
      1550,  -4.375497655547,  -10.56338579651,  0.0            
      1551,  -4.10201043133 ,  -9.903129363104,  0.0            
      1552,  -5.498258020736,  -11.62508972657,  0.0            
      1553,  -6.062051245397,  -11.34130006824,  0.0            
      1554,  -6.61124045803 ,  -11.0301882246 ,  0.0            
      1555,  -7.144502613715,  -10.6925036913 ,  0.0            
      1556,  -7.660553037201,  -10.32905997996,  0.0            
      1557,  -8.158148517807,  -9.940732658278,  0.0            
      1558,  -8.636090304424,  -9.528457240765,  0.0            
      1559,  -7.540700597501,  -11.28545588722,  0.0            
      1560,  -7.936933747987,  -11.8784606353 ,  0.0            
      1561,  -6.398221953788,  -11.97023124088,  0.0            
      1562,  -6.734422496848,  -12.59921813804,  0.0            
      1563,  -5.803163608959,  -12.2697584441 ,  0.0            
      1564,  -6.108096256122,  -12.91448427206,  0.0            
      1565,  -6.977866421396,  -11.64186670228,  0.0            
      1566,  -7.344524924202,  -12.25359938383,  0.0            
      1567,  -8.610558171922,  -10.49199542478,  0.0            
      1568,  -9.063007989429,  -11.04330706274,  0.0            
      1569,  -8.085368565286,  -10.90185742062,  0.0            
      1570,  -8.510221803446,  -11.47470563455,  0.0            
      1571,  -9.115004189663,  -10.05685729317,  0.0            
      1572,  -9.593960595587,  -10.58530419683,  0.0            
      1573,  -5.955196139504,  -8.91258096496 ,  0.0            
      1574,  -6.352238031948,  -9.506796061456,  0.0            
      1575,  -6.748345744373,  -10.09961314752,  0.0            
      1576,  -5.878110109969,  -9.807034254517,  0.0            
      1577,  -5.389821306084,  -10.08364644294,  0.0            
      1578,  -4.888547950801,  -10.33596624377,  0.0            
      1579,  -5.052934546456,  -9.453375752168,  0.0            
      1580,  -5.510703226381,  -9.194052998062,  0.0            
      1581,  -4.582992904578,  -9.689924496059,  0.0            
      1582,  -5.725915421532,  -10.71243430755,  0.0            
      1583,  -6.244652540556,  -10.41857335536,  0.0            
      1584,  -5.193384070454,  -10.98048806728,  0.0            
      1585,  -7.678421344765,  -8.471832453026,  0.0            
      1586,  -7.253479233859,  -8.838390036399,  0.0            
      1587,  -6.811062856313,  -9.183655163848,  0.0            
      1588,  -6.800105938063,  -8.285953150818,  0.0            
      1589,  -7.198487361774,  -7.942306971047,  0.0            
      1590,  -6.385342463457,  -8.60963774363 ,  0.0            
      1591,  -7.705785807622,  -9.389527192419,  0.0            
      1592,  -8.157226110098,  -9.000112104457,  0.0            
      1593,  -7.235781591943,  -9.756322087124,  0.0            
      1594,  -0.630998821555,  -12.84427467244,  0.0            
      1595,  -1.260477441962,  -12.79784154153,  0.0            
      1596,  -1.886919462157,  -12.72057728947,  0.0            
      1597,  -2.508815728456,  -12.61266805262,  0.0            
      1598,  -3.124668038294,  -12.47437379375,  0.0            
      1599,  -3.732992749522,  -12.30602767583,  0.0            
      1600,  -4.332324354637,  -12.10803525939,  0.0            
      1601,  -2.647941961298,  -13.31210289777,  0.0            
      1602,  -2.787080549948,  -14.01159965984,  0.0            
      1603,  -1.330377141153,  -13.50754518206,  0.0            
      1604,  -1.400283063014,  -14.21731163097,  0.0            
      1605,  -0.665990816446,  -13.55655326422,  0.0            
      1606,  -0.700985942682,  -14.26889488372,  0.0            
      1607,  -1.991558470684,  -13.42599624038,  0.0            
      1608,  -2.096206779168,  -14.13147762914,  0.0            
      1609,  -3.940005652331,  -12.98845778545,  0.0            
      1610,  -4.147036929026,  -13.67094832406,  0.0            
      1611,  -3.297946327665,  -13.16613953327,  0.0            
      1612,  -3.471239999918,  -13.85796651958,  0.0            
      1613,  -4.572573158143,  -12.77948570521,  0.0            
      1614,  -4.812843283269,  -13.45099561648,  0.0            
      1615,  -2.091186762066,  -10.51310605376,  0.0            
      1616,  -2.230609361768,  -11.2140305385 ,  0.0            
      1617,  -2.369703902057,  -11.91330601054,  0.0            
      1618,  -1.67767609776 ,  -11.30997355906,  0.0            
      1619,  -1.12070116532 ,  -11.37866986272,  0.0            
      1620,  -0.561026365839,  -11.41995395409,  0.0            
      1621,  -1.050652539081,  -10.66745472464,  0.0            
      1622,  -1.57281417415 ,  -10.60305222994,  0.0            
      1623,  -0.52595978997 ,  -10.70615838662,  0.0            
      1624,  -1.190584946542,  -12.08821179025,  0.0            
      1625,  -1.782291272306,  -12.0152317733 ,  0.0            
      1626,  -0.596010397146,  -12.13207024612,  0.0            
      1627,  -3.851906403429,  -10.76535722756,  0.0            
      1628,  -3.319035571638,  -10.94139397009,  0.0            
      1629,  -2.778168892683,  -11.09107193617,  0.0            
      1630,  -3.111581713206,  -10.25751042472,  0.0            
      1631,  -3.61114585562 ,  -10.09247672411,  0.0            
      1632,  -2.604521497865,  -10.3978328843 ,  0.0            
      1633,  -3.526001312619,  -11.62366858133,  0.0            
      1634,  -4.092100471669,  -11.43665467685,  0.0            
      1635,  -2.951407707304,  -11.78268005008,  0.0            
      1636,  -7.37861355715 ,  -17.81354898278,  0.0            
      1637,  -7.104986311636,  -17.15295428053,  0.0            
      1638,  -6.831966031639,  -16.49382501311,  0.0            
      1639,  -6.558956394398,  -15.83472130463,  0.0            
      1640,  -6.285958625391,  -15.17564640557,  0.0            
      1641,  -6.01297447997 ,  -14.51660435344,  0.0            
      1642,  -10.71208658208,  -16.03177053366,  0.0            
      1643,  -10.31484137395,  -15.43725101197,  0.0            
      1644,  -9.918477358183,  -14.8440503381 ,  0.0            
      1645,  -9.522128769963,  -14.25087267509,  0.0            
      1646,  -9.125797437711,  -13.65772093052,  0.0            
      1647,  -8.72948588078 ,  -13.06459876554,  0.0            
      1648,  -10.63489314688,  -14.33949341331,  0.0            
      1649,  -11.32568854659,  -13.80039139301,  0.0            
      1650,  -11.98919937069,  -13.22804302118,  0.0            
      1651,  -11.77828779572,  -14.35188517719,  0.0            
      1652,  -12.23189326336,  -14.90460508072,  0.0            
      1653,  -11.05988670273,  -14.91253089119,  0.0            
      1654,  -11.48582510212,  -15.4868423871 ,  0.0            
      1655,  -12.46831396178,  -13.7566645146 ,  0.0            
      1656,  -12.94849372225,  -14.28646127519,  0.0            
      1657,  -9.968005631432,  -12.14604991919,  0.0            
      1658,  -10.42054497793,  -12.69747070799,  0.0            
      1659,  -10.87310690588,  -13.24891900346,  0.0            
      1660,  -9.784957617731,  -13.19348795322,  0.0            
      1661,  -9.360020310332,  -12.62052631909,  0.0            
      1662,  -10.20991612899,  -13.76647816518,  0.0            
      1663,  -11.03102833269,  -12.17086414382,  0.0            
      1664,  -10.55197715417,  -11.64231262101,  0.0            
      1665,  -11.51010341596,  -12.69944203532,  0.0            
      1666,  -7.63305026472 ,  -16.13872879428,  0.0            
      1667,  -8.415745811161,  -15.74475296433,  0.0            
      1668,  -9.178167088855,  -15.31284664555,  0.0            
      1669,  -8.752057391195,  -16.37394768009,  0.0            
      1670,  -9.089116650788,  -17.00454127236,  0.0            
      1671,  -7.938083620747,  -16.7836676431 ,  0.0            
      1672,  -8.24379511627 ,  -17.43004037457,  0.0            
      1673,  -9.544946688856,  -15.92478144277,  0.0            
      1674,  -9.912541707086,  -16.53807674074,  0.0            
      1675,  -7.406896410394,  -13.85732838344,  0.0            
      1676,  -7.743163479973,  -14.48643983507,  0.0            
      1677,  -8.079447329124,  -15.11558265211,  0.0            
      1678,  -7.023020588524,  -14.84892930589,  0.0            
      1679,  -6.718027603463,  -14.20407579985,  0.0            
      1680,  -7.328028793294,  -15.4938149571 ,  0.0            
      1681,  -8.444652412456,  -14.08905126198,  0.0            
      1682,  -8.077921355459,  -13.4771974491 ,  0.0            
      1683,  -8.811401768804,  -14.7009355844 ,  0.0            
      1684,  -3.761584549759,  -18.91076273344,  0.0            
      1685,  -3.622090611316,  -18.20947913309,  0.0            
      1686,  -3.482906081912,  -17.50975124505,  0.0            
      1687,  -3.34372700571 ,  -16.8100504723 ,  0.0            
      1688,  -3.204553948915,  -16.11038030238,  0.0            
      1689,  -3.065387847931,  -15.41074497595,  0.0            
      1690,  -4.337873541898,  -17.31776188065,  0.0            
      1691,  -5.182390684502,  -17.08405251117,  0.0            
      1692,  -6.014422993978,  -16.80918616296,  0.0            
      1693,  -5.389490330271,  -17.76676855386,  0.0            
      1694,  -5.597050381033,  -18.45100247836,  0.0            
      1695,  -4.511224438129,  -18.00981745742,  0.0            
      1696,  -4.684960705782,  -18.70341168442,  0.0            
      1697,  -6.254772468266,  -17.48091794852,  0.0            
      1698,  -6.49565627159 ,  -18.15414319113,  0.0            
      1699,  -4.561144319768,  -15.03607748766,  0.0            
      1700,  -4.768216553145,  -15.71870320598,  0.0            
      1701,  -4.975299124804,  -16.40136293426,  0.0            
      1702,  -3.991192817582,  -15.93373463529,  0.0            
      1703,  -3.817864869093,  -15.24177061203,  0.0            
      1704,  -4.164529423217,  -16.62573312703,  0.0            
      1705,  -5.533753237383,  -15.46580404399,  0.0            
      1706,  -5.293435574654,  -14.79416113557,  0.0            
      1707,  -5.774082895227,  -16.13748042143,  0.0            
      1708,  -0.875994770496,  -17.83128309216,  0.0            
      1709,  -1.749879189443,  -17.7668215032 ,  0.0            
      1710,  -2.619547996017,  -17.65955808517,  0.0            
      1711,  -1.819808180351,  -18.47682247337,  0.0            
      1712,  -1.889892602692,  -19.18840200541,  0.0            
      1713,  -0.911001432466,  -18.54386008447,  0.0            
      1714,  -0.9460858815  ,  -19.25802137105,  0.0            
      1715,  -2.724230851116,  -18.36527257842,  0.0            
      1716,  -2.829146407008,  -19.07255609856,  0.0            
      1717,  -1.540110016968,  -15.63699856572,  0.0            
      1718,  -1.610029738223,  -16.34690563014,  0.0            
      1719,  -1.679952968684,  -17.05684803436,  0.0            
      1720,  -0.805985744653,  -16.40621548055,  0.0            
      1721,  -0.77098373506 ,  -15.69373272688,  0.0            
      1722,  -0.840989526588,  -17.11873369422,  0.0            
      1723,  -2.410195029062,  -16.24821465234,  0.0            
      1724,  -2.305526039338,  -15.54259350539,  0.0            
      1725,  -2.514869257221,  -16.95387093344,  0.0            
      1726,  -14.98134122642,  -0.735940992542,  0.0            
      1727,  -14.92713187715,  -1.470194161118,  0.0            
      1728,  -14.83701248786,  -2.200862890082,  0.0            
      1729,  -14.7111494368 ,  -2.926229548611,  0.0            
      1730,  -14.54984593841,  -3.644546664364,  0.0            
      1731,  -14.35349058673,  -4.354083748375,  0.0            
      1732,  -14.12255641897,  -5.053131463768,  0.0            
      1733,  -13.85759977516,  -5.740005743118,  0.0            
      1734,  -13.55925895817,  -6.413051845409,  0.0            
      1735,  -13.22825269829,  -7.070648343747,  0.0            
      1736,  -12.86537841915,  -7.711211030847,  0.0            
      1737,  -12.4715103167 ,  -8.333196735257,  0.0            
      1738,  -12.04759725368,  -8.935107038941,  0.0            
      1739,  -11.5946604738 ,  -9.515491887263,  0.0            
      1740,  -11.11379114139,  -10.07295308229,  0.0            
      1741,  -13.19863840272,  -5.467054983419,  0.0            
      1742,  -12.53972673072,  -5.194124860204,  0.0            
      1743,  -11.88087361237,  -4.921218961749,  0.0            
      1744,  -11.22208879656,  -4.648341391293,  0.0            
      1745,  -10.56338580344,  -4.375497676893,  0.0            
      1746,  -9.903129281415,  -4.102010499577,  0.0            
      1747,  -12.10803533952,  -4.332324300572,  0.0            
      1748,  -12.30602774578,  -3.732992690445,  0.0            
      1749,  -12.47437385272,  -3.124667974904,  0.0            
      1750,  -12.61266810011,  -2.508815661738,  0.0            
      1751,  -12.72057732423,  -1.886919393427,  0.0            
      1752,  -12.79784155792,  -1.260477374407,  0.0            
      1753,  -12.84407869033,  -0.630973923997,  0.0            
      1754,  -13.31210283873,  -2.647941880713,  0.0            
      1755,  -14.01159975921,  -2.787080454143,  0.0            
      1756,  -12.98845776057,  -3.940005572056,  0.0            
      1757,  -13.67094843554,  -4.147036833182,  0.0            
      1758,  -12.77948569706,  -4.572573080451,  0.0            
      1759,  -13.45099573348,  -4.812843188564,  0.0            
      1760,  -13.16613949131,  -3.29794624643 ,  0.0            
      1761,  -13.85796662511,  -3.471239903741,  0.0            
      1762,  -13.50754510806,  -1.330377076259,  0.0            
      1763,  -14.21731170303,  -1.400282973404,  0.0            
      1764,  -13.42599616597,  -1.991558394215,  0.0            
      1765,  -14.13147772096,  -2.096206685587,  0.0            
      1766,  -13.55644397703,  -0.665959781684,  0.0            
      1767,  -14.26886772503,  -0.700948967071,  0.0            
      1768,  -10.51310595146,  -2.09118681615 ,  0.0            
      1769,  -11.21403051941,  -2.230609367098,  0.0            
      1770,  -11.91330586151,  -2.369703881417,  0.0            
      1771,  -11.09107192475,  -2.778168901705,  0.0            
      1772,  -10.94139396594,  -3.319035584922,  0.0            
      1773,  -10.76535723013,  -3.85190642113 ,  0.0            
      1774,  -10.25751033371,  -3.11158177442 ,  0.0            
      1775,  -10.39783278776,  -2.604521555359,  0.0            
      1776,  -10.09247663834,  -3.611145920587,  0.0            
      1777,  -11.62366847197,  -3.526001294461,  0.0            
      1778,  -11.78267992088,  -2.951407687006,  0.0            
      1779,  -11.43665458703,  -4.092100457063,  0.0            
      1780,  -11.41956653481,  -0.561014694744,  0.0            
      1781,  -11.37866982958,  -1.120701163424,  0.0            
      1782,  -11.30997353201,  -1.677676099184,  0.0            
      1783,  -10.66745463061,  -1.050652582929,  0.0            
      1784,  -10.70595371577,  -0.526063951988,  0.0            
      1785,  -10.60305212366,  -1.572814224187,  0.0            
      1786,  -12.08821163634,  -1.19058493367 ,  0.0            
      1787,  -12.1317817634 ,  -0.595991978337,  0.0            
      1788,  -12.01523160762,  -1.782291253007,  0.0            
      1789,  -9.528457302421,  -8.636090248881,  0.0            
      1790,  -9.940732723505,  -8.158148464722,  0.0            
      1791,  -10.32906004904,  -7.660552986125,  0.0            
      1792,  -10.69250376446,  -7.144502564171,  0.0            
      1793,  -11.03018830199,  -6.611240409519,  0.0            
      1794,  -11.34130014998,  -6.0620511974  ,  0.0            
      1795,  -11.62508981239,  -5.498257972728,  0.0            
      1796,  -11.28545591908,  -7.540700530923,  0.0            
      1797,  -11.87846074838,  -7.936933650367,  0.0            
      1798,  -10.49199546738,  -8.610558111637,  0.0            
      1799,  -11.04330717152,  -9.063007888421,  0.0            
      1800,  -10.05685734074,  -9.115004133213,  0.0            
      1801,  -10.58530430355,  -9.593960492754,  0.0            
      1802,  -10.90185745797,  -8.085368501615,  0.0            
      1803,  -11.47470574545,  -8.510221704177,  0.0            
      1804,  -11.97023126126,  -6.398221882917,  0.0            
      1805,  -12.59921825564,  -6.734422402242,  0.0            
      1806,  -11.64186672846,  -6.977866352412,  0.0            
      1807,  -12.25359949915,  -7.344524828138,  0.0            
      1808,  -12.26975845843,  -5.803163536556,  0.0            
      1809,  -12.9144843919 ,  -6.108096162614,  0.0            
      1810,  -8.912580884732,  -5.955196215   ,  0.0            
      1811,  -9.50679605664 ,  -6.352238054935,  0.0            
      1812,  -10.0996131051 ,  -6.748345744277,  0.0            
      1813,  -9.183655155647,  -6.811062878423,  0.0            
      1814,  -8.838390025041,  -7.253479254625,  0.0            
      1815,  -8.471832438788,  -7.678421363748,  0.0            
      1816,  -8.285953070841,  -6.800106015837,  0.0            
      1817,  -8.609637663477,  -6.385342540203,  0.0            
      1818,  -7.942306891374,  -7.198487440366,  0.0            
      1819,  -9.389527162704,  -7.705785815741,  0.0            
      1820,  -9.756322051174,  -7.235781595712,  0.0            
      1821,  -9.00011208069 ,  -8.157226123025,  0.0            
      1822,  -10.33596624956,  -4.888547973593,  0.0            
      1823,  -10.08364644536,  -5.38982132934 ,  0.0            
      1824,  -9.807034253258,  -5.878110133344,  0.0            
      1825,  -9.453375671989,  -5.052934618746,  0.0            
      1826,  -9.689924415719,  -4.582992975034,  0.0            
      1827,  -9.194052917836,  -5.510703300395,  0.0            
      1828,  -10.71243425171,  -5.725915415254,  0.0            
      1829,  -10.98048800422,  -5.193384062047,  0.0            
      1830,  -10.41857330629,  -6.244652537106,  0.0            
      1831,  -17.81354898611,  -7.378613579898,  0.0            
      1832,  -17.15295431987,  -7.104986298839,  0.0            
      1833,  -16.4938250537 ,  -6.831966015678,  0.0            
      1834,  -15.83472138465,  -6.558956318158,  0.0            
      1835,  -15.17564647002,  -6.285958553302,  0.0            
      1836,  -14.51660443936,  -6.012974413709,  0.0            
      1837,  -18.91076274233,  -3.76158458217 ,  0.0            
      1838,  -18.20947918   ,  -3.622090603801,  0.0            
      1839,  -17.50975128968,  -3.482906071925,  0.0            
      1840,  -16.81005055258,  -3.343726933601,  0.0            
      1841,  -16.11038036096,  -3.204553881076,  0.0            
      1842,  -15.41074506592,  -3.065387773181,  0.0            
      1843,  -17.65955812762,  -2.619547987313,  0.0            
      1844,  -17.76682153893,  -1.749879180485,  0.0            
      1845,  -17.83161463209,  -0.87593080859 ,  0.0            
      1846,  -18.47682251396,  -1.819808173801,  0.0            
      1847,  -19.18840201368,  -1.88989263829 ,  0.0            
      1848,  -18.36527262498,  -2.724230844614,  0.0            
      1849,  -19.07255610784,  -2.829146441496,  0.0            
      1850,  -18.54425587579,  -0.910932428861,  0.0            
      1851,  -19.25820848326,  -0.946185629308,  0.0            
      1852,  -15.63699864079,  -1.540109937154,  0.0            
      1853,  -16.34690567573,  -1.61002967686 ,  0.0            
      1854,  -17.05684810255,  -1.679952897948,  0.0            
      1855,  -16.24821470724,  -2.410194962848,  0.0            
      1856,  -15.54259359373,  -2.305525962009,  0.0            
      1857,  -16.9538710113 ,  -2.51486918581 ,  0.0            
      1858,  -16.40641202234,  -0.805932145026,  0.0            
      1859,  -15.69385793033,  -0.770935505422,  0.0            
      1860,  -17.11899893573,  -0.840930649768,  0.0            
      1861,  -16.80918620489,  -6.01442297952 ,  0.0            
      1862,  -17.0840525544 ,  -5.182390671548,  0.0            
      1863,  -17.31776192501,  -4.337873530472,  0.0            
      1864,  -17.76676859719,  -5.389490320338,  0.0            
      1865,  -18.45100248453,  -5.597050408601,  0.0            
      1866,  -17.48091798982,  -6.254772456919,  0.0            
      1867,  -18.15414319586,  -6.495656296699,  0.0            
      1868,  -18.0098175028 ,  -4.511224429509,  0.0            
      1869,  -18.70341169208,  -4.68496073582 ,  0.0            
      1870,  -15.03607757633,  -4.561144249645,  0.0            
      1871,  -15.71870326789,  -4.768216482725,  0.0            
      1872,  -16.40136301464,  -4.975299050425,  0.0            
      1873,  -15.46580410718,  -5.533753166039,  0.0            
      1874,  -14.79416122308,  -5.293435506608,  0.0            
      1875,  -16.13748050158,  -5.774082819875,  0.0            
      1876,  -15.93373469583,  -3.991192748349,  0.0            
      1877,  -15.24177070161,  -3.817864796746,  0.0            
      1878,  -16.62573320766,  -4.164529349955,  0.0            
      1879,  -16.03177053169,  -10.71208659644,  0.0            
      1880,  -15.43725104396,  -10.31484135508,  0.0            
      1881,  -14.84405037276,  -9.918477336133,  0.0            
      1882,  -14.25087275507,  -9.522128691128,  0.0            
      1883,  -13.65772099948,  -9.125797364354,  0.0            
      1884,  -13.06459884171,  -8.729485816475,  0.0            
      1885,  -15.31284668176,  -9.178167068346,  0.0            
      1886,  -15.74475300204,  -8.41574579218 ,  0.0            
      1887,  -16.13872883344,  -7.633050247254,  0.0            
      1888,  -16.37394771566,  -8.752057375409,  0.0            
      1889,  -17.00454127303,  -9.089116669128,  0.0            
      1890,  -15.92478147653,  -9.54494667154 ,  0.0            
      1891,  -16.5380767401 ,  -9.912541723382,  0.0            
      1892,  -16.78366768053,  -7.938083606468,  0.0            
      1893,  -17.43004037656,  -8.24379513676 ,  0.0            
      1894,  -13.85732846454,  -7.406896345994,  0.0            
      1895,  -14.4864399019 ,  -7.743163406916,  0.0            
      1896,  -15.11558273203,  -8.079447251387,  0.0            
      1897,  -14.08905132992,  -8.444652339168,  0.0            
      1898,  -13.47719752769,  -8.077921291288,  0.0            
      1899,  -14.70093566434,  -8.811401690468,  0.0            
      1900,  -14.84892937155,  -7.023020515864,  0.0            
      1901,  -14.20407588349,  -6.718027538412,  0.0            
      1902,  -15.49381503705,  -7.328028716256,  0.0            
      1903,  -13.22804305112,  -11.98919934393,  0.0            
      1904,  -13.80039142454,  -11.32568852141,  0.0            
      1905,  -14.33949344642,  -10.63489312328,  0.0            
      1906,  -14.35188520575,  -11.77828777371,  0.0            
      1907,  -14.90460507604,  -12.23189327416,  0.0            
      1908,  -13.75666454149,  -12.46831393815,  0.0            
      1909,  -14.28646126909,  -12.9484937314 ,  0.0            
      1910,  -14.91253092145,  -11.05988668229,  0.0            
      1911,  -15.4868423838 ,  -11.48582511465,  0.0            
      1912,  -12.14604999095,  -9.968005565826,  0.0            
      1913,  -12.69747077876,  -10.42054490489,  0.0            
      1914,  -13.24891908348,  -10.87310682634,  0.0            
      1915,  -12.17086421534,  -11.03102826003,  0.0            
      1916,  -11.64231269085,  -10.55197708743,  0.0            
      1917,  -12.69944211531,  -11.51010333619,  0.0            
      1918,  -13.19348802314,  -9.78495754446 ,  0.0            
      1919,  -12.62052639298,  -9.360020245544,  0.0            
      1920,  -13.76647824518,  -10.20991604975,  0.0            
      1921,  -40.0          ,  40.0           ,  0.0            
      1922,  -40.0          ,  39.0           ,  0.0            
      1923,  -40.0          ,  38.0           ,  0.0            
      1924,  -40.0          ,  37.0           ,  0.0            
      1925,  -40.0          ,  36.0           ,  0.0            
      1926,  -40.0          ,  35.0           ,  0.0            
      1927,  -40.0          ,  34.0           ,  0.0            
      1928,  -40.0          ,  33.0           ,  0.0            
      1929,  -40.0          ,  32.0           ,  0.0            
      1930,  -40.0          ,  31.0           ,  0.0            
      1931,  -40.0          ,  30.0           ,  0.0            
      1932,  -40.0          ,  29.0           ,  0.0            
      1933,  -40.0          ,  28.0           ,  0.0            
      1934,  -40.0          ,  27.0           ,  0.0            
      1935,  -40.0          ,  26.0           ,  0.0            
      1936,  -40.0          ,  25.0           ,  0.0            
      1937,  -40.0          ,  24.0           ,  0.0            
      1938,  -40.0          ,  23.0           ,  0.0            
      1939,  -40.0          ,  22.0           ,  0.0            
      1940,  -40.0          ,  21.0           ,  0.0            
      1941,  -40.0          ,  20.0           ,  0.0            
      1942,  -40.0          ,  19.0           ,  0.0            
      1943,  -40.0          ,  18.0           ,  0.0            
      1944,  -40.0          ,  17.0           ,  0.0            
      1945,  -40.0          ,  16.0           ,  0.0            
      1946,  -40.0          ,  15.0           ,  0.0            
      1947,  -40.0          ,  14.0           ,  0.0            
      1948,  -40.0          ,  13.0           ,  0.0            
      1949,  -40.0          ,  12.0           ,  0.0            
      1950,  -40.0          ,  11.0           ,  0.0            
      1951,  -40.0          ,  10.0           ,  0.0            
      1952,  -40.0          ,  9.0            ,  0.0            
      1953,  -40.0          ,  8.0            ,  0.0            
      1954,  -40.0          ,  7.0            ,  0.0            
      1955,  -40.0          ,  6.0            ,  0.0            
      1956,  -40.0          ,  5.0            ,  0.0            
      1957,  -40.0          ,  4.0            ,  0.0            
      1958,  -40.0          ,  3.0            ,  0.0            
      1959,  -40.0          ,  2.0            ,  0.0            
      1960,  -40.0          ,  1.0            ,  0.0            
      1961,  -40.0          ,  -1.42108547E-14,  0.0            
      1962,  -40.0          ,  -1.0           ,  0.0            
      1963,  -40.0          ,  -2.0           ,  0.0            
      1964,  -40.0          ,  -3.0           ,  0.0            
      1965,  -40.0          ,  -4.0           ,  0.0            
      1966,  -40.0          ,  -5.0           ,  0.0            
      1967,  -40.0          ,  -6.0           ,  0.0            
      1968,  -40.0          ,  -7.0           ,  0.0            
      1969,  -40.0          ,  -8.0           ,  0.0            
      1970,  -40.0          ,  -9.0           ,  0.0            
      1971,  -40.0          ,  -10.0          ,  0.0            
      1972,  -40.0          ,  -11.0          ,  0.0            
      1973,  -40.0          ,  -12.0          ,  0.0            
      1974,  -40.0          ,  -13.0          ,  0.0            
      1975,  -40.0          ,  -14.0          ,  0.0            
      1976,  -40.0          ,  -15.0          ,  0.0            
      1977,  -40.0          ,  -16.0          ,  0.0            
      1978,  -40.0          ,  -17.0          ,  0.0            
      1979,  -40.0          ,  -18.0          ,  0.0            
      1980,  -40.0          ,  -19.0          ,  0.0            
      1981,  -40.0          ,  -20.0          ,  0.0            
      1982,  -40.0          ,  -21.0          ,  0.0            
      1983,  -40.0          ,  -22.0          ,  0.0            
      1984,  -40.0          ,  -23.0          ,  0.0            
      1985,  -40.0          ,  -24.0          ,  0.0            
      1986,  -40.0          ,  -25.0          ,  0.0            
      1987,  -40.0          ,  -26.0          ,  0.0            
      1988,  -40.0          ,  -27.0          ,  0.0            
      1989,  -40.0          ,  -28.0          ,  0.0            
      1990,  -40.0          ,  -29.0          ,  0.0            
      1991,  -40.0          ,  -30.0          ,  0.0            
      1992,  -40.0          ,  -31.0          ,  0.0            
      1993,  -40.0          ,  -32.0          ,  0.0            
      1994,  -40.0          ,  -33.0          ,  0.0            
      1995,  -40.0          ,  -34.0          ,  0.0            
      1996,  -40.0          ,  -35.0          ,  0.0            
      1997,  -40.0          ,  -36.0          ,  0.0            
      1998,  -40.0          ,  -37.0          ,  0.0            
      1999,  -40.0          ,  -38.0          ,  0.0            
      2000,  -40.0          ,  -39.0          ,  0.0            
      2001,  -40.0          ,  -40.0          ,  0.0            
      2002,  -39.0          ,  -40.0          ,  0.0            
      2003,  -38.0          ,  -40.0          ,  0.0            
      2004,  -37.0          ,  -40.0          ,  0.0            
      2005,  -36.0          ,  -40.0          ,  0.0            
      2006,  -35.0          ,  -40.0          ,  0.0            
      2007,  -34.0          ,  -40.0          ,  0.0            
      2008,  -33.0          ,  -40.0          ,  0.0            
      2009,  -32.0          ,  -40.0          ,  0.0            
      2010,  -31.0          ,  -40.0          ,  0.0            
      2011,  -30.0          ,  -40.0          ,  0.0            
      2012,  -29.0          ,  -40.0          ,  0.0            
      2013,  -28.0          ,  -40.0          ,  0.0            
      2014,  -27.0          ,  -40.0          ,  0.0            
      2015,  -26.0          ,  -40.0          ,  0.0            
      2016,  -25.0          ,  -40.0          ,  0.0            
      2017,  -24.0          ,  -40.0          ,  0.0            
      2018,  -23.0          ,  -40.0          ,  0.0            
      2019,  -22.0          ,  -40.0          ,  0.0            
      2020,  -21.0          ,  -40.0          ,  0.0            
      2021,  -20.0          ,  -40.0          ,  0.0            
      2022,  -19.0          ,  -40.0          ,  0.0            
      2023,  -18.0          ,  -40.0          ,  0.0            
      2024,  -17.0          ,  -40.0          ,  0.0            
      2025,  -16.0          ,  -40.0          ,  0.0            
      2026,  -15.0          ,  -40.0          ,  0.0            
      2027,  -14.0          ,  -40.0          ,  0.0            
      2028,  -13.0          ,  -40.0          ,  0.0            
      2029,  -12.0          ,  -40.0          ,  0.0            
      2030,  -11.0          ,  -40.0          ,  0.0            
      2031,  -10.0          ,  -40.0          ,  0.0            
      2032,  -9.0           ,  -40.0          ,  0.0            
      2033,  -8.0           ,  -40.0          ,  0.0            
      2034,  -7.0           ,  -40.0          ,  0.0            
      2035,  -6.0           ,  -40.0          ,  0.0            
      2036,  -5.0           ,  -40.0          ,  0.0            
      2037,  -4.0           ,  -40.0          ,  0.0            
      2038,  -3.0           ,  -40.0          ,  0.0            
      2039,  -2.0           ,  -40.0          ,  0.0            
      2040,  -1.0           ,  -40.0          ,  0.0            
      2041,  -1.42108547E-14,  -40.0          ,  0.0            
      2042,  1.0            ,  -40.0          ,  0.0            
      2043,  2.0            ,  -40.0          ,  0.0            
      2044,  3.0            ,  -40.0          ,  0.0            
      2045,  4.0            ,  -40.0          ,  0.0            
      2046,  5.0            ,  -40.0          ,  0.0            
      2047,  6.0            ,  -40.0          ,  0.0            
      2048,  7.0            ,  -40.0          ,  0.0            
      2049,  8.0            ,  -40.0          ,  0.0            
      2050,  9.0            ,  -40.0          ,  0.0            
      2051,  10.0           ,  -40.0          ,  0.0            
      2052,  11.0           ,  -40.0          ,  0.0            
      2053,  12.0           ,  -40.0          ,  0.0            
      2054,  13.0           ,  -40.0          ,  0.0            
      2055,  14.0           ,  -40.0          ,  0.0            
      2056,  15.0           ,  -40.0          ,  0.0            
      2057,  16.0           ,  -40.0          ,  0.0            
      2058,  17.0           ,  -40.0          ,  0.0            
      2059,  18.0           ,  -40.0          ,  0.0            
      2060,  19.0           ,  -40.0          ,  0.0            
      2061,  20.0           ,  -40.0          ,  0.0            
      2062,  21.0           ,  -40.0          ,  0.0            
      2063,  22.0           ,  -40.0          ,  0.0            
      2064,  23.0           ,  -40.0          ,  0.0            
      2065,  24.0           ,  -40.0          ,  0.0            
      2066,  25.0           ,  -40.0          ,  0.0            
      2067,  26.0           ,  -40.0          ,  0.0            
      2068,  27.0           ,  -40.0          ,  0.0            
      2069,  28.0           ,  -40.0          ,  0.0            
      2070,  29.0           ,  -40.0          ,  0.0            
      2071,  30.0           ,  -40.0          ,  0.0            
      2072,  31.0           ,  -40.0          ,  0.0            
      2073,  32.0           ,  -40.0          ,  0.0            
      2074,  33.0           ,  -40.0          ,  0.0            
      2075,  34.0           ,  -40.0          ,  0.0            
      2076,  35.0           ,  -40.0          ,  0.0            
      2077,  36.0           ,  -40.0          ,  0.0            
      2078,  37.0           ,  -40.0          ,  0.0            
      2079,  38.0           ,  -40.0          ,  0.0            
      2080,  39.0           ,  -40.0          ,  0.0            
      2081,  40.0           ,  -40.0          ,  0.0            
      2082,  40.0           ,  -39.0          ,  0.0            
      2083,  40.0           ,  -38.0          ,  0.0            
      2084,  40.0           ,  -37.0          ,  0.0            
      2085,  40.0           ,  -36.0          ,  0.0            
      2086,  40.0           ,  -35.0          ,  0.0            
      2087,  40.0           ,  -34.0          ,  0.0            
      2088,  40.0           ,  -33.0          ,  0.0            
      2089,  40.0           ,  -32.0          ,  0.0            
      2090,  40.0           ,  -31.0          ,  0.0            
      2091,  40.0           ,  -30.0          ,  0.0            
      2092,  40.0           ,  -29.0          ,  0.0            
      2093,  40.0           ,  -28.0          ,  0.0            
      2094,  40.0           ,  -27.0          ,  0.0            
      2095,  40.0           ,  -26.0          ,  0.0            
      2096,  40.0           ,  -25.0          ,  0.0            
      2097,  40.0           ,  -24.0          ,  0.0            
      2098,  40.0           ,  -23.0          ,  0.0            
      2099,  40.0           ,  -22.0          ,  0.0            
      2100,  40.0           ,  -21.0          ,  0.0            
      2101,  40.0           ,  -20.0          ,  0.0            
      2102,  40.0           ,  -19.0          ,  0.0            
      2103,  40.0           ,  -18.0          ,  0.0            
      2104,  40.0           ,  -17.0          ,  0.0            
      2105,  40.0           ,  -16.0          ,  0.0            
      2106,  40.0           ,  -15.0          ,  0.0            
      2107,  40.0           ,  -14.0          ,  0.0            
      2108,  40.0           ,  -13.0          ,  0.0            
      2109,  40.0           ,  -12.0          ,  0.0            
      2110,  40.0           ,  -11.0          ,  0.0            
      2111,  40.0           ,  -10.0          ,  0.0            
      2112,  40.0           ,  -9.0           ,  0.0            
      2113,  40.0           ,  -8.0           ,  0.0            
      2114,  40.0           ,  -7.0           ,  0.0            
      2115,  40.0           ,  -6.0           ,  0.0            
      2116,  40.0           ,  -5.0           ,  0.0            
      2117,  40.0           ,  -4.0           ,  0.0            
      2118,  40.0           ,  -3.0           ,  0.0            
      2119,  40.0           ,  -2.0           ,  0.0            
      2120,  40.0           ,  -1.0           ,  0.0            
      2121,  40.0           ,  -1.42108547E-14,  0.0            
      2122,  40.0           ,  1.0            ,  0.0            
      2123,  40.0           ,  2.0            ,  0.0            
      2124,  40.0           ,  3.0            ,  0.0            
      2125,  40.0           ,  4.0            ,  0.0            
      2126,  40.0           ,  5.0            ,  0.0            
      2127,  40.0           ,  6.0            ,  0.0            
      2128,  40.0           ,  7.0            ,  0.0            
      2129,  40.0           ,  8.0            ,  0.0            
      2130,  40.0           ,  9.0            ,  0.0            
      2131,  40.0           ,  10.0           ,  0.0            
      2132,  40.0           ,  11.0           ,  0.0            
      2133,  40.0           ,  12.0           ,  0.0            
      2134,  40.0           ,  13.0           ,  0.0            
      2135,  40.0           ,  14.0           ,  0.0            
      2136,  40.0           ,  15.0           ,  0.0            
      2137,  40.0           ,  16.0           ,  0.0            
      2138,  40.0           ,  17.0           ,  0.0            
      2139,  40.0           ,  18.0           ,  0.0            
      2140,  40.0           ,  19.0           ,  0.0            
      2141,  40.0           ,  20.0           ,  0.0            
      2142,  40.0           ,  21.0           ,  0.0            
      2143,  40.0           ,  22.0           ,  0.0            
      2144,  40.0           ,  23.0           ,  0.0            
      2145,  40.0           ,  24.0           ,  0.0            
      2146,  40.0           ,  25.0           ,  0.0            
      2147,  40.0           ,  26.0           ,  0.0            
      2148,  40.0           ,  27.0           ,  0.0            
      2149,  40.0           ,  28.0           ,  0.0            
      2150,  40.0           ,  29.0           ,  0.0            
      2151,  40.0           ,  30.0           ,  0.0            
      2152,  40.0           ,  31.0           ,  0.0            
      2153,  40.0           ,  32.0           ,  0.0            
      2154,  40.0           ,  33.0           ,  0.0            
      2155,  40.0           ,  34.0           ,  0.0            
      2156,  40.0           ,  35.0           ,  0.0            
      2157,  40.0           ,  36.0           ,  0.0            
      2158,  40.0           ,  37.0           ,  0.0            
      2159,  40.0           ,  38.0           ,  0.0            
      2160,  40.0           ,  39.0           ,  0.0            
      2161,  40.0           ,  40.0           ,  0.0            
      2162,  39.0           ,  40.0           ,  0.0            
      2163,  38.0           ,  40.0           ,  0.0            
      2164,  37.0           ,  40.0           ,  0.0            
      2165,  36.0           ,  40.0           ,  0.0            
      2166,  35.0           ,  40.0           ,  0.0            
      2167,  34.0           ,  40.0           ,  0.0            
      2168,  33.0           ,  40.0           ,  0.0            
      2169,  32.0           ,  40.0           ,  0.0            
      2170,  31.0           ,  40.0           ,  0.0            
      2171,  30.0           ,  40.0           ,  0.0            
      2172,  29.0           ,  40.0           ,  0.0            
      2173,  28.0           ,  40.0           ,  0.0            
      2174,  27.0           ,  40.0           ,  0.0            
      2175,  26.0           ,  40.0           ,  0.0            
      2176,  25.0           ,  40.0           ,  0.0            
      2177,  24.0           ,  40.0           ,  0.0            
      2178,  23.0           ,  40.0           ,  0.0            
      2179,  22.0           ,  40.0           ,  0.0            
      2180,  21.0           ,  40.0           ,  0.0            
      2181,  20.0           ,  40.0           ,  0.0            
      2182,  19.0           ,  40.0           ,  0.0            
      2183,  18.0           ,  40.0           ,  0.0            
      2184,  17.0           ,  40.0           ,  0.0            
      2185,  16.0           ,  40.0           ,  0.0            
      2186,  15.0           ,  40.0           ,  0.0            
      2187,  14.0           ,  40.0           ,  0.0            
      2188,  13.0           ,  40.0           ,  0.0            
      2189,  12.0           ,  40.0           ,  0.0            
      2190,  11.0           ,  40.0           ,  0.0            
      2191,  10.0           ,  40.0           ,  0.0            
      2192,  9.0            ,  40.0           ,  0.0            
      2193,  8.0            ,  40.0           ,  0.0            
      2194,  7.0            ,  40.0           ,  0.0            
      2195,  6.0            ,  40.0           ,  0.0            
      2196,  5.0            ,  40.0           ,  0.0            
      2197,  4.0            ,  40.0           ,  0.0            
      2198,  3.0            ,  40.0           ,  0.0            
      2199,  2.0            ,  40.0           ,  0.0            
      2200,  1.0            ,  40.0           ,  0.0            
      2201,  -1.42108547E-14,  40.0           ,  0.0            
      2202,  -1.0           ,  40.0           ,  0.0            
      2203,  -2.0           ,  40.0           ,  0.0            
      2204,  -3.0           ,  40.0           ,  0.0            
      2205,  -4.0           ,  40.0           ,  0.0            
      2206,  -5.0           ,  40.0           ,  0.0            
      2207,  -6.0           ,  40.0           ,  0.0            
      2208,  -7.0           ,  40.0           ,  0.0            
      2209,  -8.0           ,  40.0           ,  0.0            
      2210,  -9.0           ,  40.0           ,  0.0            
      2211,  -10.0          ,  40.0           ,  0.0            
      2212,  -11.0          ,  40.0           ,  0.0            
      2213,  -12.0          ,  40.0           ,  0.0            
      2214,  -13.0          ,  40.0           ,  0.0            
      2215,  -14.0          ,  40.0           ,  0.0            
      2216,  -15.0          ,  40.0           ,  0.0            
      2217,  -16.0          ,  40.0           ,  0.0            
      2218,  -17.0          ,  40.0           ,  0.0            
      2219,  -18.0          ,  40.0           ,  0.0            
      2220,  -19.0          ,  40.0           ,  0.0            
      2221,  -20.0          ,  40.0           ,  0.0            
      2222,  -21.0          ,  40.0           ,  0.0            
      2223,  -22.0          ,  40.0           ,  0.0            
      2224,  -23.0          ,  40.0           ,  0.0            
      2225,  -24.0          ,  40.0           ,  0.0            
      2226,  -25.0          ,  40.0           ,  0.0            
      2227,  -26.0          ,  40.0           ,  0.0            
      2228,  -27.0          ,  40.0           ,  0.0            
      2229,  -28.0          ,  40.0           ,  0.0            
      2230,  -29.0          ,  40.0           ,  0.0            
      2231,  -30.0          ,  40.0           ,  0.0            
      2232,  -31.0          ,  40.0           ,  0.0            
      2233,  -32.0          ,  40.0           ,  0.0            
      2234,  -33.0          ,  40.0           ,  0.0            
      2235,  -34.0          ,  40.0           ,  0.0            
      2236,  -35.0          ,  40.0           ,  0.0            
      2237,  -36.0          ,  40.0           ,  0.0            
      2238,  -37.0          ,  40.0           ,  0.0            
      2239,  -38.0          ,  40.0           ,  0.0            
      2240,  -39.0          ,  40.0           ,  0.0            
      2241,  -38.99934782046,  -38.99912253638,  0.0            
      2242,  -37.99886418407,  -38.99839111375,  0.0            
      2243,  -38.99893675976,  -37.99835472686,  0.0            
      2244,  -36.99845577781,  -38.99768209344,  0.0            
      2245,  -38.99857629261,  -36.9976220766 ,  0.0            
      2246,  -37.99804464825,  -37.99687917338,  0.0            
      2247,  -35.99808345131,  -38.99697514657,  0.0            
      2248,  -38.99822579993,  -35.99690293514,  0.0            
      2249,  -36.9972549558 ,  -37.9954526828 ,  0.0            
      2250,  -37.99732196971,  -36.99541859405,  0.0            
      2251,  -34.99772723268,  -38.99626716215,  0.0            
      2252,  -38.99787602394,  -34.99618848758,  0.0            
      2253,  -35.99652005504,  -37.99403427866,  0.0            
      2254,  -37.9966195364 ,  -35.99398213801,  0.0            
      2255,  -36.99617259239,  -36.99327475253,  0.0            
      2256,  -33.99738193472,  -38.99555942652,  0.0            
      2257,  -38.99752582271,  -33.9954758317 ,  0.0            
      2258,  -34.99581058492,  -37.99261619372,  0.0            
      2259,  -37.99591950558,  -34.99255425004,  0.0            
      2260,  -35.99508343407,  -36.99114410597,  0.0            
      2261,  -36.99511811153,  -35.9911244898 ,  0.0            
      2262,  -32.99704392453,  -38.99485345396,  0.0            
      2263,  -38.9971749448 ,  -32.99476170097,  0.0            
      2264,  -33.99512004958,  -37.99119911792,  0.0            
      2265,  -37.9952192161 ,  -33.99112973973,  0.0            
      2266,  -34.99402344838,  -36.98901540415,  0.0            
      2267,  -36.99406773549,  -34.98898448773,  0.0            
      2268,  -35.99367827601,  -35.98828206094,  0.0            
      2269,  -31.99672131037,  -38.99415113588,  0.0            
      2270,  -38.99682178407,  -31.99404512295,  0.0            
      2271,  -32.9944428744 ,  -37.98978508442,  0.0            
      2272,  -37.99451795104,  -32.98970292377,  0.0            
      2273,  -33.99298826569,  -36.98688841897,  0.0            
      2274,  -36.99301746966,  -33.9868486723 ,  0.0            
      2275,  -34.99226916084,  -35.98544241398,  0.0            
      2276,  -35.99227827116,  -34.98543090344,  0.0            
      2277,  -30.99641206518,  -38.99345300893,  0.0            
      2278,  -38.99646170437,  -30.99332431435,  0.0            
      2279,  -31.99379585445,  -37.98837686512,  0.0            
      2280,  -37.99381252683,  -31.98827312535,  0.0            
      2281,  -32.99197194114,  -36.98476513948,  0.0            
      2282,  -36.99196611289,  -32.98471033727,  0.0            
      2283,  -33.99088974331,  -35.98260497633,  0.0            
      2284,  -35.99087863998,  -33.9825840093 ,  0.0            
      2285,  -34.99052049404,  -34.98188058108,  0.0            
      2286,  -29.99612742699,  -38.99275814377,  0.0            
      2287,  -38.99608743464,  -29.99260042122,  0.0            
      2288,  -30.99317562165,  -37.98697569719,  0.0            
      2289,  -37.99309374106,  -30.98683774395,  0.0            
      2290,  -31.99100035527,  -36.9826488317 ,  0.0            
      2291,  -36.99090921317,  -31.98256927872,  0.0            
      2292,  -32.9895344748 ,  -35.97977165678,  0.0            
      2293,  -35.98947781864,  -32.97973511676,  0.0            
      2294,  -33.98879697261,  -34.97833265245,  0.0            
      2295,  -34.98877233475,  -33.97832277312,  0.0            
      2296,  -28.99585984971,  -38.99206335799,  0.0            
      2297,  -38.9956949422 ,  -28.99187559565,  0.0            
      2298,  -29.99260546636,  -37.98557998515,  0.0            
      2299,  -37.99234719184,  -29.98539868747,  0.0            
      2300,  -30.99006896442,  -36.98054114045,  0.0            
      2301,  -36.9898339604 ,  -30.98042269151,  0.0            
      2302,  -31.98823850025,  -35.97694588201,  0.0            
      2303,  -35.9880704022 ,  -31.97688402636,  0.0            
      2304,  -32.98710283954,  -34.97478890383,  0.0            
      2305,  -34.9870229756 ,  -32.97476385053,  0.0            
      2306,  -33.98670470315,  -33.97406408866,  0.0            
      2307,  -27.99561684083,  -38.99136546235,  0.0            
      2308,  -38.9952880732 ,  -27.99115244827,  0.0            
      2309,  -28.99207062939,  -37.98418443151,  0.0            
      2310,  -37.99156487858,  -28.98395803529,  0.0            
      2311,  -29.98921314656,  -36.97844022618,  0.0            
      2312,  -36.98872031861,  -29.9782726365 ,  0.0            
      2313,  -30.98699610809,  -35.97412946872,  0.0            
      2314,  -35.98664096227,  -30.97402849174,  0.0            
      2315,  -31.98548256934,  -34.97125287817,  0.0            
      2316,  -34.98526674372,  -31.97120345118,  0.0            
      2317,  -32.98467169122,  -33.96980959451,  0.0            
      2318,  -33.98461120035,  -32.96979508929,  0.0            
      2319,  -26.99538715364,  -38.99066347646,  0.0            
      2320,  -38.99487328745,  -26.99043092638,  0.0            
      2321,  -27.99158580773,  -37.98278375139,  0.0            
      2322,  -37.99075453943,  -27.98251901457,  0.0            
      2323,  -28.98841097694,  -36.97633955652,  0.0            
      2324,  -36.98755708521,  -28.97612052026,  0.0            
      2325,  -29.98585466776,  -35.97132051175,  0.0            
      2326,  -35.98516545315,  -29.971169927  ,  0.0            
      2327,  -30.98392927933,  -34.96772649319,  0.0            
      2328,  -34.98348747759,  -30.96764027162,  0.0            
      2329,  -31.98272710981,  -33.96556279887,  0.0            
      2330,  -33.98251091834,  -31.96552537467,  0.0            
      2331,  -32.98223938284,  -32.9648300623 ,  0.0            
      2332,  -25.99517389471,  -38.98995814209,  0.0            
      2333,  -38.99445413695,  -25.98971542844,  0.0            
      2334,  -26.99112770078,  -37.98137622709,  0.0            
      2335,  -37.98992921898,  -26.98108177765,  0.0            
      2336,  -27.98768430108,  -36.97423265417,  0.0            
      2337,  -36.98635507297,  -27.9739693093 ,  0.0            
      2338,  -28.98478504368,  -35.96851189833,  0.0            
      2339,  -35.98363039577,  -28.96830885947,  0.0            
      2340,  -29.98250224588,  -34.96420791261,  0.0            
      2341,  -34.98165991994,  -29.96407470027,  0.0            
      2342,  -30.98086294739,  -33.96132561903,  0.0            
      2343,  -33.98038818635,  -30.96125440968,  0.0            
      2344,  -31.97997056413,  -32.9598722535 ,  0.0            
      2345,  -32.97980109363,  -31.95985027629,  0.0            
      2346,  -24.99496843974,  -38.98925156772,  0.0            
      2347,  -38.99403059493,  -24.98900917436,  0.0            
      2348,  -25.99070190749,  -37.97996337707,  0.0            
      2349,  -37.98909541165,  -25.97965594762,  0.0            
      2350,  -26.9869977348 ,  -36.97211745612,  0.0            
      2351,  -36.98513245945,  -26.97181931519,  0.0            
      2352,  -27.9838162774 ,  -35.96569663712,  0.0            
      2353,  -35.9820487999 ,  -27.96544717159,  0.0            
      2354,  -28.9811650898 ,  -34.96068978927,  0.0            
      2355,  -34.97976988234,  -28.960506183  ,  0.0            
      2356,  -29.97915032836,  -33.95709637164,  0.0            
      2357,  -33.97821858228,  -29.95698176627,  0.0            
      2358,  -30.97779570595,  -32.95492366427,  0.0            
      2359,  -32.97734332909,  -30.95487013887,  0.0            
      2360,  -31.9772089538 ,  -31.95418136974,  0.0            
      2361,  -23.99477919915,  -38.98854658803,  0.0            
      2362,  -38.99360879994,  -23.98835159853,  0.0            
      2363,  -24.99029101654,  -37.97854851913,  0.0            
      2364,  -37.98825267667,  -24.97824724474,  0.0            
      2365,  -25.98635938762,  -36.96999593086,  0.0            
      2366,  -36.98389787613,  -25.96968550785,  0.0            
      2367,  -26.98290099926,  -35.96287247853,  0.0            
      2368,  -35.98044267161,  -26.96258513694,  0.0            
      2369,  -27.97995407802,  -34.95716498056,  0.0            
      2370,  -34.97783099087,  -27.95693498153,  0.0            
      2371,  -28.97754562371,  -33.95286770156,  0.0            
      2372,  -33.97598842443,  -28.9527057762 ,  0.0            
      2373,  -29.97579765614,  -32.94998292509,  0.0            
      2374,  -32.97484507165,  -29.94988882185,  0.0            
      2375,  -30.97472464802,  -31.94852072438,  0.0            
      2376,  -31.97443140875,  -30.94849023305,  0.0            
      2377,  -22.99460267799,  -38.98784519314,  0.0            
      2378,  -38.99320375892,  -22.98776226216,  0.0            
      2379,  -23.98991197527,  -37.97713592657,  0.0            
      2380,  -37.98740826675,  -23.97692825546,  0.0            
      2381,  -24.98574312854,  -36.96787203406,  0.0            
      2382,  -36.98264994008,  -24.96757595501,  0.0            
      2383,  -25.98204994007,  -35.96004163122,  0.0            
      2384,  -35.9788227411 ,  -25.95974305416,  0.0            
      2385,  -26.97880992941,  -34.95363112699,  0.0            
      2386,  -34.97586623387,  -26.95336105217,  0.0            
      2387,  -27.97609231957,  -33.94863255048,  0.0            
      2388,  -33.97371079438,  -27.94842515766,  0.0            
      2389,  -28.97392558616,  -32.94504286402,  0.0            
      2390,  -32.97229453766,  -28.94490387461,  0.0            
      2391,  -29.97244219993,  -31.9428674996 ,  0.0            
      2392,  -31.97162115187,  -29.94279791929,  0.0            
      2393,  -30.97164206682,  -30.94211689954,  0.0            
      2394,  -21.99446018987,  -38.98714692917,  0.0            
      2395,  -38.99285865551,  -21.98734268917,  0.0            
      2396,  -22.9895590192 ,  -37.97572880143,  0.0            
      2397,  -37.98658878181,  -22.97572736194,  0.0            
      2398,  -23.98517480432,  -36.96575068426,  0.0            
      2399,  -36.98139585494,  -23.96559435451,  0.0            
      2400,  -24.98122834381,  -35.95720828409,  0.0            
      2401,  -35.97718780268,  -24.95693175606,  0.0            
      2402,  -25.97774605893,  -34.95009054081,  0.0            
      2403,  -34.97388656008,  -25.94980995727,  0.0            
      2404,  -26.9747192556 ,  -33.94438847753,  0.0            
      2405,  -33.97140770428,  -26.94413942639,  0.0            
      2406,  -27.97223010961,  -32.940096689  ,  0.0            
      2407,  -32.96970285144,  -27.93991301028,  0.0            
      2408,  -28.9703037616 ,  -31.93721498747,  0.0            
      2409,  -31.96876876467,  -28.93710169467,  0.0            
      2410,  -29.9690788434 ,  -30.93575010978,  0.0            
      2411,  -30.96853614366,  -29.9357113404 ,  0.0            
      2412,  -20.9943442496 ,  -38.98643924966,  0.0            
      2413,  -38.99265100562,  -20.98709304181,  0.0            
      2414,  -21.98927767211,  -37.97432429361,  0.0            
      2415,  -37.98587194436,  -21.97483247049,  0.0            
      2416,  -22.98464683636,  -36.96363508139,  0.0            
      2417,  -36.9801698161 ,  -22.96377414144,  0.0            
      2418,  -23.98047112713,  -35.95437755448,  0.0            
      2419,  -35.97554562322,  -23.95428621559,  0.0            
      2420,  -24.9767191228 ,  -34.94654744374,  0.0            
      2421,  -34.97189020919,  -24.94629554197,  0.0            
      2422,  -25.97344253936,  -33.94013781471,  0.0            
      2423,  -33.96908933608,  -25.93987927739,  0.0            
      2424,  -26.97062822982,  -32.93514190717,  0.0            
      2425,  -32.96708843219,  -26.93491543399,  0.0            
      2426,  -27.96836674424,  -31.93155692443,  0.0            
      2427,  -31.96588280468,  -27.93139884412,  0.0            
      2428,  -28.96667725549,  -30.92938395671,  0.0            
      2429,  -30.96540017137,  -28.92930144166,  0.0            
      2430,  -29.96569986701,  -29.92863004344,  0.0            
      2431,  -19.99428714891,  -38.98569833114,  0.0            
      2432,  -38.99268381618,  -19.98710266316,  0.0            
      2433,  -20.98905674826,  -37.97289747726,  0.0            
      2434,  -37.98541450864,  -20.97423581504,  0.0            
      2435,  -21.98422972395,  -36.96151893747,  0.0            
      2436,  -36.97907933038,  -21.96238452959,  0.0            
      2437,  -22.97976904026,  -35.95155199352,  0.0            
      2438,  -35.97393615995,  -22.9518449152 ,  0.0            
      2439,  -23.97577317335,  -34.94300695548,  0.0            
      2440,  -34.9698849493 ,  -23.94298462634,  0.0            
      2441,  -24.97221025522,  -33.93588469489,  0.0            
      2442,  -33.96675345017,  -24.9356614482 ,  0.0            
      2443,  -25.96913869131,  -32.9301808212 ,  0.0            
      2444,  -32.96445883196,  -25.92994680379,  0.0            
      2445,  -26.96653651975,  -31.92589082144,  0.0            
      2446,  -31.96297692663,  -26.92568835633,  0.0            
      2447,  -27.96450068029,  -30.92301302373,  0.0            
      2448,  -30.9622397501 ,  -27.92288445632,  0.0            
      2449,  -28.96304175109,  -29.92154920899,  0.0            
      2450,  -29.96230080105,  -28.92150500948,  0.0            
      2451,  -18.99427604677,  -38.98490363061,  0.0            
      2452,  -38.99298949844,  -18.98726368833,  0.0            
      2453,  -19.98896185121,  -37.97140035916,  0.0            
      2454,  -37.98542617552,  -19.97413157484,  0.0            
      2455,  -20.9839088895 ,  -36.95936406181,  0.0            
      2456,  -36.97835318661,  -20.96140846198,  0.0            
      2457,  -21.97921764738,  -35.94872103803,  0.0            
      2458,  -35.97249099635,  -21.94995727192,  0.0            
      2459,  -22.97489734426,  -34.93947066244,  0.0            
      2460,  -34.96791500051,  -22.93992138357,  0.0            
      2461,  -23.97107560718,  -33.93163414993,  0.0            
      2462,  -33.96440824996,  -23.93168475306,  0.0            
      2463,  -24.96770105302,  -32.92521737368,  0.0            
      2464,  -32.96181032638,  -24.92502644044,  0.0            
      2465,  -25.96483429304,  -31.92021888827,  0.0            
      2466,  -31.960054862  ,  -25.92001056292,  0.0            
      2467,  -26.96244348424,  -30.91663491542,  0.0            
      2468,  -27.96062967715,  -29.91446455591,  0.0            
      2469,  -30.9590629417 ,  -26.91645905987,  0.0            
      2470,  -28.95939464018,  -28.91370882969,  0.0            
      2471,  -29.95888460814,  -27.91437239124,  0.0            
      2472,  -38.99347398111,  -17.98759906392,  0.0            
      2473,  -17.99433907494,  -38.98405816107,  0.0            
      2474,  -18.98896218914,  -37.96979416451,  0.0            
      2475,  -37.98598254076,  -18.97434327828,  0.0            
      2476,  -19.98378274267,  -36.95709941748,  0.0            
      2477,  -36.97830386475,  -19.96114918967,  0.0            
      2478,  -20.97879876089,  -35.94583281863,  0.0            
      2479,  -35.97150159913,  -20.9485959967 ,  0.0            
      2480,  -21.97421228959,  -34.93592334951,  0.0            
      2481,  -34.9661325615 ,  -21.93753573732,  0.0            
      2482,  -22.97002619765,  -33.92738669135,  0.0            
      2483,  -33.96210200595,  -22.9279994306 ,  0.0            
      2484,  -23.96637760611,  -32.92025639519,  0.0            
      2485,  -32.95915070128,  -23.92038475438,  0.0            
      2486,  -24.96319127944,  -31.91454472732,  0.0            
      2487,  -31.95711028959,  -24.91438712687,  0.0            
      2488,  -25.96052896744,  -30.91025168732,  0.0            
      2489,  -26.95834821653,  -29.90737388485,  0.0            
      2490,  -30.95586873224,  -25.91006994741,  0.0            
      2491,  -27.95675227694,  -28.9059099776 ,  0.0            
      2492,  -29.95545393232,  -26.90723033426,  0.0            
      2493,  -28.95573676018,  -27.90586042578,  0.0            
      2494,  -38.99401230928,  -16.98799725917,  0.0            
      2495,  -16.99444773467,  -38.98318044657,  0.0            
      2496,  -37.98690496344,  -17.97494980803,  0.0            
      2497,  -17.98910716232,  -37.96808849393,  0.0            
      2498,  -18.98380126901,  -36.95467038287,  0.0            
      2499,  -36.97905483556,  -18.96137168665,  0.0            
      2500,  -19.97864320877,  -35.94279402953,  0.0            
      2501,  -35.97137389009,  -19.94817263149,  0.0            
      2502,  -20.97369608588,  -34.93229925894,  0.0            
      2503,  -34.96488486284,  -20.93578987889,  0.0            
      2504,  -21.96920785165,  -33.92312249233,  0.0            
      2505,  -33.96000508678,  -21.92511638565,  0.0            
      2506,  -22.96515460596,  -32.91529717715,  0.0            
      2507,  -32.9565309166 ,  -22.91607804821,  0.0            
      2508,  -23.96167849411,  -31.90887275975,  0.0            
      2509,  -24.95868047724,  -30.90386640171,  0.0            
      2510,  -31.95414997118,  -23.90907972598,  0.0            
      2511,  -25.95622221068,  -29.90027905278,  0.0            
      2512,  -30.9526472287 ,  -24.90374105723,  0.0            
      2513,  -26.95425002212,  -28.89810660174,  0.0            
      2514,  -29.95200174559,  -25.9001276131 ,  0.0            
      2515,  -27.95286784993,  -27.89734721799,  0.0            
      2516,  -28.9520660266 ,  -26.8980016116 ,  0.0            
      2517,  -38.99453043287,  -15.9884853666 ,  0.0            
      2518,  -15.99460376833,  -38.98228556288,  0.0            
      2519,  -37.98794490723,  -16.97572796571,  0.0            
      2520,  -16.98933641387,  -37.96632213135,  0.0            
      2521,  -36.98035805622,  -17.96222019757,  0.0            
      2522,  -17.98403362266,  -36.95209561149,  0.0            
      2523,  -18.97868133784,  -35.93953613077,  0.0            
      2524,  -35.97227936951,  -18.94839465461,  0.0            
      2525,  -19.97351175814,  -34.92848341801,  0.0            
      2526,  -34.96466333117,  -19.9352023793 ,  0.0            
      2527,  -20.96859501365,  -33.91876243816,  0.0            
      2528,  -33.95851411149,  -20.92298749379,  0.0            
      2529,  -21.96420303045,  -32.91031530386,  0.0            
      2530,  -22.96028120528,  -31.90320093748,  0.0            
      2531,  -32.95413693085,  -21.91269826887,  0.0            
      2532,  -23.95697661666,  -30.89748269506,  0.0            
      2533,  -31.95122755429,  -22.90415105268,  0.0            
      2534,  -24.9541679698 ,  -29.89318239465,  0.0            
      2535,  -30.94940340406,  -23.89776521122,  0.0            
      2536,  -25.95191355686,  -28.89030038481,  0.0            
      2537,  -29.94851198678,  -24.89309041494,  0.0            
      2538,  -26.9501474025 ,  -27.88883149717,  0.0            
      2539,  -28.94836926751,  -25.89018522056,  0.0            
      2540,  -27.94897035867,  -26.8887736784 ,  0.0            
      2541,  -38.99500798092,  -14.98900174646,  0.0            
      2542,  -14.99477819097,  -38.98138317742,  0.0            
      2543,  -37.98895680128,  -15.97671368786,  0.0            
      2544,  -15.98965441994,  -37.96452652968,  0.0            
      2545,  -36.98185527516,  -16.9633638749 ,  0.0            
      2546,  -16.98438691038,  -36.94943522631,  0.0            
      2547,  -35.97391249341,  -17.94947409599,  0.0            
      2548,  -17.97900188335,  -35.93608856224,  0.0            
      2549,  -18.97356983977,  -34.92439449176,  0.0            
      2550,  -34.96568682252,  -18.93542218306,  0.0            
      2551,  -19.9683827613 ,  -33.91417126832,  0.0            
      2552,  -33.95819750142,  -19.92223758293,  0.0            
      2553,  -20.96349407214,  -32.9052190134 ,  0.0            
      2554,  -21.95919481433,  -31.89750076347,  0.0            
      2555,  -32.95241064337,  -20.9101875816 ,  0.0            
      2556,  -22.95540203676,  -30.8910968261 ,  0.0            
      2557,  -31.94854385996,  -21.90027374781,  0.0            
      2558,  -23.9522693922 ,  -29.88608640858,  0.0            
      2559,  -30.94619298324,  -22.89221206025,  0.0            
      2560,  -24.94965313882,  -28.88249279831,  0.0            
      2561,  -29.94498610156,  -23.88644252441,  0.0            
      2562,  -25.94760106254,  -27.88031483437,  0.0            
      2563,  -28.94462326691,  -24.88243971474,  0.0            
      2564,  -26.94603159266,  -26.87954630398,  0.0            
      2565,  -27.94503971903,  -25.88024648252,  0.0            
      2566,  -38.9954428583 ,  -13.98955828841,  0.0            
      2567,  -13.99496553744,  -38.98047683705,  0.0            
      2568,  -37.98989530162,  -14.9777664061 ,  0.0            
      2569,  -14.99000582482,  -37.962718931  ,  0.0            
      2570,  -36.98333141452,  -15.96484558668,  0.0            
      2571,  -15.98486854452,  -36.94673630557,  0.0            
      2572,  -35.97581779142,  -16.95097525331,  0.0            
      2573,  -16.97947954799,  -35.93253295957,  0.0            
      2574,  -34.96760318508,  -17.93672895695,  0.0            
      2575,  -17.97397862856,  -34.92007358486,  0.0            
      2576,  -18.96846159815,  -33.90925621895,  0.0            
      2577,  -33.9593174385 ,  -18.92245604226,  0.0            
      2578,  -19.96325444092,  -32.8998545252 ,  0.0            
      2579,  -20.95838806835,  -31.8916702598 ,  0.0            
      2580,  -32.95199340294,  -19.90927659688,  0.0            
      2581,  -21.95417362641,  -30.88467634864,  0.0            
      2582,  -31.94658359336,  -20.89738096446,  0.0            
      2583,  -22.95051051053,  -29.8789855793 ,  0.0            
      2584,  -30.94323017918,  -21.88783383594,  0.0            
      2585,  -23.94755486244,  -28.87468488738,  0.0            
      2586,  -29.94148254669,  -22.8802609816 ,  0.0            
      2587,  -24.9451340305 ,  -27.87179771434,  0.0            
      2588,  -28.94082547178,  -23.87511930706,  0.0            
      2589,  -25.94327419158,  -26.87032101908,  0.0            
      2590,  -27.94104332072,  -24.87179628161,  0.0            
      2591,  -26.94187697372,  -25.87031268827,  0.0            
      2592,  -38.99584799055,  -12.99012795998,  0.0            
      2593,  -12.99515246066,  -38.97956788242,  0.0            
      2594,  -37.99075582988,  -13.97890012579,  0.0            
      2595,  -13.99038219902,  -37.96090588018,  0.0            
      2596,  -36.98471362488,  -14.96644032483,  0.0            
      2597,  -14.98539769489,  -36.94402269919,  0.0            
      2598,  -35.97771733606,  -15.9529496029 ,  0.0            
      2599,  -15.98012491628,  -35.9289313073 ,  0.0            
      2600,  -34.96987228084,  -16.93858366789,  0.0            
      2601,  -16.97458058045,  -34.91562377133,  0.0            
      2602,  -33.96147967421,  -17.9239893049 ,  0.0            
      2603,  -17.96895908984,  -33.90407026774,  0.0            
      2604,  -18.96335446803,  -32.89411925316,  0.0            
      2605,  -32.9531904051 ,  -18.90949459941,  0.0            
      2606,  -19.95811759814,  -31.88554160576,  0.0            
      2607,  -20.95325866775,  -30.87811140751,  0.0            
      2608,  -31.9460577589 ,  -19.89630772093,  0.0            
      2609,  -21.9491233811 ,  -29.87184469391,  0.0            
      2610,  -30.94104064615,  -20.88455509979,  0.0            
      2611,  -22.94560170565,  -28.8668692172 ,  0.0            
      2612,  -29.9382302429 ,  -21.87537574778,  0.0            
      2613,  -23.94283162334,  -27.86327953034,  0.0            
      2614,  -28.93703794807,  -22.86830814886,  0.0            
      2615,  -24.94059999299,  -26.86109703336,  0.0            
      2616,  -27.93697311776,  -23.86380660224,  0.0            
      2617,  -25.93890280306,  -25.86038500931,  0.0            
      2618,  -26.93764280558,  -24.86116309062,  0.0            
      2619,  -38.99622886773,  -11.99071812028,  0.0            
      2620,  -11.99533440303,  -38.97865219445,  0.0            
      2621,  -37.99156045433,  -12.98005877197,  0.0            
      2622,  -36.98599060831,  -13.96816030618,  0.0            
      2623,  -12.99075959664,  -37.95908880064,  0.0            
      2624,  -35.97951397347,  -14.95508716136,  0.0            
      2625,  -13.98596409564,  -36.9413029435 ,  0.0            
      2626,  -34.97215926555,  -15.94104786219,  0.0            
      2627,  -14.98083198872,  -35.92531309064,  0.0            
      2628,  -33.96406769949,  -16.92619546618,  0.0            
      2629,  -15.97538960928,  -34.91112137169,  0.0            
      2630,  -16.96968545994,  -33.89873687856,  0.0            
      2631,  -32.9555704884 ,  -17.91125323276,  0.0            
      2632,  -17.96394011797,  -32.88807801735,  0.0            
      2633,  -18.95823388833,  -31.87900584594,  0.0            
      2634,  -31.94731311571,  -18.89652329013,  0.0            
      2635,  -19.95293891277,  -30.87122492058,  0.0            
      2636,  -20.9480744897 ,  -29.86455083284,  0.0            
      2637,  -30.9404045484 ,  -19.88331259245,  0.0            
      2638,  -21.94403239978,  -28.85900872621,  0.0            
      2639,  -29.93579606929,  -20.87170287704,  0.0            
      2640,  -22.94067553112,  -27.85475112968,  0.0            
      2641,  -28.93350493495,  -21.86291148973,  0.0            
      2642,  -23.93809087225,  -26.85187156569,  0.0            
      2643,  -27.93289546234,  -22.85636739082,  0.0            
      2644,  -24.93601973198,  -25.85046042495,  0.0            
      2645,  -25.93443895491,  -24.85054010342,  0.0            
      2646,  -26.93331602245,  -23.8525083203 ,  0.0            
      2647,  -38.9965620653 ,  -10.99131275336,  0.0            
      2648,  -10.99550723836,  -38.97771733821,  0.0            
      2649,  -37.9923178116 ,  -11.98126323201,  0.0            
      2650,  -36.98718952134,  -12.9699181683 ,  0.0            
      2651,  -11.99113211827,  -37.95725960528,  0.0            
      2652,  -35.98119047966,  -13.95739690357,  0.0            
      2653,  -12.98653435833,  -36.93857837753,  0.0            
      2654,  -34.97434437255,  -14.94372720348,  0.0            
      2655,  -13.98158906309,  -35.92168831088,  0.0            
      2656,  -33.9666980554 ,  -15.929146614  ,  0.0            
      2657,  -14.97627466724,  -34.90660093354,  0.0            
      2658,  -32.95844703427,  -16.9138079587 ,  0.0            
      2659,  -15.97065802207,  -33.89334557489,  0.0            
      2660,  -16.96478950613,  -32.88187334294,  0.0            
      2661,  -31.94988371222,  -17.89850223563,  0.0            
      2662,  -17.95889912887,  -31.87213871652,  0.0            
      2663,  -30.94171140531,  -18.88351679559,  0.0            
      2664,  -18.95304688751,  -30.86390545938,  0.0            
      2665,  -19.94766177507,  -29.85692564084,  0.0            
      2666,  -20.94281290645,  -28.85099109686,  0.0            
      2667,  -29.93502943951,  -19.87027777694,  0.0            
      2668,  -21.93890369033,  -27.84617557734,  0.0            
      2669,  -28.93083332506,  -20.85883645187,  0.0            
      2670,  -22.93572785833,  -26.8426334551 ,  0.0            
      2671,  -27.92907028542,  -21.85045641394,  0.0            
      2672,  -23.93330284971,  -25.84053236674,  0.0            
      2673,  -24.93134244519,  -24.83992055306,  0.0            
      2674,  -26.92896604505,  -22.84444177189,  0.0            
      2675,  -25.92986390362,  -23.84122056986,  0.0            
      2676,  -38.99679704634,  -9.991933707267,  0.0            
      2677,  -37.99297885754,  -10.98249056402,  0.0            
      2678,  -9.995677465013,  -38.97674445006,  0.0            
      2679,  -36.98831849992,  -11.97174926446,  0.0            
      2680,  -10.99149415425,  -37.95539348193,  0.0            
      2681,  -35.98277536724,  -12.95975844502,  0.0            
      2682,  -11.9871025717 ,  -36.93583776175,  0.0            
      2683,  -34.97640384642,  -13.94662713579,  0.0            
      2684,  -12.98235377923,  -35.91805810166,  0.0            
      2685,  -33.96923593393,  -14.93236502477,  0.0            
      2686,  -13.9772228136 ,  -34.90207366015,  0.0            
      2687,  -32.96139162757,  -15.91724108479,  0.0            
      2688,  -14.97172083506,  -33.88793521271,  0.0            
      2689,  -31.95301700956,  -16.90139891214,  0.0            
      2690,  -15.96592328583,  -32.87560677752,  0.0            
      2691,  -16.95986049856,  -31.86509805626,  0.0            
      2692,  -30.94446219364,  -17.88570263368,  0.0            
      2693,  -17.95375698995,  -30.85623865772,  0.0            
      2694,  -29.93636382148,  -18.87045505432,  0.0            
      2695,  -18.94770392688,  -29.84886060336,  0.0            
      2696,  -19.94224644322,  -28.84264288606,  0.0            
      2697,  -20.9374822033 ,  -27.83744633015,  0.0            
      2698,  -28.92993960731,  -19.85721473123,  0.0            
      2699,  -21.93374250959,  -26.83334679375,  0.0            
      2700,  -22.93073449507,  -25.8305860107 ,  0.0            
      2701,  -27.92614013737,  -20.8459708989 ,  0.0            
      2702,  -23.92841672437,  -24.82929168979,  0.0            
      2703,  -26.92486416169,  -21.83801072494,  0.0            
      2704,  -24.92654368512,  -23.82992764142,  0.0            
      2705,  -25.92524496045,  -22.83251925084,  0.0            
      2706,  -38.99689958944,  -8.992582978168,  0.0            
      2707,  -37.99343993246,  -9.983785542513,  0.0            
      2708,  -8.995862665532,  -38.97572502186,  0.0            
      2709,  -36.98930106657,  -10.97362466535,  0.0            
      2710,  -9.991855961477,  -37.95345199428,  0.0            
      2711,  -35.98427088335,  -11.9622211378 ,  0.0            
      2712,  -34.97836420558,  -12.94959373834,  0.0            
      2713,  -10.98766216753,  -36.93304652707,  0.0            
      2714,  -33.97165462656,  -13.93585308962,  0.0            
      2715,  -11.98312088112,  -35.91440885133,  0.0            
      2716,  -32.96425574849,  -14.92099339276,  0.0            
      2717,  -12.97818294748,  -34.89754074111,  0.0            
      2718,  -31.95624378426,  -15.90530493211,  0.0            
      2719,  -13.9728598047 ,  -33.8825179095 ,  0.0            
      2720,  -14.96716107855,  -32.86932076379,  0.0            
      2721,  -30.94783926078,  -16.88892795327,  0.0            
      2722,  -15.96114182268,  -31.85799438705,  0.0            
      2723,  -29.93926999375,  -17.87282854239,  0.0            
      2724,  -16.9547895888 ,  -30.84839381824,  0.0            
      2725,  -17.94838180786,  -29.84044821921,  0.0            
      2726,  -28.93129960084,  -18.85734886258,  0.0            
      2727,  -18.94214375319,  -28.83386233463,  0.0            
      2728,  -19.93671084967,  -27.8284024163 ,  0.0            
      2729,  -20.93210234695,  -26.82391364248,  0.0            
      2730,  -21.92853387739,  -25.82058657144,  0.0            
      2731,  -27.9250807561 ,  -19.84413817429,  0.0            
      2732,  -22.92564891997,  -24.8186319088 ,  0.0            
      2733,  -26.9216782951 ,  -20.8331019473 ,  0.0            
      2734,  -23.9233995359 ,  -23.81860023668,  0.0            
      2735,  -25.92084880864,  -21.82554637345,  0.0            
      2736,  -24.92167890799,  -22.82056763228,  0.0            
      2737,  -38.99689092014,  -7.993289184456,  0.0            
      2738,  -37.99363320956,  -8.985140487476,  0.0            
      2739,  -7.996115707454,  -38.97468151885,  0.0            
      2740,  -36.98998106557,  -9.975611827693,  0.0            
      2741,  -35.98557014705,  -10.96474984045,  0.0            
      2742,  -8.9922413107  ,  -37.95141603909,  0.0            
      2743,  -34.98021847286,  -11.95269018771,  0.0            
      2744,  -9.988225290031,  -36.93015059088,  0.0            
      2745,  -33.9739760464 ,  -12.93942431316,  0.0            
      2746,  -10.98388300206,  -35.91069888377,  0.0            
      2747,  -32.96700935432,  -13.9250650896 ,  0.0            
      2748,  -11.97915086095,  -34.89298801514,  0.0            
      2749,  -31.95940463372,  -14.90958387603,  0.0            
      2750,  -12.97401508171,  -33.87709499387,  0.0            
      2751,  -30.95133136153,  -15.8932928998 ,  0.0            
      2752,  -13.96848780076,  -32.8630282092 ,  0.0            
      2753,  -29.94286753433,  -16.87636632001,  0.0            
      2754,  -14.96253986781,  -31.85087213885,  0.0            
      2755,  -15.95617157876,  -30.84048761299,  0.0            
      2756,  -28.93435379581,  -17.85989207181,  0.0            
      2757,  -16.94939741544,  -29.8318620404 ,  0.0            
      2758,  -17.94268628029,  -28.82474559706,  0.0            
      2759,  -27.92640836729,  -18.84421356241,  0.0            
      2760,  -18.93639849144,  -27.818952663  ,  0.0            
      2761,  -19.93109809941,  -26.814189891  ,  0.0            
      2762,  -20.92667200253,  -25.81044917308,  0.0            
      2763,  -21.92323707204,  -24.80790459698,  0.0            
      2764,  -26.92042853928,  -19.83103997382,  0.0            
      2765,  -22.92042783885,  -23.80719422089,  0.0            
      2766,  -25.91733293957,  -20.82017723286,  0.0            
      2767,  -23.91827753978,  -22.80852577419,  0.0            
      2768,  -24.9169845071 ,  -21.81299701688,  0.0            
      2769,  -38.99681276206,  -6.994030407752,  0.0            
      2770,  -37.99360516597,  -7.986600916612,  0.0            
      2771,  -6.996512892689,  -38.97367940589,  0.0            
      2772,  -36.99025880196,  -8.977691614619,  0.0            
      2773,  -35.98646455888,  -9.967434701803,  0.0            
      2774,  -7.992729599402,  -37.94932306599,  0.0            
      2775,  -34.98182920306,  -10.95587509536,  0.0            
      2776,  -33.97617948515,  -11.94315597339,  0.0            
      2777,  -8.98881658187 ,  -36.92712190954,  0.0            
      2778,  -32.96966859666,  -12.92923991236,  0.0            
      2779,  -9.984653122428,  -35.90686291563,  0.0            
      2780,  -31.96246672428,  -13.91423412568,  0.0            
      2781,  -10.98011844124,  -34.88837174765,  0.0            
      2782,  -30.95476531193,  -14.89809105982,  0.0            
      2783,  -11.97518346309,  -33.87165280728,  0.0            
      2784,  -12.9698346733 ,  -32.85673107904,  0.0            
      2785,  -29.94660257635,  -15.88117614058,  0.0            
      2786,  -13.96403948264,  -31.84374476517,  0.0            
      2787,  -28.93815881926,  -16.86372937597,  0.0            
      2788,  -14.95768096454,  -30.83256506102,  0.0            
      2789,  -15.95078114815,  -29.82321975292,  0.0            
      2790,  -27.92954367796,  -17.84691278706,  0.0            
      2791,  -16.94356856034,  -28.81546459662,  0.0            
      2792,  -17.93672272858,  -27.80919221748,  0.0            
      2793,  -26.92166406391,  -18.83103898878,  0.0            
      2794,  -18.93054186141,  -26.8040972928 ,  0.0            
      2795,  -19.92542525186,  -25.8000549985 ,  0.0            
      2796,  -20.92115898388,  -24.79703907691,  0.0            
      2797,  -21.91779603628,  -23.79565836524,  0.0            
      2798,  -25.91571442365,  -19.8178373513 ,  0.0            
      2799,  -22.91505248649,  -22.79630203242,  0.0            
      2800,  -24.91305875763,  -20.80708016413,  0.0            
      2801,  -23.91320015075,  -21.8002247745 ,  0.0            
      2802,  -38.99667556064,  -5.994794561994,  0.0            
      2803,  -37.99344373959,  -6.98812491417 ,  0.0            
      2804,  -5.997198366387,  -38.97290996924,  0.0            
      2805,  -36.99020767194,  -7.979924864914,  0.0            
      2806,  -35.9868240663 ,  -8.970245036473,  0.0            
      2807,  -34.98293803797,  -9.959261064315,  0.0            
      2808,  -6.993424415372,  -37.94729457326,  0.0            
      2809,  -33.97809586564,  -10.94700078767,  0.0            
      2810,  -7.989528552997,  -36.92400986209,  0.0            
      2811,  -32.97220006396,  -11.93360935777,  0.0            
      2812,  -8.98545419876 ,  -35.90286667684,  0.0            
      2813,  -31.96543945058,  -12.91901418676,  0.0            
      2814,  -9.981098993664,  -34.88362309457,  0.0            
      2815,  -30.95810350128,  -13.90331727222,  0.0            
      2816,  -10.97635587258,  -33.86614872091,  0.0            
      2817,  -29.95028509064,  -14.88648948721,  0.0            
      2818,  -11.97119940069,  -32.85041827471,  0.0            
      2819,  -28.94211672129,  -15.86897545344,  0.0            
      2820,  -12.96556303506,  -31.83661516969,  0.0            
      2821,  -13.95930540134,  -30.82464024016,  0.0            
      2822,  -27.93349298201,  -16.85104203043,  0.0            
      2823,  -14.9522997387 ,  -29.81456475418,  0.0            
      2824,  -26.92479629818,  -17.83388241558,  0.0            
      2825,  -15.94482521573,  -28.80613432603,  0.0            
      2826,  -16.93737985062,  -27.79928378339,  0.0            
      2827,  -17.9306044213 ,  -26.79372727257,  0.0            
      2828,  -25.91656228034,  -18.81771615389,  0.0            
      2829,  -18.92461412488,  -25.7893466707 ,  0.0            
      2830,  -19.91966954705,  -24.7859495658 ,  0.0            
      2831,  -20.91550074202,  -23.78394755092,  0.0            
      2832,  -21.91212402285,  -22.78379751874,  0.0            
      2833,  -24.91085037233,  -19.80434119369,  0.0            
      2834,  -22.90952980786,  -21.7870143372 ,  0.0            
      2835,  -23.90858496482,  -20.79354919859,  0.0            
      2836,  -38.9964551304 ,  -4.995549573024,  0.0            
      2837,  -37.9931744631 ,  -5.989700205992,  0.0            
      2838,  -36.98996335298,  -6.982250793556,  0.0            
      2839,  -4.998256597361,  -38.97285265185,  0.0            
      2840,  -35.9867503192 ,  -7.973257110544,  0.0            
      2841,  -34.98338683576,  -8.962805386941,  0.0            
      2842,  -5.994527132506,  -37.94570749205,  0.0            
      2843,  -33.97941994177,  -9.951092793999,  0.0            
      2844,  -6.990472376725,  -36.92098651928,  0.0            
      2845,  -32.97440942444,  -10.9381212005 ,  0.0            
      2846,  -31.96827695063,  -11.92402753477,  0.0            
      2847,  -7.986386587285,  -35.89876974264,  0.0            
      2848,  -30.96135070258,  -12.90870989829,  0.0            
      2849,  -8.982112544099,  -34.87870577624,  0.0            
      2850,  -29.95387054642,  -13.89229357852,  0.0            
      2851,  -9.977545951778,  -33.86051529096,  0.0            
      2852,  -28.94601866688,  -14.87480498611,  0.0            
      2853,  -10.97257125246,  -32.8440527695 ,  0.0            
      2854,  -11.96711059337,  -31.8294757023 ,  0.0            
      2855,  -27.93761611294,  -15.85672063027,  0.0            
      2856,  -12.96095975467,  -30.81671765159,  0.0            
      2857,  -26.92880087353,  -16.8383000916 ,  0.0            
      2858,  -13.95394935308,  -29.80591152407,  0.0            
      2859,  -14.94622073729,  -28.79679534886,  0.0            
      2860,  -25.91933459806,  -17.8206765887 ,  0.0            
      2861,  -15.9384085241 ,  -27.78933464986,  0.0            
      2862,  -16.93099010353,  -26.78322911886,  0.0            
      2863,  -24.91092735478,  -18.80398242841,  0.0            
      2864,  -17.9244001905 ,  -25.77841674532,  0.0            
      2865,  -18.91860604162,  -24.77461358908,  0.0            
      2866,  -19.91376949823,  -23.77205162777,  0.0            
      2867,  -20.90953845444,  -22.77098126661,  0.0            
      2868,  -21.90598902526,  -21.77313256176,  0.0            
      2869,  -22.90397524251,  -20.77916294404,  0.0            
      2870,  -23.90514829062,  -19.79007794895,  0.0            
      2871,  -38.996121629  ,  -3.996264718661,  0.0            
      2872,  -37.99275193733,  -4.991272568987,  0.0            
      2873,  -36.98956939271,  -5.984659543026,  0.0            
      2874,  -3.99963998865 ,  -38.97424933798,  0.0            
      2875,  -35.98642920751,  -6.976392087506,  0.0            
      2876,  -34.98330484848,  -7.966599197354,  0.0            
      2877,  -4.996128072653,  -37.94553982698,  0.0            
      2878,  -33.97996817724,  -8.955375914742,  0.0            
      2879,  -32.97595509519,  -9.942928126288,  0.0            
      2880,  -5.991881125772,  -36.9186121047 ,  0.0            
      2881,  -31.97076506356,  -10.92921812423,  0.0            
      2882,  -6.987564163481,  -35.89479201188,  0.0            
      2883,  -30.96445597413,  -11.91437787857,  0.0            
      2884,  -7.983265413376,  -34.87368575091,  0.0            
      2885,  -29.9573604488 ,  -12.89831052666,  0.0            
      2886,  -8.978770908003,  -33.8547166505 ,  0.0            
      2887,  -28.94981352693,  -13.8811921037 ,  0.0            
      2888,  -9.973965156145,  -32.83757437807,  0.0            
      2889,  -27.94167412579,  -14.86306579996,  0.0            
      2890,  -10.96866835694,  -31.82229540812,  0.0            
      2891,  -26.93301654896,  -15.84441412513,  0.0            
      2892,  -11.96265260731,  -30.80879473596,  0.0            
      2893,  -12.95564098052,  -29.79726618705,  0.0            
      2894,  -25.92305334216,  -16.82537489334,  0.0            
      2895,  -13.94776693028,  -28.78746220134,  0.0            
      2896,  -14.93957807334,  -27.77938081286,  0.0            
      2897,  -24.91286731842,  -17.80695241582,  0.0            
      2898,  -15.93174015787,  -26.77269965323,  0.0            
      2899,  -16.9245023471 ,  -25.76740632417,  0.0            
      2900,  -23.90342112876,  -18.78911603448,  0.0            
      2901,  -17.91811734961,  -24.76314220461,  0.0            
      2902,  -18.91247357878,  -23.76004451293,  0.0            
      2903,  -19.90748343552,  -22.75795123374,  0.0            
      2904,  -20.90275350616,  -21.7585734817 ,  0.0            
      2905,  -21.89896019862,  -20.763437514  ,  0.0            
      2906,  -22.89869158096,  -19.77423305644,  0.0            
      2907,  -38.99565001222,  -2.996884720524,  0.0            
      2908,  -37.99212331708,  -3.992789522688,  0.0            
      2909,  -36.98896541285,  -4.98707777762 ,  0.0            
      2910,  -3.001017467239,  -38.97752088737,  0.0            
      2911,  -35.98592977531,  -5.979643161843,  0.0            
      2912,  -34.98292690523,  -6.970545572206,  0.0            
      2913,  -33.97989665506,  -7.959954120841,  0.0            
      2914,  -3.998178315279,  -37.94831942427,  0.0            
      2915,  -32.97663455547,  -8.947958371142,  0.0            
      2916,  -31.9725366025 ,  -9.93475133735 ,  0.0            
      2917,  -4.993843901032,  -36.91836436909,  0.0            
      2918,  -30.96719983334,  -10.92026232675,  0.0            
      2919,  -5.989246821452,  -35.89167634364,  0.0            
      2920,  -29.96070359738,  -11.90464479888,  0.0            
      2921,  -6.98467308535 ,  -34.86882365447,  0.0            
      2922,  -28.95350389697,  -12.88784388041,  0.0            
      2923,  -7.980143278154,  -33.8488219026 ,  0.0            
      2924,  -27.94559213095,  -13.87003404886,  0.0            
      2925,  -8.975396307863,  -32.83094971446,  0.0            
      2926,  -26.93719423121,  -14.85127807484,  0.0            
      2927,  -9.970256033595,  -31.81502090441,  0.0            
      2928,  -10.96436544017,  -30.80084734148,  0.0            
      2929,  -25.92706730376,  -15.83192313243,  0.0            
      2930,  -11.9574048627 ,  -29.78863090017,  0.0            
      2931,  -24.91585657118,  -16.81186421168,  0.0            
      2932,  -12.94937602917,  -28.7781422895 ,  0.0            
      2933,  -13.94092098993,  -27.76943557241,  0.0            
      2934,  -23.90331010213,  -17.79165117286,  0.0            
      2935,  -14.93263344749,  -26.76216920159,  0.0            
      2936,  -15.92496044045,  -25.75640575069,  0.0            
      2937,  -16.91794526833,  -24.75168373975,  0.0            
      2938,  -22.89413289328,  -18.77179494863,  0.0            
      2939,  -17.91174192231,  -23.74812656034,  0.0            
      2940,  -18.90590893743,  -22.74496096007,  0.0            
      2941,  -19.89990440435,  -21.74370102118,  0.0            
      2942,  -20.89397423646,  -20.74636706909,  0.0            
      2943,  -21.89057533719,  -19.75585252715,  0.0            
      2944,  -38.99492013693,  -1.997302106109,  0.0            
      2945,  -37.99124336391,  -2.994167411164,  0.0            
      2946,  -2.002039916679,  -38.98216285902,  0.0            
      2947,  -36.9880813634 ,  -3.989437031404,  0.0            
      2948,  -35.98518885979,  -4.982917775355,  0.0            
      2949,  -34.98235048331,  -5.974640698243,  0.0            
      2950,  -3.000253181282,  -37.9549203203 ,  0.0            
      2951,  -33.97948892637,  -6.964711637261,  0.0            
      2952,  -32.97662607824,  -7.953324212216,  0.0            
      2953,  -31.97337719253,  -8.940537971507,  0.0            
      2954,  -3.996338260999,  -36.92255953707,  0.0            
      2955,  -30.96920953506,  -9.926532007419,  0.0            
      2956,  -4.991524120579,  -35.89139997271,  0.0            
      2957,  -29.96368519942,  -10.91123525848,  0.0            
      2958,  -28.95704659807,  -11.89485090592,  0.0            
      2959,  -5.986621681017,  -34.86503989541,  0.0            
      2960,  -27.94936879018,  -12.87732298912,  0.0            
      2961,  -6.981780237696,  -33.84312792664,  0.0            
      2962,  -7.976985669838,  -32.82424637806,  0.0            
      2963,  -26.94122852295,  -13.85882192541,  0.0            
      2964,  -8.971886374788,  -31.8076190321 ,  0.0            
      2965,  -25.93109490091,  -14.83929495869,  0.0            
      2966,  -9.966132210117,  -30.79282800395,  0.0            
      2967,  -24.9193506193 ,  -15.81879726903,  0.0            
      2968,  -10.95921708838,  -29.7799846243 ,  0.0            
      2969,  -11.95111708942,  -28.76884170833,  0.0            
      2970,  -23.90445392154,  -16.79639333221,  0.0            
      2971,  -12.94235507366,  -27.75950592194,  0.0            
      2972,  -13.9337236728 ,  -26.75164805558,  0.0            
      2973,  -22.89077185157,  -17.77264024516,  0.0            
      2974,  -14.92556348327,  -25.74543295319,  0.0            
      2975,  -15.91811931462,  -24.7403290159 ,  0.0            
      2976,  -21.88114821434,  -18.75050975435,  0.0            
      2977,  -16.91135008764,  -23.73652448794,  0.0            
      2978,  -17.90490289321,  -22.73242502603,  0.0            
      2979,  -18.89757497663,  -21.72921026794,  0.0            
      2980,  -19.88870802592,  -20.72866200608,  0.0            
      2981,  -20.88165975419,  -19.73503388102,  0.0            
      2982,  -38.99356690042,  -0.997458590312,  0.0            
      2983,  -1.002513512271,  -38.98703936681,  0.0            
      2984,  -37.98987021198,  -1.995254298728,  0.0            
      2985,  -36.98685392219,  -2.991635297789,  0.0            
      2986,  -35.98412612946,  -3.98613213147 ,  0.0            
      2987,  -34.98151778183,  -4.978772447132,  0.0            
      2988,  -2.0019418002  ,  -37.96431634474,  0.0            
      2989,  -33.978877371  ,  -5.969647267792,  0.0            
      2990,  -32.97625231512,  -6.958890086226,  0.0            
      2991,  -2.998907893764,  -36.93252540608,  0.0            
      2992,  -31.97348276743,  -7.946692112163,  0.0            
      2993,  -30.97027020976,  -8.93308085419 ,  0.0            
      2994,  -29.96594213229,  -9.91824399947 ,  0.0            
      2995,  -3.99440840208 ,  -35.89706456212,  0.0            
      2996,  -28.96024558459,  -10.9021506704 ,  0.0            
      2997,  -4.989202519389,  -34.86480743673,  0.0            
      2998,  -27.95300807151,  -11.88501518532,  0.0            
      2999,  -5.983994008504,  -33.83873096672,  0.0            
      3000,  -26.94504724431,  -12.86673614735,  0.0            
      3001,  -6.97885241105 ,  -32.81779100126,  0.0            
      3002,  -25.93494050597,  -13.84738124732,  0.0            
      3003,  -7.97369319782 ,  -31.80015310425,  0.0            
      3004,  -24.92316218001,  -14.82667497297,  0.0            
      3005,  -8.967959102336,  -30.78470083594,  0.0            
      3006,  -9.961143599981,  -29.77127946605,  0.0            
      3007,  -23.90641074572,  -15.80329793544,  0.0            
      3008,  -10.95296143109,  -28.75954013473,  0.0            
      3009,  -22.88909841671,  -16.77595387089,  0.0            
      3010,  -11.94400144588,  -27.74959842281,  0.0            
      3011,  -12.93493728352,  -26.74114053936,  0.0            
      3012,  -21.87225604193,  -17.74758645668,  0.0            
      3013,  -13.92637470792,  -25.73446279264,  0.0            
      3014,  -14.91843546107,  -24.72908604586,  0.0            
      3015,  -15.91129589195,  -23.72537605753,  0.0            
      3016,  -16.90430344213,  -22.72077427745,  0.0            
      3017,  -17.89571910591,  -21.71601308541,  0.0            
      3018,  -20.86588451028,  -18.72580188937,  0.0            
      3019,  -18.88366762495,  -20.71159100142,  0.0            
      3020,  -19.87061014963,  -19.71329688363,  0.0            
      3021,  -0.002580277778,  -38.99102543843,  0.0            
      3022,  -38.99102461113,  0.0025802624812,  0.0            
      3023,  -37.98724740414,  -0.995988825322,  0.0            
      3024,  -36.98491589352,  -1.99349189929 ,  0.0            
      3025,  -1.002979719469,  -37.97417831665,  0.0            
      3026,  -35.98265180913,  -2.989166721022,  0.0            
      3027,  -34.98034403883,  -3.982841969757,  0.0            
      3028,  -33.97802165428,  -4.974630447346,  0.0            
      3029,  -2.001150274132,  -36.94670910546,  0.0            
      3030,  -32.97567457408,  -5.964656578145,  0.0            
      3031,  -31.97320647997,  -6.953059574195,  0.0            
      3032,  -30.97058572029,  -7.940017795865,  0.0            
      3033,  -2.997424997234,  -35.9104483113 ,  0.0            
      3034,  -29.9672678056 ,  -8.925552242478,  0.0            
      3035,  -28.96276626069,  -9.909892024046,  0.0            
      3036,  -27.9564211799 ,  -10.89305076689,  0.0            
      3037,  -3.992464914052,  -34.87200900086,  0.0            
      3038,  -26.94864659771,  -11.87512690178,  0.0            
      3039,  -4.986877659275,  -33.83859977965,  0.0            
      3040,  -25.93832239273,  -12.85587064533,  0.0            
      3041,  -5.981335073363,  -32.81285204772,  0.0            
      3042,  -24.92720211335,  -13.83532484343,  0.0            
      3043,  -6.975795540104,  -31.79297839935,  0.0            
      3044,  -7.970000214135,  -30.77652246715,  0.0            
      3045,  -23.90893251654,  -14.81153850967,  0.0            
      3046,  -8.963175312335,  -29.76247173254,  0.0            
      3047,  -22.88871237703,  -15.78133983949,  0.0            
      3048,  -9.955028857943,  -28.75018606438,  0.0            
      3049,  -10.94582761119,  -27.73968859524,  0.0            
      3050,  -21.86622685225,  -16.74726967399,  0.0            
      3051,  -11.9364505285 ,  -26.73065041973,  0.0            
      3052,  -12.92733303691,  -25.72344153953,  0.0            
      3053,  -13.91893613529,  -24.71787393805,  0.0            
      3054,  -14.9113563939 ,  -23.71468448662,  0.0            
      3055,  -15.90406360329,  -22.71030099566,  0.0            
      3056,  -20.84983664154,  -17.71832196587,  0.0            
      3057,  -16.89434982307,  -21.70497197711,  0.0            
      3058,  -17.8783400737 ,  -20.69668430771,  0.0            
      3059,  -18.85860254547,  -19.69289244011,  0.0            
      3060,  -19.84506446032,  -18.70056679954,  0.0            
      3061,  0.9974586377755,  -38.99356767672,  0.0            
      3062,  -38.98703854377,  1.0025134284876,  0.0            
      3063,  -0.003552056681,  -37.98219803354,  0.0            
      3064,  -37.98219639473,  0.003552012987 ,  0.0            
      3065,  -36.98110570894,  -0.994943566245,  0.0            
      3066,  -35.9802534383 ,  -1.991815819704,  0.0            
      3067,  -34.97871024882,  -2.986712746449,  0.0            
      3068,  -1.002760876391,  -36.96157416012,  0.0            
      3069,  -33.97683784832,  -3.979548912806,  0.0            
      3070,  -32.97486901267,  -4.970478394153,  0.0            
      3071,  -31.97273493501,  -5.959641616802,  0.0            
      3072,  -2.000194244552,  -35.92946959246,  0.0            
      3073,  -30.97051928743,  -6.947175675481,  0.0            
      3074,  -29.96786575866,  -7.933259271705,  0.0            
      3075,  -28.96442023657,  -8.917950061856,  0.0            
      3076,  -2.99591815026 ,  -34.88886880336,  0.0            
      3077,  -27.95936594744,  -9.901547189335,  0.0            
      3078,  -26.95215878041,  -10.8839644659 ,  0.0            
      3079,  -25.94121035081,  -11.86502200486,  0.0            
      3080,  -3.99051748808 ,  -33.84739800431,  0.0            
      3081,  -4.984527334607,  -32.81289293807,  0.0            
      3082,  -24.93063965647,  -12.84430287836,  0.0            
      3083,  -5.978558918934,  -31.78753632511,  0.0            
      3084,  -23.91273136559,  -13.82090530097,  0.0            
      3085,  -6.972365808244,  -30.76867631622,  0.0            
      3086,  -22.88868030998,  -14.78930547455,  0.0            
      3087,  -7.965497146039,  -29.75361306   ,  0.0            
      3088,  -8.957283969823,  -28.74072711614,  0.0            
      3089,  -21.86231727495,  -15.74734213335,  0.0            
      3090,  -9.948023445552,  -27.72971719391,  0.0            
      3091,  -10.93822907567,  -26.72014776342,  0.0            
      3092,  -11.92867897176,  -25.71235046069,  0.0            
      3093,  -12.91957158806,  -24.70646907718,  0.0            
      3094,  -13.911460982  ,  -23.70417742856,  0.0            
      3095,  -14.90391554211,  -22.7012065847 ,  0.0            
      3096,  -20.83892750085,  -16.71456619669,  0.0            
      3097,  -15.89346684569,  -21.6966729499 ,  0.0            
      3098,  -16.87328661086,  -20.68542373601,  0.0            
      3099,  -17.8437839896 ,  -19.67595629602,  0.0            
      3100,  -19.81757358128,  -17.69140143699,  0.0            
      3101,  -18.82082160869,  -18.67747438452,  0.0            
      3102,  1.9973021989878,  -38.99492081999,  0.0            
      3103,  0.9959888815347,  -37.98724894074,  0.0            
      3104,  -38.98216208239,  2.0020397654806,  0.0            
      3105,  -0.003948118709,  -36.9736088158 ,  0.0            
      3106,  -36.97360641336,  0.0039480402644,  0.0            
      3107,  -37.97417668403,  1.0029795646945,  0.0            
      3108,  -35.97533946748,  -0.994013851224,  0.0            
      3109,  -34.97595136621,  -1.990156126954,  0.0            
      3110,  -33.9751653551 ,  -2.984251465126,  0.0            
      3111,  -1.002375740127,  -35.94937719195,  0.0            
      3112,  -32.97375219516,  -3.976233274433,  0.0            
      3113,  -31.97206145973,  -4.966285379791,  0.0            
      3114,  -30.97026431508,  -5.95455573333 ,  0.0            
      3115,  -29.96809384376,  -6.941194757491,  0.0            
      3116,  -1.999208350132,  -34.9127707831 ,  0.0            
      3117,  -28.96539965041,  -7.926413639077,  0.0            
      3118,  -27.96163244808,  -8.910356035375,  0.0            
      3119,  -26.95564113912,  -9.893307990886,  0.0            
      3120,  -2.994406802799,  -33.86779562999,  0.0            
      3121,  -25.94456788126,  -10.87491741776,  0.0            
      3122,  -24.93224836467,  -11.85424924468,  0.0            
      3123,  -3.988551560086,  -32.82335680692,  0.0            
      3124,  -23.91677312412,  -12.83032603608,  0.0            
      3125,  -4.982074951734,  -31.78778666659,  0.0            
      3126,  -22.89274941315,  -13.80003400574,  0.0            
      3127,  -5.975449141717,  -30.76277786811,  0.0            
      3128,  -6.96819312864 ,  -29.74512038575,  0.0            
      3129,  -21.85493642358,  -14.75233104056,  0.0            
      3130,  -7.95995377547 ,  -28.731214365  ,  0.0            
      3131,  -8.950518662102,  -27.71962502144,  0.0            
      3132,  -9.940535984016,  -26.70956839478,  0.0            
      3133,  -10.9304050323 ,  -25.70125921615,  0.0            
      3134,  -11.92068508932,  -24.69468423348,  0.0            
      3135,  -12.91154302617,  -23.69291918564,  0.0            
      3136,  -13.90349793827,  -22.69325678688,  0.0            
      3137,  -20.83491299679,  -15.70717863348,  0.0            
      3138,  -14.89294169912,  -21.6917990735 ,  0.0            
      3139,  -15.86887939568,  -20.6789638698 ,  0.0            
      3140,  -16.82803200965,  -19.66469363119,  0.0            
      3141,  -17.78865907238,  -18.65729958118,  0.0            
      3142,  -19.79871182835,  -16.69305916294,  0.0            
      3143,  -18.77835122982,  -17.66930184969,  0.0            
      3144,  2.99688484202  ,  -38.99565058448,  0.0            
      3145,  1.9952544289779,  -37.9898715642 ,  0.0            
      3146,  0.994943615555 ,  -36.98110796509,  0.0            
      3147,  -38.97752017625,  3.0010172557165,  0.0            
      3148,  -0.004198377898,  -35.96543523894,  0.0            
      3149,  -35.9654321482 ,  0.0041982622624,  0.0            
      3150,  -34.9700322995 ,  -0.993104859166,  0.0            
      3151,  -37.96431480136,  2.0019415284633,  0.0            
      3152,  -36.96157176638,  1.0027606538478,  0.0            
      3153,  -33.97216264426,  -1.98848792158 ,  0.0            
      3154,  -32.97211942615,  -2.981760444078,  0.0            
      3155,  -31.97110280602,  -3.972862842915,  0.0            
      3156,  -1.001959895948,  -34.93773792247,  0.0            
      3157,  -30.9698169645 ,  -4.962007986844,  0.0            
      3158,  -29.96814028733,  -5.949359883051,  0.0            
      3159,  -28.96603567779,  -6.935119172691,  0.0            
      3160,  -1.998218328426,  -33.89663980688,  0.0            
      3161,  -27.96327021973,  -7.919544255973,  0.0            
      3162,  -26.95888659064,  -8.902906690812,  0.0            
      3163,  -25.9495839428 ,  -9.885491664515,  0.0            
      3164,  -2.992884265454,  -32.84735558295,  0.0            
      3165,  -24.9341154605 ,  -10.86557726067,  0.0            
      3166,  -23.91557396947,  -11.84104914384,  0.0            
      3167,  -22.9037215719 ,  -12.81070515532,  0.0            
      3168,  -3.986501880163,  -31.7999534729 ,  0.0            
      3169,  -4.979333184322,  -30.76328545679,  0.0            
      3170,  -21.85352991969,  -13.76567518064,  0.0            
      3171,  -5.971684089402,  -29.7387875363 ,  0.0            
      3172,  -6.963074435545,  -28.7221035899 ,  0.0            
      3173,  -7.953589823187,  -27.70947178947,  0.0            
      3174,  -8.943266413955,  -26.69885577173,  0.0            
      3175,  -9.932825318454,  -25.69027188744,  0.0            
      3176,  -10.92240056552,  -24.68287807137,  0.0            
      3177,  -11.91224637035,  -23.67987502109,  0.0            
      3178,  -20.81708702517,  -14.69514060626,  0.0            
      3179,  -12.90252098735,  -22.68391892046,  0.0            
      3180,  -13.89190649706,  -21.69074665994,  0.0            
      3181,  -14.8664053484 ,  -20.6793286663 ,  0.0            
      3182,  -15.81180938223,  -19.66067920879,  0.0            
      3183,  -19.79748236254,  -15.69685361755,  0.0            
      3184,  -16.75312986155,  -18.64271429997,  0.0            
      3185,  -17.7248693241 ,  -17.64614281586,  0.0            
      3186,  -18.74642887526,  -16.68420221439,  0.0            
      3187,  3.996264853938 ,  -38.99612209136,  0.0            
      3188,  2.9941675931342,  -37.99124449818,  0.0            
      3189,  1.9934920447289,  -36.98491788499,  0.0            
      3190,  0.9940138887457,  -35.97534237306,  0.0            
      3191,  -38.9742486965 ,  3.9996397206557,  0.0            
      3192,  -0.004422160176,  -34.95779334703,  0.0            
      3193,  -34.95778965666,  0.0044220063885,  0.0            
      3194,  -33.96532524984,  -0.992189694152,  0.0            
      3195,  -32.96895029314,  -1.986789054141,  0.0            
      3196,  -37.95491890374,  3.000252796966 ,  0.0            
      3197,  -35.94937410839,  1.0023754497388,  0.0            
      3198,  -36.94670683897,  2.0011498924556,  0.0            
      3199,  -31.96960506239,  -2.979211304244,  0.0            
      3200,  -30.96908701204,  -3.969401589412,  0.0            
      3201,  -1.00154195043 ,  -33.92671741243,  0.0            
      3202,  -29.9679960862 ,  -4.957618472308,  0.0            
      3203,  -28.96649284327,  -5.94406778282 ,  0.0            
      3204,  -27.9644319787 ,  -6.928967566988,  0.0            
      3205,  -26.96162324945,  -7.912755958404,  0.0            
      3206,  -1.997224962756,  -32.88119146132,  0.0            
      3207,  -25.9559007366 ,  -8.896057191222,  0.0            
      3208,  -24.94096956934,  -9.878268430729,  0.0            
      3209,  -2.991298658044,  -31.82759085373,  0.0            
      3210,  -23.91260078426,  -10.85435581774,  0.0            
      3211,  -22.90090201489,  -11.82184279643,  0.0            
      3212,  -21.88610512779,  -12.78169662943,  0.0            
      3213,  -3.984212124395,  -30.77720432393,  0.0            
      3214,  -4.976031171048,  -29.73957340334,  0.0            
      3215,  -5.967093248928,  -28.71537042333,  0.0            
      3216,  -6.957210365903,  -27.69976134695,  0.0            
      3217,  -7.946747130633,  -26.68809225898,  0.0            
      3218,  -8.935775362021,  -25.67937591728,  0.0            
      3219,  -9.925027070279,  -24.67184418838,  0.0            
      3220,  -10.91425085856,  -23.66656950176,  0.0            
      3221,  -11.90233033948,  -22.66862601694,  0.0            
      3222,  -12.88916337523,  -21.68797766461,  0.0            
      3223,  -20.78391684681,  -13.69578217527,  0.0            
      3224,  -13.86622123704,  -20.69089204454,  0.0            
      3225,  -14.80023998519,  -19.6671267148 ,  0.0            
      3226,  -19.77688850321,  -14.68464859766,  0.0            
      3227,  -15.71169645981,  -18.63620592236,  0.0            
      3228,  -16.66776682474,  -17.62497449704,  0.0            
      3229,  -17.67397224725,  -16.65735119042,  0.0            
      3230,  -18.74033276539,  -15.72982715695,  0.0            
      3231,  4.9955497147028,  -38.99645549426,  0.0            
      3232,  3.9927897353251,  -37.99212423579,  0.0            
      3233,  2.9916355154503,  -36.9868555994 ,  0.0            
      3234,  1.9918159734207,  -35.98025601211,  0.0            
      3235,  0.9931048839279,  -34.97003577686,  0.0            
      3236,  -38.97285207806,  4.998256275652 ,  0.0            
      3237,  -0.00464788229 ,  -33.9507875478 ,  0.0            
      3238,  -33.95078335942,  0.00464769091  ,  0.0            
      3239,  -32.96126516414,  -0.9912493254  ,  0.0            
      3240,  -31.96635904584,  -1.985039532452,  0.0            
      3241,  -37.94831814279,  3.9981778192094,  0.0            
      3242,  -34.93773424042,  1.0019595367429,  0.0            
      3243,  -30.96777456975,  -2.976579850478,  0.0            
      3244,  -36.93252332047,  2.9989073514274,  0.0            
      3245,  -35.92946666411,  2.0001937547799,  0.0            
      3246,  -29.96756194292,  -3.96583718322 ,  0.0            
      3247,  -28.96674377729,  -4.953143995534,  0.0            
      3248,  -1.001129783992,  -32.91640412585,  0.0            
      3249,  -27.96518230322,  -5.938657607962,  0.0            
      3250,  -26.96354572935,  -6.922738597767,  0.0            
      3251,  -25.96190201606,  -7.906379777246,  0.0            
      3252,  -1.996191098424,  -31.86645253114,  0.0            
      3253,  -24.95281710544,  -8.890254709956,  0.0            
      3254,  -23.92334321087,  -9.871179914095,  0.0            
      3255,  -22.88260821507,  -10.83732299638,  0.0            
      3256,  -2.989526138416,  -30.80852732823,  0.0            
      3257,  -21.88873987115,  -11.79344713728,  0.0            
      3258,  -3.981462251576,  -29.75526335805,  0.0            
      3259,  -4.972032407496,  -28.71647518277,  0.0            
      3260,  -5.961852627727,  -27.69265579947,  0.0            
      3261,  -6.950893852474,  -26.67784724589,  0.0            
      3262,  -7.939593576543,  -25.66853810904,  0.0            
      3263,  -8.928224016015,  -24.661713419  ,  0.0            
      3264,  -9.917730932565,  -23.6569668911 ,  0.0            
      3265,  -10.90545817289,  -22.65079587065,  0.0            
      3266,  -11.88687901119,  -21.66772489721,  0.0            
      3267,  -12.86312700732,  -20.70709884788,  0.0            
      3268,  -20.85367291009,  -12.72109219406,  0.0            
      3269,  -13.80046127461,  -19.69422200985,  0.0            
      3270,  -14.67407914346,  -18.64271360975,  0.0            
      3271,  -19.6449227229 ,  -13.57040869759,  0.0            
      3272,  -15.59884134095,  -17.61281321351,  0.0            
      3273,  -18.81274544636,  -14.88354972317,  0.0            
      3274,  -16.60352154105,  -16.61717876944,  0.0            
      3275,  -17.65600232073,  -15.67789418451,  0.0            
      3276,  5.9947947064369,  -38.99667584096,  0.0            
      3277,  4.9912728018927,  -37.99275266261,  0.0            
      3278,  3.9894372975297,  -36.98808272808,  0.0            
      3279,  2.989166966305 ,  -35.98265398927,  0.0            
      3280,  1.9901562877081,  -34.97595446045,  0.0            
      3281,  -38.97290945934,  5.9971979910482,  0.0            
      3282,  0.9921897073434,  -33.96532920288,  0.0            
      3283,  -0.004889639959,  -32.94447718938,  0.0            
      3284,  -32.94447261151,  0.0048894136696,  0.0            
      3285,  -31.95789655656,  -0.990275979721,  0.0            
      3286,  -30.96448950747,  -1.983230397961,  0.0            
      3287,  -37.94553867705,  4.9961274671181,  0.0            
      3288,  -29.96649806585,  -2.97387123594 ,  0.0            
      3289,  -33.92671323024,  1.0015415223344,  0.0            
      3290,  -28.96667492465,  -3.962208923161,  0.0            
      3291,  -36.92255764431,  3.9963375530281,  0.0            
      3292,  -34.91276727938,  1.9992077515623,  0.0            
      3293,  -27.96557232393,  -4.948558255193,  0.0            
      3294,  -35.91044560612,  2.9974243001485,  0.0            
      3295,  -1.000701743217,  -31.90682298214,  0.0            
      3296,  -26.96438315405,  -5.933022936823,  0.0            
      3297,  -25.96546908619,  -6.91633180796 ,  0.0            
      3298,  -24.9653775541 ,  -7.900847208393,  0.0            
      3299,  -1.995025203663,  -30.85245248898,  0.0            
      3300,  -23.94855365297,  -8.885712667482,  0.0            
      3301,  -18.7934119657 ,  -14.08586869949,  0.0            
      3302,  -22.89643973399,  -9.861453326002,  0.0            
      3303,  -21.82548271086,  -10.81180293824,  0.0            
      3304,  -2.987394376123,  -29.79028410813,  0.0            
      3305,  -3.97814806737 ,  -28.73398113319,  0.0            
      3306,  -4.967488492022,  -27.69411591891,  0.0            
      3307,  -5.956200311292,  -26.67048871189,  0.0            
      3308,  -6.944169972223,  -25.65819510553,  0.0            
      3309,  -7.932225721928,  -24.65201191113,  0.0            
      3310,  -8.92163489759 ,  -23.651654064  ,  0.0            
      3311,  -9.911737942585,  -22.64448346575,  0.0            
      3312,  -20.96233300431,  -11.73905271047,  0.0            
      3313,  -10.89303572448,  -21.63483168706,  0.0            
      3314,  -11.85790693856,  -20.68189457026,  0.0            
      3315,  -12.79762571071,  -19.71509783188,  0.0            
      3316,  -13.67486622212,  -18.66876825134,  0.0            
      3317,  -19.81866820732,  -12.6068830372 ,  0.0            
      3318,  -14.52130086407,  -17.61282753719,  0.0            
      3319,  -15.53307465673,  -16.57773567389,  0.0            
      3320,  -17.73795978229,  -14.72189787535,  0.0            
      3321,  -16.58390638475,  -15.61339755898,  0.0            
      3322,  5.9897004525303,  -37.99317502363,  0.0            
      3323,  6.9940305547886,  -38.99681297089,  0.0            
      3324,  4.9870780808185,  -36.98896649507,  0.0            
      3325,  3.9861324429346,  -35.98412791626,  0.0            
      3326,  2.9867130175979,  -34.97871288608,  0.0            
      3327,  1.9884880908444,  -33.97216617657,  0.0            
      3328,  -38.9736789567 ,  6.9965124636173,  0.0            
      3329,  0.9912493308743,  -32.96126949188,  0.0            
      3330,  -0.005140863986,  -31.9388963843 ,  0.0            
      3331,  -31.9388915294 ,  0.0051406054069,  0.0            
      3332,  -30.95527810453,  -0.989279247521,  0.0            
      3333,  -37.94570646684,  5.994526416886 ,  0.0            
      3334,  -29.96324020599,  -1.981386064034,  0.0            
      3335,  -28.96591112749,  -2.971130689062,  0.0            
      3336,  -32.91639955366,  1.0011292883512,  0.0            
      3337,  -27.96568894158,  -3.958524381044,  0.0            
      3338,  -36.91836266452,  4.9938430276967,  0.0            
      3339,  -26.96443579004,  -4.943743261181,  0.0            
      3340,  -33.8966358172 ,  1.9982176206674,  0.0            
      3341,  -1.000197685683,  -30.89800336368,  0.0            
      3342,  -35.89706209644,  3.9944074865117,  0.0            
      3343,  -25.96486421736,  -5.926618191708,  0.0            
      3344,  -34.88886555595,  2.9959172983228,  0.0            
      3345,  -24.97259913584,  -6.9095367495  ,  0.0            
      3346,  -23.97703395847,  -7.896826821178,  0.0            
      3347,  -1.99359604123 ,  -29.839269859  ,  0.0            
      3348,  -22.94387003262,  -8.880240437345,  0.0            
      3349,  -21.84611392844,  -9.847142071005,  0.0            
      3350,  -17.93624752016,  -13.82372536115,  0.0            
      3351,  -2.984826802862,  -28.77274268301,  0.0            
      3352,  -20.08853062022,  -11.77014967336,  0.0            
      3353,  -3.97439470145 ,  -27.713477041  ,  0.0            
      3354,  -4.962589532538,  -26.67248448601,  0.0            
      3355,  -5.950029361079,  -25.65076380962,  0.0            
      3356,  -20.78529620434,  -10.83143954762,  0.0            
      3357,  -6.936952465918,  -24.64272165215,  0.0            
      3358,  -7.925661544506,  -23.64795486134,  0.0            
      3359,  -8.917956973434,  -22.65106104573,  0.0            
      3360,  -9.906958526624,  -21.63603524678,  0.0            
      3361,  -10.87031796269,  -20.60231302227,  0.0            
      3362,  -11.80169806413,  -19.82330928608,  0.0            
      3363,  -18.53618459553,  -12.98620955243,  0.0            
      3364,  -12.71418015092,  -18.75620992808,  0.0            
      3365,  -13.3544653196 ,  -17.66009002591,  0.0            
      3366,  -18.98791741772,  -12.14061692674,  0.0            
      3367,  -14.45669863978,  -16.48196062212,  0.0            
      3368,  6.9881251724709,  -37.99344415808,  0.0            
      3369,  5.9846598742468,  -36.98957023215,  0.0            
      3370,  7.9932893320778,  -38.99689106543,  0.0            
      3371,  4.9829181415329,  -35.98519028731,  0.0            
      3372,  3.9828423242895,  -34.98034621595,  0.0            
      3373,  2.9842517633214,  -33.97516838554,  0.0            
      3374,  1.9867892363742,  -32.96895417352,  0.0            
      3375,  -38.97468112796,  7.9961152246767,  0.0            
      3376,  0.9902759825392,  -31.95790115214,  0.0            
      3377,  -0.005368626811,  -30.93408071172,  0.0            
      3378,  -30.93407569687,  0.0053683365254,  0.0            
      3379,  -29.95334808431,  -0.98830379535 ,  0.0            
      3380,  -37.94729366714,  6.9934235897591,  0.0            
      3381,  -28.96271960065,  -1.979552298512,  0.0            
      3382,  -27.96524359281,  -2.968402019526,  0.0            
      3383,  -36.91861057916,  5.9918800851052,  0.0            
      3384,  -26.96452859056,  -3.954751284131,  0.0            
      3385,  -31.90681813245,  1.0007011800406,  0.0            
      3386,  -25.96145430463,  -4.938075707868,  0.0            
      3387,  -35.89139774228,  4.9915229845296,  0.0            
      3388,  -15.50385716309,  -15.52192422018,  0.0            
      3389,  -0.999521386461,  -29.88997806586,  0.0            
      3390,  -32.88118709168,  1.9972241460356,  0.0            
      3391,  -24.9682816123 ,  -5.918536795944,  0.0            
      3392,  -33.86779191898,  2.9944057956021,  0.0            
      3393,  -34.87200602876,  3.9924637916063,  0.0            
      3394,  -23.9939608175 ,  -6.902358687289,  0.0            
      3395,  -22.99991821743,  -7.894454743194,  0.0            
      3396,  -16.67006001334,  -14.59038676726,  0.0            
      3397,  -1.991847187813,  -28.82682307099,  0.0            
      3398,  -21.9370913593 ,  -8.868716502164,  0.0            
      3399,  -2.981921175746,  -27.75600724803,  0.0            
      3400,  -3.970337919208,  -26.69390936911,  0.0            
      3401,  -20.82342322205,  -9.830984085755,  0.0            
      3402,  -4.957112358271,  -25.6531779886 ,  0.0            
      3403,  -5.94298372835 ,  -24.63601053229,  0.0            
      3404,  -16.94562715024,  -13.69857840386,  0.0            
      3405,  -6.929795106481,  -23.64356251884,  0.0            
      3406,  -7.922203190519,  -22.66188274338,  0.0            
      3407,  -11.8265801315 ,  -18.932901794  ,  0.0            
      3408,  -8.919574535767,  -21.67147576109,  0.0            
      3409,  -9.900873367806,  -20.61841329749,  0.0            
      3410,  -10.93041325185,  -19.57331581095,  0.0            
      3411,  -19.46239708847,  -10.96831728939,  0.0            
      3412,  -17.53320434223,  -12.84533616415,  0.0            
      3413,  -13.76088353056,  -15.57881807127,  0.0            
      3414,  -12.28525726968,  -17.94059345667,  0.0            
      3415,  -13.29998205581,  -16.53386955446,  0.0            
      3416,  6.9822511488317,  -36.9899639811 ,  0.0            
      3417,  7.9866011815145,  -37.99360545712,  0.0            
      3418,  5.9796435717252,  -35.98593088905,  0.0            
      3419,  8.9925831234286,  -38.99689967938,  0.0            
      3420,  4.9787728737565,  -34.98151953356,  0.0            
      3421,  3.9795493108129,  -33.97684037076,  0.0            
      3422,  -17.99012165936,  -11.98385720248,  0.0            
      3423,  2.9817607734321,  -32.9721227718 ,  0.0            
      3424,  1.9850397344654,  -31.9663631781 ,  0.0            
      3425,  -38.97572468582,  8.9958621298675,  0.0            
      3426,  0.9892792521339,  -30.95528285259,  0.0            
      3427,  -0.00550417923 ,  -29.93001480863,  0.0            
      3428,  -29.93000974827,  0.005503852614 ,  0.0            
      3429,  -37.94932227466,  7.9927286639394,  0.0            
      3430,  -28.95217305738,  -0.987391653547,  0.0            
      3431,  -27.96230197422,  -1.977785719703,  0.0            
      3432,  -26.96460277957,  -2.965737151667,  0.0            
      3433,  -36.92098516517,  6.990471168827 ,  0.0            
      3434,  -25.95955467033,  -3.950602280824,  0.0            
      3435,  -30.89799835231,  1.0001970513536,  0.0            
      3436,  -35.89167433873,  5.9892454613583,  0.0            
      3437,  -24.95569514269,  -4.930634709904,  0.0            
      3438,  -0.998628885893,  -28.88271040793,  0.0            
      3439,  -23.98012207205,  -5.90774030762 ,  0.0            
      3440,  -31.86644789018,  1.9961901704724,  0.0            
      3441,  -34.86480473575,  4.9892011221972,  0.0            
      3442,  -23.03851196607,  -6.896439100678,  0.0            
      3443,  -32.84735150619,  2.9928831023442,  0.0            
      3444,  -33.84739459385,  3.9905161584991,  0.0            
      3445,  -22.03838621188,  -7.886261702219,  0.0            
      3446,  -1.989844737721,  -27.81517558782,  0.0            
      3447,  -20.94015236911,  -8.846224017224,  0.0            
      3448,  -2.97875856495 ,  -26.74037228686,  0.0            
      3449,  -14.58866519355,  -15.42401377637,  0.0            
      3450,  -3.965697484757,  -25.67638359789,  0.0            
      3451,  -15.45566603908,  -14.47636411874,  0.0            
      3452,  -4.950461475581,  -24.63898351211,  0.0            
      3453,  -5.934758990302,  -23.63878608551,  0.0            
      3454,  -6.924494478815,  -22.66998854668,  0.0            
      3455,  -7.925416416352,  -21.71563873771,  0.0            
      3456,  -8.926476121226,  -20.70949823535,  0.0            
      3457,  -9.899529922839,  -19.63591303989,  0.0            
      3458,  -19.7117533141 ,  -9.88579284182 ,  0.0            
      3459,  -15.86735675512,  -13.6404083895 ,  0.0            
      3460,  -16.47538095584,  -12.80242593661,  0.0            
      3461,  7.97992523542  ,  -36.99020810922,  0.0            
      3462,  6.97639253499  ,  -35.98643004372,  0.0            
      3463,  8.9851407533455,  -37.99363338906,  0.0            
      3464,  5.9746411842767,  -34.98235185734,  0.0            
      3465,  9.9919338448929,  -38.99679709353,  0.0            
      3466,  4.9746309338037,  -33.97802370097,  0.0            
      3467,  -12.3814108925 ,  -16.92377577445,  0.0            
      3468,  3.9762337187669,  -32.97375499706,  0.0            
      3469,  2.9792116719612,  -31.96960864078,  0.0            
      3470,  -38.97674416272,  9.99567687727  ,  0.0            
      3471,  1.9832306272446,  -30.96449378019,  0.0            
      3472,  0.9883038018426,  -29.95335287901,  0.0            
      3473,  -0.005506970741,  -28.92671378478,  0.0            
      3474,  -28.92670879492,  0.0055066010601,  0.0            
      3475,  -37.95141535605,  8.9922402664509,  0.0            
      3476,  -27.95135121367,  -0.986584126514,  0.0            
      3477,  -26.96227033727,  -1.976168652215,  0.0            
      3478,  -36.92400867359,  7.9895271779203,  0.0            
      3479,  -25.96025752927,  -2.963233106783,  0.0            
      3480,  -24.9495113504 ,  -3.945875579621,  0.0            
      3481,  -10.97371216651,  -18.24995748424,  0.0            
      3482,  -35.89479022419,  6.9875625791226,  0.0            
      3483,  -29.88997301312,  0.9995206715787,  0.0            
      3484,  -23.94062558262,  -4.920654858781,  0.0            
      3485,  -0.997550281008,  -27.87617363053,  0.0            
      3486,  -34.86503745532,  5.986620003775 ,  0.0            
      3487,  -23.01052674056,  -5.897136955812,  0.0            
      3488,  -30.85244768848,  1.9950241569356,  0.0            
      3489,  -16.97907415032,  -12.02980322905,  0.0            
      3490,  -21.10410537935,  -7.839390357524,  0.0            
      3491,  -33.83859666641,  4.9868760008311,  0.0            
      3492,  -22.08205583589,  -6.88478752305 ,  0.0            
      3493,  -31.82758651423,  2.9912973348846,  0.0            
      3494,  -32.82335304563,  3.9885500219673,  0.0            
      3495,  -18.36561049411,  -10.708987927  ,  0.0            
      3496,  -1.98761384923 ,  -26.80468448007,  0.0            
      3497,  -2.975064640771,  -25.72651014511,  0.0            
      3498,  -19.96273322359,  -8.809069932503,  0.0            
      3499,  -11.4551112404 ,  -17.26039636644,  0.0            
      3500,  -3.959787117099,  -24.6636203278 ,  0.0            
      3501,  -4.941500935221,  -23.63961765606,  0.0            
      3502,  -5.92564208919 ,  -22.6712304087 ,  0.0            
      3503,  -6.924661285901,  -21.75187670796,  0.0            
      3504,  -7.937617414419,  -20.81196506237,  0.0            
      3505,  -17.27679915042,  -11.28746821471,  0.0            
      3506,  -8.924557737916,  -19.77777130776,  0.0            
      3507,  -18.65880451076,  -9.73080690542 ,  0.0            
      3508,  -9.828036516086,  -18.56114957701,  0.0            
      3509,  7.9732575829116,  -35.98675090214,  0.0            
      3510,  8.9776919917276,  -36.99025907112,  0.0            
      3511,  6.9705461096118,  -34.98292793996,  0.0            
      3512,  9.9837857995562,  -37.99344002538,  0.0            
      3513,  5.9696478284442,  -33.97887898674,  0.0            
      3514,  10.991312880971,  -38.99656208477,  0.0            
      3515,  4.9704789412974,  -32.97487130033,  0.0            
      3516,  3.972863339759 ,  -31.97110581958,  0.0            
      3517,  2.9765802656546,  -30.96777827497,  0.0            
      3518,  -38.97771709178,  10.995506598412,  0.0            
      3519,  1.9813863249606,  -29.96324452328,  0.0            
      3520,  -21.20848844791,  -6.870958188697,  0.0            
      3521,  0.9873916583672,  -28.95217778283,  0.0            
      3522,  -0.005368273058,  -27.92399278097,  0.0            
      3523,  -27.92398796878,  0.0053678565182,  0.0            
      3524,  -37.95345140751,  9.9918548093553,  0.0            
      3525,  -26.95123190798,  -0.985953601155,  0.0            
      3526,  -25.95979381557,  -1.975002560995,  0.0            
      3527,  -36.92712087773,  8.9888150406122,  0.0            
      3528,  -24.95255490834,  -2.961289918276,  0.0            
      3529,  -35.89876816556,  7.9863847781991,  0.0            
      3530,  -23.92311936074,  -3.941371939012,  0.0            
      3531,  -28.88270542734,  0.9986280801123,  0.0            
      3532,  -22.90673530345,  -4.983644279787,  0.0            
      3533,  -34.86882146649,  6.9846711272139,  0.0            
      3534,  -0.996267806296,  -26.87072938374,  0.0            
      3535,  -20.21680422341,  -7.752683004526,  0.0            
      3536,  -22.15847375772,  -5.884183348702,  0.0            
      3537,  -33.83872814083,  5.9839920140963,  0.0            
      3538,  -29.83926502214,  1.9935948616296,  0.0            
      3539,  -32.81288948901,  4.9845254127936,  0.0            
      3540,  -30.80852283166,  2.9895246442999,  0.0            
      3541,  -31.79994945768,  3.9865001279253,  0.0            
      3542,  -1.984883936085,  -25.79569034306,  0.0            
      3543,  -2.970202391277,  -24.71713455517,  0.0            
      3544,  -19.01799246137,  -8.727263843666,  0.0            
      3545,  -3.951277332884,  -23.66063305948,  0.0            
      3546,  -4.928760789783,  -22.66561524487,  0.0            
      3547,  -5.916997274458,  -21.7667877407 ,  0.0            
      3548,  -8.87064976174 ,  -18.87050379812,  0.0            
      3549,  -6.937592420621,  -20.89897449011,  0.0            
      3550,  -7.946807497205,  -19.96759294961,  0.0            
      3551,  -20.43017605267,  -6.590705996101,  0.0            
      3552,  -21.31973910735,  -5.986338918785,  0.0            
      3553,  8.9702455218701,  -35.98682442497,  0.0            
      3554,  7.9665997696154,  -34.98330557075,  0.0            
      3555,  9.9756121970088,  -36.98998120388,  0.0            
      3556,  6.964712262465 ,  -33.97949014757,  0.0            
      3557,  10.982490806991,  -37.99297889426,  0.0            
      3558,  5.9646572122459,  -32.97567638881,  0.0            
      3559,  11.990718236078,  -38.99622887062,  0.0            
      3560,  4.9662859914707,  -31.97206393452,  0.0            
      3561,  3.9694021479994,  -30.96909013891,  0.0            
      3562,  2.9738717062842,  -29.96650181198,  0.0            
      3563,  -38.97865198285,  11.995333709704,  0.0            
      3564,  1.9795525905309,  -28.9627238497 ,  0.0            
      3565,  0.9865841265027,  -27.9513557745 ,  0.0            
      3566,  -0.005038270608,  -26.92220783208,  0.0            
      3567,  -26.92220330487,  0.0050378102364,  0.0            
      3568,  -37.95539297614,  10.991492894102,  0.0            
      3569,  -25.95012286912,  -0.985846261431,  0.0            
      3570,  -24.95646488459,  -1.974854055352,  0.0            
      3571,  -36.9301496991 ,  9.988223583359 ,  0.0            
      3572,  -23.93188827071,  -2.961450226711,  0.0            
      3573,  -35.90286529973,  8.9854521654536,  0.0            
      3574,  -22.87471906893,  -3.945185788981,  0.0            
      3575,  -27.87616883774,  0.9975493793925,  0.0            
      3576,  -34.87368380801,  7.983263173002 ,  0.0            
      3577,  -19.337975037  ,  -7.735642650317,  0.0            
      3578,  -21.86528074269,  -5.028226629664,  0.0            
      3579,  -0.994496157263,  -25.86631565686,  0.0            
      3580,  -33.8431253794 ,  6.9817779058113,  0.0            
      3581,  -28.8268183074 ,  1.9918458606138,  0.0            
      3582,  -32.81284890133,  5.9813327590816,  0.0            
      3583,  -31.78778297256,  4.9820727598394,  0.0            
      3584,  -29.79027957803,  2.9873926924339,  0.0            
      3585,  -30.77720015316,  3.9842101444268,  0.0            
      3586,  -1.981059866022,  -24.79083028148,  0.0            
      3587,  -7.9004774115  ,  -19.12632658399,  0.0            
      3588,  -2.963197535509,  -23.71434367564,  0.0            
      3589,  -3.938509030107,  -22.67223671984,  0.0            
      3590,  -4.910414308406,  -21.74078939361,  0.0            
      3591,  -5.957108915013,  -20.91746937608,  0.0            
      3592,  -6.968227280393,  -20.13003527856,  0.0            
      3593,  -19.58641463021,  -6.810031082736,  0.0            
      3594,  8.9628059790277,  -34.98338728018,  0.0            
      3595,  9.9674351811216,  -35.98646474239,  0.0            
      3596,  7.9599547907397,  -33.97989750891,  0.0            
      3597,  6.9588907965479,  -32.97625369076,  0.0            
      3598,  10.97362501854 ,  -36.98930111966,  0.0            
      3599,  11.981263455413,  -37.99231781482,  0.0            
      3600,  5.9596423255851,  -31.97273690748,  0.0            
      3601,  12.990128064469,  -38.99584798195,  0.0            
      3602,  4.9620086708458,  -30.96981953887,  0.0            
      3603,  3.9658378134801,  -29.96756510688,  0.0            
      3604,  2.9711312170478,  -28.96591480731,  0.0            
      3605,  1.9777860404511,  -27.96230607249,  0.0            
      3606,  -38.97956770266,  12.995151712546,  0.0            
      3607,  0.9859535974566,  -26.95123619852,  0.0            
      3608,  -0.004195610528,  -25.92063752784,  0.0            
      3609,  -25.92063337668,  0.0041951212716,  0.0            
      3610,  -37.95725916859,  11.991130748788,  0.0            
      3611,  -6.942714430102,  -19.37142284406,  0.0            
      3612,  -24.94998656299,  -0.986843525812,  0.0            
      3613,  -36.93304575412,  10.98766029532 ,  0.0            
      3614,  -23.94575930165,  -1.977060661315,  0.0            
      3615,  -22.90160539729,  -2.96962646474 ,  0.0            
      3616,  -35.90686171849,  9.9846508652349,  0.0            
      3617,  -21.8300802802 ,  -3.971426894723,  0.0            
      3618,  -34.87870406715,  8.982110021163 ,  0.0            
      3619,  -26.87072488332,  0.9962668132162,  0.0            
      3620,  -33.84881962694,  7.9801406065698,  0.0            
      3621,  -0.991653124152,  -24.86527401029,  0.0            
      3622,  -32.81778814906,  6.9788497023666,  0.0            
      3623,  -27.81517101772,  1.9898432558345,  0.0            
      3624,  -31.78753294319,  5.9785562772881,  0.0            
      3625,  -28.77273822461,  2.9848249098096,  0.0            
      3626,  -30.76328160867,  4.9793307065495,  0.0            
      3627,  -1.975451102339,  -23.79106909781,  0.0            
      3628,  -29.75525915401,  3.9814600208545,  0.0            
      3629,  -2.953435173888,  -22.72212068925,  0.0            
      3630,  -19.77125561299,  -5.918309964941,  0.0            
      3631,  -20.59832483064,  -5.265574170664,  0.0            
      3632,  -3.919746057239,  -21.69842734794,  0.0            
      3633,  -4.899195136053,  -20.8944440905 ,  0.0            
      3634,  -6.019160464766,  -20.19873860341,  0.0            
      3635,  -6.018621533971,  -19.60328654459,  0.0            
      3636,  9.9592616524446,  -34.98293826471,  0.0            
      3637,  8.9553766115255,  -33.97996870287,  0.0            
      3638,  7.9533249765134,  -32.97662704177,  0.0            
      3639,  10.964750302162,  -35.98557021607,  0.0            
      3640,  6.9530603686449,  -31.97320797999,  0.0            
      3641,  11.971749591855,  -36.98831850213,  0.0            
      3642,  5.9545565225119,  -30.97026637222,  0.0            
      3643,  12.980058974785,  -37.99156043438,  0.0            
      3644,  4.9576192392419,  -29.96799869432,  0.0            
      3645,  13.989558344136,  -38.99544284527,  0.0            
      3646,  3.962209630626 ,  -28.96667802638,  0.0            
      3647,  2.9684026041817,  -27.96524713548,  0.0            
      3648,  1.9761690014141,  -26.96227418631,  0.0            
      3649,  -38.98047668806,  13.994964733833,  0.0            
      3650,  0.9858462639334,  -25.95012680732,  0.0            
      3651,  -0.002272630539,  -24.92135287228,  0.0            
      3652,  -24.92134919042,  0.0022721478218,  0.0            
      3653,  -37.95908842727,  12.990758116178,  0.0            
      3654,  -23.9471491593 ,  -0.989959864338,  0.0            
      3655,  -36.93583709119,  11.98710053287 ,  0.0            
      3656,  -22.93400289821,  -1.98381527253 ,  0.0            
      3657,  -35.91069784107,  10.983880520835,  0.0            
      3658,  -21.85715494334,  -2.993220721316,  0.0            
      3659,  -34.88362159821,  9.9810961878536,  0.0            
      3660,  -25.86631154447,  0.9944950929985,  0.0            
      3661,  -33.8547146352 ,  8.9787678956146,  0.0            
      3662,  -0.987076824105,  -23.86765075651,  0.0            
      3663,  -32.82424381323,  7.9769825640538,  0.0            
      3664,  -26.80468020404,  1.9876122180073,  0.0            
      3665,  -31.79297532126,  6.9757924466984,  0.0            
      3666,  -30.76277433433,  5.9754461552019,  0.0            
      3667,  -27.75600298295,  2.9819190629068,  0.0            
      3668,  -29.73956952129,  4.9760283801391,  0.0            
      3669,  -1.968036836617,  -22.80150009024,  0.0            
      3670,  -28.73397699647,  3.9781455604142,  0.0            
      3671,  -20.69875155358,  -4.098773309836,  0.0            
      3672,  -2.942203640032,  -21.73763185274,  0.0            
      3673,  -3.901054432444,  -20.68672510522,  0.0            
      3674,  -4.961921625228,  -20.17587927345,  0.0            
      3675,  -5.296293128662,  -19.75209630179,  0.0            
      3676,  9.9510934894865,  -33.97942020947,  0.0            
      3677,  8.9479591696667,  -32.97663514934,  0.0            
      3678,  10.955875664785,  -34.98182928699,  0.0            
      3679,  7.9466929688333,  -31.97348382059,  0.0            
      3680,  11.962221567975,  -35.98427088381,  0.0            
      3681,  6.9471765575424,  -30.97052085588,  0.0            
      3682,  12.96991846677 ,  -36.98718948844,  0.0            
      3683,  5.9493607629627,  -29.96814237528,  0.0            
      3684,  4.9531448534296,  -28.96674633077,  0.0            
      3685,  13.978900247639,  -37.99075579331,  0.0            
      3686,  3.9585251669157,  -27.96569192048,  0.0            
      3687,  14.989001610474,  -38.995007991  ,  0.0            
      3688,  2.9657377919501,  -26.96460609828,  0.0            
      3689,  1.9750029451558,  -25.95979734472,  0.0            
      3690,  -38.98138305876,  14.994777331911,  0.0            
      3691,  0.9868435576286,  -24.94999005773,  0.0            
      3692,  0.0014740027052,  -23.92290637402,  0.0            
      3693,  -23.92290323878,  -0.001474414672,  0.0            
      3694,  -37.96090556824,  13.990380606976,  0.0            
      3695,  -22.94749137777,  -0.995787148061,  0.0            
      3696,  -36.93857780145,  12.986532151527,  0.0            
      3697,  -21.9168157764 ,  -1.994758945702,  0.0            
      3698,  -35.91440794331,  11.983118175223,  0.0            
      3699,  -34.88837043714,  10.980115352365,  0.0            
      3700,  -24.86527037528,  0.9916520380339,  0.0            
      3701,  -33.86051351524,  9.9775425976748,  0.0            
      3702,  -0.980810886032,  -22.87865430315,  0.0            
      3703,  -32.83094742667,  8.9753928035188,  0.0            
      3704,  -31.80015032324,  7.9736896500427,  0.0            
      3705,  -25.79568645848,  1.9848821821182,  0.0            
      3706,  -30.76867308904,  6.9723623112511,  0.0            
      3707,  -29.73878396838,  5.9716807268447,  0.0            
      3708,  -26.74036831223,  2.9787562376448,  0.0            
      3709,  -28.71647136284,  4.9720292719448,  0.0            
      3710,  -20.81724651533,  -3.004652423949,  0.0            
      3711,  -1.960742613933,  -21.82174388598,  0.0            
      3712,  -27.71347309252,  3.9743919035702,  0.0            
      3713,  -2.937992906166,  -20.75559547586,  0.0            
      3714,  9.9429289271082,  -32.97595539748,  0.0            
      3715,  8.9405388697594,  -31.97337784316,  0.0            
      3716,  10.947001463935,  -33.97809596341,  0.0            
      3717,  7.9400187470604,  -30.9705868249 ,  0.0            
      3718,  11.95269072015 ,  -34.98021847089,  0.0            
      3719,  6.9411957362266,  -29.96809544   ,  0.0            
      3720,  12.959758838274,  -35.98277532044,  0.0            
      3721,  5.9440687632605,  -28.96649488811,  0.0            
      3722,  13.968160504039,  -36.98599054639,  0.0            
      3723,  4.9485592077599,  -27.96557477176,  0.0            
      3724,  14.97776623365 ,  -37.9898952736 ,  0.0            
      3725,  3.9547521478479,  -26.96453137377,  0.0            
      3726,  15.988484494144,  -38.99453059963,  0.0            
      3727,  2.9632338063492,  -25.96026056474,  0.0            
      3728,  1.9748544894948,  -24.95646801015,  0.0            
      3729,  0.9899599631865,  -23.94715213709,  0.0            
      3730,  -38.9822854738 ,  15.994602856397,  0.0            
      3731,  0.0070780094842,  -22.9304926213 ,  0.0            
      3732,  -22.93049012919,  -0.007078265167,  0.0            
      3733,  -37.9627186798 ,  14.990004121565,  0.0            
      3734,  -21.94802990479,  -1.002299640708,  0.0            
      3735,  -36.94130245938,  13.985961720774,  0.0            
      3736,  -35.91805731883,  12.982350847878,  0.0            
      3737,  -34.8929868697 ,  11.979147488888,  0.0            
      3738,  -33.86614715837,  10.976352176522,  0.0            
      3739,  -23.8676476683 ,  0.9870758084066,  0.0            
      3740,  -32.83757234865,  9.9739612520615,  0.0            
      3741,  -0.974641125962,  -21.89800232135,  0.0            
      3742,  -31.80761653848,  8.9718823713806,  0.0            
      3743,  -20.90718837661,  -1.994692777969,  0.0            
      3744,  -24.79082687511,  1.9810580534622,  0.0            
      3745,  -30.77651953998,  7.9699962048432,  0.0            
      3746,  -29.74511712448,  6.9681891933218,  0.0            
      3747,  -28.71536691306,  5.9670894729136,  0.0            
      3748,  -25.72650655902,  2.9750621310378,  0.0            
      3749,  -27.69411228031,  4.9674849920742,  0.0            
      3750,  -1.957564860612,  -20.85637354079,  0.0            
      3751,  -26.69390570256,  3.9703348351696,  0.0            
      3752,  9.9347522425232,  -31.97253693406,  0.0            
      3753,  8.933081853798 ,  -30.97027089497,  0.0            
      3754,  10.938121982649,  -32.9744095334 ,  0.0            
      3755,  7.9332603252746,  -29.96786688736,  0.0            
      3756,  11.943156607689,  -33.97617948014,  0.0            
      3757,  6.9351202582983,  -28.96603724501,  0.0            
      3758,  12.949594226041,  -34.97836414427,  0.0            
      3759,  5.9386586949749,  -27.96518426382,  0.0            
      3760,  13.957397182984,  -35.98119039249,  0.0            
      3761,  4.9437443092901,  -26.96443807362,  0.0            
      3762,  14.966440184133,  -36.98471355425,  0.0            
      3763,  3.9506032243615,  -25.95955721066,  0.0            
      3764,  15.97671242762 ,  -37.98895695294,  0.0            
      3765,  2.9612906853259,  -24.95255758786,  0.0            
      3766,  16.987994330897,  -38.9940132577 ,  0.0            
      3767,  1.9770611646965,  -23.94576195459,  0.0            
      3768,  0.9957873493165,  -22.94749375346,  0.0            
      3769,  -38.98318038567,  16.994446773368,  0.0            
      3770,  0.0126057281454,  -21.9427046599 ,  0.0            
      3771,  -21.94270292889,  -0.012605741846,  0.0            
      3772,  -37.96452633821,  15.989652610425,  0.0            
      3773,  -36.94402230624,  14.985395152867,  0.0            
      3774,  -35.92168765025,  13.981585906942,  0.0            
      3775,  -34.89753975077,  12.978179292185,  0.0            
      3776,  -20.95769201321,  -1.001013797854,  0.0            
      3777,  -33.8716514375 ,  11.975179425458,  0.0            
      3778,  -22.87865183282,  0.9808100760627,  0.0            
      3779,  -32.84405097495,  10.972566948404,  0.0            
      3780,  -0.972862426818,  -20.93076460688,  0.0            
      3781,  -31.81501868145,  9.9702515736781,  0.0            
      3782,  -30.78469819973,  8.9679545803769,  0.0            
      3783,  -23.79106623385,  1.975449346873 ,  0.0            
      3784,  -29.7536100985 ,  7.9654926379317,  0.0            
      3785,  -28.72210038231,  6.9630700189236,  0.0            
      3786,  -27.69265246404,  5.9618484133159,  0.0            
      3787,  -24.71713144628,  2.9701997759909,  0.0            
      3788,  -26.67248111816,  4.9625856708836,  0.0            
      3789,  -25.67638031015,  3.9656941512491,  0.0            
      3790,  9.9265330192745,  -30.96920988557,  0.0            
      3791,  8.9255533501131,  -29.96726850994,  0.0            
      3792,  10.929219012635,  -31.97076518164,  0.0            
      3793,  7.9264148048208,  -28.9654007643 ,  0.0            
      3794,  11.933610093916,  -32.97220005474,  0.0            
      3795,  6.928968766819 ,  -27.96443348611,  0.0            
      3796,  12.939424895176,  -33.97397597009,  0.0            
      3797,  5.9330241330992,  -26.96438498495,  0.0            
      3798,  13.946627498775,  -34.97640373404,  0.0            
      3799,  4.9380768526351,  -25.96145638946,  0.0            
      3800,  14.955087082043,  -35.97951386599,  0.0            
      3801,  3.9458766066503,  -24.94951359247,  0.0            
      3802,  15.964844235935,  -36.98333153741,  0.0            
      3803,  16.975723805901,  -37.98794629826,  0.0            
      3804,  2.9614510657928,  -23.93189052316,  0.0            
      3805,  17.987591446979,  -38.99347828397,  0.0            
      3806,  1.9838158483924,  -22.93400500443,  0.0            
      3807,  1.0022999542632,  -21.9480315998 ,  0.0            
      3808,  0.0126889024012,  -20.96591657988,  0.0            
      3809,  -20.96591586781,  -0.012688577263,  0.0            
      3810,  -38.98405812525,  17.994338073388,  0.0            
      3811,  -37.96632199736,  16.989334504544,  0.0            
      3812,  -36.94673600262,  15.984865842733,  0.0            
      3813,  -35.9253125513 ,  14.980828609366,  0.0            
      3814,  -34.90207282178,  13.977218876629,  0.0            
      3815,  -33.877093807  ,  12.974010703121,  0.0            
      3816,  -21.89800051828,  0.9746406984124,  0.0            
      3817,  -32.85041669692,  11.97119469741 ,  0.0            
      3818,  -31.82229343521,  10.968663440446,  0.0            
      3819,  -30.79282564389,  9.9661271759569,  0.0            
      3820,  -22.80149782315,  1.9680353068837,  0.0            
      3821,  -29.76246906133,  8.9631702329734,  0.0            
      3822,  -28.73121145294,  7.9599487212091,  0.0            
      3823,  -27.69975830799,  6.9572054378559,  0.0            
      3824,  -23.71434111313,  2.9631949472215,  0.0            
      3825,  -26.67048563555,  5.9561956582655,  0.0            
      3826,  -25.65317498451,  4.9571081725196,  0.0            
      3827,  -24.66361750756,  3.9597836197443,  0.0            
      3828,  9.918245124438 ,  -29.96594249505,  0.0            
      3829,  10.920263324934,  -30.96719995679,  0.0            
      3830,  8.9179512861214,  -28.96442093745,  0.0            
      3831,  11.924028374555,  -31.96827693632,  0.0            
      3832,  7.9195455415416,  -27.96327129845,  0.0            
      3833,  12.929240589261,  -32.96966850471,  0.0            
      3834,  6.9227399158886,  -26.96354714344,  0.0            
      3835,  5.926619498386 ,  -25.96486589535,  0.0            
      3836,  13.935853537422,  -33.97165448847,  0.0            
      3837,  4.9306359520285,  -24.9556969937 ,  0.0            
      3838,  14.94372719559 ,  -34.97434423137,  0.0            
      3839,  15.952948275071,  -35.9777174544 ,  0.0            
      3840,  3.9413730443748,  -23.92312124232,  0.0            
      3841,  16.963359384489,  -36.98185707503,  0.0            
      3842,  2.9696273521562,  -22.9016071357 ,  0.0            
      3843,  17.974939294775,  -37.98691250404,  0.0            
      3844,  1.9947595561471,  -21.91681728677,  0.0            
      3845,  18.98724787332 ,  -38.99300489902,  0.0            
      3846,  -38.98490361436,  18.994275013594,  0.0            
      3847,  -37.9680884122 ,  17.98910517042 ,  0.0            
      3848,  -36.94943501065,  16.984384058063,  0.0            
      3849,  1.0010140457183,  -20.95769296162,  0.0            
      3850,  -35.92893088803,  15.980121323625,  0.0            
      3851,  -34.90660024619,  14.976270450974,  0.0            
      3852,  -33.88251690241,  13.972855087593,  0.0            
      3853,  -20.93076350289,  0.9728627005078,  0.0            
      3854,  -32.85672970928,  12.969829571826,  0.0            
      3855,  -31.82947396371,  11.967105221306,  0.0            
      3856,  -30.80084523995,  10.964359894406,  0.0            
      3857,  -29.7712770704 ,  9.9611379529834,  0.0            
      3858,  -21.82174221772,  1.9607415526132,  0.0            
      3859,  -28.74072448937,  8.957278282568 ,  0.0            
      3860,  -27.70946903921,  7.9535841883166,  0.0            
      3861,  -26.67784445411,  6.950888408541 ,  0.0            
      3862,  -22.72211874218,  2.953432799403 ,  0.0            
      3863,  -25.65076107976,  5.9500243047437,  0.0            
      3864,  -24.63898095358,  4.9504570523695,  0.0            
      3865,  -23.66063077688,  3.9512738099503,  0.0            
      3866,  9.9098932697532,  -28.96276662538,  0.0            
      3867,  10.911236373138,  -29.96368532622,  0.0            
      3868,  8.9103573832084,  -27.96163313471,  0.0            
      3869,  11.91437882723 ,  -30.96445595348,  0.0            
      3870,  7.9127573684537,  -26.96162427072,  0.0            
      3871,  12.919014961364,  -31.96543934239,  0.0            
      3872,  6.9163332460058,  -25.96547039286,  0.0            
      3873,  13.925065625929,  -32.96700918938,  0.0            
      3874,  5.9185382124785,  -24.96828311726,  0.0            
      3875,  14.932365096412,  -33.96923575689,  0.0            
      3876,  4.9206561873788,  -23.94062716097,  0.0            
      3877,  15.94104659381 ,  -34.97215939185,  0.0            
      3878,  3.9451869311128,  -22.87472051944,  0.0            
      3879,  16.950970732875,  -35.97582006301,  0.0            
      3880,  2.9932216045331,  -21.85715605174,  0.0            
      3881,  17.96220895275 ,  -36.98036877838,  0.0            
      3882,  18.974322078467,  -37.98601165892,  0.0            
      3883,  19.987075946134,  -38.99272592776,  0.0            
      3884,  -38.98569832619,  19.994286098486,  0.0            
      3885,  -37.96979412477,  18.988960130868,  0.0            
      3886,  -36.95209547634,  17.9840306449  ,  0.0            
      3887,  -35.93253265734,  16.979475754089,  0.0            
      3888,  -34.91112083408,  15.975385126161,  0.0            
      3889,  -33.8879343844 ,  14.971715782547,  0.0            
      3890,  1.994693385789 ,  -20.90718935119,  0.0            
      3891,  -32.86302704465,  13.968482304196,  0.0            
      3892,  -31.83661365788,  12.965557208604,  0.0            
      3893,  -30.80879287985,  11.962646551738,  0.0            
      3894,  -29.77998248724,  10.959210876208,  0.0            
      3895,  -20.85637241371,  1.9575646348145,  0.0            
      3896,  -28.75018370726,  9.9550225466822,  0.0            
      3897,  -27.71962254792,  8.9505123288325,  0.0            
      3898,  -26.6880897431 ,  7.9467409062537,  0.0            
      3899,  -25.65819264205,  6.9441640412121,  0.0            
      3900,  -21.73763055812,  2.942201749602 ,  0.0            
      3901,  -24.63600821878,  5.9429783483386,  0.0            
      3902,  -23.63961560132,  4.9414964070774,  0.0            
      3903,  -22.67223505052,  3.9385056643027,  0.0            
      3904,  9.9015485617432,  -27.95936631036,  0.0            
      3905,  10.902151908406,  -28.96024571137,  0.0            
      3906,  8.9029081667094,  -26.9588872509 ,  0.0            
      3907,  11.904645864287,  -29.96070357002,  0.0            
      3908,  7.9063813138176,  -25.96190297415,  0.0            
      3909,  12.908710777187,  -30.96135057759,  0.0            
      3910,  6.909538306889 ,  -24.97260032292,  0.0            
      3911,  13.914234761051,  -31.96246653076,  0.0            
      3912,  5.907741821142 ,  -23.98012338465,  0.0            
      3913,  14.920993564328,  -32.96425552941,  0.0            
      3914,  4.9923649901099,  -22.90673658645,  0.0            
      3915,  15.929145439979,  -33.9666981745 ,  0.0            
      3916,  3.9691075763201,  -21.82496979415,  0.0            
      3917,  16.93857921062 ,  -34.96987505223,  0.0            
      3918,  17.949462772212,  -35.9739265053 ,  0.0            
      3919,  18.961349280542,  -36.97909760609,  0.0            
      3920,  19.974096533507,  -37.9855084397 ,  0.0            
      3921,  20.987055638965,  -38.99273979019,  0.0            
      3922,  -38.98643924765,  20.994343191032,  0.0            
      3923,  -37.97140034532,  19.988959754849,  0.0            
      3924,  -36.9546703139 ,  18.983798189256,  0.0            
      3925,  -35.93608836906,  17.978997921108,  0.0            
      3926,  -34.9156233802 ,  16.974575845382,  0.0            
      3927,  -33.89334492406,  15.970652649162,  0.0            
      3928,  -32.8693198035 ,  14.967155190667,  0.0            
      3929,  -31.84374347769,  13.964033205396,  0.0            
      3930,  3.0046532534426,  -20.81724685108,  0.0            
      3931,  -30.81671603484,  12.960953190624,  0.0            
      3932,  -29.78862900961,  11.957398089431,  0.0            
      3933,  -28.7595380297 ,  10.952954501832,  0.0            
      3934,  -27.72971497878,  9.9480164298738,  0.0            
      3935,  -26.69885351806,  8.9432594208362,  0.0            
      3936,  -25.66853590234,  7.9395867829006,  0.0            
      3937,  -20.75559489183,  2.9379920506527,  0.0            
      3938,  -24.64271957397,  6.936946113164 ,  0.0            
      3939,  -23.63878422913,  5.9347534008874,  0.0            
      3940,  -22.66561374869,  4.928756316201 ,  0.0            
      3941,  -21.69842634176,  3.9197431108303,  0.0            
      3942,  9.8933094939862,  -26.95564149578,  0.0            
      3943,  10.89305213315 ,  -27.95642130664,  0.0            
      3944,  8.8960587977775,  -25.95590137282,  0.0            
      3945,  11.894852095046,  -28.95704656341,  0.0            
      3946,  7.9008488707185,  -24.96537844248,  0.0            
      3947,  12.898311518873,  -29.95736030692,  0.0            
      3948,  6.9023603511866,  -23.99396187561,  0.0            
      3949,  13.903318026537,  -30.95810327794,  0.0            
      3950,  5.8971385213285,  -23.01052786017,  0.0            
      3951,  14.909584194867,  -31.95940436244,  0.0            
      3952,  5.0273001086934,  -21.85464714882,  0.0            
      3953,  15.917240087986,  -32.96139171221,  0.0            
      3954,  16.926191183939,  -33.96407088711,  0.0            
      3955,  17.936717754586,  -34.96762051615,  0.0            
      3956,  18.948372208789,  -35.97233588752,  0.0            
      3957,  19.961112544181,  -36.9784262238 ,  0.0            
      3958,  20.974187381136,  -37.98559039157,  0.0            
      3959,  21.987297615658,  -38.99300971165,  0.0            
      3960,  -38.98714692532,  21.994459135179,  0.0            
      3961,  -37.97289747238,  20.989054632663,  0.0            
      3962,  -36.95709939126,  19.983779602931,  0.0            
      3963,  -35.93953602874,  18.978677237884,  0.0            
      3964,  -34.92007333118,  17.973973682285,  0.0            
      3965,  -33.89873640177,  16.969679784362,  0.0            
      3966,  -32.87560602018,  15.965917024114,  0.0            
      3967,  -31.85087107484,  14.962533144024,  0.0            
      3968,  -30.82463886095,  13.959298333046,  0.0            
      3969,  -29.79726453768,  12.955633648309,  0.0            
      3970,  4.0984337921271,  -20.69943279561,  0.0            
      3971,  -28.76883984334,  11.95110955077 ,  0.0            
      3972,  -27.73968661797,  10.945819923969,  0.0            
      3973,  -26.70956638233,  9.9405282458161,  0.0            
      3974,  -25.6793739522 ,  8.9357677187457,  0.0            
      3975,  -24.65201005888,  7.932218406176 ,  0.0            
      3976,  -23.64356085143,  6.9297884220667,  0.0            
      3977,  -22.67122903718,  5.9256364125932,  0.0            
      3978,  -21.74078845806,  4.9104100940339,  0.0            
      3979,  -20.71249113662,  3.9096496836775,  0.0            
      3980,  9.8854933015799,  -25.94958430111,  0.0            
      3981,  10.883965963767,  -26.95215890666,  0.0            
      3982,  11.885016502564,  -27.95300803043,  0.0            
      3983,  8.8902564470404,  -24.95281771712,  0.0            
      3984,  12.887844993267,  -28.9535037383 ,  0.0            
      3985,  7.8968285940669,  -23.9770347767 ,  0.0            
      3986,  13.89229447506 ,  -29.95387029401,  0.0            
      3987,  6.8964408275491,  -23.03851288893,  0.0            
      3988,  5.9005689977867,  -22.15798823767,  0.0            
      3989,  14.898091600757,  -30.95476498584,  0.0            
      3990,  15.90530429071 ,  -31.95624378071,  0.0            
      3991,  16.913804110607,  -32.95845053719,  0.0            
      3992,  17.923978509842,  -33.96149996866,  0.0            
      3993,  18.935400057432,  -34.96575703193,  0.0            
      3994,  19.94813617448 ,  -35.97153626116,  0.0            
      3995,  20.961358262119,  -36.97861611656,  0.0            
      3996,  21.974764927628,  -37.98617777845,  0.0            
      3997,  22.987713132363,  -38.99342482219,  0.0            
      3998,  -38.98784518648,  22.994601632874,  0.0            
      3999,  -37.97432428739,  21.989275562722,  0.0            
      4000,  -36.9593640528 ,  20.983905718423,  0.0            
      4001,  -35.94279398833,  19.978639026728,  0.0            
      4002,  -34.92439435434,  18.973564720078,  0.0            
      4003,  -33.90406995509,  17.968953160142,  0.0            
      4004,  -32.88187278498,  16.964782891072,  0.0            
      4005,  -31.85799354526,  15.961134672242,  0.0            
      4006,  -30.83256391868,  14.957673396742,  0.0            
      4007,  -29.80591011454,  13.953941467535,  0.0            
      4008,  -28.77814065964,  12.949367885328,  0.0            
      4009,  -27.74959666947,  11.943993102253,  0.0            
      4010,  -26.72014596859,  10.938220608811,  0.0            
      4011,  5.2655752941917,  -20.59832554958,  0.0            
      4012,  -25.69027014075,  9.9328168570238,  0.0            
      4013,  -24.66171177808,  8.9282157493188,  0.0            
      4014,  -23.64795337726,  7.9256537687336,  0.0            
      4015,  -22.66998730152,  6.9244875512794,  0.0            
      4016,  -21.76678681759,  5.9169916488135,  0.0            
      4017,  -20.92176786552,  4.9288161006041,  0.0            
      4018,  5.986340347187 ,  -21.31973985731,  0.0            
      4019,  9.8782702023477,  -24.94096993366,  0.0            
      4020,  10.874919051196,  -25.9445680161 ,  0.0            
      4021,  11.875128350078,  -26.94864655091,  0.0            
      4022,  8.8857145194256,  -23.94855425076,  0.0            
      4023,  12.877324226761,  -27.94936861507,  0.0            
      4024,  7.8944565724693,  -22.99991895435,  0.0            
      4025,  13.881193154349,  -28.9498132489 ,  0.0            
      4026,  6.9007301181534,  -22.12216205363,  0.0            
      4027,  14.886490319042,  -29.95028471715,  0.0            
      4028,  15.893292877216,  -30.95133126548,  0.0            
      4029,  16.901396030908,  -31.95302056518,  0.0            
      4030,  17.911243483557,  -32.95559339152,  0.0            
      4031,  18.922434824083,  -33.95940015957,  0.0            
      4032,  19.935166666452,  -34.96486536225,  0.0            
      4033,  20.948546445141,  -35.97185108035,  0.0            
      4034,  21.962286538344,  -36.97953023396,  0.0            
      4035,  22.975664295779,  -37.98703035038,  0.0            
      4036,  23.988301091576,  -38.99390243741,  0.0            
      4037,  -38.98854657946,  23.994778170857,  0.0            
      4038,  -37.97572879124,  22.989556928546,  0.0            
      4039,  -36.9615189294 ,  21.98422656062 ,  0.0            
      4040,  -35.94583280419,  20.97879453512 ,  0.0            
      4041,  -34.92848335992,  19.973506534206,  0.0            
      4042,  -33.90925604631,  18.968455459234,  0.0            
      4043,  -32.88807764815,  17.963933205827,  0.0            
      4044,  -31.86509743309,  16.959852944614,  0.0            
      4045,  -30.8404867064 ,  15.956163533658,  0.0            
      4046,  -29.81456358407,  14.952291305212,  0.0            
      4047,  -28.78746080569,  13.947758189464,  0.0            
      4048,  -27.75950438698,  12.942346081187,  0.0            
      4049,  -26.73064882653,  11.936441356177,  0.0            
      4050,  -25.7012576612 ,  10.930395775501,  0.0            
      4051,  -24.6718427358 ,  9.9250178924674,  0.0            
      4052,  -23.65165275405,  8.9216260416973,  0.0            
      4053,  -22.66188163124,  7.9221950143044,  0.0            
      4054,  -21.75187584233,  6.924654232299 ,  0.0            
      4055,  -20.9420718539 ,  5.9453760040391,  0.0            
      4056,  -20.19648063357,  4.9644661932826,  0.0            
      4057,  -19.75209632838,  5.2962893425094,  0.0            
      4058,  6.897652690142 ,  -21.21537238637,  0.0            
      4059,  10.86557903174 ,  -24.93411561011,  0.0            
      4060,  9.8711818031916,  -23.92334360055,  0.0            
      4061,  11.865023588731,  -25.94121030435,  0.0            
      4062,  12.866737512386,  -26.94504705296,  0.0            
      4063,  8.8802423418384,  -22.94387060723,  0.0            
      4064,  13.870035245082,  -27.94559183005,  0.0            
      4065,  7.8862634657552,  -22.03838684853,  0.0            
      4066,  14.874806115438,  -28.94601826935,  0.0            
      4067,  15.881176967847,  -29.9466023924 ,  0.0            
      4068,  16.888926776064,  -30.94784283235,  0.0            
      4069,  17.898494798805,  -31.94990810827,  0.0            
      4070,  18.90947556792 ,  -32.95328447461,  0.0            
      4071,  19.922203581986,  -33.95843615625,  0.0            
      4072,  20.935741716165,  -34.96531995191,  0.0            
      4073,  21.949889202711,  -35.97308597524,  0.0            
      4074,  22.963532441143,  -36.98081140634,  0.0            
      4075,  23.976854026996,  -37.98799047208,  0.0            
      4076,  24.988958818576,  -38.99439737999,  0.0            
      4077,  -38.98925155794,  24.994967431199,  0.0            
      4078,  -37.97713591347,  23.98990991832 ,  0.0            
      4079,  -36.96363506926,  22.984643700452,  0.0            
      4080,  5.918310651118 ,  -19.77125590174,  0.0            
      4081,  -35.94872102784,  21.979213430573,  0.0            
      4082,  -34.93229923771,  20.973690805716,  0.0            
      4083,  -33.91417119263,  19.968376495859,  0.0            
      4084,  -32.89411904594,  18.963347310718,  0.0            
      4085,  -31.87213830095,  17.958891235137,  0.0            
      4086,  -30.84839314391,  16.954781092   ,  0.0            
      4087,  -29.82321882133,  15.950772191292,  0.0            
      4088,  -28.79679418719,  14.946211405969,  0.0            
      4089,  -27.76943425481,  13.940911360683,  0.0            
      4090,  -26.74113914126,  12.934927418028,  0.0            
      4091,  -25.71234907885,  11.928668952737,  0.0            
      4092,  -24.68287677957,  10.922390507607,  0.0            
      4093,  -23.65696573776,  9.9177210463368,  0.0            
      4094,  -22.6510600684 ,  8.9179475685187,  0.0            
      4095,  -21.7156379531 ,  7.9254079625133,  0.0            
      4096,  -20.89897398311,  6.9375854949216,  0.0            
      4097,  -20.21659753491,  5.9767981777299,  0.0            
      4098,  6.5844634767515,  -20.42351233058,  0.0            
      4099,  -19.58689417692,  6.0006607140666,  0.0            
      4100,  7.8393918773881,  -21.10410588803,  0.0            
      4101,  10.854357711159,  -23.91260097019,  0.0            
      4102,  11.854250967524,  -24.93224832296,  0.0            
      4103,  9.8614552588745,  -22.89644014544,  0.0            
      4104,  12.85587214237 ,  -25.93832218542,  0.0            
      4105,  8.8687183191895,  -21.93709190188,  0.0            
      4106,  13.858823246856,  -26.9412281984 ,  0.0            
      4107,  14.863067153872,  -27.94167371532,  0.0            
      4108,  15.868977137796,  -28.94211654061,  0.0            
      4109,  16.87636744259 ,  -29.94287093259,  0.0            
      4110,  17.88569917527 ,  -30.94448771001,  0.0            
      4111,  18.896508911726,  -31.94741473212,  0.0            
      4112,  19.909246387094,  -32.95226551262,  0.0            
      4113,  20.922942015608,  -33.95902867602,  0.0            
      4114,  21.937479429981,  -34.96687947308,  0.0            
      4115,  22.951782368014,  -35.9748169666 ,  0.0            
      4116,  23.965490512313,  -36.98227616216,  0.0            
      4117,  24.978183195635,  -37.98898617561,  0.0            
      4118,  25.989666773156,  -38.9948939365 ,  0.0            
      4119,  -38.98995813114,  25.995172910471,  0.0            
      4120,  -37.97854850422,  24.990288999153,  0.0            
      4121,  -36.96575066878,  23.985171718765,  0.0            
      4122,  -35.95155197978,  22.979764859297,  0.0            
      4123,  -34.93592333629,  21.974207019488,  0.0            
      4124,  -33.91876240908,  20.968588679298,  0.0            
      4125,  -32.89985443136,  19.963247134522,  0.0            
      4126,  -31.87900560929,  18.958225713502,  0.0            
      4127,  -30.85623820448,  17.95374811225 ,  0.0            
      4128,  -29.83186134408,  16.949387963074,  0.0            
      4129,  -28.80613339774,  15.944815321012,  0.0            
      4130,  -27.77937971244,  14.939567815439,  0.0            
      4131,  -26.75164685122,  13.933713131334,  0.0            
      4132,  -25.72344032257,  12.927322274932,  0.0            
      4133,  6.8100319403666,  -19.59009107167,  0.0            
      4134,  -24.69468308229,  11.920674197416,  0.0            
      4135,  -23.66656847884,  10.91423998604 ,  0.0            
      4136,  -22.64448261438,  9.911727371408 ,  0.0            
      4137,  -21.67147507911,  8.9195647299608,  0.0            
      4138,  -20.81196460145,  7.9376090731071,  0.0            
      4139,  -20.07531380151,  6.9682210780262,  0.0            
      4140,  7.7526841382288,  -20.21680457033,  0.0            
      4141,  -19.35899863587,  6.9180683689568,  0.0            
      4142,  8.8462255527355,  -20.94015284426,  0.0            
      4143,  11.841050992401,  -23.9155739476 ,  0.0            
      4144,  10.83732493758 ,  -22.8826084411 ,  0.0            
      4145,  12.844304511809,  -24.93063943282,  0.0            
      4146,  9.8471438817571,  -21.84611436386,  0.0            
      4147,  13.847382684774,  -25.93494014758,  0.0            
      4148,  14.851279556061,  -26.93719380254,  0.0            
      4149,  15.856722898514,  -27.93761594187,  0.0            
      4150,  16.863732733345,  -28.93816226641,  0.0            
      4151,  17.872830365477,  -29.93929519635,  0.0            
      4152,  18.883510195892,  -30.94181854717,  0.0            
      4153,  19.896285204245,  -31.94635335227,  0.0            
      4154,  20.910147590174,  -32.95299793343,  0.0            
      4155,  21.925063676066,  -33.96088906973,  0.0            
      4156,  22.939861673564,  -34.96901195504,  0.0            
      4157,  23.954213659545,  -35.97672181579,  0.0            
      4158,  24.967511492763,  -36.98375009223,  0.0            
      4159,  25.979594646781,  -37.98997521974,  0.0            
      4160,  26.990386679556,  -38.99538488114,  0.0            
      4161,  -38.99066346356,  26.995386196756,  0.0            
      4162,  -37.97996336042,  25.990699938515,  0.0            
      4163,  -36.96787201642,  24.985740102278,  0.0            
      4164,  -35.95437753722,  23.980467013022,  0.0            
      4165,  -34.93947064648,  22.974892118306,  0.0            
      4166,  -33.92312247497,  21.969201528315,  0.0            
      4167,  -32.9052189753 ,  20.963486683908,  0.0            
      4168,  -31.88554149524,  19.958109251449,  0.0            
      4169,  -30.86390519734,  18.953037693938,  0.0            
      4170,  -29.8404477473 ,  17.948371937252,  0.0            
      4171,  -28.81546389881,  16.943558132176,  0.0            
      4172,  -27.78933376627,  15.938397667411,  0.0            
      4173,  -26.76216819062,  14.932622240942,  0.0            
      4174,  -25.73446173826,  13.926363227325,  0.0            
      4175,  -24.70646805692,  12.919559892059,  0.0            
      4176,  -23.67987410556,  11.912234574717,  0.0            
      4177,  -22.65079511898,  10.905446498195,  0.0            
      4178,  -21.63603467833,  9.9069474389281,  0.0            
      4179,  -20.70949786342,  8.9264664631408,  0.0            
      4180,  -19.96759275461,  7.9468002736887,  0.0            
      4181,  7.7356431072349,  -19.33797522866,  0.0            
      4182,  8.8090710174068,  -19.96273361402,  0.0            
      4183,  -19.11872658125,  7.8744480785291,  0.0            
      4184,  9.8324705232231,  -20.84132938106,  0.0            
      4185,  11.821844698882,  -22.90090201847,  0.0            
      4186,  10.811804758705,  -21.82548299346,  0.0            
      4187,  12.830327795355,  -23.91677288498,  0.0            
      4188,  13.835326407278,  -24.92720171099,  0.0            
      4189,  14.839296527772,  -25.93109441965,  0.0            
      4190,  15.844416610579,  -26.93301638146,  0.0            
      4191,  16.851046828704,  -27.9334962472 ,  0.0            
      4192,  17.859899005842,  -28.93437880429,  0.0            
      4193,  18.870458570617,  -29.93647056642,  0.0            
      4194,  19.883302631272,  -30.94071682157,  0.0            
      4195,  20.897351618328,  -31.94722341507,  0.0            
      4196,  21.912652403985,  -32.95514659754,  0.0            
      4197,  22.927944086545,  -33.96340097732,  0.0            
      4198,  23.942925083003,  -34.97134397204,  0.0            
      4199,  24.956870346423,  -35.97865172393,  0.0            
      4200,  25.969624451845,  -36.98521763561,  0.0            
      4201,  26.981026903916,  -37.99095324908,  0.0            
      4202,  27.991117855339,  -38.99586634309,  0.0            
      4203,  -38.99136544588,  27.995615918491,  0.0            
      4204,  -37.98137620749,  26.991125786036,  0.0            
      4205,  -36.96999591114,  25.986356433856,  0.0            
      4206,  -35.95720826445,  24.981224308652,  0.0            
      4207,  -34.94300693597,  23.975768030668,  0.0            
      4208,  -33.92738667207,  22.970019926679,  0.0            
      4209,  -32.91031528099,  21.964195653989,  0.0            
      4210,  -31.89167021214,  20.958379626597,  0.0            
      4211,  -30.87122479411,  19.952929525132,  0.0            
      4212,  -29.84886032605,  18.947693708792,  0.0            
      4213,  -28.82474511961,  17.942675401816,  0.0            
      4214,  -27.79928311444,  16.937368427232,  0.0            
      4215,  -26.77269883566,  15.931728319395,  0.0            
      4216,  -25.74543206057,  14.925551300407,  0.0            
      4217,  -24.71787304567,  13.918923670157,  0.0            
      4218,  -23.69291836497,  12.911530351648,  0.0            
      4219,  -22.66862533687,  11.90231764128 ,  0.0            
      4220,  -21.63483119645,  10.893023427431,  0.0            
      4221,  -20.6184130548 ,  9.9008624434334,  0.0            
      4222,  -19.77777116125,  8.9245495526082,  0.0            
      4223,  8.7436430539882,  -19.0261821064 ,  0.0            
      4224,  9.8672834250403,  -19.6932433533 ,  0.0            
      4225,  11.793448937646,  -21.88873991768,  0.0            
      4226,  12.810706974377,  -22.90372131766,  0.0            
      4227,  13.820906993858,  -23.91273090349,  0.0            
      4228,  14.826676663244,  -24.92316162194,  0.0            
      4229,  15.831925652341,  -25.92706702701,  0.0            
      4230,  16.838305380078,  -26.92880395762,  0.0            
      4231,  -18.87818388254,  8.847666903631 ,  0.0            
      4232,  17.846923102128,  -27.92956690219,  0.0            
      4233,  18.857362080996,  -28.93140447417,  0.0            
      4234,  19.870283897146,  -29.93534179925,  0.0            
      4235,  20.88454287947 ,  -30.94171720041,  0.0            
      4236,  21.90024064449 ,  -31.94964634739,  0.0            
      4237,  22.916030512923,  -32.95801563174,  0.0            
      4238,  23.931630240879,  -33.96613658441,  0.0            
      4239,  24.946238186166,  -34.97371364918,  0.0            
      4240,  25.959685567682,  -35.98057896124,  0.0            
      4241,  26.971765515728,  -36.98666889375,  0.0            
      4242,  27.982477398434,  -37.9919130188 ,  0.0            
      4243,  28.991857737464,  -38.99632443217,  0.0            
      4244,  -38.99206333606,  28.995858968089,  0.0            
      4245,  -37.98278372626,  27.991583961387,  0.0            
      4246,  -36.9721174329 ,  26.986994862118,  0.0            
      4247,  -35.96004160928,  25.982046001518,  0.0            
      4248,  -34.94654742167,  24.976714078696,  0.0            
      4249,  -33.93163412711,  23.971069435874,  0.0            
      4250,  -32.91529715319,  22.965147289957,  0.0            
      4251,  -31.89750073382,  21.959186384836,  0.0            
      4252,  -30.87811134934,  20.953249172164,  0.0            
      4253,  -29.85692550206,  19.947651342917,  0.0            
      4254,  -28.83386204876,  18.942132500307,  0.0            
      4255,  -27.80919175445,  17.936710827133,  0.0            
      4256,  -26.78322849354,  16.930977668008,  0.0            
      4257,  -25.7564050202 ,  15.924947593305,  0.0            
      4258,  -24.72908528019,  14.918422253798,  0.0            
      4259,  -23.70417669852,  13.911447477261,  0.0            
      4260,  -22.68391829752,  12.902507323307,  0.0            
      4261,  10.836395256772,  -20.78329938527,  0.0            
      4262,  -21.66772443852,  11.886865579487,  0.0            
      4263,  -20.60231283042,  10.870305758214,  0.0            
      4264,  -19.62803780277,  9.9037516645518,  0.0            
      4265,  9.7308072927874,  -18.64965178647,  0.0            
      4266,  12.781698359082,  -21.88610486619,  0.0            
      4267,  13.800035765274,  -22.89274888592,  0.0            
      4268,  14.811540344167,  -23.90893186088,  0.0            
      4269,  15.818799899549,  -24.91935018392,  0.0            
      4270,  16.825380213801,  -25.92305584555,  0.0            
      4271,  17.833894063218,  -26.92481767847,  0.0            
      4272,  18.844233290588,  -27.92650521296,  0.0            
      4273,  19.85723635503 ,  -28.9302450787 ,  0.0            
      4274,  20.871712389473,  -29.93647511444,  0.0            
      4275,  21.887821090482,  -30.94439775547,  0.0            
      4276,  22.904117594804,  -31.95285198069,  0.0            
      4277,  23.920338793938,  -32.96112714133,  0.0            
      4278,  24.935609693744,  -33.96891382146,  0.0            
      4279,  25.949757000419,  -34.9760741364 ,  0.0            
      4280,  26.962535370056,  -35.98248737207,  0.0            
      4281,  27.973929852782,  -36.98809376226,  0.0            
      4282,  28.983938432283,  -37.992827018  ,  0.0            
      4283,  29.99260473681 ,  -38.99673694374,  0.0            
      4284,  -38.99275811494,  29.996126597445,  0.0            
      4285,  -37.98418439769,  28.992068863812,  0.0            
      4286,  -36.97423262443,  27.987681530635,  0.0            
      4287,  -35.9628724528 ,  26.982897168716,  0.0            
      4288,  11.736619864536,  -20.95868832547,  0.0            
      4289,  -34.95009051628,  25.977741135542,  0.0            
      4290,  -33.93588466938,  24.97220420211 ,  0.0            
      4291,  -32.92025636772,  23.966370406109,  0.0            
      4292,  -31.90320090738,  22.960272844234,  0.0            
      4293,  -18.56081440808,  9.8278804154947,  0.0            
      4294,  -30.88467631073,  21.954164143652,  0.0            
      4295,  -29.8645507643 ,  20.948063938298,  0.0            
      4296,  -28.84264273713,  19.942234959878,  0.0            
      4297,  -27.81895237965,  18.936386192764,  0.0            
      4298,  -26.79372683302,  17.930591482672,  0.0            
      4299,  -25.76740575623,  16.924488875398,  0.0            
      4300,  -24.74032837773,  15.918105411412,  0.0            
      4301,  -23.71468384588,  14.911342102619,  0.0            
      4302,  -22.69325621808,  13.903483370489,  0.0            
      4303,  -21.68797722175,  12.889148869812,  0.0            
      4304,  -20.68189434479,  11.857893396976,  0.0            
      4305,  -19.57593731892,  10.924175106572,  0.0            
      4306,  10.968318146838,  -19.46239747256,  0.0            
      4307,  12.714613852987,  -20.84719285403,  0.0            
      4308,  11.7701508386  ,  -20.08853072666,  0.0            
      4309,  13.765676846159,  -21.85352932496,  0.0            
      4310,  14.789307370008,  -22.8886795566 ,  0.0            
      4311,  15.803300767539,  -23.90641014692,  0.0            
      4312,  16.811869715131,  -24.91585842137,  0.0            
      4313,  17.820688433626,  -25.9193527824 ,  0.0            
      4314,  18.831061614601,  -26.92175210081,  0.0            
      4315,  19.844170568668,  -27.9253628356 ,  0.0            
      4316,  20.858867122245,  -28.93149675526,  0.0            
      4317,  21.875388758696,  -29.93940687294,  0.0            
      4318,  22.892200890032,  -30.94791655625,  0.0            
      4319,  23.909048735   ,  -31.95631513328,  0.0            
      4320,  24.92498382841 ,  -32.96428135724,  0.0            
      4321,  25.939832355781,  -33.971681303  ,  0.0            
      4322,  26.953316170675,  -34.9784132241 ,  0.0            
      4323,  27.965412152118,  -35.98436290522,  0.0            
      4324,  28.976104319745,  -36.98945188992,  0.0            
      4325,  29.985407431285,  -37.99364989792,  0.0            
      4326,  30.993350665793,  -38.9970912567 ,  0.0            
      4327,  -38.99345297322,  30.996411295638,  0.0            
      4328,  -37.98557994027,  29.992603804683,  0.0            
      4329,  -36.97633951642,  28.988408327274,  0.0            
      4330,  -35.9656966044 ,  27.983812583019,  0.0            
      4331,  -34.95363109851,  26.978805141002,  0.0            
      4332,  -33.94013778663,  25.973436631073,  0.0            
      4333,  -32.92521734342,  24.967693990806,  0.0            
      4334,  -31.90887272619,  23.961670265337,  0.0            
      4335,  -30.89109678836,  22.95539263052 ,  0.0            
      4336,  -29.87184464662,  21.949112843983,  0.0            
      4337,  -28.85099101782,  20.942801295376,  0.0            
      4338,  -27.82840226198,  19.936698307443,  0.0            
      4339,  -26.80409701662,  18.930528505595,  0.0            
      4340,  -25.77841633679,  17.924386193388,  0.0            
      4341,  -24.75168323125,  16.917930717953,  0.0            
      4342,  -23.72537550716,  15.911280873128,  0.0            
      4343,  -18.24995820933,  10.973705949436,  0.0            
      4344,  -22.70120606967,  14.903900136835,  0.0            
      4345,  -21.69074623469,  13.891890993077,  0.0            
      4346,  -20.70709859186,  12.863112210165,  0.0            
      4347,  -19.81021918892,  11.801192771494,  0.0            
      4348,  10.708987769389,  -18.36561136935,  0.0            
      4349,  12.609846469049,  -19.8216248975 ,  0.0            
      4350,  13.704659659385,  -20.78370776168,  0.0            
      4351,  -18.93290197273,  11.826569731236,  0.0            
      4352,  14.752332794691,  -21.85493556624,  0.0            
      4353,  15.781342735322,  -22.88871164158,  0.0            
      4354,  16.796399142804,  -23.90445515904,  0.0            
      4355,  17.806964558469,  -24.91288220853,  0.0            
      4356,  18.817739516076,  -25.91663758485,  0.0            
      4357,  19.831077786138,  -26.92068355971,  0.0            
      4358,  20.846016738705,  -27.92675470518,  0.0            
      4359,  21.862949925556,  -28.9346566841 ,  0.0            
      4360,  22.880277991946,  -29.94322634349,  0.0            
      4361,  23.897757648013,  -30.95170367788,  0.0            
      4362,  24.91436009417 ,  -31.95981874355,  0.0            
      4363,  25.929909377007,  -32.9674237714 ,  0.0            
      4364,  26.944100791781,  -33.97442567238,  0.0            
      4365,  27.95690505265 ,  -34.98071369865,  0.0            
      4366,  28.96829732517 ,  -35.98615253713,  0.0            
      4367,  29.978285917683,  -36.99067621955,  0.0            
      4368,  30.986874521892,  -37.99435596282,  0.0            
      4369,  31.994087321077,  -38.99740015122,  0.0            
      4370,  -38.99415109474,  31.996720612307,  0.0            
      4371,  -37.98697564128,  30.993174080336,  0.0            
      4372,  -36.97844017284,  29.989210652616,  0.0            
      4373,  -35.9685118545 ,  28.984781510204,  0.0            
      4374,  -34.95716494488,  27.979949459781,  0.0            
      4375,  -33.94438844541,  26.974713509278,  0.0            
      4376,  -32.93018078831,  25.969131798019,  0.0            
      4377,  -31.91454469092,  24.963183208034,  0.0            
      4378,  -30.89748265395,  23.956967358972,  0.0            
      4379,  -29.87898553253,  22.950500058606,  0.0            
      4380,  -28.8590086687 ,  21.944020806192,  0.0            
      4381,  -27.83744624203,  20.937469527659,  0.0            
      4382,  -26.8141897333 ,  19.93108448904 ,  0.0            
      4383,  -25.78934640488,  18.924599693752,  0.0            
      4384,  -24.76314182666,  17.918102256378,  0.0            
      4385,  -23.73652403164,  16.911334404542,  0.0            
      4386,  -22.71030053457,  15.904047436918,  0.0            
      4387,  -21.69179866729,  14.892925291998,  0.0            
      4388,  -20.69089178068,  13.866205309686,  0.0            
      4389,  -19.71778835067,  12.800302351178,  0.0            
      4390,  12.135675866452,  -19.01022142159,  0.0            
      4391,  13.570409583719,  -19.64492211852,  0.0            
      4392,  14.695142007261,  -20.8170860755 ,  0.0            
      4393,  15.7473447273  ,  -21.86231642806,  0.0            
      4394,  16.775959638872,  -22.88909908595,  0.0            
      4395,  17.791663694461,  -23.90332178446,  0.0            
      4396,  -18.73291573775,  12.684055598036,  0.0            
      4397,  18.804006357102,  -24.91098965806,  0.0            
      4398,  19.817876935091,  -25.91593315321,  0.0            
      4399,  20.833156092648,  -26.92223348785,  0.0            
      4400,  21.850513687575,  -27.93014281315,  0.0            
      4401,  22.868353234756,  -28.93874983251,  0.0            
      4402,  -17.2603968188 ,  11.455106715056,  0.0            
      4403,  23.886464439568,  -29.94731915517,  0.0            
      4404,  24.903738070914,  -30.95552622781,  0.0            
      4405,  11.287467468632,  -17.27679976614,  0.0            
      4406,  25.919988873367,  -31.96330528478,  0.0            
      4407,  26.934886197298,  -32.97054087788,  0.0            
      4408,  27.948401347982,  -33.97712679111,  0.0            
      4409,  28.960499660548,  -34.98291188768,  0.0            
      4410,  29.971187895509,  -35.98776900592,  0.0            
      4411,  30.98046489898 ,  -36.99172881629,  0.0            
      4412,  31.98833001907 ,  -37.99497113056,  0.0            
      4413,  32.994812811132,  -38.99768661544,  0.0            
      4414,  -38.99485340911,  32.997043304379,  0.0            
      4415,  -37.98837680051,  31.993794456939,  0.0            
      4416,  -36.98054107392,  30.990066651364,  0.0            
      4417,  -35.97132045375,  29.985851341851,  0.0            
      4418,  -34.96068974224,  28.981160672646,  0.0            
      4419,  -33.94863251117,  27.97608677742 ,  0.0            
      4420,  -32.93514187024,  26.970621525452,  0.0            
      4421,  -31.92021884926,  25.96482641458 ,  0.0            
      4422,  -30.90386635774,  24.958671396491,  0.0            
      4423,  -29.8860863585 ,  23.952259105321,  0.0            
      4424,  -28.86686916041,  22.945590207068,  0.0            
      4425,  -27.84617550977,  21.938891037099,  0.0            
      4426,  -26.82391354632,  20.932088599274,  0.0            
      4427,  -25.80005483838,  19.925410556529,  0.0            
      4428,  -24.77461333189,  18.918590502884,  0.0            
      4429,  -23.74812620357,  17.911725684664,  0.0            
      4430,  -22.72077387379,  16.904286596565,  0.0            
      4431,  -21.6966725611 ,  15.893449632592,  0.0            
      4432,  -20.67932839635,  14.866388424886,  0.0            
      4433,  -19.69422188498,  13.80044607659 ,  0.0            
      4434,  11.983857265857,  -17.99740669601,  0.0            
      4435,  -17.93780514613,  12.272130219724,  0.0            
      4436,  13.020475757648,  -18.5566219407 ,  0.0            
      4437,  14.684649534044,  -19.77688748101,  0.0            
      4438,  15.707180592752,  -20.83491199373,  0.0            
      4439,  16.747274657084,  -21.86622715473,  0.0            
      4440,  17.772652473275,  -22.89078027887,  0.0            
      4441,  18.789140258771,  -23.9034705258 ,  0.0            
      4442,  19.804381512428,  -24.91103171514,  0.0            
      4443,  20.820234498175,  -25.91781099641,  0.0            
      4444,  21.838078972822,  -26.92583551954,  0.0            
      4445,  22.856433675181,  -27.93449788668,  0.0            
      4446,  23.875170529464,  -28.94312038814,  0.0            
      4447,  24.893117431942,  -29.95143493752,  0.0            
      4448,  -18.66907431431,  13.674394227825,  0.0            
      4449,  25.910072172522,  -30.95932437348,  0.0            
      4450,  26.92567413145 ,  -31.96676217101,  0.0            
      4451,  27.939897759865,  -32.97361091834,  0.0            
      4452,  28.95270472401 ,  -33.9797119644 ,  0.0            
      4453,  29.964097372325,  -34.98490340862,  0.0            
      4454,  14.085869174606,  -18.79341117894,  0.0            
      4455,  30.974075072967,  -35.98916311872,  0.0            
      4456,  31.98263195155 ,  -36.99264796938,  0.0            
      4457,  32.989771479822,  -37.99554208295,  0.0            
      4458,  33.995530177222,  -38.99796565008,  0.0            
      4459,  -38.99555937911,  33.997381399674,  0.0            
      4460,  -37.98978501341,  32.994441633891,  0.0            
      4461,  -36.98264875498,  31.99099825851 ,  0.0            
      4462,  -35.97412939666,  30.986993023602,  0.0            
      4463,  -34.96420785113,  29.98249808819 ,  0.0            
      4464,  -33.95286765092,  28.977540322858,  0.0            
      4465,  -32.94009664501,  27.972223643381,  0.0            
      4466,  -31.92589077849,  26.966528857078,  0.0            
      4467,  -30.91025164079,  25.960520103541,  0.0            
      4468,  -29.89318234167,  24.954157879523,  0.0            
      4469,  -28.87468482718,  23.947543545878,  0.0            
      4470,  -27.85475106253,  22.940662983895,  0.0            
      4471,  12.025157734516,  -16.98371917592,  0.0            
      4472,  -26.83334671697,  21.933728789945,  0.0            
      4473,  -25.81044906928,  20.926657166633,  0.0            
      4474,  -24.78594940152,  19.919653735966,  0.0            
      4475,  -23.76004425449,  18.912456890675,  0.0            
      4476,  -22.73242468898,  17.904885484006,  0.0            
      4477,  -16.94367324187,  12.392958626826,  0.0            
      4478,  -21.70497160817,  16.894331904518,  0.0            
      4479,  -20.67896358214,  15.868861587371,  0.0            
      4480,  -19.66712655995,  14.80022363797 ,  0.0            
      4481,  12.876246688466,  -17.5407658416 ,  0.0            
      4482,  -17.65986879994,  13.363541224254,  0.0            
      4483,  13.829298883286,  -17.92669560425,  0.0            
      4484,  14.885035411753,  -18.79932711302,  0.0            
      4485,  15.696854836716,  -19.79748125665,  0.0            
      4486,  16.714569819173,  -20.83892726819,  0.0            
      4487,  17.747597006879,  -21.87226215431,  0.0            
      4488,  18.771818214653,  -22.89416908405,  0.0            
      4489,  19.790118067268,  -23.90529217846,  0.0            
      4490,  20.80713817259 ,  -24.9134563089 ,  0.0            
      4491,  21.825619016362,  -25.92168980573,  0.0            
      4492,  22.844520702975,  -26.93042238428,  0.0            
      4493,  23.863879881425,  -27.93912814689,  0.0            
      4494,  24.882496343232,  -28.94750066606,  0.0            
      4495,  25.900159327054,  -29.95551108137,  0.0            
      4496,  26.916467183517,  -30.96308744016,  0.0            
      4497,  27.931396407508,  -31.97016808928,  0.0            
      4498,  28.944909530965,  -32.9765547609 ,  0.0            
      4499,  29.957008811412,  -33.98206253154,  0.0            
      4500,  30.967690860333,  -34.98662948981,  0.0            
      4501,  31.976950715773,  -35.99038450924,  0.0            
      4502,  32.984784826623,  -36.9935026061 ,  0.0            
      4503,  33.991202275482,  -37.9960990716 ,  0.0            
      4504,  34.996243750179,  -38.998242798  ,  0.0            
      4505,  -38.99626711172,  34.997726785314,  0.0            
      4506,  -18.64271359956,  14.674064828656,  0.0            
      4507,  -37.99119903972,  33.995118980482,  0.0            
      4508,  -36.98476505596,  32.991970081029,  0.0            
      4509,  -35.97694579918,  31.988235704417,  0.0            
      4510,  -34.96772641755,  30.983925423246,  0.0            
      4511,  -33.95709630668,  29.979145338862,  0.0            
      4512,  -32.94504280899,  28.973919401381,  0.0            
      4513,  -31.93155687476,  27.968359353449,  0.0            
      4514,  -30.91663486518,  26.962434862709,  0.0            
      4515,  -29.90027899728,  25.956212360886,  0.0            
      4516,  -28.88249273486,  24.949642038698,  0.0            
      4517,  -27.86327945919,  23.942819275566,  0.0            
      4518,  -26.84263337811,  22.935714256105,  0.0            
      4519,  -25.82058648583,  21.928519073656,  0.0            
      4520,  -24.7970389643 ,  20.921143028679,  0.0            
      4521,  -23.77205145037,  19.913752531379,  0.0            
      4522,  -22.74496069712,  18.905891076202,  0.0            
      4523,  -21.7160127496 ,  17.895700604511,  0.0            
      4524,  -20.68542342591,  16.873268027249,  0.0            
      4525,  -19.66067900518,  15.81179198644 ,  0.0            
      4526,  -16.53386951711,  13.299976993053,  0.0            
      4527,  12.80242585292 ,  -16.47538056097,  0.0            
      4528,  13.723796214183,  -16.94056583318,  0.0            
      4529,  -17.61282763762,  14.521289619565,  0.0            
      4530,  14.713211927084,  -17.73827268106,  0.0            
      4531,  15.729827734816,  -18.74033163665,  0.0            
      4532,  16.693061352702,  -19.79871126725,  0.0            
      4533,  18.750529840396,  -21.88117429121,  0.0            
      4534,  19.774271203478,  -22.89879758437,  0.0            
      4535,  17.718329729984,  -20.84984009304,  0.0            
      4536,  20.793606155959,  -23.90890130884,  0.0            
      4537,  21.813070106019,  -24.91768762812,  0.0            
      4538,  22.832603178923,  -25.92651249621,  0.0            
      4539,  23.852594622588,  -26.93527914919,  0.0            
      4540,  24.87187485907 ,  -27.94374867254,  0.0            
      4541,  25.890245710597,  -28.95182447068,  0.0            
      4542,  26.907265606773,  -29.95954122732,  0.0            
      4543,  27.922900417405,  -30.96679619655,  0.0            
      4544,  28.937116062592,  -31.9734407602 ,  0.0            
      4545,  29.949919858856,  -32.97924320319,  0.0            
      4546,  30.961307919529,  -33.98411175344,  0.0            
      4547,  31.971273608123,  -34.98814943364,  0.0            
      4548,  32.979813046863,  -35.99152252796,  0.0            
      4549,  33.986926808126,  -36.99433728118,  0.0            
      4550,  34.992627965677,  -37.99665300867,  0.0            
      4551,  35.996957101346,  -38.99851938934,  0.0            
      4552,  -38.99697509203,  35.998083092831,  0.0            
      4553,  -37.99261610169,  34.995809692235,  0.0            
      4554,  -36.98688832911,  33.992986663288,  0.0            
      4555,  -35.9797715657 ,  32.98953199524 ,  0.0            
      4556,  -34.97125279211,  31.985479073655,  0.0            
      4557,  -33.96132554016,  30.980858319185,  0.0            
      4558,  -32.94998285619,  29.975791834506,  0.0            
      4559,  -31.93721492737,  28.970296692109,  0.0            
      4560,  -30.92301296736,  27.964492363743,  0.0            
      4561,  -29.90737382593,  26.958338635168,  0.0            
      4562,  -18.6362058483 ,  15.711680797245,  0.0            
      4563,  -28.89030031858,  25.951902720552,  0.0            
      4564,  -27.87179763896,  24.945121919228,  0.0            
      4565,  -26.85187148326,  23.938077486672,  0.0            
      4566,  -25.8305859239 ,  22.930719818658,  0.0            
      4567,  -24.80790450168,  21.923221148718,  0.0            
      4568,  -23.7839474217 ,  20.915483626986,  0.0            
      4569,  -22.75795103838,  19.907465289148,  0.0            
      4570,  -21.72920998299,  18.897556011951,  0.0            
      4571,  -20.69668399033,  17.878320848262,  0.0            
      4572,  -19.66469336489,  16.828013666025,  0.0            
      4573,  -16.48210662168,  14.456690698721,  0.0            
      4574,  -15.57881810351,  13.760880428032,  0.0            
      4575,  13.648183441032,  -15.86705033974,  0.0            
      4576,  14.614863652062,  -16.66180835297,  0.0            
      4577,  19.755885846088,  -21.89065093319,  0.0            
      4578,  18.725816984134,  -20.8659003192 ,  0.0            
      4579,  15.695188885315,  -17.65600137967,  0.0            
      4580,  16.684203274328,  -18.74642796568,  0.0            
      4581,  20.779216679651,  -22.90421064039,  0.0            
      4582,  17.691406254551,  -19.81757546905,  0.0            
      4583,  21.800295714979,  -23.91376312617,  0.0            
      4584,  -17.61281324482,  15.598828326609,  0.0            
      4585,  22.820651485881,  -24.92274464465,  0.0            
      4586,  23.841311678794,  -25.93157799051,  0.0            
      4587,  24.861254217356,  -26.94010954135,  0.0            
      4588,  25.880327807079,  -27.94828924541,  0.0            
      4589,  26.898063107661,  -28.95609019624,  0.0            
      4590,  27.914410101949,  -29.96351237264,  0.0            
      4591,  28.929327279725,  -30.97036808732,  0.0            
      4592,  29.942832023474,  -31.97644464376,  0.0            
      4593,  30.954924632201,  -32.9816035895 ,  0.0            
      4594,  31.965597280891,  -33.98592692897,  0.0            
      4595,  32.974844429524,  -34.98956995417,  0.0            
      4596,  33.982665161579,  -35.99263491532,  0.0            
      4597,  34.989063546749,  -36.99516794112,  0.0            
      4598,  35.994053919738,  -37.99720646399,  0.0            
      4599,  36.997673586112,  -38.99879693288,  0.0            
      4600,  -38.99768203666,  36.998455507175,  0.0            
      4601,  -37.99403416606,  35.996519339991,  0.0            
      4602,  -36.98901530098,  34.994022110893,  0.0            
      4603,  -35.98260487158,  33.990887607494,  0.0            
      4604,  -34.97478881131,  32.987099737662,  0.0            
      4605,  -33.96556270975,  31.98272291304 ,  0.0            
      4606,  -32.95492358191,  30.977790305226,  0.0            
      4607,  -31.94286742651,  29.972435544924,  0.0            
      4608,  -30.92938389089,  28.966669299168,  0.0            
      4609,  -29.91446449162,  27.960620432616,  0.0            
      4610,  -28.89810653221,  26.954239479622,  0.0            
      4611,  -27.88031475527,  25.947589238174,  0.0            
      4612,  -26.86109694448,  24.940586864086,  0.0            
      4613,  -25.84053227213,  23.933288405105,  0.0            
      4614,  -24.81863181105,  22.925633129514,  0.0            
      4615,  -18.64271411719,  16.753112929692,  0.0            
      4616,  -23.79565825293,  21.917778947065,  0.0            
      4617,  -22.77098111428,  20.909520154494,  0.0            
      4618,  -21.74370079182,  19.899885139635,  0.0            
      4619,  -20.71159070445,  18.883647884823,  0.0            
      4620,  -19.67595598522,  17.84376485615 ,  0.0            
      4621,  -16.57773587738,  15.533064575047,  0.0            
      4622,  -15.42984690861,  14.588591225493,  0.0            
      4623,  19.735059726997,  -20.88170651861,  0.0            
      4624,  18.700576544766,  -19.84507410253,  0.0            
      4625,  20.763484975855,  -21.89912827955,  0.0            
      4626,  17.66930429787 ,  -18.77835146207,  0.0            
      4627,  21.787080969397,  -22.9099546724 ,  0.0            
      4628,  16.657351506168,  -17.67397132735,  0.0            
      4629,  22.808606465597,  -23.9191366132 ,  0.0            
      4630,  23.830018111343,  -24.92799006744,  0.0            
      4631,  14.479184893644,  -15.46296573101,  0.0            
      4632,  24.850635319585,  -25.93659552243,  0.0            
      4633,  25.870405415004,  -26.94484052161,  0.0            
      4634,  26.888853760019,  -27.95275494406,  0.0            
      4635,  27.905918792908,  -28.9602927717 ,  0.0            
      4636,  28.921543463929,  -29.96734673329,  0.0            
      4637,  29.935747669986,  -30.97366525421,  0.0            
      4638,  15.613307051742,  -16.58399605776,  0.0            
      4639,  30.948541933935,  -31.97910342839,  0.0            
      4640,  31.959920721325,  -32.98370918782,  0.0            
      4641,  32.969876311257,  -33.98762918358,  0.0            
      4642,  33.978406163937,  -34.99095997251,  0.0            
      4643,  34.985512321566,  -35.99374230719,  0.0            
      4644,  35.991201013762,  -36.99599835778,  0.0            
      4645,  36.995486341192,  -37.99776251044,  0.0            
      4646,  37.99839942389 ,  -38.99908485185,  0.0            
      4647,  -38.9983910611 ,  37.998864000935,  0.0            
      4648,  -37.99545255885,  36.997254415256,  0.0            
      4649,  -36.99114397933,  35.995082362316,  0.0            
      4650,  -17.624974381  ,  16.667752134208,  0.0            
      4651,  -35.98544227334,  34.992267378729,  0.0            
      4652,  -34.97833255115,  33.988794298054,  0.0            
      4653,  -33.96980949771,  32.984667963146,  0.0            
      4654,  -32.95987216143,  31.979965665776,  0.0            
      4655,  -31.94852063859,  30.974718473548,  0.0            
      4656,  -30.93575003232,  29.969071351405,  0.0            
      4657,  -29.92154913656,  28.96303290382 ,  0.0            
      4658,  -28.90590990346,  27.956742101505,  0.0            
      4659,  -27.88883141437,  26.950135896886,  0.0            
      4660,  -26.87032092432,  25.943261372676,  0.0            
      4661,  -25.8504603204 ,  24.936005563949,  0.0            
      4662,  -24.82929158116,  23.92840117607 ,  0.0            
      4663,  -23.80719410502,  22.920410882188,  0.0            
      4664,  -22.7837973813 ,  21.912105737536,  0.0            
      4665,  -21.75857329036,  20.902734074909,  0.0            
      4666,  -18.65729930804,  17.788641082792,  0.0            
      4667,  -20.72866174556,  19.888687940206,  0.0            
      4668,  -19.69289212235,  18.858582760248,  0.0            
      4669,  19.713314317964,  -19.87063877267,  0.0            
      4670,  20.746404986968,  -20.89408088701,  0.0            
      4671,  18.677479613694,  -18.82082555034,  0.0            
      4672,  21.773192150421,  -21.90629540123,  0.0            
      4673,  17.646143766314,  -17.72486889516,  0.0            
      4674,  22.796377630407,  -22.91570929293,  0.0            
      4675,  -15.52192458469,  15.503849956056,  0.0            
      4676,  23.818686785214,  -23.92457034556,  0.0            
      4677,  24.840014538236,  -24.93316492865,  0.0            
      4678,  -16.61717876082,  16.603509354667,  0.0            
      4679,  25.860480906376,  -25.94149460664,  0.0            
      4680,  26.879636126284,  -26.94948301241,  0.0            
      4681,  27.897419711072,  -27.95715230143,  0.0            
      4682,  28.913758738111,  -28.96436200402,  0.0            
      4683,  29.928667009606,  -29.97090962608,  0.0            
      4684,  30.942161421281,  -30.97660995339,  0.0            
      4685,  31.954244407008,  -31.9814942458 ,  0.0            
      4686,  32.964908085262,  -32.98569185367,  0.0            
      4687,  33.974147527354,  -33.98929676418,  0.0            
      4688,  34.981963430308,  -34.99234409625,  0.0            
      4689,  35.988360461518,  -35.99484958064,  0.0            
      4690,  36.993346610248,  -36.9968329372 ,  0.0            
      4691,  37.996936736597,  -37.99833907536,  0.0            
      4692,  38.999152725858,  -38.99942373614,  0.0            
      4693,  -38.99912249612,  38.99934772597 ,  0.0            
      4694,  -37.9968790642 ,  37.998044282569,  0.0            
      4695,  -36.99327461161,  36.996171782261,  0.0            
      4696,  -35.9882818603 ,  35.993676847724,  0.0            
      4697,  -34.98188045241,  34.99051825928 ,  0.0            
      4698,  -33.97406397532,  33.986701484212,  0.0            
      4699,  -32.96482996426,  32.982235028013,  0.0            
      4700,  -31.9541812745 ,  31.977203352737,  0.0            
      4701,  -30.94211681066,  30.971635113604,  0.0            
      4702,  -29.92862996111,  29.965691530834,  0.0            
      4703,  -28.91370874886,  28.959384896626,  0.0            
      4704,  -27.89734713111,  27.952856740392,  0.0            
      4705,  -26.87954620423,  26.946019117871,  0.0            
      4706,  -25.86038489539,  25.938888968641,  0.0            
      4707,  16.617178627677,  -16.60352073166,  0.0            
      4708,  -24.83992043018,  24.93132719242 ,  0.0            
      4709,  -23.81860010731,  23.923382825537,  0.0            
      4710,  15.521923822851,  -15.5038569775 ,  0.0            
      4711,  -22.79630188957,  22.915034328455,  0.0            
      4712,  -17.64614257387,  17.724853231241,  0.0            
      4713,  -21.77313238239,  21.905969590938,  0.0            
      4714,  -18.6774740679 ,  18.820802723522,  0.0            
      4715,  -20.74636683483,  20.893953944605,  0.0            
      4716,  -19.71329658428,  19.870589910413,  0.0            
      4717,  19.692902286371,  -18.85861596551,  0.0            
      4718,  20.728688582202,  -19.88877374043,  0.0            
      4719,  18.657301882706,  -17.78866044904,  0.0            
      4720,  21.758622371023,  -20.9029536635 ,  0.0            
      4721,  22.783865598283,  -21.91260294313,  0.0            
      4722,  23.807275024476,  -22.92132983317,  0.0            
      4723,  24.829381258304,  -23.92989443457,  0.0            
      4724,  25.850554648749,  -24.93821096978,  0.0            
      4725,  26.870412955526,  -25.94629277575,  0.0            
      4726,  27.888910860316,  -26.95405425721,  0.0            
      4727,  28.905966903556,  -27.96142323728,  0.0            
      4728,  29.921585653497,  -28.96817020493,  0.0            
      4729,  30.935783227718,  -29.97412466522,  0.0            
      4730,  31.948569255775,  -30.97928100962,  0.0            
      4731,  32.959939940751,  -31.98375582096,  0.0            
      4732,  33.969888858299,  -32.98763675671,  0.0            
      4733,  34.97841481401 ,  -33.99095762328,  0.0            
      4734,  35.985521834378,  -34.99372810752,  0.0            
      4735,  17.624974601388,  -16.66776593024,  0.0            
      4736,  36.991217219778,  -35.99596196449,  0.0            
      4737,  37.99551323706 ,  -36.99769549989,  0.0            
      4738,  38.998428369499,  -37.99901234578,  0.0            
      4739,  -37.99835465413,  38.998936573589,  0.0            
      4740,  -36.99541847203,  37.997321422234,  0.0            
      4741,  -35.9911242543 ,  36.995117031681,  0.0            
      4742,  -34.98543072244,  35.992276479929,  0.0            
      4743,  -33.97832261047,  34.988769639546,  0.0            
      4744,  -32.96979498273,  33.984607436465,  0.0            
      4745,  -31.9598501736 ,  32.979796113112,  0.0            
      4746,  -30.94849013565,  31.974425098516,  0.0            
      4747,  -29.93571124835,  30.968528400895,  0.0            
      4748,  -15.62223739164,  16.57505686712 ,  0.0            
      4749,  -28.92150492074,  29.962291611426,  0.0            
      4750,  -27.90586033366,  28.955726115404,  0.0            
      4751,  -26.8887735747 ,  27.948958309041,  0.0            
      4752,  -25.87031256708,  26.941863511325,  0.0            
      4753,  -24.85053996689,  25.934424060747,  0.0            
      4754,  -14.47511414384,  15.463601282416,  0.0            
      4755,  -23.82992749454,  24.926527287826,  0.0            
      4756,  -22.80852561602,  23.918259627346,  0.0            
      4757,  -16.6573510087 ,  17.673958285728,  0.0            
      4758,  -21.78701415027,  22.909510490041,  0.0            
      4759,  -17.66930153606,  18.778333935607,  0.0            
      4760,  -20.76343728395,  21.898939869647,  0.0            
      4761,  -18.70056647427,  19.845044937635,  0.0            
      4762,  -19.73503359389,  20.881639216158,  0.0            
      4763,  15.437108207363,  -14.5877429509 ,  0.0            
      4764,  16.577735233321,  -15.53307419565,  0.0            
      4765,  19.675960924528,  -17.8437901473 ,  0.0            
      4766,  20.711606720614,  -18.88370074509,  0.0            
      4767,  21.743736326832,  -19.90002957801,  0.0            
      4768,  22.771037908045,  -20.90985873078,  0.0            
      4769,  23.795731024605,  -21.91845810059,  0.0            
      4770,  18.642714973096,  -16.75312932152,  0.0            
      4771,  24.818715239931,  -22.92679071997,  0.0            
      4772,  25.840621933493,  -23.93508031575,  0.0            
      4773,  26.861186801909,  -24.9431522267 ,  0.0            
      4774,  27.880394832193,  -25.95101778117,  0.0            
      4775,  28.898166045898,  -26.95850879125,  0.0            
      4776,  29.914498869169,  -27.96545195437,  0.0            
      4777,  30.929404604812,  -28.97164441894,  0.0            
      4778,  31.94289534584 ,  -29.97706973811,  0.0            
      4779,  32.954972302729,  -30.98182011392,  0.0            
      4780,  33.965630210329,  -31.98597772773,  0.0            
      4781,  34.974866199573,  -32.98957431956,  0.0            
      4782,  35.982683346262,  -33.99261828725,  0.0            
      4783,  36.989088885273,  -34.99511765012,  0.0            
      4784,  37.994095631042,  -35.99710584136,  0.0            
      4785,  38.997721012557,  -36.99867638944,  0.0            
      4786,  -36.99762199739,  38.99857601522 ,  0.0            
      4787,  -35.99398194321,  37.996618806498,  0.0            
      4788,  -34.98898427422,  36.994066385625,  0.0            
      4789,  -33.98258376152,  35.990876480797,  0.0            
      4790,  -32.97476371665,  34.987019819429,  0.0            
      4791,  -31.96552525848,  33.982506611896,  0.0            
      4792,  -30.95487003537,  32.97733771684 ,  0.0            
      4793,  -29.94279781976,  31.971614117366,  0.0            
      4794,  -28.92930134511,  30.965391625058,  0.0            
      4795,  -27.91437229332,  29.958874557179,  0.0            
      4796,  -26.8980015042 ,  28.952054474704,  0.0            
      4797,  -25.88024635708,  27.94502671346 ,  0.0            
      4798,  -24.86116294393,  26.937628317018,  0.0            
      4799,  -23.84122040623,  25.929847891839,  0.0            
      4800,  -22.82056745558,  24.92166132474 ,  0.0            
      4801,  17.61281286794 ,  -15.59884053829,  0.0            
      4802,  -21.80022457218,  23.913181074664,  0.0            
      4803,  -17.69140109114,  19.817555424678,  0.0            
      4804,  -20.77916270214,  22.903955006884,  0.0            
      4805,  -16.68420192125,  18.746413407762,  0.0            
      4806,  -15.69518868297,  17.655990409017,  0.0            
      4807,  -18.72580155442,  20.865864534479,  0.0            
      4808,  -19.75585223313,  21.890554696712,  0.0            
      4809,  -14.59912266436,  16.63622160987 ,  0.0            
      4810,  -13.66365153265,  15.875106109493,  0.0            
      4811,  15.578817378248,  -13.76088364068,  0.0            
      4812,  16.472938600175,  -14.45606631837,  0.0            
      4813,  19.664695270881,  -16.82803304948,  0.0            
      4814,  20.696692067917,  -17.87835641701,  0.0            
      4815,  21.729231827601,  -18.89764151289,  0.0            
      4816,  22.757992734675,  -19.90768655162,  0.0            
      4817,  23.784007992633,  -20.91594906155,  0.0            
      4818,  24.807979078463,  -21.9240772103 ,  0.0            
      4819,  25.830668945702,  -22.93210891435,  0.0            
      4820,  26.851956501   ,  -23.94016126501,  0.0            
      4821,  27.87187498175 ,  -24.94802276539,  0.0            
      4822,  28.890358396935,  -25.95563776583,  0.0            
      4823,  29.907405204121,  -26.96274468155,  0.0            
      4824,  18.636205843888,  -15.71169544823,  0.0            
      4825,  30.923022540939,  -27.9691713742 ,  0.0            
      4826,  31.937221228196,  -28.97485938413,  0.0            
      4827,  32.950005210057,  -29.97988469532,  0.0            
      4828,  33.961371745663,  -30.98431875195,  0.0            
      4829,  34.971317590286,  -31.98819193484,  0.0            
      4830,  35.979844841888,  -32.99151160373,  0.0            
      4831,  36.986960395716,  -33.99428458406,  0.0            
      4832,  37.992677620141,  -34.99654002466,  0.0            
      4833,  38.997014410669,  -35.9983764304 ,  0.0            
      4834,  -35.99690282327,  38.998225430266,  0.0            
      4835,  -34.99255407588,  37.995918598678,  0.0            
      4836,  -33.98684837457,  36.993015848981,  0.0            
      4837,  -32.97973493066,  35.989475291043,  0.0            
      4838,  -31.97120329872,  34.985263130942,  0.0            
      4839,  -30.96125429933,  33.980383332404,  0.0            
      4840,  -29.94988871586,  32.974838808892,  0.0            
      4841,  -28.93710159202,  31.968760986145,  0.0            
      4842,  -27.92288435264,  30.962230388864,  0.0            
      4843,  -26.90723022355,  29.955443013362,  0.0            
      4844,  -25.8901850932 ,  28.948356795936,  0.0            
      4845,  -24.8717961301 ,  27.941029326931,  0.0            
      4846,  -23.85250814441,  26.933300457171,  0.0            
      4847,  -22.83251905699,  25.925227791123,  0.0            
      4848,  -21.81299679872,  24.916965774099,  0.0            
      4849,  -20.79354894203,  23.908564962254,  0.0            
      4850,  -17.71832158752,  20.849817844161,  0.0            
      4851,  -19.77423274438,  22.898670987811,  0.0            
      4852,  -18.75050939634,  21.881128034038,  0.0            
      4853,  -16.69305880719,  19.798695290006,  0.0            
      4854,  -15.72982690093,  18.740319083236,  0.0            
      4855,  -14.69775298091,  17.728967274851,  0.0            
      4856,  17.612826929089,  -14.52130016377,  0.0            
      4857,  -13.72282569636,  16.93827466973 ,  0.0            
      4858,  -12.8024262771 ,  16.475377759123,  0.0            
      4859,  16.53386881601 ,  -13.29998259965,  0.0            
      4860,  19.660679491502,  -15.81180876396,  0.0            
      4861,  20.685426755483,  -16.8732916706 ,  0.0            
      4862,  21.716024024694,  -17.89575313198,  0.0            
      4863,  22.744986650439,  -18.90602058943,  0.0            
      4864,  23.77209590251 ,  -19.91405605742,  0.0            
      4865,  24.797100511188,  -20.92173055999,  0.0            
      4866,  25.820660024026,  -21.92954569493,  0.0            
      4867,  26.842711650657,  -22.93732886087,  0.0            
      4868,  27.863351924186,  -23.94517486083,  0.0            
      4869,  28.88254733979 ,  -24.95280161119,  0.0            
      4870,  29.900306474983,  -25.96006669085,  0.0            
      4871,  30.91663614354 ,  -26.96670195621,  0.0            
      4872,  31.931545293745,  -27.97265068889,  0.0            
      4873,  32.945038038356,  -28.97794928124,  0.0            
      4874,  33.957113482261,  -29.98265978715,  0.0            
      4875,  34.967769027873,  -30.98680955848,  0.0            
      4876,  35.977006334081,  -31.9904058177 ,  0.0            
      4877,  36.984831817101,  -32.99345452824,  0.0            
      4878,  37.99125897699 ,  -33.99598403649,  0.0            
      4879,  18.64271315941 ,  -14.67407787052,  0.0            
      4880,  38.996306271147,  -34.99809188271,  0.0            
      4881,  -34.99618838882,  38.997875567367,  0.0            
      4882,  -33.99112949987,  37.995218135479,  0.0            
      4883,  -32.98471011907,  36.991964220987,  0.0            
      4884,  -31.97688381364,  35.988067507822,  0.0            
      4885,  -30.96764014639,  34.983483405802,  0.0            
      4886,  -29.95698165126,  33.978213159274,  0.0            
      4887,  -28.94490376652,  32.972287599419,  0.0            
      4888,  -27.93139873572,  31.96587426636 ,  0.0            
      4889,  -26.91645894584,  30.959052757984,  0.0            
      4890,  -25.90012748554,  29.951989948158,  0.0            
      4891,  -24.88243956332,  28.944609850982,  0.0            
      4892,  -23.86380642135,  27.936958093603,  0.0            
      4893,  -22.84444156578,  26.928949368613,  0.0            
      4894,  -21.82554614227,  25.920830518144,  0.0            
      4895,  -20.80707989727,  24.913039107243,  0.0            
      4896,  -19.79007762389,  23.905127912785,  0.0            
      4897,  -18.77179456419,  22.894112688186,  0.0            
      4898,  -17.74758603443,  21.872236915908,  0.0            
      4899,  -16.71456578479,  20.838910147102,  0.0            
      4900,  -15.69685327554,  19.797467480218,  0.0            
      4901,  -14.881804481  ,  18.796773887378,  0.0            
      4902,  -13.85841648738,  17.919685922905,  0.0            
      4903,  17.678457429354,  -13.36355006485,  0.0            
      4904,  -12.8586529613 ,  17.522378088779,  0.0            
      4905,  19.66712640314 ,  -14.80023843957,  0.0            
      4906,  20.678964675439,  -15.86888034573,  0.0            
      4907,  21.704976391349,  -16.89436241155,  0.0            
      4908,  16.92706879733 ,  -12.38189409816,  0.0            
      4909,  22.732438202625,  -17.9049610928 ,  0.0            
      4910,  23.760071862065,  -18.91263372419,  0.0            
      4911,  24.785994173068,  -19.92003603798,  0.0            
      4912,  25.810509060573,  -20.92736118662,  0.0            
      4913,  26.833415492803,  -21.93492103923,  0.0            
      4914,  -12.0216150514 ,  17.017720418997,  0.0            
      4915,  27.85481705502 ,  -22.94248731871,  0.0            
      4916,  28.874734671305,  -23.95010859436,  0.0            
      4917,  29.893205613837,  -24.95741798953,  0.0            
      4918,  30.910246813488,  -25.96425288196,  0.0            
      4919,  31.925867091448,  -26.97044282043,  0.0            
      4920,  32.940070087358,  -27.9760140701 ,  0.0            
      4921,  33.952855195527,  -28.98100076732,  0.0            
      4922,  34.964220517594,  -29.98542717618,  0.0            
      4923,  35.974167835895,  -30.98930003226,  0.0            
      4924,  36.98270321997 ,  -31.99262532322,  0.0            
      4925,  37.989840115353,  -32.99543065731,  0.0            
      4926,  38.995597223928,  -33.99781356989,  0.0            
      4927,  -33.99547570282,  38.997525282336,  0.0            
      4928,  -32.98970274576,  37.994516696315,  0.0            
      4929,  -31.98256903157,  36.990907047888,  0.0            
      4930,  -30.97402834162,  35.986637697613,  0.0            
      4931,  -29.96407456808,  34.981655366533,  0.0            
      4932,  -14.08586855228,  18.793401286877,  0.0            
      4933,  -28.95270566196,  33.975982403575,  0.0            
      4934,  -27.93991289687,  32.96969521788 ,  0.0            
      4935,  -26.92568823924,  31.962967619249,  0.0            
      4936,  -25.91006981968,  30.95585771744 ,  0.0            
      4937,  18.669236338458,  -13.67416192159,  0.0            
      4938,  -24.89309026708,  29.948499291552,  0.0            
      4939,  -23.87511912858,  28.940811079478,  0.0            
      4940,  -22.8563671807 ,  27.932879380055,  0.0            
      4941,  -21.83801048565,  26.924846411678,  0.0            
      4942,  -20.82017696132,  25.917313757872,  0.0            
      4943,  -19.80434086669,  24.910830347192,  0.0            
      4944,  -18.78911563876,  23.903401110455,  0.0            
      4945,  -17.77263978376,  22.890752613476,  0.0            
      4946,  -16.74726919592,  21.866209046254,  0.0            
      4947,  -15.70717821442,  20.834897161762,  0.0            
      4948,  -14.68464829151,  19.779278985593,  0.0            
      4949,  -13.01936538812,  18.531080338163,  0.0            
      4950,  17.945411120733,  -12.26945357718,  0.0            
      4951,  -11.97132848596,  18.001562044927,  0.0            
      4952,  19.694221473505,  -13.80045957935,  0.0            
      4953,  20.679328545069,  -14.86640405688,  0.0            
      4954,  21.696674227942,  -15.89347093201,  0.0            
      4955,  22.720779646164,  -16.90432658627,  0.0            
      4956,  23.748140531796,  -17.91182624016,  0.0            
      4957,  24.774640870568,  -18.91881222242,  0.0            
      4958,  25.800098046933,  -19.9258675609 ,  0.0            
      4959,  26.823969144722,  -20.93290510914,  0.0            
      4960,  27.84623282599 ,  -21.94023704111,  0.0            
      4961,  28.866913375188,  -22.94757599331,  0.0            
      4962,  29.886105282916,  -23.95490538102,  0.0            
      4963,  30.90385684769 ,  -24.96182867233,  0.0            
      4964,  31.92018765816 ,  -25.96825048079,  0.0            
      4965,  32.935101172602,  -26.97407898213,  0.0            
      4966,  33.948596632321,  -27.97934173558,  0.0            
      4967,  34.960672002318,  -28.98404477489,  0.0            
      4968,  35.971329348815,  -29.98819424465,  0.0            
      4969,  36.980574622837,  -30.99179611724,  0.0            
      4970,  37.988421207342,  -31.99487799905,  0.0            
      4971,  38.994887889033,  -32.9975369154 ,  0.0            
      4972,  -32.99476159984,  38.997174320328,  0.0            
      4973,  -31.98827292055,  37.993811092494,  0.0            
      4974,  -30.98042252701,  36.989831513731,  0.0            
      4975,  -29.97116977105,  35.985161796528,  0.0            
      4976,  -28.96050606048,  34.979764817955,  0.0            
      4977,  -27.9484250377 ,  33.973704151975,  0.0            
      4978,  -26.93491531281,  32.967080092551,  0.0            
      4979,  -25.92001043426,  31.960044777479,  0.0            
      4980,  -11.33451806118,  17.188239857841,  0.0            
      4981,  -24.90374091304,  30.952635368224,  0.0            
      4982,  -23.88644235362,  29.944972483798,  0.0            
      4983,  17.26039596869 ,  -11.45511037517,  0.0            
      4984,  -22.86830794377,  28.937022560032,  0.0            
      4985,  -21.85045617462,  27.929053184894,  0.0            
      4986,  -20.83310167616,  26.921659696942,  0.0            
      4987,  -19.81783703206,  25.915694886646,  0.0            
      4988,  -18.80398204002,  24.910907679836,  0.0            
      4989,  18.798733875251,  -12.72204964723,  0.0            
      4990,  -17.79165069978,  23.903291016159,  0.0            
      4991,  -16.77595333981,  22.889080411412,  0.0            
      4992,  -15.74734161805,  21.86230086469 ,  0.0            
      4993,  -14.69514019469,  20.817072794237,  0.0            
      4994,  -13.57040851313,  19.644911842454,  0.0            
      4995,  -12.13359131986,  19.005198290058,  0.0            
      4996,  19.752115268172,  -12.81747823876,  0.0            
      4997,  20.690891601102,  -13.8662194858 ,  0.0            
      4998,  21.691799044715,  -14.89294123824,  0.0            
      4999,  22.710302575877,  -15.90407211928,  0.0            
      5000,  23.736530101931,  -16.91138468599,  0.0            
      5001,  24.763155998018,  -17.91822646617,  0.0            
      5002,  25.789372766649,  -18.92486352542,  0.0            
      5003,  26.814229508354,  -19.93161330625,  0.0            
      5004,  27.837492095202,  -20.93839012849,  0.0            
      5005,  28.859046183339,  -21.94548492581,  0.0            
      5006,  29.879000221173,  -22.95254825877,  0.0            
      5007,  30.897469465828,  -23.95953009137,  0.0            
      5008,  31.914508744071,  -24.96607953298,  0.0            
      5009,  32.930132053132,  -25.97215668901,  0.0            
      5010,  33.94433773167 ,  -26.97768271571,  0.0            
      5011,  34.957123417387,  -27.98266236249,  0.0            
      5012,  35.968490861047,  -28.98708845284,  0.0            
      5013,  36.978446025702,  -29.99096691029,  0.0            
      5014,  37.987002299329,  -30.99432533992,  0.0            
      5015,  38.994178484124,  -31.9972607078 ,  0.0            
      5016,  -31.99404500462,  38.996821071099,  0.0            
      5017,  -30.98683760076,  37.993092115404,  0.0            
      5018,  -29.97827246824,  36.988717572658,  0.0            
      5019,  -28.96830872798,  35.983626319889,  0.0            
      5020,  -27.9569348528 ,  34.977825390087,  0.0            
      5021,  -26.9441392997 ,  33.971400428122,  0.0            
      5022,  -25.92994667222,  32.964449778537,  0.0            
      5023,  -24.91438698442,  31.957099415516,  0.0            
      5024,  -23.89776504848,  30.949390679534,  0.0            
      5025,  -22.88026078828,  29.941467993196,  0.0            
      5026,  -21.86291125973,  28.933488594518,  0.0            
      5027,  -20.84597063536,  27.926122239153,  0.0            
      5028,  -19.83103966815,  26.920409616869,  0.0            
      5029,  -18.81771578693,  25.916543103491,  0.0            
      5030,  -17.80695195852,  24.912848560145,  0.0            
      5031,  -16.79639278749,  23.904436033428,  0.0            
      5032,  -15.7813392498 ,  22.888695674588,  0.0            
      5033,  -14.75233049335,  21.85492144264 ,  0.0            
      5034,  18.93290137125 ,  -11.82657874181,  0.0            
      5035,  -13.70465787556,  20.80103644923 ,  0.0            
      5036,  -12.61991222056,  19.818989360927,  0.0            
      5037,  -10.75603757652,  18.277049752172,  0.0            
      5038,  19.825832733952,  -11.81942637296,  0.0            
      5039,  20.707098308547,  -12.86312505111,  0.0            
      5040,  21.690746197458,  -13.89190501721,  0.0            
      5041,  22.701206579898,  -14.90391632223,  0.0            
      5042,  18.249957370429,  -10.97371110576,  0.0            
      5043,  23.725377631139,  -15.91130924697,  0.0            
      5044,  24.751689154758,  -16.91799068079,  0.0            
      5045,  25.778429832322,  -17.92453252327,  0.0            
      5046,  26.804121177942,  -18.93083251239,  0.0            
      5047,  27.828434894117,  -19.93729326677,  0.0            
      5048,  28.851020468231,  -20.94380159809,  0.0            
      5049,  29.871855534611,  -21.95062239014,  0.0            
      5050,  30.891081026803,  -22.95737608731,  0.0            
      5051,  31.908833882151,  -23.96402129333,  0.0            
      5052,  32.925164113383,  -24.97025281212,  0.0            
      5053,  33.940079090886,  -25.97603445912,  0.0            
      5054,  34.953574747912,  -26.98127995072,  0.0            
      5055,  35.965652359305,  -27.98598265809,  0.0            
      5056,  36.976317428565,  -28.99013770238,  0.0            
      5057,  37.985583391314,  -29.99377267992,  0.0            
      5058,  38.993469079214,  -30.99698449959,  0.0            
      5059,  -30.99332422092,  38.99646089405 ,  0.0            
      5060,  -29.98539853747,  37.992345362215,  0.0            
      5061,  -28.97612038476,  36.98755401692 ,  0.0            
      5062,  -27.96544703426,  35.98204428079 ,  0.0            
      5063,  -26.95336091885,  34.975860084203,  0.0            
      5064,  -25.93987914118,  33.969081418186,  0.0            
      5065,  -24.92502629676,  32.961800548409,  0.0            
      5066,  -23.90907956822,  31.954138292206,  0.0            
      5067,  -22.89221187932,  30.946179387126,  0.0            
      5068,  -21.87537553414,  29.938214799237,  0.0            
      5069,  -20.85883620402,  28.930816247067,  0.0            
      5070,  -19.84413788814,  27.925062568188,  0.0            
      5071,  -18.83103865004,  26.921645515957,  0.0            
      5072,  -17.82067616583,  25.919316340335,  0.0            
      5073,  -16.81186368867,  24.915838993004,  0.0            
      5074,  -15.80329732526,  23.906394120638,  0.0            
      5075,  -14.78930483811,  22.888664919862,  0.0            
      5076,  -13.7656745983 ,  21.853516363474,  0.0            
      5077,  -11.77014922125,  20.08852194222 ,  0.0            
      5078,  -12.74408436644,  20.876654344837,  0.0            
      5079,  -10.96831684281,  19.462390987368,  0.0            
      5080,  19.558711917532,  -10.941686825  ,  0.0            
      5081,  20.681894071225,  -11.8579049805 ,  0.0            
      5082,  21.687977051272,  -12.88916146342,  0.0            
      5083,  22.693256260338,  -13.90349691503,  0.0            
      5084,  23.714684358277,  -14.91135853836,  0.0            
      5085,  24.74033041314 ,  -15.91813726657,  0.0            
      5086,  25.767411342466,  -16.92455779841,  0.0            
      5087,  26.793739192245,  -17.9307587964 ,  0.0            
      5088,  27.818972179568,  -18.9367269546 ,  0.0            
      5089,  28.842663522755,  -19.94288025675,  0.0            
      5090,  29.86455830277 ,  -20.94909463729,  0.0            
      5091,  30.884659911521,  -21.95562594793,  0.0            
      5092,  18.551421590434,  -9.828035635011,  0.0            
      5093,  31.903161010709,  -22.96209258921,  0.0            
      5094,  32.920200984998,  -23.96844758114,  0.0            
      5095,  33.935821911672,  -24.97440182811,  0.0            
      5096,  34.950026506989,  -25.97990644228,  0.0            
      5097,  -11.75557123581,  20.966538071603,  0.0            
      5098,  35.962813840974,  -26.98487686277,  0.0            
      5099,  36.974188831426,  -27.98930849352,  0.0            
      5100,  37.984164483299,  -28.99322001905,  0.0            
      5101,  38.992759674303,  -29.99670829076,  0.0            
      5102,  -29.99260032034,  38.996086520941,  0.0            
      5103,  -28.98395790891,  37.991562827863,  0.0            
      5104,  -27.97396916854,  36.986351664284,  0.0            
      5105,  -26.962584998  ,  35.980437697577,  0.0            
      5106,  -25.94980981558,  34.973879853448,  0.0            
      5107,  -24.93566130136,  33.966744880396,  0.0            
      5108,  -23.9203845978 ,  32.959140185566,  0.0            
      5109,  -22.90415088035,  31.951215065517,  0.0            
      5110,  -21.88783363922,  30.943215759021,  0.0            
      5111,  -20.87170265071,  29.935779943116,  0.0            
      5112,  -19.85721447008,  28.929922279473,  0.0            
      5113,  -18.84421325636,  27.926390565126,  0.0            
      5114,  -17.83388203505,  26.924778669266,  0.0            
      5115,  -16.82537441417,  25.923036263352,  0.0            
      5116,  -15.81879668187,  24.919334281754,  0.0            
      5117,  -14.81153784862,  23.90891714821 ,  0.0            
      5118,  -13.80003332986,  22.892735321011,  0.0            
      5119,  -12.78169599001,  21.88609290857 ,  0.0            
      5120,  -9.712282112092,  18.631124648713,  0.0            
      5121,  19.632720811903,  -9.899528185774,  0.0            
      5122,  20.602312624813,  -10.87031597754,  0.0            
      5123,  21.667724256968,  -11.88687707799,  0.0            
      5124,  -10.8479405577 ,  20.746148987382,  0.0            
      5125,  22.683918185691,  -12.90251922471,  0.0            
      5126,  23.704176730223,  -13.91146047195,  0.0            
      5127,  24.729085732234,  -14.91843890301,  0.0            
      5128,  25.756406902241,  -15.92498266384,  0.0            
      5129,  26.783233583036,  -16.9310550069 ,  0.0            
      5130,  27.809201926773,  -17.93689716796,  0.0            
      5131,  28.833874623846,  -18.94250099318,  0.0            
      5132,  29.856930495556,  -19.94831555656,  0.0            
      5133,  30.878096548211,  -20.95424721133,  0.0            
      5134,  31.897462833723,  -21.96052781946,  0.0            
      5135,  32.915241883381,  -22.96675521494,  0.0            
      5136,  33.93156986458 ,  -23.97285345183,  0.0            
      5137,  34.946479816699,  -24.97854583035,  0.0            
      5138,  35.959975785833,  -25.98377815048,  0.0            
      5139,  36.972060234284,  -26.98847928369,  0.0            
      5140,  37.982745575282,  -27.99266735732,  0.0            
      5141,  38.992050269392,  -28.99643208132,  0.0            
      5142,  -28.99187550338,  38.995693915754,  0.0            
      5143,  -27.98251888247,  37.990752256766,  0.0            
      5144,  -26.97181917459,  36.98512870082 ,  0.0            
      5145,  -25.959742908  ,  35.978817304619,  0.0            
      5146,  -24.94629539157,  34.971882935837,  0.0            
      5147,  -23.93168459567,  33.964399016031,  0.0            
      5148,  -22.91607788036,  32.956519659753,  0.0            
      5149,  -21.90027356389,  31.948530608472,  0.0            
      5150,  -20.88455489476,  30.941025601584,  0.0            
      5151,  -19.87027754374,  29.935013095024,  0.0            
      5152,  -18.85734859156,  28.931282668417,  0.0            
      5153,  -17.84691245198,  27.929526786915,  0.0            
      5154,  18.870535294416,  -8.870586683209,  0.0            
      5155,  -16.83829966497,  26.928784415038,  0.0            
      5156,  -15.83192259398,  25.927051461267,  0.0            
      5157,  -14.82667433439,  24.923147064667,  0.0            
      5158,  -13.82090459999,  23.912717227322,  0.0            
      5159,  -12.81070444203,  22.903708740509,  0.0            
      5160,  -11.7934464536 ,  21.888728994055,  0.0            
      5161,  -9.886127823372,  19.664969046668,  0.0            
      5162,  -8.727263029725,  19.009801131682,  0.0            
      5163,  19.777771169766,  -8.92455589439 ,  0.0            
      5164,  20.618412954368,  -9.900871356375,  0.0            
      5165,  21.634831039386,  -10.89303376154,  0.0            
      5166,  22.668625185828,  -11.9023285586 ,  0.0            
      5167,  23.692918235466,  -12.9115414433 ,  0.0            
      5168,  24.717873032515,  -13.9189361245 ,  0.0            
      5169,  25.745432425177,  -14.92556812886,  0.0            
      5170,  26.772700520787,  -15.9317663863 ,  0.0            
      5171,  27.799287294743,  -16.93745329454,  0.0            
      5172,  28.824751621831,  -17.94287588104,  0.0            
      5173,  29.84886324861 ,  -18.94807233005,  0.0            
      5174,  30.871213730281,  -19.95357266048,  0.0            
      5175,  31.891637899905,  -20.95929576053,  0.0            
      5176,  32.91026380725 ,  -21.96538121377,  0.0            
      5177,  33.927323348831,  -22.97140099451,  0.0            
      5178,  34.942938368766,  -23.97725504164,  0.0            
      5179,  35.957139284698,  -24.98268963973,  0.0            
      5180,  36.969932095092,  -25.98765535932,  0.0            
      5181,  37.981326667263,  -26.99211469472,  0.0            
      5182,  38.99134086448 ,  -27.99615587126,  0.0            
      5183,  -27.99115235126,  38.995286929647,  0.0            
      5184,  -26.98108164482,  37.989926697727,  0.0            
      5185,  -25.96968536081,  36.983893761445,  0.0            
      5186,  -24.95693160294,  35.977181894792,  0.0            
      5187,  -23.94298446816,  34.969877097239,  0.0            
      5188,  -22.92799926538,  33.962092104774,  0.0            
      5189,  -21.91269809403,  32.954124977773,  0.0            
      5190,  -20.89738077663,  31.946569768499,  0.0            
      5191,  -19.88331238533,  30.940389318254,  0.0            
      5192,  -18.87045481784,  29.936347869723,  0.0            
      5193,  -17.85989178177,  28.934337758572,  0.0            
      5194,  -16.85104165864,  27.933477244032,  0.0            
      5195,  -15.84441364522,  26.933001314081,  0.0            
      5196,  -14.83929436952,  25.931080269971,  0.0            
      5197,  -13.83532416407,  24.927188180237,  0.0            
      5198,  -12.8303253074 ,  23.916760184599,  0.0            
      5199,  -10.81180219926,  21.825473211844,  0.0            
      5200,  -11.82184205835,  22.900890425239,  0.0            
      5201,  -9.830968880204,  20.780948973691,  0.0            
      5202,  19.138855213448,  -7.920638913068,  0.0            
      5203,  -8.809069177699,  19.96272886324 ,  0.0            
      5204,  -7.735641890659,  19.337972947102,  0.0            
      5205,  19.967592654145,  -7.946805595576,  0.0            
      5206,  20.709497786921,  -8.926474068909,  0.0            
      5207,  21.636034546613,  -9.906956553583,  0.0            
      5208,  22.650794943688,  -10.90545637978,  0.0            
      5209,  23.67987392321 ,  -11.9122447809 ,  0.0            
      5210,  24.706467882038,  -12.91957018918,  0.0            
      5211,  25.734461657552,  -13.92637516861,  0.0            
      5212,  26.762168460232,  -14.93263921756,  0.0            
      5213,  27.789335122906,  -15.93843834943,  0.0            
      5214,  28.8154665431  ,  -16.94364842492,  0.0            
      5215,  29.840449308984,  -17.94857728168,  0.0            
      5216,  30.863898317619,  -18.95340414768,  0.0            
      5217,  31.885517897775,  -19.9586999442 ,  0.0            
      5218,  32.905175700683,  -20.96429665099,  0.0            
      5219,  33.923064031525,  -21.97021996025,  0.0            
      5220,  34.93940360884 ,  -22.97604328758,  0.0            
      5221,  35.954308036098,  -23.98165657015,  0.0            
      5222,  36.967805460024,  -24.98683899925,  0.0            
      5223,  37.979908191593,  -25.99156556182,  0.0            
      5224,  38.990631459567,  -26.99587966058,  0.0            
      5225,  -26.99043082768,  38.994872023278,  0.0            
      5226,  -25.97965580894,  37.989092647881,  0.0            
      5227,  -24.96757580209,  36.982645461185,  0.0            
      5228,  -23.95428605724,  35.975539232891,  0.0            
      5229,  -22.93992122146,  34.967906565824,  0.0            
      5230,  -21.92511621868,  33.95999455964 ,  0.0            
      5231,  -20.91018740844,  32.952398170536,  0.0            
      5232,  -19.89630753583,  31.946043771859,  0.0            
      5233,  -18.88351658988,  30.941696563893,  0.0            
      5234,  -17.87282829412,  29.93925490713 ,  0.0            
      5235,  -16.86372905724,  28.938143905517,  0.0            
      5236,  -15.85672021157,  27.93760157932 ,  0.0            
      5237,  -14.85127754552,  26.937180192142,  0.0            
      5238,  -13.84738061636,  25.934927038876,  0.0            
      5239,  -9.847141286875,  21.846105534522,  0.0            
      5240,  -12.8443021738 ,  24.930626868998,  0.0            
      5241,  -10.83732223671,  22.882597830237,  0.0            
      5242,  -11.84104840194,  23.915562198063,  0.0            
      5243,  -8.846223205054,  20.940146152778,  0.0            
      5244,  19.374264693813,  -6.957259153357,  0.0            
      5245,  -7.752682231997,  20.216800366032,  0.0            
      5246,  20.130035046098,  -6.96822534116 ,  0.0            
      5247,  20.811964475409,  -7.937615399131,  0.0            
      5248,  21.671474929262,  -8.919572581142,  0.0            
      5249,  22.64448240925 ,  -9.91173616108 ,  0.0            
      5250,  23.666568247631,  -10.91424927482,  0.0            
      5251,  24.694682843556,  -11.9206836962 ,  0.0            
      5252,  -6.799830338558,  19.665921845227,  0.0            
      5253,  25.723440081182,  -12.92733182041,  0.0            
      5254,  26.751646700948,  -13.93372457888,  0.0            
      5255,  27.779379861796,  -14.93958485283,  0.0            
      5256,  28.80613420893 ,  -15.94485773323,  0.0            
      5257,  29.831861914057,  -16.94947978609,  0.0            
      5258,  30.856234744818,  -17.9539466799 ,  0.0            
      5259,  31.878991122938,  -18.95856244446,  0.0            
      5260,  32.899823050266,  -19.96376969724,  0.0            
      5261,  33.918713599207,  -20.96928462939,  0.0            
      5262,  34.935861818394,  -21.97505597202,  0.0            
      5263,  35.95148441813 ,  -22.9806857765 ,  0.0            
      5264,  36.965683928816,  -23.98606384649,  0.0            
      5265,  37.978491073112,  -24.99102148127,  0.0            
      5266,  38.989922423122,  -25.99560527705,  0.0            
      5267,  -25.98971532553,  38.994452750275,  0.0            
      5268,  -24.97824710074,  37.988249664427,  0.0            
      5269,  -23.96559419808,  36.981391001637,  0.0            
      5270,  -22.95184475667,  35.973929283115,  0.0            
      5271,  -21.93753557928,  34.966123579604,  0.0            
      5272,  -20.92298733537,  33.958503119466,  0.0            
      5273,  -19.90927643286,  32.951980791066,  0.0            
      5274,  -18.89652311126,  31.947299502288,  0.0            
      5275,  -17.88570242196,  30.944448183552,  0.0            
      5276,  -16.87636605003,  29.942853528774,  0.0            
      5277,  -15.86897509455,  28.942102978548,  0.0            
      5278,  -14.86306533437,  27.941660770419,  0.0            
      5279,  -13.85882135352,  26.941215629379,  0.0            
      5280,  -8.868715710516,  21.937083840795,  0.0            
      5281,  -12.85586998847,  25.938310047967,  0.0            
      5282,  -9.861452561909,  22.896430407195,  0.0            
      5283,  -11.85424853291,  24.932236690943,  0.0            
      5284,  -10.85435507676,  23.912590129244,  0.0            
      5285,  -7.839389588287,  21.104099848627,  0.0            
      5286,  19.586376716532,  -5.998226504419,  0.0            
      5287,  -6.679685095669,  20.430319886478,  0.0            
      5288,  20.247347520125,  -5.971689140926,  0.0            
      5289,  20.898973821618,  -6.937590510037,  0.0            
      5290,  21.715637749744,  -7.925414537834,  0.0            
      5291,  22.65105981281 ,  -8.917955236218,  0.0            
      5292,  23.656965449432,  -9.917729380511,  0.0            
      5293,  24.682876475226,  -10.92239919187,  0.0            
      5294,  25.7123487692  ,  -11.92867777144,  0.0            
      5295,  26.741138831272,  -12.93493624527,  0.0            
      5296,  27.769434036064,  -13.94092230176,  0.0            
      5297,  28.796794169089,  -14.94622828451,  0.0            
      5298,  29.823218902308,  -15.95081474143,  0.0            
      5299,  30.848391609452,  -16.95486959   ,  0.0            
      5300,  31.87213097126 ,  -17.95907378549,  0.0            
      5301,  32.89409989227 ,  -18.96364539814,  0.0            
      5302,  33.914135921803,  -19.96882567237,  0.0            
      5303,  34.932248074439,  -20.97427101405,  0.0            
      5304,  35.948659301635,  -21.97989263133,  0.0            
      5305,  36.96357048754 ,  -22.98533443893,  0.0            
      5306,  -5.918309421256,  19.771254553964,  0.0            
      5307,  37.977078521708,  -23.99050470666,  0.0            
      5308,  38.989214314381,  -24.99533355057,  0.0            
      5309,  -24.98900906746,  38.994029082407,  0.0            
      5310,  -23.97692810884,  37.987404998678,  0.0            
      5311,  -22.96377398784,  36.980164583772,  0.0            
      5312,  -21.94995712342,  35.972483662499,  0.0            
      5313,  -20.93578973725,  34.964875475441,  0.0            
      5314,  -19.92223744186,  33.958186390646,  0.0            
      5315,  -18.90949444799,  32.953178148972,  0.0            
      5316,  -17.89850205651,  31.949870884797,  0.0            
      5317,  -16.88892772653,  30.947826283342,  0.0            
      5318,  -15.88117583807,  29.946589697639,  0.0            
      5319,  -14.87480458469,  28.946006070971,  0.0            
      5320,  -7.886260965159,  22.038379475337,  0.0            
      5321,  -13.87003354132,  27.945579906272,  0.0            
      5322,  -8.880239703115,  22.943861622475,  0.0            
      5323,  -12.86673554791,  26.945035453616,  0.0            
      5324,  -11.86502134235,  25.941199093681,  0.0            
      5325,  -9.87117919674 ,  23.923333572873,  0.0            
      5326,  -10.86557656148,  24.934104852329,  0.0            
      5327,  -6.909673231687,  21.211476233435,  0.0            
      5328,  19.752096041422,  -5.296291151938,  0.0            
      5329,  20.223633815622,  -4.965314759289,  0.0            
      5330,  20.924175172349,  -5.925111646568,  0.0            
      5331,  21.751875580053,  -6.92465956952 ,  0.0            
      5332,  22.661881312359,  -7.922201541146,  0.0            
      5333,  23.651652396336,  -8.921633405626,  0.0            
      5334,  24.671842358581,  -9.925025742388,  0.0            
      5335,  25.701257280104,  -10.93040386012,  0.0            
      5336,  26.730648443751,  -11.93644951495,  0.0            
      5337,  27.759504016107,  -12.9423542054 ,  0.0            
      5338,  28.787460516829,  -13.94776856463,  0.0            
      5339,  29.814563365372,  -14.95230763312,  0.0            
      5340,  30.840486051211,  -15.95620426109,  0.0            
      5341,  31.865094296242,  -16.95993424062,  0.0            
      5342,  32.888067977437,  -17.96409492363,  0.0            
      5343,  33.909234584986,  -18.96871179816,  0.0            
      5344,  34.928446463784,  -19.97388108418,  0.0            
      5345,  35.945781617355,  -20.97925880455,  0.0            
      5346,  36.961460145795,  -21.98473614713,  0.0            
      5347,  37.975673480066,  -22.99001766224,  0.0            
      5348,  38.98850947303 ,  -23.99507567799,  0.0            
      5349,  -23.98835148973,  38.993607157597,  0.0            
      5350,  -22.97572722   ,  37.986585254656,  0.0            
      5351,  -21.96238439153,  36.979073741183,  0.0            
      5352,  -20.94859587303,  35.971493927891,  0.0            
      5353,  -19.93520226455,  34.964653843871,  0.0            
      5354,  -18.92245592189,  33.959306657684,  0.0            
      5355,  -17.91125308747,  32.955558968262,  0.0            
      5356,  -16.90139872465,  31.953005155492,  0.0            
      5357,  -15.89329264892,  30.951319458083,  0.0            
      5358,  -14.88648914885,  29.950273317713,  0.0            
      5359,  -6.900727774479,  22.106550431349,  0.0            
      5360,  -13.88119166318,  28.949802034602,  0.0            
      5361,  -7.894454084047,  22.999910651336,  0.0            
      5362,  -12.8773224529 ,  27.9493576554  ,  0.0            
      5363,  -8.8857120031  ,  23.948544926599,  0.0            
      5364,  -11.8751262961 ,  26.948635875056,  0.0            
      5365,  -10.87491677164,  25.944557660654,  0.0            
      5366,  -9.87826777041 ,  24.940959942957,  0.0            
      5367,  -5.98633832164 ,  21.319735000417,  0.0            
      5368,  20.8999547407  ,  -4.918648923214,  0.0            
      5369,  21.766786483657,  -5.916995784994,  0.0            
      5370,  22.66998692141 ,  -6.924492984219,  0.0            
      5371,  23.647952946224,  -7.925660147101,  0.0            
      5372,  24.661711320771,  -8.928222757184,  0.0            
      5373,  25.690269681085,  -9.932824197808,  0.0            
      5374,  -5.265573604872,  20.598322671627,  0.0            
      5375,  26.720145509665,  -10.93822809568,  0.0            
      5376,  27.749596222481,  -11.94400061   ,  0.0            
      5377,  28.778140238317,  -12.94937531235,  0.0            
      5378,  29.805909764897,  -13.95395116857,  0.0            
      5379,  30.832563508059,  -14.95768869524,  0.0            
      5380,  31.857992341814,  -15.96117199309,  0.0            
      5381,  32.88186870047 ,  -16.96485492325,  0.0            
      5382,  33.904059135878,  -17.96909228914,  0.0            
      5383,  34.924371937118,  -18.97377852104,  0.0            
      5384,  35.942757093756,  -19.97893880759,  0.0            
      5385,  36.959315402732,  -20.98425424677,  0.0            
      5386,  37.974274123601,  -21.98961581158,  0.0            
      5387,  38.987809548429,  -22.99483240955,  0.0            
      5388,  -22.98776215753,  38.993201985156,  0.0            
      5389,  -21.97483234783,  37.985868173537,  0.0            
      5390,  -20.96140835708,  36.978347334103,  0.0            
      5391,  -19.94817254509,  35.971366139746,  0.0            
      5392,  -18.93542209827,  34.965677631498,  0.0            
      5393,  -17.92398919793,  33.961469567044,  0.0            
      5394,  -16.91380781121,  32.958436421883,  0.0            
      5395,  -15.90530472851,  31.956232940938,  0.0            
      5396,  -14.89809078154,  30.954754460779,  0.0            
      5397,  -5.889644193786,  22.152521001897,  0.0            
      5398,  -6.896438563479,  23.03850526847 ,  0.0            
      5399,  -13.89229320651,  29.953859840599,  0.0            
      5400,  -7.896826244862,  23.977026078677,  0.0            
      5401,  -12.88784341159,  28.953493470818,  0.0            
      5402,  -8.890254112585,  24.95280836415 ,  0.0            
      5403,  -11.88501464133,  27.9529979909  ,  0.0            
      5404,  -10.88396387644,  26.952149071545,  0.0            
      5405,  -9.885491062506,  25.949574670426,  0.0            
      5406,  20.703905187982,  -3.909626190917,  0.0            
      5407,  21.740788058779,  -4.910413170029,  0.0            
      5408,  22.671228596883,  -5.925640794495,  0.0            
      5409,  23.643560354331,  -6.929793845379,  0.0            
      5410,  24.652009520582,  -7.932224561695,  0.0            
      5411,  25.679373406965,  -8.935774311748,  0.0            
      5412,  26.709565841087,  -9.940535055734,  0.0            
      5413,  27.73968609184 ,  -10.94582681334,  0.0            
      5414,  28.768839343039,  -11.95111641168,  0.0            
      5415,  -4.116952000291,  20.680911445432,  0.0            
      5416,  29.79726408854 ,  -12.95564038332,  0.0            
      5417,  30.824638464192,  -13.95930722999,  0.0            
      5418,  31.850870534154,  -14.96254702441,  0.0            
      5419,  32.875604503856,  -15.96595007085,  0.0            
      5420,  33.898731864795,  -16.96974177002,  0.0            
      5421,  34.920062031322,  -17.97408974482,  0.0            
      5422,  35.939513586695,  -18.97884840975,  0.0            
      5423,  36.957064288282,  -19.98400483569,  0.0            
      5424,  37.972856000706,  -20.98928778785,  0.0            
      5425,  38.987114743879,  -21.99463005788,  0.0            
      5426,  -21.98734260115,  38.99285675851 ,  0.0            
      5427,  -20.97423573134,  37.985410558786,  0.0            
      5428,  -19.96114913237,  36.97829795191 ,  0.0            
      5429,  -18.94839460808,  35.97227187429 ,  0.0            
      5430,  -17.93672889327,  34.967594592999,  0.0            
      5431,  -16.92619536269,  33.964058419456,  0.0            
      5432,  -15.91724092745,  32.96138195417 ,  0.0            
      5433,  -5.043114999   ,  21.851793825035,  0.0            
      5434,  -14.90958365321,  31.95939477787 ,  0.0            
      5435,  -5.897136550524,  23.010521030277,  0.0            
      5436,  -13.90331696756,  30.95809366421 ,  0.0            
      5437,  -6.902358231338,  23.993953783559,  0.0            
      5438,  -12.8983101286 ,  29.95735077598 ,  0.0            
      5439,  -7.900846701113,  24.965369630314,  0.0            
      5440,  -11.8948504279 ,  28.95703720268 ,  0.0            
      5441,  -8.896056653916,  25.95589230498 ,  0.0            
      5442,  -10.89305023662,  27.956412092781,  0.0            
      5443,  -9.893307445438,  26.955632345182,  0.0            
      5444,  21.698425978114,  -3.919745298085,  0.0            
      5445,  22.665613250675,  -4.928759780733,  0.0            
      5446,  23.638783670918,  -5.934757893514,  0.0            
      5447,  24.642718960855,  -6.936951429908,  0.0            
      5448,  20.755595104713,  -2.937992624277,  0.0            
      5449,  25.668535269419,  -7.939592622019,  0.0            
      5450,  26.698852888109,  -8.943265551454,  0.0            
      5451,  27.72971436806 ,  -9.948022697911,  0.0            
      5452,  28.759537447849,  -10.95296079559,  0.0            
      5453,  29.788628481241,  -11.9574043089 ,  0.0            
      5454,  30.816715574832,  -12.96095924068,  0.0            
      5455,  -3.004652463861,  20.817245215564,  0.0            
      5456,  31.843743063566,  -13.96404119151,  0.0            
      5457,  32.869319199865,  -14.96716743617,  0.0            
      5458,  33.89334326866 ,  -15.9706810806 ,  0.0            
      5459,  34.915618659071,  -16.97462755914,  0.0            
      5460,  35.936077019617,  -17.9790908591 ,  0.0            
      5461,  36.954648873797,  -18.98392692743,  0.0            
      5462,  37.971370311952,  -19.98911084004,  0.0            
      5463,  38.986412630562,  -20.99446094326,  0.0            
      5464,  -20.98709298755,  38.992649018516,  0.0            
      5465,  -19.9741315457 ,  37.985422186536,  0.0            
      5466,  -18.96137167876,  36.97904912501 ,  0.0            
      5467,  -17.94947407824,  35.973905506832,  0.0            
      5468,  -16.93858361269,  34.969864421136,  0.0            
      5469,  -3.998272360453,  21.80591535889 ,  0.0            
      5470,  -15.92914650484,  33.966689626857,  0.0            
      5471,  -4.974924661775,  22.906730642915,  0.0            
      5472,  -14.92099322207,  32.964246985849,  0.0            
      5473,  -5.907739983117,  23.980115927899,  0.0            
      5474,  -13.91423388357,  31.962457816221,  0.0            
      5475,  -6.909536353683,  24.972592008594,  0.0            
      5476,  -12.90870957131,  30.961341846058,  0.0            
      5477,  -7.906379327088,  25.961894344561,  0.0            
      5478,  -11.90464439055,  29.960694922601,  0.0            
      5479,  -8.902906207992,  26.95887858747 ,  0.0            
      5480,  -10.90215020231,  28.960237154414,  0.0            
      5481,  -9.901546699963,  27.959357740225,  0.0            
      5482,  22.672234506226,  -3.938508306347,  0.0            
      5483,  23.639614971951,  -4.941500048732,  0.0            
      5484,  24.636007532806,  -5.942982835863,  0.0            
      5485,  21.737630291627,  -2.94220325809 ,  0.0            
      5486,  25.658191924109,  -6.944169130601,  0.0            
      5487,  26.688089021218,  -7.946746353909,  0.0            
      5488,  27.719621846525,  -8.950517973976,  0.0            
      5489,  28.750183039211,  -9.95502827163 ,  0.0            
      5490,  20.856372513075,  -1.957564512457,  0.0            
      5491,  29.779981877242,  -10.95921657977,  0.0            
      5492,  30.808792342391,  -11.96265213744,  0.0            
      5493,  31.836613211286,  -12.96556257997,  0.0            
      5494,  32.86302663615 ,  -13.96848931851,  0.0            
      5495,  -1.994692654291,  20.907187354063,  0.0            
      5496,  33.887933769051,  -14.97172630535,  0.0            
      5497,  34.911119129775,  -15.97540884202,  0.0            
      5498,  35.93252791133 ,  -16.97951716747,  0.0            
      5499,  36.952084549388,  -17.98410059298,  0.0            
      5500,  37.969775605778,  -18.98904678945,  0.0            
      5501,  38.985678914803,  -19.99436297672,  0.0            
      5502,  -19.98710265626,  38.992681809742,  0.0            
      5503,  -18.97434330434,  37.985978693258,  0.0            
      5504,  -17.96222022517,  36.980352746198,  0.0            
      5505,  -2.993220545343,  21.857152598298,  0.0            
      5506,  -16.95097524834,  35.975811422353,  0.0            
      5507,  -3.945185595015,  22.874715223607,  0.0            
      5508,  -15.94104780377,  34.972152155688,  0.0            
      5509,  -4.920654663183,  23.940620330662,  0.0            
      5510,  -14.93236490516,  33.969228324515,  0.0            
      5511,  -5.918536523467,  24.968275285634,  0.0            
      5512,  -13.92506490447,  32.967001457266,  0.0            
      5513,  -6.916331460239,  25.965462138724,  0.0            
      5514,  -12.91901392636,  31.965431455893,  0.0            
      5515,  -7.912755558246,  26.961615941293,  0.0            
      5516,  -11.91437754068,  30.964448063383,  0.0            
      5517,  -8.910355604271,  27.961624976805,  0.0            
      5518,  -10.91123485525,  29.96367745341 ,  0.0            
      5519,  -9.909891591557,  28.962758670186,  0.0            
      5520,  23.660630050994,  -3.951276664441,  0.0            
      5521,  24.63898017734 ,  -4.950460748668,  0.0            
      5522,  25.650760274526,  -5.950028647062,  0.0            
      5523,  22.722118151487,  -2.953434778975,  0.0            
      5524,  26.677843639726,  -6.950893173732,  0.0            
      5525,  27.70946824319 ,  -7.953589208316,  0.0            
      5526,  28.740723729714,  -8.9572834378  ,  0.0            
      5527,  21.821741865551,  -1.96074262146 ,  0.0            
      5528,  29.771276374363,  -9.961143139955,  0.0            
      5529,  30.800844622685,  -10.96436501584,  0.0            
      5530,  31.829473444524,  -11.96711017988,  0.0            
      5531,  32.856729289642,  -12.96983426824,  0.0            
      5532,  20.93076310421 ,  -0.97286312855 ,  0.0            
      5533,  33.88251651989 ,  -13.97286110534,  0.0            
      5534,  34.906599644179,  -14.97627922447,  0.0            
      5535,  35.928929184773,  -15.9801403101 ,  0.0            
      5536,  -1.001013961756,  20.957691184461,  0.0            
      5537,  36.949430409917,  -16.98441524328,  0.0            
      5538,  37.968078820607,  -17.98915238079,  0.0            
      5539,  38.984891447174,  -18.99431954036,  0.0            
      5540,  -18.98726372854,  38.992987563718,  0.0            
      5541,  -1.994758888347,  21.916813863478,  0.0            
      5542,  -17.97494987292,  37.986901392732,  0.0            
      5543,  -2.969626387746,  22.90160218372 ,  0.0            
      5544,  -16.9633639184 ,  36.981850449217,  0.0            
      5545,  -3.94137184846 ,  23.923114896431,  0.0            
      5546,  -15.95294959599,  35.977711594681,  0.0            
      5547,  -14.9437271351 ,  34.974337976852,  0.0            
      5548,  -4.930634565777,  24.955689601258,  0.0            
      5549,  -13.93585295743,  33.971647787083,  0.0            
      5550,  -5.92661795812 ,  25.964857980686,  0.0            
      5551,  -6.922738292329,  26.963539069322,  0.0            
      5552,  -12.92923971181,  32.969661526974,  0.0            
      5553,  -7.919543902251,  27.963263372644,  0.0            
      5554,  -11.92402726318,  31.968269834818,  0.0            
      5555,  -8.91794968127 ,  28.96441332569 ,  0.0            
      5556,  -10.92026198866,  30.967192798341,  0.0            
      5557,  -9.91824362448 ,  29.96593518052 ,  0.0            
      5558,  24.663616603858,  -3.959786564497,  0.0            
      5559,  25.653174070591,  -4.957111782534,  0.0            
      5560,  26.670484722912,  -5.956199741834,  0.0            
      5561,  23.714340269152,  -2.9631971157  ,  0.0            
      5562,  27.699757414903,  -6.957209832378,  0.0            
      5563,  28.731210597704,  -7.95995330539 ,  0.0            
      5564,  29.762468273974,  -8.963174902972,  0.0            
      5565,  22.801497130071,  -1.968036721787,  0.0            
      5566,  30.792824942379,  -9.966131833056,  0.0            
      5567,  31.822292840843,  -10.96866798655,  0.0            
      5568,  32.850416211217,  -11.97119903264,  0.0            
      5569,  21.897999957804,  -0.974641413777,  0.0            
      5570,  33.877093428989,  -12.97401472619,  0.0            
      5571,  34.902072474291,  -13.97722389079,  0.0            
      5572,  35.925311977188,  -14.98083562983,  0.0            
      5573,  36.946734349584,  -15.9848801289 ,  0.0            
      5574,  37.966317882626,  -16.98935560445,  0.0            
      5575,  38.984051634276,  -17.99436251776,  0.0            
      5576,  -0.012688618114,  20.965915365969,  0.0            
      5577,  20.965915582486,  0.0126884944828,  0.0            
      5578,  -1.002299612226,  21.948028399146,  0.0            
      5579,  -1.983815255813,  22.93400025407 ,  0.0            
      5580,  -17.98759913621,  38.993472186303,  0.0            
      5581,  -2.961450240196,  23.931884490994,  0.0            
      5582,  -16.97572804738,  37.987941668877,  0.0            
      5583,  -15.96484562861,  36.983327078063,  0.0            
      5584,  -3.945875547184,  24.949506539248,  0.0            
      5585,  -14.95508714369,  35.97950882427 ,  0.0            
      5586,  -4.938075596212,  25.961448758736,  0.0            
      5587,  -13.94662705434,  34.976398112717,  0.0            
      5588,  -5.933022736844,  26.964377121542,  0.0            
      5589,  -12.93942416659,  33.973969936153,  0.0            
      5590,  -6.928967301041,  27.964425700456,  0.0            
      5591,  -11.93360914567,  32.972193786805,  0.0            
      5592,  -7.926413329465,  28.965393294715,  0.0            
      5593,  -10.92921784759,  31.970758758054,  0.0            
      5594,  -8.925551910892,  29.967261476139,  0.0            
      5595,  -9.926531688728,  30.969203239021,  0.0            
      5596,  25.67637924857 ,  -3.965697055016,  0.0            
      5597,  26.672480084753,  -4.962589078652,  0.0            
      5598,  24.717130391362,  -2.970202032507,  0.0            
      5599,  27.692651466454,  -5.961852183265,  0.0            
      5600,  28.722099428356,  -6.963074031738,  0.0            
      5601,  29.753609215665,  -7.965496790227,  0.0            
      5602,  23.791065263862,  -1.975450926222,  0.0            
      5603,  30.784697408433,  -8.967958773059,  0.0            
      5604,  31.815018006805,  -9.970255707508,  0.0            
      5605,  0.9728627967105,  20.930762937854,  0.0            
      5606,  32.844050420354,  -10.97257092279,  0.0            
      5607,  22.878650989561,  -0.980811072977,  0.0            
      5608,  33.87165100174 ,  -11.97518313882,  0.0            
      5609,  20.957691458513,  1.0010138468168,  0.0            
      5610,  34.89753942051 ,  -12.97818264251,  0.0            
      5611,  35.921687344794,  -13.98158991659,  0.0            
      5612,  36.944021772238,  -14.98540042854,  0.0            
      5613,  37.964524836709,  -15.98966225853,  0.0            
      5614,  -0.012605637717,  21.942701758672,  0.0            
      5615,  21.942702230729,  0.012605208932 ,  0.0            
      5616,  38.983177510236,  -16.9944577858 ,  0.0            
      5617,  -0.995787150859,  22.947489253058,  0.0            
      5618,  -1.977060720332,  23.945756148036,  0.0            
      5619,  -16.98799734448,  38.994010682592,  0.0            
      5620,  -2.961289987757,  24.952550771265,  0.0            
      5621,  -15.97671376769,  37.988953897141,  0.0            
      5622,  -3.950602279042,  25.95954977965 ,  0.0            
      5623,  -14.96644035484,  36.984709746546,  0.0            
      5624,  -4.943743174266,  26.964430364304,  0.0            
      5625,  -13.95739687123,  35.98118587294 ,  0.0            
      5626,  -5.938657439575,  27.965176570271,  0.0            
      5627,  -12.949593642  ,  34.978359091324,  0.0            
      5628,  -6.9351189439  ,  28.966029815792,  0.0            
      5629,  -11.94315581451,  33.976174070125,  0.0            
      5630,  -7.933259003109,  29.967859917703,  0.0            
      5631,  -10.93812097957,  32.97440387547 ,  0.0            
      5632,  -8.933080568729,  30.970264477484,  0.0            
      5633,  -9.934751071318,  31.972530973318,  0.0            
      5634,  26.693904512231,  -3.970337587595,  0.0            
      5635,  1.9575647959131,  20.856372004498,  0.0            
      5636,  27.694111156346,  -4.9674881409  ,  0.0            
      5637,  25.726505329672,  -2.975064368401,  0.0            
      5638,  28.715365852647,  -5.967092915556,  0.0            
      5639,  29.74511614275 ,  -6.968192827715,  0.0            
      5640,  30.776518654489,  -7.969999932664,  0.0            
      5641,  24.790825681541,  -1.981059710611,  0.0            
      5642,  20.9071878603  ,  1.9946927068052,  0.0            
      5643,  31.807615777107,  -8.971886092953,  0.0            
      5644,  0.9746409762933,  21.897999521683,  0.0            
      5645,  32.837571719436,  -9.973964865838,  0.0            
      5646,  23.867646569005,  -0.987076911462,  0.0            
      5647,  33.866146661751,  -10.97635558038,  0.0            
      5648,  34.892986490704,  -11.97915058086,  0.0            
      5649,  35.918057042292,  -12.98235352575,  0.0            
      5650,  36.941302200839,  -13.98596472743,  0.0            
      5651,  21.948029044069,  1.0022992561177,  0.0            
      5652,  37.962718209349,  -14.99000767217,  0.0            
      5653,  -0.007078149696,  22.930488422723,  0.0            
      5654,  22.930489133731,  0.0070775637428,  0.0            
      5655,  38.982284373087,  -15.9946078765 ,  0.0            
      5656,  -0.989959918103,  23.947146570034,  0.0            
      5657,  -1.974854163657,  24.956461378042,  0.0            
      5658,  -2.963233202382,  25.960253257227,  0.0            
      5659,  -15.98848544993,  38.994528975413,  0.0            
      5660,  -3.954751300268,  26.964523743548,  0.0            
      5661,  -14.97776647355,  37.989892708541,  0.0            
      5662,  -4.948558190401,  27.96556711637 ,  0.0            
      5663,  -13.96816032002,  36.985987145091,  0.0            
      5664,  -5.944067644327,  28.966487450095,  0.0            
      5665,  -12.95975839666,  35.98277126312 ,  0.0            
      5666,  -6.941194562246,  29.968088425387,  0.0            
      5667,  -11.9526900779 ,  34.980213945472,  0.0            
      5668,  -7.940017563828,  30.970580415286,  0.0            
      5669,  -10.94700061728,  33.978091087532,  0.0            
      5670,  -8.940537728333,  31.973372067812,  0.0            
      5671,  -9.942927908576,  32.975950149833,  0.0            
      5672,  2.9387376732695,  20.772231191881,  0.0            
      5673,  27.713471809664,  -3.974394449704,  0.0            
      5674,  1.9607421666079,  21.821741330733,  0.0            
      5675,  20.817245864467,  3.0046525220297,  0.0            
      5676,  28.716470175755,  -4.972032147386,  0.0            
      5677,  26.740366949544,  -2.978758363689,  0.0            
      5678,  29.738782880329,  -5.971683844652,  0.0            
      5679,  30.768672105848,  -6.972365574014,  0.0            
      5680,  25.79568508447 ,  -1.984883833688,  0.0            
      5681,  31.800149469951,  -7.973692958987,  0.0            
      5682,  32.830946715481,  -8.975396056703,  0.0            
      5683,  0.9808104006775,  22.878650390478,  0.0            
      5684,  33.860512951359,  -9.977545692166,  0.0            
      5685,  24.865269060827,  -0.991653189812,  0.0            
      5686,  34.888370006275,  -10.98011818596,  0.0            
      5687,  35.914407627575,  -11.98312064606,  0.0            
      5688,  21.916814769031,  1.9947586184911,  0.0            
      5689,  36.938577582348,  -12.98653415722,  0.0            
      5690,  22.94749019059 ,  0.9957866396575,  0.0            
      5691,  37.960905364223,  -13.99038261486,  0.0            
      5692,  -0.001474333875,  23.922901102781,  0.0            
      5693,  23.922901991207,  0.00147365013  ,  0.0            
      5694,  -0.986843616817,  24.94998362633 ,  0.0            
      5695,  38.981382720272,  -14.9947791651 ,  0.0            
      5696,  -1.975002691713,  25.959790127012,  0.0            
      5697,  -2.965737258269,  26.96459848342 ,  0.0            
      5698,  -14.98900181982,  38.995006680901,  0.0            
      5699,  -3.958524410616,  27.965684234777,  0.0            
      5700,  -13.97890017708,  37.99075351688 ,  0.0            
      5701,  -4.953143951794,  28.966738834506,  0.0            
      5702,  -5.949359771177,  29.968135265878,  0.0            
      5703,  -12.96991816535,  36.987186438914,  0.0            
      5704,  -6.947175508494,  30.97051434235 ,  0.0            
      5705,  -11.96222107477,  35.984267253018,  0.0            
      5706,  -7.94669191214 ,  31.973478013022,  0.0            
      5707,  -10.95587497211,  34.981825212008,  0.0            
      5708,  -8.947958167271,  32.976630053799,  0.0            
      5709,  -9.95109262125 ,  33.979415689022,  0.0            
      5710,  5.2555752620498,  19.796953484219,  0.0            
      5711,  4.8883421497019,  20.247312185874,  0.0            
      5712,  3.9017985366416,  20.71223595787 ,  0.0            
      5713,  2.9422027869588,  21.737629712203,  0.0            
      5714,  20.680615081121,  4.1172492205998,  0.0            
      5715,  28.733975654008,  -3.978147885786,  0.0            
      5716,  1.9680359799544,  22.801496532633,  0.0            
      5717,  29.739568308744,  -4.976030984105,  0.0            
      5718,  27.756001529153,  -2.981921030958,  0.0            
      5719,  30.762773246652,  -5.975448954145,  0.0            
      5720,  31.792974372307,  -6.975795342732,  0.0            
      5721,  26.804678696378,  -1.987613791188,  0.0            
      5722,  32.824243014195,  -7.976985456296,  0.0            
      5723,  0.9870761113158,  23.86764583768 ,  0.0            
      5724,  33.854713995802,  -8.978770680748,  0.0            
      5725,  25.866310055662,  -0.994496238547,  0.0            
      5726,  34.883621108977,  -9.98109876305 ,  0.0            
      5727,  21.857153767034,  2.993220365859 ,  0.0            
      5728,  35.910697483167,  -10.9838827844 ,  0.0            
      5729,  22.934001494006,  1.9838148406452,  0.0            
      5730,  36.93583684259 ,  -11.98710238294,  0.0            
      5731,  23.947147713928,  0.9899593344617,  0.0            
      5732,  37.9590882713  ,  -12.99075945033,  0.0            
      5733,  0.0022721975998,  24.921346715095,  0.0            
      5734,  24.92134773617 ,  -0.002272933494,  0.0            
      5735,  -0.985846370822,  25.950119709824,  0.0            
      5736,  38.980476553873,  -13.99496574805,  0.0            
      5737,  -1.976168791153,  26.962266563095,  0.0            
      5738,  -2.968402131169,  27.965239362491,  0.0            
      5739,  -3.962208965338,  28.966670410292,  0.0            
      5740,  -13.98955834942,  38.995441699687,  0.0            
      5741,  -4.957618447308,  29.967991444503,  0.0            
      5742,  -12.98005880724,  37.991558396804,  0.0            
      5743,  -5.954555642631,  30.970259703738,  0.0            
      5744,  -11.97174924613,  36.988315774554,  0.0            
      5745,  -6.953059430212,  31.97320202933 ,  0.0            
      5746,  -10.96474976257,  35.98556694895 ,  0.0            
      5747,  -7.953324041733,  32.976621895189,  0.0            
      5748,  -8.955375748704,  33.979964306622,  0.0            
      5749,  -9.959260934595,  34.982934488307,  0.0            
      5750,  6.0236011051093,  19.651778718843,  0.0            
      5751,  5.9469179710418,  20.185844518303,  0.0            
      5752,  4.8839898248504,  20.981923500765,  0.0            
      5753,  3.9197329207511,  21.690014139031,  0.0            
      5754,  20.598323782645,  5.2655737913898,  0.0            
      5755,  19.771255164091,  5.9183094029261,  0.0            
      5756,  2.9534339100299,  22.722117533413,  0.0            
      5757,  29.755257791732,  -3.981462126683,  0.0            
      5758,  1.9754500024446,  23.7910645861  ,  0.0            
      5759,  30.763280400525,  -4.979333044118,  0.0            
      5760,  28.772736717107,  -2.984826707357,  0.0            
      5761,  31.787531892352,  -5.978558761447,  0.0            
      5762,  27.815169421025,  -1.989844713317,  0.0            
      5763,  32.817787258259,  -6.978852233334,  0.0            
      5764,  0.9916523114343,  24.86526822152 ,  0.0            
      5765,  33.848818905459,  -7.980143082088,  0.0            
      5766,  26.870723265605,  -0.996267903755,  0.0            
      5767,  34.87870351114 ,  -8.982112337971,  0.0            
      5768,  21.813984268493,  3.9901928957157,  0.0            
      5769,  35.906861312239,  -9.984652921324,  0.0            
      5770,  22.901603744764,  2.9696260641687,  0.0            
      5771,  23.945757610752,  1.9770602379098,  0.0            
      5772,  36.933045473551,  -10.98766198935,  0.0            
      5773,  24.94998491498 ,  0.9868430025526,  0.0            
      5774,  6.9925945228428,  19.446016110802,  0.0            
      5775,  37.957258992888,  -11.99113197889,  0.0            
      5776,  0.0041951489701,  25.920630651527,  0.0            
      5777,  25.920631761615,  -0.004195896382,  0.0            
      5778,  -0.985953719344,  26.951228609766,  0.0            
      5779,  38.979567618231,  -12.99515237712,  0.0            
      5780,  -1.977785860769,  27.962298195594,  0.0            
      5781,  -2.971130804868,  28.965907019781,  0.0            
      5782,  -3.965837236651,  29.967557661219,  0.0            
      5783,  -4.96200797586 ,  30.969812669685,  0.0            
      5784,  -12.99012800936,  38.995846960404,  0.0            
      5785,  -5.959641541268,  31.972730761725,  0.0            
      5786,  -11.98126325258,  37.992315992896,  0.0            
      5787,  -10.97362463133,  36.989298666425,  0.0            
      5788,  -6.958889962575,  32.976248388056,  0.0            
      5789,  -7.959953979518,  33.979893054271,  0.0            
      5790,  -9.967434614198,  35.986461716043,  0.0            
      5791,  -8.962805258386,  34.98338360562 ,  0.0            
      5792,  19.587026667735,  6.8071742867574,  0.0            
      5793,  6.9518726074501,  20.050378959861,  0.0            
      5794,  5.9401728939901,  20.927302393944,  0.0            
      5795,  4.9119613600122,  21.816027083671,  0.0            
      5796,  3.9385072970995,  22.672233892272,  0.0            
      5797,  2.9631960271369,  23.714339582407,  0.0            
      5798,  7.9565164078304,  19.205964178636,  0.0            
      5799,  1.9810586704365,  24.790824923978,  0.0            
      5800,  30.777198802604,  -3.984212034747,  0.0            
      5801,  29.79027805782 ,  -2.987394320255,  0.0            
      5802,  31.787781805848,  -4.982074834216,  0.0            
      5803,  32.812847913186,  -5.98133492962 ,  0.0            
      5804,  28.826816661736,  -1.991847192004,  0.0            
      5805,  33.843124571736,  -6.98178007146 ,  0.0            
      5806,  0.9944953348412,  25.866309132429,  0.0            
      5807,  21.861471532251,  5.0437834368343,  0.0            
      5808,  19.337973845198,  7.7356422657919,  0.0            
      5809,  34.873683178583,  -7.98326523134 ,  0.0            
      5810,  27.876167134648,  -0.997550389598,  0.0            
      5811,  22.874717119976,  3.9451853524297,  0.0            
      5812,  35.90286483716 ,  -8.985454014088,  0.0            
      5813,  23.931886298186,  2.9614498511035,  0.0            
      5814,  36.930149381424,  -9.98822512102 ,  0.0            
      5815,  24.956462987489,  1.9748536588327,  0.0            
      5816,  25.950121080058,  0.9858457571513,  0.0            
      5817,  37.955392778902,  -10.99149401964,  0.0            
      5818,  0.0050378190014,  26.922200403021,  0.0            
      5819,  26.922201573356,  -0.005038545795,  0.0            
      5820,  -0.986584248863,  27.95134784965 ,  0.0            
      5821,  -1.979552440534,  28.962715877824,  0.0            
      5822,  38.978651888516,  -11.99533432204,  0.0            
      5823,  -2.973871355237,  29.966494124776,  0.0            
      5824,  -3.969401650379,  30.969083014341,  0.0            
      5825,  -4.966285376596,  31.972057545922,  0.0            
      5826,  -11.99071815898,  38.996227957238,  0.0            
      5827,  -5.964656514147,  32.975670876714,  0.0            
      5828,  -10.98249056921,  37.99297725615 ,  0.0            
      5829,  -6.964711533709,  33.979485538582,  0.0            
      5830,  -9.975611781308,  36.989978932734,  0.0            
      5831,  -7.966599085869,  34.983301842101,  0.0            
      5832,  -8.970244945385,  35.986821479955,  0.0            
      5833,  21.319737047441,  5.9863383913886,  0.0            
      5834,  20.402601328429,  6.5812376932378,  0.0            
      5835,  7.9467419867746,  19.954631730808,  0.0            
      5836,  6.9461482102839,  20.904857022978,  0.0            
      5837,  8.911793831142 ,  18.89974310776 ,  0.0            
      5838,  5.9169945537464,  21.766786040811,  0.0            
      5839,  4.9287585250017,  22.665612660203,  0.0            
      5840,  3.9512753912374,  23.660629342263,  0.0            
      5841,  19.02618054345 ,  8.7436420425558,  0.0            
      5842,  2.9702007980277,  24.717129635649,  0.0            
      5843,  1.9848827479695,  25.795684254975,  0.0            
      5844,  31.799948156086,  -3.98650180504 ,  0.0            
      5845,  30.808521331754,  -2.989526105351,  0.0            
      5846,  32.812888391483,  -4.984527224668,  0.0            
      5847,  29.839263368507,  -1.993596067132,  0.0            
      5848,  33.83872724198 ,  -5.983993870632,  0.0            
      5849,  22.160095453471,  5.8946752242052,  0.0            
      5850,  20.216802197512,  7.7526824811153,  0.0            
      5851,  0.9962670192959,  26.870722277148,  0.0            
      5852,  34.868820759642,  -6.984672927036,  0.0            
      5853,  22.91545227414 ,  4.9923631363672,  0.0            
      5854,  28.882703679692,  -0.998629002626,  0.0            
      5855,  23.923117067034,  3.9413715436152,  0.0            
      5856,  35.898767640373,  -7.986386419488,  0.0            
      5857,  24.952552725592,  2.9612895807343,  0.0            
      5858,  36.927120516302,  -8.988816421908,  0.0            
      5859,  25.959791800292,  1.975002191415 ,  0.0            
      5860,  26.951230024556,  0.9859531276899,  0.0            
      5861,  37.953451185028,  -9.991855829924,  0.0            
      5862,  0.0053678483905,  27.923984957251,  0.0            
      5863,  27.923986162928,  -0.005368537111,  0.0            
      5864,  -0.98739177843 ,  28.952169689758,  0.0            
      5865,  21.209326472569,  6.9036935049835,  0.0            
      5866,  -1.981386206213,  29.963236587424,  0.0            
      5867,  38.977716986598,  -10.99550715806,  0.0            
      5868,  -2.97657997067 ,  30.967770850688,  0.0            
      5869,  -3.972862905343,  31.971099131767,  0.0            
      5870,  -4.970478394122,  32.974865525189,  0.0            
      5871,  -10.99131278034,  38.996561263512,  0.0            
      5872,  -5.96964721426 ,  33.978874170951,  0.0            
      5873,  -9.983785533794,  37.993438509821,  0.0            
      5874,  -6.970545489682,  34.982924073494,  0.0            
      5875,  -8.977691560703,  36.990256862156,  0.0            
      5876,  -7.9732570295  ,  35.986747911547,  0.0            
      5877,  9.8846039602685,  18.56508463467 ,  0.0            
      5878,  18.649650380303,  9.7308068845146,  0.0            
      5879,  8.9245537807499,  19.777770772203,  0.0            
      5880,  17.276798154775,  11.287468076599,  0.0            
      5881,  7.9376133799255,  20.811964115712,  0.0            
      5882,  6.9246578418294,  21.751875150054,  0.0            
      5883,  5.9256392365321,  22.671228044172,  0.0            
      5884,  4.9414985270441,  23.639614270751,  0.0            
      5885,  3.9597851154213,  24.663615819424,  0.0            
      5886,  11.455108876488,  17.260396622078,  0.0            
      5887,  19.962730944891,  8.8090694595866,  0.0            
      5888,  2.9750630746219,  25.726504509271,  0.0            
      5889,  1.9876127213019,  26.804677805066,  0.0            
      5890,  18.36560874406 ,  10.708987785118,  0.0            
      5891,  32.82335182251 ,  -3.98855148618 ,  0.0            
      5892,  31.827585071778,  -2.991298630636,  0.0            
      5893,  22.122158278792,  6.9007278048143,  0.0            
      5894,  33.838595666128,  -4.986877549776,  0.0            
      5895,  21.104102542277,  7.8393897441556,  0.0            
      5896,  16.998399243904,  12.025158166404,  0.0            
      5897,  30.852446061338,  -1.995025238463,  0.0            
      5898,  23.010523854279,  5.8971364305367,  0.0            
      5899,  34.865036666686,  -5.98662154585 ,  0.0            
      5900,  0.9975495486973,  27.876166099884,  0.0            
      5901,  23.940622905687,  4.9206544329288,  0.0            
      5902,  29.889971260502,  -0.999521506234,  0.0            
      5903,  35.894789632692,  -6.987564013238,  0.0            
      5904,  10.973709175662,  18.249957793184,  0.0            
      5905,  24.949508853804,  3.9458752274738,  0.0            
      5906,  25.960255253653,  2.9632328014171,  0.0            
      5907,  36.924008263194,  -7.989528403079,  0.0            
      5908,  26.962268256773,  1.9761683109393,  0.0            
      5909,  27.951349278395,  0.9865836904912,  0.0            
      5910,  37.951415103528,  -8.992241182031,  0.0            
      5911,  0.0055065782615,  28.926705735649,  0.0            
      5912,  28.926706955038,  -0.005507221699,  0.0            
      5913,  -0.988303921088,  29.953344766587,  0.0            
      5914,  -1.983230538126,  30.964486051384,  0.0            
      5915,  38.976744044804,  -9.995677383878,  0.0            
      5916,  -2.979211420064,  31.969601609654,  0.0            
      5917,  -3.976233332873,  32.973748895159,  0.0            
      5918,  12.383477883904,  16.925845633483,  0.0            
      5919,  -4.97463044818 ,  33.978018620999,  0.0            
      5920,  -9.991933722255,  38.996796334099,  0.0            
      5921,  -5.974640655571,  34.982347802751,  0.0            
      5922,  -8.985140468157,  37.993631916215,  0.0            
      5923,  -6.976392026837,  35.986426938166,  0.0            
      5924,  -7.979924814497,  36.99020586647 ,  0.0            
      5925,  16.475379382061,  12.802426171575,  0.0            
      5926,  15.875267302464,  13.679350069837,  0.0            
      5927,  19.674813705996,  9.8764954880499,  0.0            
      5928,  9.9000465680588,  19.616252196132,  0.0            
      5929,  8.9264713977194,  20.709497408901,  0.0            
      5930,  7.9254122681571,  21.715637333724,  0.0            
      5931,  6.9244910164894,  22.669986410673,  0.0            
      5932,  5.9347560872195,  23.63878301347 ,  0.0            
      5933,  4.9504590487404,  24.638979392032,  0.0            
      5934,  15.457682200944,  14.482658586015,  0.0            
      5935,  3.9656955339276,  25.676378398758,  0.0            
      5936,  14.587740407119,  15.430961823081,  0.0            
      5937,  2.9787570859011,  26.740366073043,  0.0            
      5938,  20.940149179106,  8.846223410543 ,  0.0            
      5939,  1.9898436924479,  27.815168482001,  0.0            
      5940,  22.038382784079,  7.8862610487522,  0.0            
      5941,  33.847393478513,  -3.990517409417,  0.0            
      5942,  32.847350152363,  -2.992884232886,  0.0            
      5943,  23.038508575403,  6.8964385201653,  0.0            
      5944,  34.864803856736,  -4.989202407881,  0.0            
      5945,  31.866446326432,  -1.996191128911,  0.0            
      5946,  23.980118952449,  5.9077398263915,  0.0            
      5947,  0.9986282155014,  28.882702617381,  0.0            
      5948,  24.955692298087,  4.9306343247903,  0.0            
      5949,  35.891673677256,  -5.989246689069,  0.0            
      5950,  30.897996630592,  -1.000197799196,  0.0            
      5951,  25.959552111476,  3.950601964398 ,  0.0            
      5952,  36.920984702766,  -6.990472238132,  0.0            
      5953,  26.964600471791,  2.9657368746267,  0.0            
      5954,  27.962299874039,  1.9777854081997,  0.0            
      5955,  28.952171109029,  0.9873912576849,  0.0            
      5956,  37.94932198833 ,  -7.99272947479 ,  0.0            
      5957,  0.0055038186818,  29.930006699504,  0.0            
      5958,  29.930007911123,  -0.005504412771,  0.0            
      5959,  -0.989279371649,  30.955274896369,  0.0            
      5960,  38.975724552721,  -8.9958625834  ,  0.0            
      5961,  -1.985039666176,  31.966355801403,  0.0            
      5962,  -2.981760550006,  32.97211629433 ,  0.0            
      5963,  17.962974332648,  11.932666658835,  0.0            
      5964,  -3.979548963755,  33.97683495764 ,  0.0            
      5965,  -4.978772448275,  34.981515230684,  0.0            
      5966,  -8.992582982848,  38.996898942299,  0.0            
      5967,  -5.979643130687,  35.985927623857,  0.0            
      5968,  -7.986600895134,  37.993603962691,  0.0            
      5969,  -6.982250755266,  36.989961650952,  0.0            
      5970,  13.299979490361,  16.533869614748,  0.0            
      5971,  12.268727109333,  17.947035840117,  0.0            
      5972,  13.760881906489,  15.578818306638,  0.0            
      5973,  17.540763175556,  12.893065583024,  0.0            
      5974,  19.462393965255,  10.968317047332,  0.0            
      5975,  10.948581131038,  19.57605901328 ,  0.0            
      5976,  9.9008680107627,  20.618412640145,  0.0            
      5977,  8.9195697044329,  21.671474524908,  0.0            
      5978,  11.826575043846,  18.932901743836,  0.0            
      5979,  7.9221991170263,  22.661880838707,  0.0            
      5980,  6.9297916894309,  23.643559755013,  0.0            
      5981,  16.938916585746,  13.776426041037,  0.0            
      5982,  5.9429808655213,  24.636006789366,  0.0            
      5983,  4.9571100146496,  25.653173215032,  0.0            
      5984,  20.833364342578,  9.8236449383761,  0.0            
      5985,  3.9703360835961,  26.693903609915,  0.0            
      5986,  2.9819198094871,  27.756000609315,  0.0            
      5987,  21.93708753104 ,  8.8687158422976,  0.0            
      5988,  1.9918462340143,  28.826815691167,  0.0            
      5989,  16.627679383684,  14.624821069685,  0.0            
      5990,  22.999914383841,  7.8944541092746,  0.0            
      5991,  23.993957253408,  6.9023581511817,  0.0            
      5992,  34.87200504807 ,  -3.992464829045,  0.0            
      5993,  33.867790684351,  -2.994406760684,  0.0            
      5994,  24.968278387359,  5.9185363568378,  0.0            
      5995,  32.881185624247,  -1.997224981587,  0.0            
      5996,  0.9995207790169,  29.889970192604,  0.0            
      5997,  15.503853506387,  15.521924596907,  0.0            
      5998,  35.891397003911,  -4.991524007004,  0.0            
      5999,  25.961451439864,  4.9380753590777,  0.0            
      6000,  31.906816478026,  -1.000701841699,  0.0            
      6001,  26.964526036087,  3.9547509986983,  0.0            
      6002,  36.918610061821,  -5.991880999202,  0.0            
      6003,  27.965241302431,  2.9684017695652,  0.0            
      6004,  28.962717517329,  1.9795520181766,  0.0            
      6005,  37.947293344822,  -6.993424296143,  0.0            
      6006,  29.953346155932,  0.9883034402445,  0.0            
      6007,  0.0053682954668,  30.93407271792 ,  0.0            
      6008,  30.934073899224,  -0.005368836721,  0.0            
      6009,  -0.990276098621,  31.957893511772,  0.0            
      6010,  38.974680977738,  -7.996115625358,  0.0            
      6011,  -1.986789176306,  32.968947317509,  0.0            
      6012,  -2.984251557086,  33.975162586695,  0.0            
      6013,  -3.982842011637,  34.980341591491,  0.0            
      6014,  -4.982917777036,  35.985186805879,  0.0            
      6015,  -7.993289184208,  38.996890318573,  0.0            
      6016,  -5.984659524105,  36.98956777755 ,  0.0            
      6017,  -6.988124897407,  37.993442605436,  0.0            
      6018,  14.45669469176 ,  16.481960956407,  0.0            
      6019,  18.987777027606,  12.116246167674,  0.0            
      6020,  13.344833948793,  17.669163464985,  0.0            
      6021,  12.724274940771,  18.795443703171,  0.0            
      6022,  18.573275104816,  13.0608903814  ,  0.0            
      6023,  11.81942202738 ,  19.819015939206,  0.0            
      6024,  10.948837951196,  20.58486225391 ,  0.0            
      6025,  9.906953054257 ,  21.636034187634,  0.0            
      6026,  8.9179522973267,  22.651059369437,  0.0            
      6027,  7.9256576106112,  23.647952400058,  0.0            
      6028,  6.9369491567937,  24.642718279416,  0.0            
      6029,  20.782931977437,  10.835917672908,  0.0            
      6030,  5.9500266224109,  25.650759456639,  0.0            
      6031,  4.9625873361911,  26.672479176088,  0.0            
      6032,  3.9743930098126,  27.713470869556,  0.0            
      6033,  20.08852621993 ,  11.770149358812,  0.0            
      6034,  2.9848255589498,  28.772735769327,  0.0            
      6035,  17.920560047873,  13.863330042421,  0.0            
      6036,  21.846109664506,  9.847141430114 ,  0.0            
      6037,  22.943865774096,  8.8802397808703,  0.0            
      6038,  1.993595180665 ,  29.839262388512,  0.0            
      6039,  23.977029972558,  7.8968262334355,  0.0            
      6040,  24.972595520321,  6.9095362584088,  0.0            
      6041,  34.888864469954,  -2.995918097939,  0.0            
      6042,  25.964861025164,  5.9266177918418,  0.0            
      6043,  35.8970612722  ,  -3.994408310456,  0.0            
      6044,  1.0001971372488,  30.897995578682,  0.0            
      6045,  33.896634478179,  -1.998218333396,  0.0            
      6046,  26.964432971284,  4.9437429460248,  0.0            
      6047,  36.918362086881,  -4.993843787485,  0.0            
      6048,  27.96568644376 ,  3.9585241250749,  0.0            
      6049,  32.916398001107,  -1.001129864451,  0.0            
      6050,  28.965908888336,  2.9711304666141,  0.0            
      6051,  29.9632381689  ,  1.9813858153161,  0.0            
      6052,  37.945706106525,  -5.994527019194,  0.0            
      6053,  30.955276232834,  0.9892789328084,  0.0            
      6054,  0.0051405608647,  31.93888867771 ,  0.0            
      6055,  31.938889806368,  -0.005141046499,  0.0            
      6056,  -0.991249434868,  32.961262341321,  0.0            
      6057,  38.973678788212,  -6.996512811623,  0.0            
      6058,  -1.988488028166,  33.97215998676 ,  0.0            
      6059,  -2.986712822199,  34.978707884029,  0.0            
      6060,  -3.986132163987,  35.984124148659,  0.0            
      6061,  -4.9870777806  ,  36.988963866996,  0.0            
      6062,  -6.994030407205,  38.996812195363,  0.0            
      6063,  -5.989700199263,  37.99317338637 ,  0.0            
      6064,  16.575061768037,  15.622237517814,  0.0            
      6065,  17.704778767188,  14.706270068667,  0.0            
      6066,  15.533069680682,  16.577735941025,  0.0            
      6067,  14.521295316075,  17.612827655998,  0.0            
      6068,  19.830568840384,  12.6187698113  ,  0.0            
      6069,  13.67401983778 ,  18.669172451984,  0.0            
      6070,  12.817473128352,  19.752115570812,  0.0            
      6071,  11.857900260628,  20.681894059703,  0.0            
      6072,  10.893029643918,  21.634830771461,  0.0            
      6073,  20.959913800097,  11.755250680824,  0.0            
      6074,  9.9117326928838,  22.644482002953,  0.0            
      6075,  8.9216304489633,  23.651651892798,  0.0            
      6076,  7.9322219679312,  24.652008900019,  0.0            
      6077,  6.9441668356494,  25.658191167427,  0.0            
      6078,  5.9561977546898,  26.670483848802,  0.0            
      6079,  4.9674864726218,  27.694110212558,  0.0            
      6080,  3.9781465295841,  28.733974692654,  0.0            
      6081,  2.9873932559561,  29.790277104613,  0.0            
      6082,  21.825477903591,  10.811802338153,  0.0            
      6083,  22.896435020861,  9.8614526670071,  0.0            
      6084,  18.793406666281,  14.085868700362,  0.0            
      6085,  23.948549247227,  8.885712047611 ,  0.0            
      6086,  1.9950244313906,  30.852445092409,  0.0            
      6087,  24.965373549601,  7.9008466704408,  0.0            
      6088,  25.965465554256,  6.9163313598456,  0.0            
      6089,  26.964380053819,  5.9330225745258,  0.0            
      6090,  1.0007012488309,  31.906815465285,  0.0            
      6091,  35.910444693217,  -2.997424934238,  0.0            
      6092,  27.965569603056,  4.9485579727319,  0.0            
      6093,  34.912766100521,  -1.999208341691,  0.0            
      6094,  36.922556999528,  -3.996338163739,  0.0            
      6095,  28.966672514128,  3.962208696636 ,  0.0            
      6096,  33.926711813218,  -1.001542013433,  0.0            
      6097,  29.966495904183,  2.9738710410287,  0.0            
      6098,  37.945538275149,  -4.996127965897,  0.0            
      6099,  30.964487552212,  1.9832301801755,  0.0            
      6100,  31.957894774415,  0.9902757039904,  0.0            
      6101,  0.0048893690203,  32.944469945715,  0.0            
      6102,  32.944470998708,  -0.004889797023,  0.0            
      6103,  -0.992189790867,  33.965322703393,  0.0            
      6104,  38.972909271534,  -5.997198286491,  0.0            
      6105,  -1.990156215497,  34.975949073107,  0.0            
      6106,  -2.989166779851,  35.982649880904,  0.0            
      6107,  -3.989437055184,  36.988079865463,  0.0            
      6108,  -4.991272573958,  37.992750905286,  0.0            
      6109,  -5.994794564254,  38.996675022538,  0.0            
      6110,  17.655996443814,  15.695188894273,  0.0            
      6111,  16.603515540726,  16.617178915184,  0.0            
      6112,  18.78199042561 ,  14.879299121178,  0.0            
      6113,  15.598834932678,  17.612813325189,  0.0            
      6114,  19.644917298721,  13.570408585955,  0.0            
      6115,  14.674072078443,  18.642713581355,  0.0            
      6116,  13.800453767176,  19.694221773466,  0.0            
      6117,  20.87665995053 ,  12.744084477542,  0.0            
      6118,  12.863119693628,  20.707098371247,  0.0            
      6119,  11.886872367231,  21.667724080928,  0.0            
      6120,  10.905452378906,  22.650794587717,  0.0            
      6121,  9.9177259883818,  23.6569649841  ,  0.0            
      6122,  8.9282198194238,  24.661710752424,  0.0            
      6123,  7.9395900465339,  25.66853457694 ,  0.0            
      6124,  6.9508909361638,  26.677842824648,  0.0            
      6125,  5.9618502814666,  27.692650556812,  0.0            
      6126,  4.9720305741862,  28.716469215445,  0.0            
      6127,  3.9814608677761,  29.755256832534,  0.0            
      6128,  21.8887343943  ,  11.793446575117,  0.0            
      6129,  2.9895251358095,  30.808520392846,  0.0            
      6130,  22.882602982929,  10.837322356046,  0.0            
      6131,  23.923338355819,  9.8711792800914,  0.0            
      6132,  24.952812701721,  8.8902541378465,  0.0            
      6133,  1.9961904067392,  31.866445392119,  0.0            
      6134,  25.961898136697,  7.9063792865684,  0.0            
      6135,  26.963542335132,  6.9227381909248,  0.0            
      6136,  27.965179344043,  5.9386572825618,  0.0            
      6137,  1.0011293427727,  32.91639705005 ,  0.0            
      6138,  28.966741181194,  4.9531437453344,  0.0            
      6139,  29.967559643364,  3.9658369855269,  0.0            
      6140,  35.92946567289 ,  -2.000194222263,  0.0            
      6141,  36.932522606358,  -2.998907820056,  0.0            
      6142,  30.967772519294,  2.9765796818168,  0.0            
      6143,  34.937732992239,  -1.001959943391,  0.0            
      6144,  37.948317694868,  -3.998178218184,  0.0            
      6145,  31.966357202386,  1.9850393433462,  0.0            
      6146,  32.961263507195,  0.9912490865018,  0.0            
      6147,  0.0046476485698,  33.950780936103,  0.0            
      6148,  33.950781891108,  -0.004648017743,  0.0            
      6149,  38.972851869139,  -4.998256518706,  0.0            
      6150,  -0.99310494092 ,  34.970030081034,  0.0            
      6151,  -1.991815889307,  35.980251551965,  0.0            
      6152,  -2.991635340042,  36.986852454076,  0.0            
      6153,  -3.992789538896,  37.99212231408 ,  0.0            
      6154,  -4.995549578821,  38.996454614038,  0.0            
      6155,  18.740326039612,  15.729827129051,  0.0            
      6156,  17.673965383358,  16.657351235476,  0.0            
      6157,  16.667759596064,  17.624974545049,  0.0            
      6158,  15.711688730806,  18.636205902011,  0.0            
      6159,  19.779509021971,  14.684648441749,  0.0            
      6160,  14.800231901814,  19.667126515417,  0.0            
      6161,  13.866213358967,  20.690891621754,  0.0            
      6162,  20.801042773713,  13.704657973956,  0.0            
      6163,  12.889156194673,  21.687976931609,  0.0            
      6164,  11.902324041035,  22.668624880547,  0.0            
      6165,  10.914245437493,  23.666567821428,  0.0            
      6166,  9.9250224450946,  24.671841834705,  0.0            
      6167,  8.9357714425353,  25.679372773466,  0.0            
      6168,  7.9467438595934,  26.688088271322,  0.0            
      6169,  6.9572076939347,  27.699756563384,  0.0            
      6170,  5.9670911207172,  28.715364927829,  0.0            
      6171,  4.9760295219019,  29.73956735654 ,  0.0            
      6172,  3.984210886865 ,  30.777197864947,  0.0            
      6173,  21.886099010986,  12.781696110273,  0.0            
      6174,  22.900896196991,  11.821842182698,  0.0            
      6175,  23.912595430662,  10.854355187461,  0.0            
      6176,  2.9912977634364,  31.827584170799,  0.0            
      6177,  24.940964732675,  9.8782678398894,  0.0            
      6178,  25.955896490769,  8.896056667312 ,  0.0            
      6179,  1.9972243469134,  32.881184746076,  0.0            
      6180,  26.96161954965 ,  7.9127555123349,  0.0            
      6181,  27.964428769258,  6.9289672003641,  0.0            
      6182,  28.966490047898,  5.9440674934449,  0.0            
      6183,  29.967993635952,  4.9576182530453,  0.0            
      6184,  1.0015415638978,  33.926710946032,  0.0            
      6185,  30.969084854652,  3.9694014184261,  0.0            
      6186,  31.969603150109,  2.9792111588352,  0.0            
      6187,  36.946706063457,  -2.00115023727 ,  0.0            
      6188,  35.949373059389,  -1.002375772021,  0.0            
      6189,  37.954918408545,  -3.000253101473,  0.0            
      6190,  32.968948596269,  1.986788890838 ,  0.0            
      6191,  33.965323751142,  0.9921894902222,  0.0            
      6192,  0.0044219680358,  34.957787530809,  0.0            
      6193,  34.957788366101,  -0.00442227765 ,  0.0            
      6194,  38.97424846434 ,  -3.999639913379,  0.0            
      6195,  -0.994013917234,  35.97533762632 ,  0.0            
      6196,  -1.993491950018,  36.984914445884,  0.0            
      6197,  -2.994167438038,  37.991242376459,  0.0            
      6198,  -3.996264727854,  38.996121125994,  0.0            
      6199,  18.746421271788,  16.684202162734,  0.0            
      6200,  17.724861402568,  17.646142797646,  0.0            
      6201,  16.753121506408,  18.642714251729,  0.0            
      6202,  19.797475043636,  15.696853467276,  0.0            
      6203,  15.811800778224,  19.660679033674,  0.0            
      6204,  14.866396970603,  20.679328301222,  0.0            
      6205,  13.89189881998 ,  21.690746012389,  0.0            
      6206,  12.902514211664,  22.683917914576,  0.0            
      6207,  20.81707999242 ,  14.695140316176,  0.0            
      6208,  11.912240499989,  23.679873535634,  0.0            
      6209,  10.922395523004,  24.682875990211,  0.0            
      6210,  9.9328210204076,  25.690269100051,  0.0            
      6211,  8.9432627927672,  26.69885220152 ,  0.0            
      6212,  7.9535868293034,  27.709467457419,  0.0            
      6213,  6.9630720131324,  28.722098561436,  0.0            
      6214,  5.9716821749531,  29.738781966081,  0.0            
      6215,  21.8535231746  ,  13.765674716297,  0.0            
      6216,  4.979331709769 ,  30.763279475743,  0.0            
      6217,  3.9865007782027,  31.799947263536,  0.0            
      6218,  22.903715156535,  12.810704575752,  0.0            
      6219,  23.915568070993,  11.84104853074 ,  0.0            
      6220,  24.934110142593,  10.865576665576,  0.0            
      6221,  2.9928834713903,  32.847349309532,  0.0            
      6222,  25.949579288459,  9.8854911208533,  0.0            
      6223,  26.958882560182,  8.9029062131112,  0.0            
      6224,  27.963266746874,  7.9195438529425,  0.0            
      6225,  1.9982177871016,  33.896633677456,  0.0            
      6226,  28.966032672088,  6.9351188450036,  0.0            
      6227,  29.968137673997,  5.9493596277497,  0.0            
      6228,  30.969814687911,  4.9620077956959,  0.0            
      6229,  1.0019595665095,  34.937732230929,  0.0            
      6230,  31.971100814767,  3.9728626950443,  0.0            
      6231,  32.972117685229,  2.9817603186826,  0.0            
      6232,  33.972161123953,  1.988487781732 ,  0.0            
      6233,  36.961570945934,  -1.002760891772,  0.0            
      6234,  37.96431426459 ,  -2.001941751754,  0.0            
      6235,  34.970030990379,  0.993104688911 ,  0.0            
      6236,  0.0041982283673,  35.965430371779,  0.0            
      6237,  35.965431066995,  -0.004198478244,  0.0            
      6238,  38.977519920362,  -3.001017401415,  0.0            
      6239,  -0.994943616437,  36.981104285278,  0.0            
      6240,  -1.995254331359,  37.989869232619,  0.0            
      6241,  -2.996884733538,  38.99564951538 ,  0.0            
      6242,  18.778342708693,  17.669301769985,  0.0            
      6243,  19.79870368647 ,  16.693059018074,  0.0            
      6244,  17.78865019124 ,  18.657299498991,  0.0            
      6245,  16.828022935371,  19.664693465602,  0.0            
      6246,  15.868870577103,  20.678963555926,  0.0            
      6247,  14.892933571456,  21.691798513688,  0.0            
      6248,  20.834905188979,  15.707178369362,  0.0            
      6249,  13.903490715705,  22.693255908737,  0.0            
      6250,  12.911536726548,  23.692917879016,  0.0            
      6251,  11.920679646906,  24.694682393815,  0.0            
      6252,  10.93040036305 ,  25.70125674552 ,  0.0            
      6253,  9.9405320211194,  26.709565213305,  0.0            
      6254,  8.9505153499444,  27.71962112657 ,  0.0            
      6255,  7.9599510609324,  28.731209796466,  0.0            
      6256,  21.854929003312,  14.752330626367,  0.0            
      6257,  6.9681909489848,  29.745115286735,  0.0            
      6258,  5.9754474295139,  30.762772362225,  0.0            
      6259,  22.892742395325,  13.800033470755,  0.0            
      6260,  4.9820736402586,  31.787780931912,  0.0            
      6261,  23.916766658356,  12.830325451266,  0.0            
      6262,  3.9885505848161,  32.823350993818,  0.0            
      6263,  24.932242523918,  11.854248661273,  0.0            
      6264,  25.944562762541,  10.874916866751,  0.0            
      6265,  2.9944061058311,  33.867789919755,  0.0            
      6266,  26.955636727129,  9.893307493891 ,  0.0            
      6267,  27.961628682125,  8.910355602563 ,  0.0            
      6268,  28.965396420572,  7.9264132777472,  0.0            
      6269,  1.999207884131 ,  34.912765398376,  0.0            
      6270,  29.968091057058,  6.9411944665433,  0.0            
      6271,  30.970261907087,  5.9545555088065,  0.0            
      6272,  31.972059377515,  4.9662852130172,  0.0            
      6273,  32.9737504009  ,  3.976233146431 ,  0.0            
      6274,  1.0023754678432,  35.94937242364 ,  0.0            
      6275,  33.975163811367,  2.9842513573172,  0.0            
      6276,  34.975950050593,  1.9901560090981,  0.0            
      6277,  35.975338377974,  0.9940137141608,  0.0            
      6278,  37.974176117537,  -1.002979719124,  0.0            
      6279,  0.0039480108482,  36.973605032367,  0.0            
      6280,  36.97360556987 ,  -0.003948201046,  0.0            
      6281,  38.982161805865,  -2.002039871738,  0.0            
      6282,  -0.995988859765,  37.987246434944,  0.0            
      6283,  -1.997302121875,  38.994919642218,  0.0            
      6284,  18.820812277558,  18.677474272479,  0.0            
      6285,  19.817564620465,  17.691401297068,  0.0            
      6286,  17.84377452159 ,  19.675956136758,  0.0            
      6287,  16.873277406149,  20.685423466602,  0.0            
      6288,  15.89345831691 ,  21.696672477196,  0.0            
      6289,  20.838918935628,  16.714565960596,  0.0            
      6290,  14.903907904764,  22.70120583451 ,  0.0            
      6291,  13.911454275094,  23.704176296054,  0.0            
      6292,  12.919565757642,  24.70646746407 ,  0.0            
      6293,  11.928673942008,  25.712348276844,  0.0            
      6294,  10.938224776043,  26.720144935277,  0.0            
      6295,  9.9480198209717,  27.729713711   ,  0.0            
      6296,  21.86230915908 ,  15.747341768154,  0.0            
      6297,  8.9572809651307,  28.740722995017,  0.0            
      6298,  7.9654947017103,  29.75360842502 ,  0.0            
      6299,  22.888672667919,  14.789304990868,  0.0            
      6300,  6.9723638579384,  30.768671279707,  0.0            
      6301,  23.912724319267,  13.820904755121,  0.0            
      6302,  5.9785573968932,  31.787531060949,  0.0            
      6303,  24.930633269556,  12.84430231951 ,  0.0            
      6304,  4.9845261767065,  32.812887585674,  0.0            
      6305,  3.9905166346701,  33.847392732451,  0.0            
      6306,  25.941204722049,  11.865021463177,  0.0            
      6307,  26.952153920995,  10.883963960878,  0.0            
      6308,  27.959361828777,  9.901546738583 ,  0.0            
      6309,  2.9959175499803,  34.888863803014,  0.0            
      6310,  28.964416749617,  8.9179496731281,  0.0            
      6311,  29.967862784385,  7.9332589501172,  0.0            
      6312,  30.970516737711,  6.9471754180303,  0.0            
      6313,  2.0001938534248,  35.929465087198,  0.0            
      6314,  31.972732749313,  5.9596414194332,  0.0            
      6315,  32.974867152348,  4.9704782489819,  0.0            
      6316,  33.976836272361,  3.9795488025746,  0.0            
      6317,  1.002760660191 ,  36.961570453902,  0.0            
      6318,  34.978708926707,  2.9867126548861,  0.0            
      6319,  35.980252353179,  1.9918157232964,  0.0            
      6320,  36.981104863779,  0.9949434622848,  0.0            
      6321,  0.003551988735 ,  37.982195449592,  0.0            
      6322,  37.982195814745,  -0.00355211898 ,  0.0            
      6323,  38.987038252805,  -1.0025135024  ,  0.0            
      6324,  -0.997458608611,  38.993566408973,  0.0            
      6325,  19.845054802005,  18.700566658573,  0.0            
      6326,  18.858592749294,  19.692892289493,  0.0            
      6327,  17.87833054836 ,  20.696684081702,  0.0            
      6328,  16.894340942986,  21.704971590367,  0.0            
      6329,  20.849827344853,  17.718321761225,  0.0            
      6330,  15.904055588797,  22.710300373514,  0.0            
      6331,  14.911349300506,  23.714683527277,  0.0            
      6332,  13.918929931069,  24.717872546949,  0.0            
      6333,  12.927327652735,  25.723439628205,  0.0            
      6334,  11.936445898566,  26.730647918329,  0.0            
      6335,  21.866218039684,  16.747269357782,  0.0            
      6336,  10.945823677348,  27.73968549327 ,  0.0            
      6337,  9.9550255663347,  28.750182369   ,  0.0            
      6338,  22.888704091924,  15.781339411971,  0.0            
      6339,  8.9631726036699,  29.762467549486,  0.0            
      6340,  23.908924871492,  14.811538012916,  0.0            
      6341,  7.9699980251102,  30.776517892797,  0.0            
      6342,  6.9757938066311,  31.792973598917,  0.0            
      6343,  24.927195164815,  13.835324320936,  0.0            
      6344,  5.9813337319453,  32.812847150715,  0.0            
      6345,  25.93831622787 ,  12.855870126391,  0.0            
      6346,  4.9868766492178,  33.838594945925,  0.0            
      6347,  26.948641238479,  11.875126405316,  0.0            
      6348,  3.9924641811085,  34.872004401884,  0.0            
      6349,  27.956416631781,  10.893050308738,  0.0            
      6350,  28.962762450153,  9.9098916197057,  0.0            
      6351,  29.967264608399,  8.9255518966923,  0.0            
      6352,  2.9974244931568,  35.910444139589,  0.0            
      6353,  30.970583014342,  7.9400175112175,  0.0            
      6354,  31.973204180062,  6.9530593470685,  0.0            
      6355,  32.975672633663,  5.9646564057667,  0.0            
      6356,  2.0011499570646,  36.946705611388,  0.0            
      6357,  33.978020032773,  4.9746303224014,  0.0            
      6358,  34.980342701841,  3.9828418763523,  0.0            
      6359,  35.982650728701,  2.9891666452804,  0.0            
      6360,  1.0029795605695,  37.974175782959,  0.0            
      6361,  36.984915058481,  1.9934918243638,  0.0            
      6362,  37.987246826591,  0.9959887546016,  0.0            
      6363,  0.0025802462939,  38.991024130379,  0.0            
      6364,  38.991024314318,  -0.002580314706,  0.0            
      6365,  19.870600119764,  19.713296738214,  0.0            
      6366,  18.883657839997,  20.711590819208,  0.0            
      6367,  20.865874612652,  18.725801712125,  0.0            
      6368,  17.895709934465,  21.716012784984,  0.0            
      6369,  16.904295090622,  22.720773783558,  0.0            
      6370,  15.911288440303,  23.725375271714,  0.0            
      6371,  14.918428895209,  24.729084875554,  0.0            
      6372,  13.926368977858,  25.734461149397,  0.0            
      6373,  21.872246562522,  17.747586191856,  0.0            
      6374,  12.934932326008,  26.741138352133,  0.0            
      6375,  11.943997206451,  27.749595678315,  0.0            
      6376,  22.889089482286,  16.775953504376,  0.0            
      6377,  10.952957854216,  28.7595368385  ,  0.0            
      6378,  23.906402481576,  15.803297494408,  0.0            
      6379,  9.961140628008 ,  29.771275714058,  0.0            
      6380,  8.9679566737151,  30.784696711561,  0.0            
      6381,  24.923154650232,  14.826674497345,  0.0            
      6382,  7.9736912515726,  31.800148759656,  0.0            
      6383,  25.934933787499,  13.847380763568,  0.0            
      6384,  6.9788508851598,  32.817786552263,  0.0            
      6385,  26.945041356709,  12.866735672744,  0.0            
      6386,  5.9839928415514,  33.838726564699,  0.0            
      6387,  27.953003033426,  11.885014735943,  0.0            
      6388,  4.9892016548632,  34.864803237061,  0.0            
      6389,  28.960241364994,  10.902150260363,  0.0            
      6390,  3.9944077893472,  35.897060739324,  0.0            
      6391,  29.965938640672,  9.9182436415018,  0.0            
      6392,  30.970267311443,  8.9330805494041,  0.0            
      6393,  31.973480338647,  7.9466918617084,  0.0            
      6394,  2.9989074858571,  36.932522181333,  0.0            
      6395,  32.976250282691,  6.9588898878625,  0.0            
      6396,  33.978875688847,  5.9696471197852,  0.0            
      6397,  2.001941560722 ,  37.9643139578  ,  0.0            
      6398,  34.981516416104,  4.9787723420891,  0.0            
      6399,  35.984125045557,  3.9861320547234,  0.0            
      6400,  36.98685309785 ,  2.991635238102 ,  0.0            
      6401,  37.989869645449,  1.9952542459423,  0.0            
      6402,  1.0025134193219,  38.987038084496,  0.0            
      6403,  38.993566606184,  0.9974585536121,  0.0            
      6404,  20.881649565102,  19.735033727356,  0.0            
      6405,  19.888698062511,  20.728661859308,  0.0            
      6406,  18.897565571252,  21.729210050269,  0.0            
      6407,  17.904894260566,  22.732424659925,  0.0            
      6408,  16.911342308247,  23.736523876214,  0.0            
      6409,  21.881138200041,  18.750509538711,  0.0            
      6410,  15.918112408594,  24.740328066436,  0.0            
      6411,  14.925557413936,  25.745431576776,  0.0            
      6412,  22.890762297976,  17.772639940296,  0.0            
      6413,  13.933718392892,  26.75164617864 ,  0.0            
      6414,  12.942350529697,  27.759503523658,  0.0            
      6415,  23.90444502883 ,  16.796392953956,  0.0            
      6416,  11.951113229235,  28.768838790984,  0.0            
      6417,  10.959213853701,  29.779981277687,  0.0            
      6418,  24.919342485137,  15.818796846455,  0.0            
      6419,  9.9661295414482,  30.792824308069,  0.0            
      6420,  25.931087607299,  14.839294520049,  0.0            
      6421,  8.971884214144 ,  31.807615129666,  0.0            
      6422,  26.941222089061,  13.858821485303,  0.0            
      6423,  7.9769839579357,  32.824242368776,  0.0            
      6424,  6.9817789132567,  33.843123948241,  0.0            
      6425,  27.949363229967,  12.877322561116,  0.0            
      6426,  5.9866206854648,  34.865036087226,  0.0            
      6427,  28.957041902406,  11.894850505496,  0.0            
      6428,  29.963681321569,  10.911234897579,  0.0            
      6429,  4.9915234015788,  35.891396496142,  0.0            
      6430,  30.969206371432,  9.9265316947725,  0.0            
      6431,  3.9963377696119,  36.922556592994,  0.0            
      6432,  31.973374599144,  8.9405377053975,  0.0            
      6433,  32.97662393912 ,  7.9533239945684,  0.0            
      6434,  33.97948717094 ,  6.9647114675834,  0.0            
      6435,  3.0002528747868,  37.954918121351,  0.0            
      6436,  34.982349072887,  5.9746405748675,  0.0            
      6437,  35.985187759033,  4.9829176903629,  0.0            
      6438,  36.988080542564,  3.989436971741 ,  0.0            
      6439,  2.0020397725793,  38.982161652032,  0.0            
      6440,  37.991242808394,  2.9941673685117,  0.0            
      6441,  38.994919849768,  1.9973020773824,  0.0            
      6442,  21.890565085956,  19.755852354434,  0.0            
      6443,  20.893964162057,  20.74636693805 ,  0.0            
      6444,  19.899894843695,  21.743700869629,  0.0            
      6445,  18.90590007695 ,  22.744960712942,  0.0            
      6446,  17.911733867684,  23.748126120389,  0.0            
      6447,  22.89412285279 ,  18.771794704628,  0.0            
      6448,  16.917938045178,  24.751683010876,  0.0            
      6449,  15.924954049057,  25.756404640815,  0.0            
      6450,  14.932627849086,  26.762167633817,  0.0            
      6451,  23.903300610718,  17.791650856909,  0.0            
      6452,  13.940916144761,  27.769433516743,  0.0            
      6453,  12.949371886122,  28.778139741142,  0.0            
      6454,  24.915847820618,  16.811863848647,  0.0            
      6455,  11.957401366466,  29.788627939145,  0.0            
      6456,  25.927059409718,  15.831922743948,  0.0            
      6457,  10.964362531551,  30.800844047388,  0.0            
      6458,  9.9702536573302,  31.815017419312,  0.0            
      6459,  26.937187229406,  14.851277678255,  0.0            
      6460,  8.9753944081453,  32.830946129888,  0.0            
      6461,  27.945586030119,  13.870033654469,  0.0            
      6462,  7.98014179516  ,  33.848818338931,  0.0            
      6463,  28.953498690381,  12.887843500818,  0.0            
      6464,  6.9846719589024,  34.868820229062,  0.0            
      6465,  29.960699261496,  11.904644448969,  0.0            
      6466,  5.9892459974508,  35.891673205141,  0.0            
      6467,  30.967196310841,  10.92026201472 ,  0.0            
      6468,  4.9938433299655,  36.918361701717,  0.0            
      6469,  31.972533772801,  9.9347510678138,  0.0            
      6470,  32.976632275985,  8.9479581421   ,  0.0            
      6471,  3.9981779517863,  37.948317421599,  0.0            
      6472,  33.979894812169,  7.9599539359082,  0.0            
      6473,  34.982925436962,  6.9705454318243,  0.0            
      6474,  35.985928642466,  5.979643063512 ,  0.0            
      6475,  3.0010172849303,  38.977519777054,  0.0            
      6476,  36.988964583689,  4.9870777131948,  0.0            
      6477,  37.992122766794,  3.9927894811097,  0.0            
      6478,  38.995649732076,  2.9968846970513,  0.0            
      6479,  22.898681343165,  19.774232864988,  0.0            
      6480,  21.898950097098,  20.763437380357,  0.0            
      6481,  20.902743855336,  21.758573366866,  0.0            
      6482,  19.907474427703,  22.757951079563,  0.0            
      6483,  18.912465298223,  23.760044229725,  0.0            
      6484,  17.91810985883 ,  24.763141691228,  0.0            
      6485,  23.903411170957,  18.78911578055 ,  0.0            
      6486,  16.924495652062,  25.767405479541,  0.0            
      6487,  15.931734255804,  26.772698394058,  0.0            
      6488,  24.912857980459,  17.806952110346,  0.0            
      6489,  14.939572929739,  27.779379098699,  0.0            
      6490,  13.947762506793,  28.787460018672,  0.0            
      6491,  25.923044834108,  16.825374559492,  0.0            
      6492,  12.95563722334 ,  29.797263601756,  0.0            
      6493,  11.962649459823,  30.808791822936,  0.0            
      6494,  26.933008953731,  15.844413775898,  0.0            
      6495,  10.968665764957,  31.822292309156,  0.0            
      6496,  27.94166746372 ,  14.863065447026,  0.0            
      6497,  9.9739630672275,  32.837571190188,  0.0            
      6498,  28.949807791022,  13.881191756108,  0.0            
      6499,  8.9787692651835,  33.854713485038,  0.0            
      6500,  29.95735561805 ,  12.898310196864,  0.0            
      6501,  7.9832641559975,  34.873682699256,  0.0            
      6502,  30.964452019769,  11.914377579124,  0.0            
      6503,  6.9875632352565,  35.894789202847,  0.0            
      6504,  31.970761905769,  10.929217858819,  0.0            
      6505,  5.9918804768042,  36.918609705461,  0.0            
      6506,  32.975952608477,  9.9429278975373,  0.0            
      6507,  33.9799662163  ,  8.9553757221306,  0.0            
      6508,  4.9961276571794,  37.945538017527,  0.0            
      6509,  34.98330330911 ,  7.9665990456507,  0.0            
      6510,  35.986428030263,  6.9763919769505,  0.0            
      6511,  3.9996397773302,  38.9742483287  ,  0.0            
      6512,  36.989568541857,  5.9846594702353,  0.0            
      6513,  37.992751383376,  4.9912725258635,  0.0            
      6514,  38.996121352638,  3.9962646967448,  0.0            
      6515,  23.905138152412,  19.790077748061,  0.0            
      6516,  22.903965179964,  20.779162800033,  0.0            
      6517,  21.905979365771,  21.773132456915,  0.0            
      6518,  20.909529363729,  22.770981165626,  0.0            
      6519,  19.913761074443,  23.772051464469,  0.0            
      6520,  18.918598328922,  24.774613269412,  0.0            
      6521,  17.924393238545,  25.778416158013,  0.0            
      6522,  24.910917560649,  18.803982179695,  0.0            
      6523,  16.930983913794,  26.783228166039,  0.0            
      6524,  15.938403095473,  27.789333276402,  0.0            
      6525,  25.919325504163,  17.820676305694,  0.0            
      6526,  14.946216035767,  28.796793530762,  0.0            
      6527,  13.953945337162,  29.805909311076,  0.0            
      6528,  26.928792670734,  16.838299791811,  0.0            
      6529,  12.960956369471,  30.81671510932 ,  0.0            
      6530,  27.937608865746,  15.856720321543,  0.0            
      6531,  11.967107786888,  31.829472965192,  0.0            
      6532,  10.972568974146,  32.844049942725,  0.0            
      6533,  28.946012382789,  14.874804676857,  0.0            
      6534,  9.9775441481656,  33.86051249235 ,  0.0            
      6535,  29.95386520262 ,  13.892293278175,  0.0            
      6536,  8.9821111556775,  34.878703081644,  0.0            
      6537,  30.961346279143,  12.908709618003,  0.0            
      6538,  7.9863855558191,  35.898767254477,  0.0            
      6539,  31.968273393267,  11.924027283236,  0.0            
      6540,  32.974406645086,  10.938120978608,  0.0            
      6541,  6.9904716508369,  36.920984379837,  0.0            
      6542,  33.979417802728,  9.9510926043948,  0.0            
      6543,  5.9945266670537,  37.945705869236,  0.0            
      6544,  34.9833851988  ,  8.9628052307458,  0.0            
      6545,  35.986749085952,  7.973256992495 ,  0.0            
      6546,  4.9982563614275,  38.972851741869,  0.0            
      6547,  36.989962469781,  6.9822507132129,  0.0            
      6548,  37.99317389565 ,  5.9897001590425,  0.0            
      6549,  38.996454853016,  4.9955495517398,  0.0            
      6550,  23.908575012672,  20.793549045822,  0.0            
      6551,  22.909520200555,  21.787014228043,  0.0            
      6552,  24.910840404355,  19.804340992827,  0.0            
      6553,  21.912114933302,  22.783797436604,  0.0            
      6554,  20.915492238952,  23.783947455765,  0.0            
      6555,  19.919661695567,  24.785949391783,  0.0            
      6556,  18.9246069586  ,  25.789346312638,  0.0            
      6557,  25.916552730051,  18.817715919511,  0.0            
      6558,  17.930597987947,  26.793726615726,  0.0            
      6559,  16.937374151682,  27.799282747752,  0.0            
      6560,  15.944820248564,  28.806132871564,  0.0            
      6561,  26.924787514265,  17.833882159606,  0.0            
      6562,  14.95229546644 ,  29.814562912291,  0.0            
      6563,  27.933485136626,  16.851041765929,  0.0            
      6564,  13.959301780826,  30.824638065053,  0.0            
      6565,  12.965560015676,  31.836612782434,  0.0            
      6566,  28.942109867403,  15.868975184399,  0.0            
      6567,  11.971196934129,  32.850415781436,  0.0            
      6568,  29.950279216577,  14.886489220815,  0.0            
      6569,  10.976353907953,  33.866146249184,  0.0            
      6570,  30.958098590698,  13.903317018051,  0.0            
      6571,  9.9810974741003,  34.883620725188,  0.0            
      6572,  31.965435457225,  12.919013953188,  0.0            
      6573,  8.985453065173 ,  35.902864493737,  0.0            
      6574,  32.972196925521,  11.933609150428,  0.0            
      6575,  7.9895277516241,  36.92400797477 ,  0.0            
      6576,  33.978093472004,  10.947000606682,  0.0            
      6577,  6.9934239006607,  37.947293130773,  0.0            
      6578,  34.982936252199,  9.9592609129981,  0.0            
      6579,  35.986822755243,  8.9702449167932,  0.0            
      6580,  36.990206746933,  7.9799247807182,  0.0            
      6581,  5.9971981073204,  38.972909154761,  0.0            
      6582,  37.993443150896,  6.9881248638662,  0.0            
      6583,  38.996675276909,  5.9947945402067,  0.0            
      6584,  23.913190659476,  21.800224657321,  0.0            
      6585,  24.913048976817,  20.807080006919,  0.0            
      6586,  22.915043455588,  22.796301950111,  0.0            
      6587,  25.915704695366,  19.817837156768,  0.0            
      6588,  21.917787540785,  23.795658295685,  0.0            
      6589,  20.92115105622 ,  24.797038984472,  0.0            
      6590,  19.925417952413,  25.80005481095 ,  0.0            
      6591,  18.930535224282,  26.804096898286,  0.0            
      6592,  26.921654824121,  18.831038772656,  0.0            
      6593,  17.936716800864,  27.809191507564,  0.0            
      6594,  16.943563341442,  28.81546350248 ,  0.0            
      6595,  27.929535260012,  17.846912559823,  0.0            
      6596,  15.950776631112,  29.823218281062,  0.0            
      6597,  14.957677111248,  30.832563251824,  0.0            
      6598,  28.938151383586,  16.863729145832,  0.0            
      6599,  13.964036252939,  31.843742723676,  0.0            
      6600,  29.946596152709,  15.881175909287,  0.0            
      6601,  12.969832020033,  32.856728905795,  0.0            
      6602,  11.975181338088,  33.871650631454,  0.0            
      6603,  30.954759897301,  14.898090834302,  0.0            
      6604,  10.980116790365,  34.888369662782,  0.0            
      6605,  31.962462277055,  13.914233914681,  0.0            
      6606,  9.9846518875599,  35.906861007351,  0.0            
      6607,  32.969665065008,  12.929239721732,  0.0            
      6608,  8.9888157068473,  36.927120261087,  0.0            
      6609,  33.97617677743 ,  11.943155806982,  0.0            
      6610,  34.981827203392,  10.955874953624,  0.0            
      6611,  7.992729036663 ,  37.949321798146,  0.0            
      6612,  35.986463128394,  9.9674345883949,  0.0            
      6613,  36.990257818431,  8.9776915313931,  0.0            
      6614,  6.9965126107016,  38.973678683259,  0.0            
      6615,  37.993604549326,  7.9866008656217,  0.0            
      6616,  38.996812467803,  6.9940303855824,  0.0            
      6617,  24.916975183526,  21.812996892354,  0.0            
      6618,  23.918268627673,  22.808525684732,  0.0            
      6619,  25.917323389372,  20.820177074872,  0.0            
      6620,  22.920419405402,  23.807194154118,  0.0            
      6621,  26.92041911472 ,  19.831039788912,  0.0            
      6622,  21.92322915578 ,  24.80790453541 ,  0.0            
      6623,  20.926664629965,  25.810449079916,  0.0            
      6624,  19.931091335834,  26.814189690417,  0.0            
      6625,  18.936392372425,  27.818952241149,  0.0            
      6626,  27.926399497348,  18.844213366901,  0.0            
      6627,  17.942680848801,  28.824744850027,  0.0            
      6628,  16.949392666868,  29.831860935113,  0.0            
      6629,  28.934345802132,  17.859891873095,  0.0            
      6630,  15.956167503478,  30.840486168566,  0.0            
      6631,  14.962536430337,  31.850870441815,  0.0            
      6632,  29.942860550662,  16.876366121897,  0.0            
      6633,  13.968484963182,  32.863026351594,  0.0            
      6634,  30.95132542377 ,  15.893292703416,  0.0            
      6635,  12.974012797268,  33.877093098943,  0.0            
      6636,  31.959399715296,  14.909583688444,  0.0            
      6637,  11.979149078636,  34.892986183302,  0.0            
      6638,  32.967005411462,  13.925064918505,  0.0            
      6639,  10.983881665802,  35.910697211675,  0.0            
      6640,  33.973972993702,  12.939424162369,  0.0            
      6641,  9.9882243428102,  36.93014915614 ,  0.0            
      6642,  34.980216208677,  11.952690060157,  0.0            
      6643,  8.9922407018264,  37.951414936249,  0.0            
      6644,  35.985568544381,  10.964749737129,  0.0            
      6645,  36.989979992104,  9.9756117518093,  0.0            
      6646,  7.9961154032029,  38.974680884864,  0.0            
      6647,  37.993632553619,  8.9851404395687,  0.0            
      6648,  38.996890611751,  7.9932891634228,  0.0            
      6649,  24.921670157223,  22.820567534063,  0.0            
      6650,  25.920839703058,  21.82554624344 ,  0.0            
      6651,  23.923391222145,  23.818600164166,  0.0            
      6652,  26.921669033407,  20.833101791302,  0.0            
      6653,  22.925641066554,  24.818631852194,  0.0            
      6654,  27.925071695716,  19.844138002064,  0.0            
      6655,  21.928526517256,  25.820586513839,  0.0            
      6656,  20.932095513512,  26.823913548502,  0.0            
      6657,  19.936704612154,  27.828402206776,  0.0            
      6658,  18.942138144566,  28.83386189429 ,  0.0            
      6659,  28.931291162933,  18.857348688865,  0.0            
      6660,  17.948376864553,  29.840447466863,  0.0            
      6661,  16.954785304048,  30.848392735054,  0.0            
      6662,  29.93926247297 ,  17.872828370425,  0.0            
      6663,  15.961138187367,  31.857993033326,  0.0            
      6664,  30.947832789114,  16.888927784027,  0.0            
      6665,  14.967158059028,  32.869319220543,  0.0            
      6666,  13.972857362567,  33.882516290729,  0.0            
      6667,  31.956238374825,  15.905304767838,  0.0            
      6668,  12.97818103365 ,  34.897539147175,  0.0            
      6669,  32.964251375233,  14.920993240957,  0.0            
      6670,  11.983119442542,  35.914407385491,  0.0            
      6671,  33.971651211385,  13.935852956192,  0.0            
      6672,  10.987661148016,  36.933045273924,  0.0            
      6673,  34.978361650158,  12.949593625476,  0.0            
      6674,  35.984269067473,  11.962221047979,  0.0            
      6675,  9.991855308087 ,  37.953451038292,  0.0            
      6676,  36.989299863496,  10.973624599729,  0.0            
      6677,  8.9958623404539,  38.975724471426,  0.0            
      6678,  37.993439216217,  9.9837855024912,  0.0            
      6679,  38.996899261101,  8.9925829607585,  0.0            
      6680,  25.925236413713,  22.83251914471 ,  0.0            
      6681,  24.926535525032,  23.829927560634,  0.0            
      6682,  26.924855323345,  21.838010592029,  0.0            
      6683,  23.928408988984,  24.829291629109,  0.0            
      6684,  27.926131222624,  20.845970748549,  0.0            
      6685,  22.930727195636,  25.830585959876,  0.0            
      6686,  21.933735687637,  26.83334673975 ,  0.0            
      6687,  28.92993097401 ,  19.857214574427,  0.0            
      6688,  20.937475900042,  27.837446236866,  0.0            
      6689,  19.94224072559 ,  28.842642671496,  0.0            
      6690,  18.947698822432,  29.848860162689,  0.0            
      6691,  29.936355871216,  18.870454902046,  0.0            
      6692,  17.953752529984,  30.856237922122,  0.0            
      6693,  30.94445520875 ,  17.885702485526,  0.0            
      6694,  16.959856677033,  31.865097042366,  0.0            
      6695,  15.965920093225,  32.87560554752 ,  0.0            
      6696,  31.953011097531,  16.901398769235,  0.0            
      6697,  14.971718237106,  33.887933868823,  0.0            
      6698,  32.961386801351,  15.917240951655,  0.0            
      6699,  13.977220769002,  34.902072299437,  0.0            
      6700,  33.969232135857,  14.932364908   ,  0.0            
      6701,  12.982352237146,  35.918056827698,  0.0            
      6702,  34.976400983057,  13.94662703888 ,  0.0            
      6703,  11.987101478294,  36.935836665306,  0.0            
      6704,  35.98277331621 ,  12.959758368962,  0.0            
      6705,  10.991493456187,  37.955392649631,  0.0            
      6706,  36.988317136385,  11.971749211356,  0.0            
      6707,  9.9956771204762,  38.976743973889,  0.0            
      6708,  37.992978054579,  10.982490533856,  0.0            
      6709,  38.996796687588,  9.9919336964827,  0.0            
      6710,  25.929855933599,  23.841220481207,  0.0            
      6711,  26.928957741962,  22.844441660346,  0.0            
      6712,  24.931334855001,  24.839920485725,  0.0            
      6713,  23.933295663511,  25.840532313586,  0.0            
      6714,  27.929061768919,  21.850456282192,  0.0            
      6715,  22.935721092878,  26.842633409396,  0.0            
      6716,  28.930824817469,  20.858836311198,  0.0            
      6717,  21.938897397293,  27.846175527445,  0.0            
      6718,  29.935021295013,  19.870277636967,  0.0            
      6719,  20.942807128657,  28.850991005724,  0.0            
      6720,  19.947656572818,  29.856925429392,  0.0            
      6721,  18.953042283867,  30.863905030525,  0.0            
      6722,  30.941704007558,  18.88351666264 ,  0.0            
      6723,  17.958895152465,  31.872138029384,  0.0            
      6724,  31.949877316299,  17.89850210889 ,  0.0            
      6725,  16.964786150956,  32.881872422856,  0.0            
      6726,  15.970655275931,  33.893344504853,  0.0            
      6727,  32.958441741019,  16.913807842113,  0.0            
      6728,  14.976272493099,  34.906599804871,  0.0            
      6729,  33.966693849853,  15.929146512743,  0.0            
      6730,  13.981587417205,  35.921687224337,  0.0            
      6731,  34.974341179917,  14.943727121756,  0.0            
      6732,  12.986533188986,  36.938577425813,  0.0            
      6733,  35.98118817875 ,  13.957396842357,  0.0            
      6734,  11.99113137358 ,  37.957258878688,  0.0            
      6735,  36.987187980559,  12.969918127772,  0.0            
      6736,  37.992316901391,  11.981263212781,  0.0            
      6737,  10.995506874217,  38.9777169245  ,  0.0            
      6738,  38.996561663085,  10.991312750185,  0.0            
      6739,  26.933308273071,  23.852508226038,  0.0            
      6740,  25.934431541538,  24.850540029667,  0.0            
      6741,  24.936012681765,  25.850460367308,  0.0            
      6742,  27.932887453577,  22.856367278   ,  0.0            
      6743,  23.938084212871,  26.851871519004,  0.0            
      6744,  28.93349679562 ,  21.862911363808,  0.0            
      6745,  22.940669289877,  27.8547510891  ,  0.0            
      6746,  29.935788034688,  20.871702748925,  0.0            
      6747,  21.94402663177 ,  28.859008681053,  0.0            
      6748,  30.94039695822 ,  19.883312468221,  0.0            
      6749,  20.948069234459,  29.864550746507,  0.0            
      6750,  19.952934223669,  30.871224717152,  0.0            
      6751,  31.9473063293  ,  18.896523174243,  0.0            
      6752,  18.95822978615 ,  31.879005446902,  0.0            
      6753,  17.963936628308,  32.888077394954,  0.0            
      6754,  32.955564743735,  17.911253127724,  0.0            
      6755,  16.969682574865,  33.8987360793  ,  0.0            
      6756,  15.975387311865,  34.911120474098,  0.0            
      6757,  33.964063070332,  16.926195377718,  0.0            
      6758,  14.980830239544,  35.925312190415,  0.0            
      6759,  34.972155717591,  15.941047794021,  0.0            
      6760,  13.985962849241,  36.941302132767,  0.0            
      6761,  35.979511402706,  14.955087114416,  0.0            
      6762,  12.990758802836,  37.959088171008,  0.0            
      6763,  36.985988878188,  13.968160279204,  0.0            
      6764,  37.991559425545,  12.980058763427,  0.0            
      6765,  11.995334017524,  38.978651834011,  0.0            
      6766,  38.996228411852,  11.990718124703,  0.0            
      6767,  26.937635592574,  24.861163012191,  0.0            
      6768,  25.938895917355,  25.860384947349,  0.0            
      6769,  27.936965636342,  23.863806505998,  0.0            
      6770,  24.940593459924,  26.861096983919,  0.0            
      6771,  28.937030283684,  22.868308039279,  0.0            
      6772,  23.942825480109,  27.863279489584,  0.0            
      6773,  29.938222549096,  21.875375631186,  0.0            
      6774,  22.945595985223,  28.866869182045,  0.0            
      6775,  30.941033149448,  20.884554984031,  0.0            
      6776,  21.949118136278,  29.871844654016,  0.0            
      6777,  31.946050787427,  19.896307610208,  0.0            
      6778,  20.953253933739,  30.878111327055,  0.0            
      6779,  19.958113422839,  31.885541418181,  0.0            
      6780,  32.953184294666,  18.909494500655,  0.0            
      6781,  18.96335087014 ,  32.894118892894,  0.0            
      6782,  17.968956090382,  33.904069728245,  0.0            
      6783,  33.961474633624,  17.923989223648,  0.0            
      6784,  16.974578167663,  34.915623102048,  0.0            
      6785,  34.969868359757,  16.938583609634,  0.0            
      6786,  15.980123068734,  35.928930592507,  0.0            
      6787,  35.977714470616,  15.9529495682  ,  0.0            
      6788,  14.985396371374,  36.944022028488,  0.0            
      6789,  36.984711688237,  14.966440311149,  0.0            
      6790,  13.990381354529,  37.960905344702,  0.0            
      6791,  37.990754674057,  13.97890012872 ,  0.0            
      6792,  12.995152051652,  38.979567570717,  0.0            
      6793,  38.995847475262,  12.990127971461,  0.0            
      6794,  26.941870271758,  25.870312623043,  0.0            
      6795,  27.94103635266 ,  24.871796201185,  0.0            
      6796,  25.943267811406,  26.870320967047,  0.0            
      6797,  28.940818303701,  23.875119212546,  0.0            
      6798,  24.945128003818,  27.871797671923,  0.0            
      6799,  29.941475296848,  22.88026087862 ,  0.0            
      6800,  23.947549231981,  28.87468485241 ,  0.0            
      6801,  30.943222994285,  21.887833728909,  0.0            
      6802,  22.950505309809,  29.878985549464,  0.0            
      6803,  31.946576703613,  20.897380858895,  0.0            
      6804,  21.954168904032,  30.884676313772,  0.0            
      6805,  32.951987116197,  19.909276499046,  0.0            
      6806,  20.958383856018,  31.89167018738 ,  0.0            
      6807,  19.963250781512,  32.89985435703 ,  0.0            
      6808,  33.959312063033,  18.922455962321,  0.0            
      6809,  18.968458507432,  33.909255907806,  0.0            
      6810,  17.973976121291,  34.920073134253,  0.0            
      6811,  34.967598899616,  17.93672890193 ,  0.0            
      6812,  16.979477608586,  35.93253242778 ,  0.0            
      6813,  35.975814613584,  16.950975226225,  0.0            
      6814,  15.984867147498,  36.946735774104,  0.0            
      6815,  36.983329249878,  15.964845584116,  0.0            
      6816,  14.990004929218,  37.962718488892,  0.0            
      6817,  37.989894006448,  14.977766420595,  0.0            
      6818,  13.994965103522,  38.980476572535,  0.0            
      6819,  38.995442279121,  13.989558307463,  0.0            
      6820,  27.945033243204,  25.880246415538,  0.0            
      6821,  26.946025382448,  26.879546249787,  0.0            
      6822,  28.944616585348,  24.88243963477 ,  0.0            
      6823,  25.947595177398,  27.880314790414,  0.0            
      6824,  29.944979318169,  23.886442434266,  0.0            
      6825,  24.949647615251,  28.882492762153,  0.0            
      6826,  30.946186209364,  22.892211964157,  0.0            
      6827,  23.95226427371 ,  29.886086378992,  0.0            
      6828,  31.948537256564,  21.900273648218,  0.0            
      6829,  22.955397355384,  30.891096801087,  0.0            
      6830,  32.952404426734,  20.91018748488 ,  0.0            
      6831,  21.9591906146  ,  31.897500733586,  0.0            
      6832,  20.963490382805,  32.905218949647,  0.0            
      6833,  33.958191962359,  19.922237498837,  0.0            
      6834,  19.968379619855,  33.914171124076,  0.0            
      6835,  34.965682239246,  18.935422124172,  0.0            
      6836,  18.973567257861,  34.924394232913,  0.0            
      6837,  17.978999869263,  35.936088205358,  0.0            
      6838,  35.973909008293,  17.949474068507,  0.0            
      6839,  16.984385444985,  36.949434832019,  0.0            
      6840,  36.981852866878,  16.963363878115,  0.0            
      6841,  15.989653475608,  37.964526180249,  0.0            
      6842,  37.988955351289,  15.976713711981,  0.0            
      6843,  14.994777731677,  38.981382959589,  0.0            
      6844,  38.995007331382,  14.989001773434,  0.0            
      6845,  27.948964358924,  26.888773622577,  0.0            
      6846,  28.948363056406,  25.890185152991,  0.0            
      6847,  26.950141674817,  27.888831451688,  0.0            
      6848,  29.948505663138,  24.893090337154,  0.0            
      6849,  25.951908163503,  28.890300347559,  0.0            
      6850,  30.949397064713,  23.897765125607,  0.0            
      6851,  24.954162948678,  29.89318236404 ,  0.0            
      6852,  31.951221331369,  22.904150961551,  0.0            
      6853,  23.956972009942,  30.897482670282,  0.0            
      6854,  32.954130973824,  21.912698174807,  0.0            
      6855,  22.960277043319,  31.903200916694,  0.0            
      6856,  21.96419935402 ,  32.910315278523,  0.0            
      6857,  33.958508632349,  20.922987405899,  0.0            
      6858,  20.968591848531,  33.91876238426 ,  0.0            
      6859,  34.964658600965,  19.935202310611,  0.0            
      6860,  19.973509135794,  34.928483298824,  0.0            
      6861,  35.972275631448,  18.948394618104,  0.0            
      6862,  18.978679265551,  35.939535926768,  0.0            
      6863,  17.984032102351,  36.952095347905,  0.0            
      6864,  36.980355407037,  17.962220197335,  0.0            
      6865,  16.989335424567,  37.96632187298 ,  0.0            
      6866,  37.987943290882,  16.975727994084,  0.0            
      6867,  15.994603284899,  38.982285391235,  0.0            
      6868,  38.994529704976,  15.988485400278,  0.0            
      6869,  28.952060273604,  26.89800155427 ,  0.0            
      6870,  27.952862318327,  27.897347170798,  0.0            
      6871,  29.951995869291,  25.900127545799,  0.0            
      6872,  26.954244773924,  28.898106563149,  0.0            
      6873,  30.952641320016,  24.903740981686,  0.0            
      6874,  25.95621730833 ,  29.90027902119 ,  0.0            
      6875,  31.954144152036,  23.909079643356,  0.0            
      6876,  24.958675958414,  30.903866375934,  0.0            
      6877,  23.961674399139,  31.908872739104,  0.0            
      6878,  32.956525306931,  22.916077959971,  0.0            
      6879,  22.965150963662,  32.915297159916,  0.0            
      6880,  33.959999839887,  21.925116296492,  0.0            
      6881,  21.969204699084,  33.923122471351,  0.0            
      6882,  34.964880183096,  20.935789800842,  0.0            
      6883,  20.973693445651,  34.932299214871,  0.0            
      6884,  35.9713700255  ,  19.948172579212,  0.0            
      6885,  19.978641106113,  35.942793936275,  0.0            
      6886,  36.979051987196,  18.961371672711,  0.0            
      6887,  18.983799706882,  36.954670233019,  0.0            
      6888,  17.989106137704,  37.968088321936,  0.0            
      6889,  37.986903181704,  17.97494983102 ,  0.0            
      6890,  16.994447229268,  38.983180320119,  0.0            
      6891,  38.994011497156,  16.987997295501,  0.0            
      6892,  28.955731459004,  27.905860376289,  0.0            
      6893,  29.955448493685,  26.907230275624,  0.0            
      6894,  27.956747210482,  28.905909937012,  0.0            
      6895,  30.955863244996,  25.910069880395,  0.0            
      6896,  26.95834344683 ,  29.907373851832,  0.0            
      6897,  25.960524555787,  30.91025166053 ,  0.0            
      6898,  31.957104871692,  24.914387052603,  0.0            
      6899,  24.963187262846,  31.914544705675,  0.0            
      6900,  32.959145461205,  23.92038467284 ,  0.0            
      6901,  23.966374022927,  32.92025637798 ,  0.0            
      6902,  33.962097071408,  22.927999344315,  0.0            
      6903,  22.970023075225,  33.927386677065,  0.0            
      6904,  34.966128084394,  21.937535653588,  0.0            
      6905,  21.974209661203,  34.935923332398,  0.0            
      6906,  35.971497774566,  20.948595929077,  0.0            
      6907,  20.978796645881,  35.945832784363,  0.0            
      6908,  36.978300916079,  19.961149154175,  0.0            
      6909,  19.983781160127,  36.957099349427,  0.0            
      6910,  37.985980621392,  18.974343284569,  0.0            
      6911,  18.988961138822,  37.969794067232,  0.0            
      6912,  17.994338553028,  38.984058077191,  0.0            
      6913,  38.993473085336,  17.987599095245,  0.0            
      6914,  29.958879601924,  27.914372339174,  0.0            
      6915,  28.959389787871,  28.913708786063,  0.0            
      6916,  30.959057868586,  26.916458999918,  0.0            
      6917,  27.960625074232,  29.914464520496,  0.0            
      6918,  26.962439192376,  30.916634887035,  0.0            
      6919,  31.960049837638,  25.920010495809,  0.0            
      6920,  25.964830371853,  31.92021886557 ,  0.0            
      6921,  32.961805454128,  24.925026365955,  0.0            
      6922,  24.9676975386  ,  32.925217355478,  0.0            
      6923,  33.964403648222,  23.931684671601,  0.0            
      6924,  23.971072535816,  33.931634135477,  0.0            
      6925,  34.967910796513,  22.939921299473,  0.0            
      6926,  22.974894741801,  34.939470650496,  0.0            
      6927,  35.972487340436,  21.949957193915,  0.0            
      6928,  21.979215543306,  35.948721024399,  0.0            
      6929,  36.978350268531,  20.961408405177,  0.0            
      6930,  20.983907299996,  36.959364036731,  0.0            
      6931,  37.985424186024,  19.974131555648,  0.0            
      6932,  19.988960790062,  37.971400315145,  0.0            
      6933,  38.992988533122,  18.987263704979,  0.0            
      6934,  18.994275513978,  38.984903583271,  0.0            
      6935,  29.96229622392 ,  28.921504962205,  0.0            
      6936,  28.963037345176,  29.921549169792,  0.0            
      6937,  30.962235086787,  27.922884401688,  0.0            
      6938,  27.964496539447,  30.923012992541,  0.0            
      6939,  31.962972289587,  26.925688295191,  0.0            
      6940,  26.966532705233,  31.925890797008,  0.0            
      6941,  32.964454320895,  25.929946735591,  0.0            
      6942,  25.969135260461,  32.930180801915,  0.0            
      6943,  33.966749179613,  24.935661372538,  0.0            
      6944,  24.97220724295 ,  33.935884679468,  0.0            
      6945,  34.969881035939,  23.942984544971,  0.0            
      6946,  23.975770613799,  34.943006943153,  0.0            
      6947,  35.973932732177,  22.951844833524,  0.0            
      6948,  22.979766957788,  35.951551983426,  0.0            
      6949,  36.979076543974,  21.962384457751,  0.0            
      6950,  21.98422814436 ,  36.961518926884,  0.0            
      6951,  37.985412539053,  20.974235770265,  0.0            
      6952,  20.989055685137,  37.972897460743,  0.0            
      6953,  38.992682815344,  19.987102657338,  0.0            
      6954,  19.994286613277,  38.985698309591,  0.0            
      6955,  29.965695715017,  29.928629999576,  0.0            
      6956,  30.965395913952,  28.929301390691,  0.0            
      6957,  28.966673293296,  30.929383921064,  0.0            
      6958,  31.965878550787,  27.931398787284,  0.0            
      6959,  27.968363064354,  31.931556896879,  0.0            
      6960,  32.967084276923,  26.93491537115 ,  0.0            
      6961,  26.970624892366,  32.935141886082,  0.0            
      6962,  33.969085390537,  25.939879207241,  0.0            
      6963,  25.973439598762,  33.940137798206,  0.0            
      6964,  34.971886584445,  24.94629546493 ,  0.0            
      6965,  24.976716612626,  34.946547430462,  0.0            
      6966,  35.97554243818 ,  23.954286134618,  0.0            
      6967,  23.980469079377,  35.954377543772,  0.0            
      6968,  36.980167207888,  22.963774062863,  0.0            
      6969,  22.984645273944,  36.963635072847,  0.0            
      6970,  37.985870064348,  21.974832407294,  0.0            
      6971,  21.9892766175  ,  37.974324285922,  0.0            
      6972,  38.992650014662,  20.987093013193,  0.0            
      6973,  20.994343715401,  38.986439241198,  0.0            
      6974,  30.968532285866,  29.935711291584,  0.0            
      6975,  29.969075111904,  30.935750068574,  0.0            
      6976,  31.96876488888 ,  28.937101640478,  0.0            
      6977,  28.970300241062,  31.937214954945,  0.0            
      6978,  32.969699047607,  27.939912950325,  0.0            
      6979,  27.972226890079,  32.940096664595,  0.0            
      6980,  33.971404078667,  26.944139361138,  0.0            
      6981,  26.974716395076,  33.944388459198,  0.0            
      6982,  34.973883217926,  25.949809884746,  0.0            
      6983,  25.977743608524,  34.950090526482,  0.0            
      6984,  35.977184858273,  24.956931678058,  0.0            
      6985,  24.981226335705,  35.95720827247 ,  0.0            
      6986,  36.981393435866,  23.965594274979,  0.0            
      6987,  23.985173268365,  36.965750674952,  0.0            
      6988,  37.986587023503,  22.975727289811,  0.0            
      6989,  22.989557977054,  37.975728794595,  0.0            
      6990,  38.992857709663,  21.987342644231,  0.0            
      6991,  21.994459661531,  38.987146924697,  0.0            
      6992,  30.971638600161,  30.942116852037,  0.0            
      6993,  31.971617645075,  29.942797865503,  0.0            
      6994,  29.97243888533 ,  31.942867460822,  0.0            
      6995,  32.972291078643,  28.944903816376,  0.0            
      6996,  28.973922506214,  32.945042834314,  0.0            
      6997,  33.97370748337 ,  27.948425091515,  0.0            
      6998,  27.976089560147,  33.948632528739,  0.0            
      6999,  34.975863169419,  26.953360983948,  0.0            
      7000,  26.97880754574 ,  34.953631110845,  0.0            
      7001,  35.978820031782,  25.959742979766,  0.0            
      7002,  25.982047979823,  35.9600416186  ,  0.0            
      7003,  36.982647707779,  24.967575877507,  0.0            
      7004,  24.985741622477,  36.967872023894,  0.0            
      7005,  37.987406637752,  23.976928181314,  0.0            
      7006,  23.989910951182,  37.97713591895 ,  0.0            
      7007,  38.99320287465 ,  22.987762209288,  0.0            
      7008,  22.994602156639,  38.987845188831,  0.0            
      7009,  31.974428259091,  30.948490179486,  0.0            
      7010,  30.974721564968,  31.948520678256,  0.0            
      7011,  32.974841943012,  29.949888758797,  0.0            
      7012,  29.975794756622,  32.949982888661,  0.0            
      7013,  33.975985420168,  28.952705711051,  0.0            
      7014,  28.977542983956,  33.952867674339,  0.0            
      7015,  34.977828197863,  27.956934904022,  0.0            
      7016,  27.979951778619,  34.957164960975,  0.0            
      7017,  35.980440192895,  26.96258506625 ,  0.0            
      7018,  26.982899092418,  35.962872464144,  0.0            
      7019,  36.983895825476,  25.969685433386,  0.0            
      7020,  25.986357917499,  36.969995919772,  0.0            
      7021,  37.988251175306,  24.978247172086,  0.0            
      7022,  24.990290012516,  37.97854851079 ,  0.0            
      7023,  38.993607981276,  23.988351543744,  0.0            
      7024,  23.994778687081,  38.988546583178,  0.0            
      7025,  31.977206151292,  31.954181316364,  0.0            
      7026,  32.977340509435,  30.954870075203,  0.0            
      7027,  30.977793003686,  32.954923620569,  0.0            
      7028,  33.978215865737,  29.956981678988,  0.0            
      7029,  29.979147843305,  33.957096337448,  0.0            
      7030,  34.97976735239 ,  28.960506104908,  0.0            
      7031,  28.98116289012 ,  34.960689764172,  0.0            
      7032,  35.982046546184,  27.965447080531,  0.0            
      7033,  27.983814437985,  35.965696619373,  0.0            
      7034,  36.985130586355,  26.971819244017,  0.0            
      7035,  26.986996304778,  36.972117443383,  0.0            
      7036,  37.989094034218,  25.979655877695,  0.0            
      7037,  25.990700927497,  37.979963367946,  0.0            
      7038,  38.99402984104 ,  24.989009120616,  0.0            
      7039,  24.994967937773,  38.989251562388,  0.0            
      7040,  32.979798559039,  31.959850205228,  0.0            
      7041,  31.979968105793,  32.959872204226,  0.0            
      7042,  33.980385735641,  30.961254324575,  0.0            
      7043,  30.980860629284,  33.961325578478,  0.0            
      7044,  34.981657627261,  29.964074555932,  0.0            
      7045,  29.982500175119,  34.96420788044 ,  0.0            
      7046,  35.98362836018 ,  28.968308763938,  0.0            
      7047,  28.984783284062,  35.968511875152,  0.0            
      7048,  36.986353374574,  27.973969212655,  0.0            
      7049,  27.987682921687,  36.974232638273,  0.0            
      7050,  37.989927962494,  26.9810817107  ,  0.0            
      7051,  26.991126747615,  37.981376216559,  0.0            
      7052,  38.994453445836,  25.989715376731,  0.0            
      7053,  25.995173404828,  38.989958136226,  0.0            
      7054,  32.982237127389,  32.964830003104,  0.0            
      7055,  33.982508707702,  31.965525250884,  0.0            
      7056,  31.982725001862,  33.965562753777,  0.0            
      7057,  34.983485390259,  30.967640130439,  0.0            
      7058,  30.983927350351,  34.967726455313,  0.0            
      7059,  35.98516361431 ,  29.971169701087,  0.0            
      7060,  29.98585301127 ,  35.971320481619,  0.0            
      7061,  36.987555556715,  28.976120417105,  0.0            
      7062,  28.988409657443,  36.976339535538,  0.0            
      7063,  37.990753403988,  27.982518928751,  0.0            
      7064,  27.991584888437,  37.982783738161,  0.0            
      7065,  38.994872657432,  26.990430876798,  0.0            
      7066,  26.995386677298,  38.990663469661,  0.0            
      7067,  33.984609226982,  32.969794998885,  0.0            
      7068,  32.984669744121,  33.969809539291,  0.0            
      7069,  34.985264806992,  31.97120317772 ,  0.0            
      7070,  31.985480820028,  34.971252837537,  0.0            
      7071,  35.986639297134,  30.974028260436,  0.0            
      7072,  30.986994568492,  35.974129432614,  0.0            
      7073,  36.988718947551,  29.97827237202 ,  0.0            
      7074,  29.989211904437,  36.978440198679,  0.0            
      7075,  37.991563862119,  28.983957947943,  0.0            
      7076,  28.992069750154,  37.984184414002,  0.0            
      7077,  38.995287505424,  27.991152390444,  0.0            
      7078,  27.995616381592,  38.991365453803,  0.0            
      7079,  33.98670300259 ,  33.974063975504,  0.0            
      7080,  34.987021173094,  32.974763646264,  0.0            
      7081,  32.987101241656,  34.97478886469 ,  0.0            
      7082,  35.988068862469,  31.97688351794 ,  0.0            
      7083,  31.988237107419,  35.976945841893,  0.0            
      7084,  36.989832714085,  30.980422415174,  0.0            
      7085,  30.990067811588,  36.980541106836,  0.0            
      7086,  37.992346295734,  29.985398481977,  0.0            
      7087,  29.992604638747,  37.98557996218 ,  0.0            
      7088,  38.995694435353,  28.991875539767,  0.0            
      7089,  28.99585941067 ,  38.992063346743,  0.0            
      7090,  34.988770738102,  33.97832246297 ,  0.0            
      7091,  33.988795596912,  34.978332592719,  0.0            
      7092,  35.989476380314,  32.979734707187,  0.0            
      7093,  32.989533225966,  35.979771612428,  0.0            
      7094,  36.990908023263,  31.982568647982,  0.0            
      7095,  31.990999312546,  36.982648793792,  0.0            
      7096,  37.99309294554 ,  30.986837544924,  0.0            
      7097,  30.993174853865,  37.986975668831,  0.0            
      7098,  38.99608699277 ,  29.992600315475,  0.0            
      7099,  29.996127013823,  38.992758129108,  0.0            
      7100,  34.990519229185,  34.981880419369,  0.0            
      7101,  35.990877353552,  33.982583355257,  0.0            
      7102,  33.990888684888,  35.982604894558,  0.0            
      7103,  36.991964913709,  32.984709807831,  0.0            
      7104,  32.991971016379,  36.984765099875,  0.0            
      7105,  37.993811793178,  31.988272663733,  0.0            
      7106,  31.993795159348,  37.988376832271,  0.0            
      7107,  38.996461310082,  30.993324226694,  0.0            
      7108,  30.996411681874,  38.993452990859,  0.0            
      7109,  35.99227725599 ,  34.985430524839,  0.0            
      7110,  34.992268239557,  35.985442199011,  0.0            
      7111,  36.993016319235,  33.986847811598,  0.0            
      7112,  33.992987483605,  36.986888369559,  0.0            
      7113,  37.9945172116  ,  32.989702550324,  0.0            
      7114,  32.994442259655,  37.989785046299,  0.0            
      7115,  38.996821409345,  31.994044929468,  0.0            
      7116,  31.996720962946,  38.994151115053,  0.0            
      7117,  35.993677545422,  35.98828159825 ,  0.0            
      7118,  36.994066810416,  34.988983958719,  0.0            
      7119,  34.994022794162,  36.989015310398,  0.0            
      7120,  37.995218485685,  33.991129092444,  0.0            
      7121,  33.995119527861,  37.99119906318 ,  0.0            
      7122,  38.997174536059,  32.994761561816,  0.0            
      7123,  32.997043616801,  38.994853430935,  0.0            
      7124,  36.995117466763,  35.99112386275 ,  0.0            
      7125,  35.995082916562,  36.991143914485,  0.0            
      7126,  37.995918893699,  34.992553845692,  0.0            
      7127,  34.995810155993,  37.992616090479,  0.0            
      7128,  38.997525392774,  33.995475552221,  0.0            
      7129,  33.99738167165 ,  38.995559400328,  0.0            
      7130,  36.996172163799,  36.993274487056,  0.0            
      7131,  37.996619087158,  35.993981636882,  0.0            
      7132,  35.996519715278,  37.994034091851,  0.0            
      7133,  38.997875654296,  34.996188303075,  0.0            
      7134,  34.99772701544 ,  38.996267127516,  0.0            
      7135,  37.997321663507,  36.995418375349,  0.0            
      7136,  36.997254684309,  37.995452440503,  0.0            
      7137,  38.998225530674,  35.99690268782 ,  0.0            
      7138,  35.998083278289,  38.996975095643,  0.0            
      7139,  37.998044450668,  37.996878970982,  0.0            
      7140,  38.998576117203,  36.997621959613,  0.0            
      7141,  36.998455643445,  38.997682030267,  0.0            
      7142,  38.998936648861,  37.998354616519,  0.0            
      7143,  37.99886408833 ,  38.998391058458,  0.0            
      7144,  38.999347768159,  38.999122501251,  0.0            
      7145,  7.1371472003908,  6.608740044E-08,  0.0            
      7146,  -2.23849039E-07,  7.1371471810914,  0.0            
      7147,  -7.137147164792,  -5.86451492E-08,  0.0            
      7148,  6.919934314E-08,  -7.137147184802,  0.0            
      7149,  0.1138629699333,  7.0232839922424,  0.0            
      7150,  0.2478870365572,  6.8892599314255,  0.0            
      7151,  0.4378071002422,  6.6993398759694,  0.0            
      7152,  0.6553601047768,  6.4817868808608,  0.0            
      7153,  0.8798442111704,  6.2573027841936,  0.0            
      7154,  1.1095509962205,  6.0275960090961,  0.0            
      7155,  1.3463258894041,  5.7908211261714,  0.0            
      7156,  1.5881469596431,  5.5490000664099,  0.0            
      7157,  1.8336815163373,  5.3034655203542,  0.0            
      7158,  2.0820075873764,  5.0551394600744,  0.0            
      7159,  2.3324709530122,  4.8046761052906,  0.0            
      7160,  2.5822597101866,  4.554887358939 ,  0.0            
      7161,  2.8289438572507,  4.3082032225631,  0.0            
      7162,  3.0750231302742,  4.0621239602017,  0.0            
      7163,  3.3219912926721,  3.8151558085043,  0.0            
      7164,  3.5685562645005,  3.568590847359 ,  0.0            
      7165,  3.815169456326 ,  3.3219776662187,  0.0            
      7166,  4.0627717010403,  3.0743754322324,  0.0            
      7167,  4.310948216488 ,  2.8261989275376,  0.0            
      7168,  4.5586874853378,  2.5784596694218,  0.0            
      7169,  4.8053201727539,  2.3318269926917,  0.0            
      7170,  5.0512620444122,  2.0858851316895,  0.0            
      7171,  5.2971159084563,  1.8400312782976,  0.0            
      7172,  5.5421425337522,  1.5950046636182,  0.0            
      7173,  5.7851941188733,  1.3519530890279,  0.0            
      7174,  6.0257594414151,  1.1113877769093,  0.0            
      7175,  6.2627999172296,  0.8743473113652,  0.0            
      7176,  6.4929188029391,  0.6442284356261,  0.0            
      7177,  6.7083200487815,  0.4288271991166,  0.0            
      7178,  6.8911762298242,  0.2459710259966,  0.0            
      7179,  7.0252780132027,  0.1118692484284,  0.0            
      7180,  -7.02575316259 ,  0.1113939482211,  0.0            
      7181,  -6.891691268616,  0.2454558478074,  0.0            
      7182,  -6.708085594683,  0.4290615294268,  0.0            
      7183,  -6.492996444313,  0.6441506888016,  0.0            
      7184,  -6.265014951472,  0.872132191187 ,  0.0            
      7185,  -6.030543297088,  1.1066038553863,  0.0            
      7186,  -5.791698563216,  1.3454485992581,  0.0            
      7187,  -5.549141821935,  1.5880053506935,  0.0            
      7188,  -5.30355747145 ,  1.8335897114597,  0.0            
      7189,  -5.055908023898,  2.0812391693794,  0.0            
      7190,  -4.807292272401,  2.3298549312843,  0.0            
      7191,  -4.558797214785,  2.5783499993038,  0.0            
      7192,  -4.31084688472 ,  2.8263003397491,  0.0            
      7193,  -4.063014683862,  3.0741325509817,  0.0            
      7194,  -3.815401752031,  3.3217454931792,  0.0            
      7195,  -3.568644135429,  3.5685031201117,  0.0            
      7196,  -3.322007058406,  3.8151402074601,  0.0            
      7197,  -3.074436431072,  4.0627108451586,  0.0            
      7198,  -2.826272032901,  4.3108752537191,  0.0            
      7199,  -2.578500066178,  4.5586472308152,  0.0            
      7200,  -2.33182294591 ,  4.8053243614101,  0.0            
      7201,  -2.085856678005,  5.0512906396124,  0.0            
      7202,  -1.839998304126,  5.2971490237841,  0.0            
      7203,  -1.594976476412,  5.5421708617552,  0.0            
      7204,  -1.351935041789,  5.785212306553 ,  0.0            
      7205,  -1.111380558468,  6.0257667999445,  0.0            
      7206,  -0.874316210422,  6.2628311579151,  0.0            
      7207,  -0.644234644105,  6.4929127338649,  0.0            
      7208,  -0.428697628154,  6.7084497588392,  0.0            
      7209,  -0.245024443205,  6.8921229514771,  0.0            
      7210,  -0.110943879637,  7.0262035206588,  0.0            
      7211,  -0.112959061314,  -7.024188055994,  0.0            
      7212,  -0.247159324114,  -6.889987795223,  0.0            
      7213,  -0.43003263341 ,  -6.707114488689,  0.0            
      7214,  -0.644344910352,  -6.492802214986,  0.0            
      7215,  -0.872149686149,  -6.264997442631,  0.0            
      7216,  -1.106631534114,  -6.030515598209,  0.0            
      7217,  -1.345465705062,  -5.791681430868,  0.0            
      7218,  -1.587965197374,  -5.549181942221,  0.0            
      7219,  -1.833668193072,  -5.303478950235,  0.0            
      7220,  -2.082030141549,  -5.05511700551 ,  0.0            
      7221,  -2.332504266399,  -4.804642884446,  0.0            
      7222,  -2.582293774676,  -4.554853379942,  0.0            
      7223,  -2.828970411721,  -4.308176746624,  0.0            
      7224,  -3.075038672089,  -4.062108489974,  0.0            
      7225,  -3.322002220794,  -3.815144945   ,  0.0            
      7226,  -3.568568186814,  -3.568578982706,  0.0            
      7227,  -3.815178027653,  -3.321969145593,  0.0            
      7228,  -4.062776028075,  -3.074371148912,  0.0            
      7229,  -4.310954570315,  -2.826192610422,  0.0            
      7230,  -4.558696407522,  -2.578450776957,  0.0            
      7231,  -4.805326405828,  -2.331820782378,  0.0            
      7232,  -5.051262583986,  -2.085884607936,  0.0            
      7233,  -5.297109772572,  -1.840037423065,  0.0            
      7234,  -5.542132434028,  -1.59501476531 ,  0.0            
      7235,  -5.785187185911,  -1.351960017099,  0.0            
      7236,  -6.025750196614,  -1.111397010031,  0.0            
      7237,  -6.262725646217,  -0.874421564009,  0.0            
      7238,  -6.492624758235,  -0.644522455464,  0.0            
      7239,  -6.708082543968,  -0.429064672987,  0.0            
      7240,  -6.891563627412,  -0.245583592315,  0.0            
      7241,  -7.02595012793 ,  -0.111197093828,  0.0            
      7242,  7.0247500689114,  -0.112397067277,  0.0            
      7243,  6.8906386711562,  -0.246508467281,  0.0            
      7244,  6.7073369775774,  -0.429810163934,  0.0            
      7245,  6.4926558034754,  -0.644491341637,  0.0            
      7246,  6.2648442411934,  -0.872302907739,  0.0            
      7247,  6.0304720329247,  -1.106675119939,  0.0            
      7248,  5.7917136997516,  -1.345433457116,  0.0            
      7249,  5.5492333026087,  -1.587913858326,  0.0            
      7250,  5.3035280833862,  -1.833619081669,  0.0            
      7251,  5.0551645485294,  -2.081982620691,  0.0            
      7252,  4.8046900722951,  -2.332457101126,  0.0            
      7253,  4.554895390545 ,  -2.582251787066,  0.0            
      7254,  4.3082076202422,  -2.828939561505,  0.0            
      7255,  4.0621246342861,  -3.075022551589,  0.0            
      7256,  3.815151244149 ,  -3.321995945868,  0.0            
      7257,  3.5685832585795,  -3.568563935572,  0.0            
      7258,  3.3219731213383,  -3.81517407695 ,  0.0            
      7259,  3.0743731593183,  -4.062774043122,  0.0            
      7260,  2.8261923513899,  -4.310954855213,  0.0            
      7261,  2.5784509549055,  -4.558696255852,  0.0            
      7262,  2.3318233962467,  -4.805323818647,  0.0            
      7263,  2.0858874616939,  -5.051259757324,  0.0            
      7264,  1.8400369978007,  -5.297110225341,  0.0            
      7265,  1.5950126244561,  -5.542134602795,  0.0            
      7266,  1.3519661834283,  -5.785181047899,  0.0            
      7267,  1.1114289443959,  -6.025718290965,  0.0            
      7268,  0.8744749644907,  -6.262672274844,  0.0            
      7269,  0.6444463826134,  -6.49270086058 ,  0.0            
      7270,  0.428581345315 ,  -6.708565901498,  0.0            
      7271,  0.2445773894247,  -6.892569860474,  0.0            
      7272,  0.1107725341566,  -7.026374717987,  0.0            
      7273,  9.5694530124226,  9.144822011E-05,  0.0            
      7274,  9.181318655157 ,  2.232717306E-04,  0.0            
      7275,  8.7942026098957,  3.886531883E-04,  0.0            
      7276,  8.4273410926942,  5.191406586E-04,  0.0            
      7277,  8.0802005929564,  5.627779441E-04,  0.0            
      7278,  7.7765026336819,  -3.84663181E-04,  0.0            
      7279,  7.5310695950323,  6.323589176E-04,  0.0            
      7280,  7.3182376977092,  0.002206347481 ,  0.0            
      7281,  -1.50918278E-04,  9.5743988926384,  0.0            
      7282,  -3.26459165E-04,  9.1873846670987,  0.0            
      7283,  -4.35692722E-04,  8.8087420941662,  0.0            
      7284,  -2.75942348E-04,  8.4290263431676,  0.0            
      7285,  -2.26425253E-04,  8.0741579390166,  0.0            
      7286,  -0.002516110291,  7.7524541121458,  0.0            
      7287,  -0.008823874671,  7.5160347501196,  0.0            
      7288,  -0.004052553904,  7.313131932537 ,  0.0            
      7289,  -9.575944375377,  -5.11473192E-05,  0.0            
      7290,  -9.191406997604,  -1.55084185E-04,  0.0            
      7291,  -8.814447210442,  -3.83661985E-04,  0.0            
      7292,  -8.434275111199,  -6.69633056E-04,  0.0            
      7293,  -8.088909191942,  -9.51277489E-04,  0.0            
      7294,  -7.755123041567,  5.984483168E-04,  0.0            
      7295,  -7.522068744529,  0.0078718093621,  0.0            
      7296,  -7.317850729054,  -7.59993704E-04,  0.0            
      7297,  8.557101889E-05,  -9.585749411628,  0.0            
      7298,  2.886535329E-04,  -9.187908130086,  0.0            
      7299,  5.956978659E-04,  -8.795774432134,  0.0            
      7300,  6.818445139E-04,  -8.426973111338,  0.0            
      7301,  4.489937784E-04,  -8.074471872103,  0.0            
      7302,  1.040986806E-03,  -7.752597263981,  0.0            
      7303,  -0.019391327437,  -7.513398160391,  0.0            
      7304,  5.045935565E-04,  -7.318863496789,  0.0            
      7305,  6.6677648384954,  6.6678110029612,  0.0            
      7306,  6.2871321237399,  6.287207980312 ,  0.0            
      7307,  5.9196910121804,  5.9197381334896,  0.0            
      7308,  5.5595659552318,  5.5595722820292,  0.0            
      7309,  5.2004993995189,  5.2004911799415,  0.0            
      7310,  4.8326589330145,  4.8326582237811,  0.0            
      7311,  4.4381337028372,  4.438153536224 ,  0.0            
      7312,  4.0136127028853,  4.0136450991305,  0.0            
      7313,  8.7735812719044,  3.5964495077967,  0.0            
      7314,  8.3362733306793,  3.3779239843377,  0.0            
      7315,  7.9159002177546,  3.1642655585853,  0.0            
      7316,  7.5096694803586,  2.9482110170058,  0.0            
      7317,  7.1126691154915,  2.7274790031899,  0.0            
      7318,  6.7200532420436,  2.4916681133535,  0.0            
      7319,  6.3272138386833,  2.2300504242224,  0.0            
      7320,  5.9316899539767,  1.9288898762154,  0.0            
      7321,  7.6957513557878,  2.589964076399 ,  0.0            
      7322,  7.86974933269  ,  2.2312663905147,  0.0            
      7323,  8.020855049812 ,  1.8582147766563,  0.0            
      7324,  8.1567791825028,  1.4867034596617,  0.0            
      7325,  8.2766370844764,  1.1186806347168,  0.0            
      7326,  8.3565066939953,  0.7412121329471,  0.0            
      7327,  8.4097268952439,  0.3713515711298,  0.0            
      7328,  8.5407184888147,  1.6053576742034,  0.0            
      7329,  8.945572973565 ,  1.719244528359 ,  0.0            
      7330,  9.3588482771141,  1.8313293485799,  0.0            
      7331,  8.8197039842474,  2.1410765257054,  0.0            
      7332,  8.6782005220432,  2.5595643285474,  0.0            
      7333,  8.5211299137706,  2.9740504573434,  0.0            
      7334,  8.2694125254902,  2.3974557397895,  0.0            
      7335,  8.4123367097622,  2.0024262253752,  0.0            
      7336,  8.0988739413845,  2.7828063215183,  0.0            
      7337,  9.1158137680026,  2.7291638578576,  0.0            
      7338,  9.25193273509  ,  2.2839182879302,  0.0            
      7339,  8.952083091613 ,  3.1652994230618,  0.0            
      7340,  8.7272570772403,  0.8042187354398,  0.0            
      7341,  9.1107527623722,  0.8613563842581,  0.0            
      7342,  9.5143793621819,  0.9189903992363,  0.0            
      7343,  9.0375814123128,  1.2906834926717,  0.0            
      7344,  8.6534961855335,  1.2073342907885,  0.0            
      7345,  9.4483731179297,  1.3764912963983,  0.0            
      7346,  9.1570493013954,  0.4309698144244,  0.0            
      7347,  8.785991321265 ,  0.4029376538555,  0.0            
      7348,  9.5554034654027,  0.4599002012804,  0.0            
      7349,  6.7824619300058,  0.8649446062703,  0.0            
      7350,  7.0952611152541,  1.0584135474581,  0.0            
      7351,  7.4312481759224,  1.220740802328 ,  0.0            
      7352,  7.7859930516029,  1.3610843721958,  0.0            
      7353,  6.9206059611935,  1.3515176626704,  0.0            
      7354,  6.7319948353424,  1.6455404054412,  0.0            
      7355,  6.5347110180108,  1.9393595602995,  0.0            
      7356,  6.3730840802498,  1.3950721205357,  0.0            
      7357,  6.5838684153234,  1.128856096721 ,  0.0            
      7358,  6.1551620107421,  1.6619654895115,  0.0            
      7359,  7.4791644338485,  2.0513820327162,  0.0            
      7360,  7.1016545054004,  1.8608759280554,  0.0            
      7361,  7.6413422960879,  1.7073043049328,  0.0            
      7362,  7.2745485658047,  1.5412531919802,  0.0            
      7363,  7.3023774820154,  2.3914692358794,  0.0            
      7364,  6.9161879383787,  2.1778050144389,  0.0            
      7365,  7.4435736673147,  0.2605383763019,  0.0            
      7366,  7.3688686724379,  0.5029922533746,  0.0            
      7367,  7.2484896491403,  0.7712587880384,  0.0            
      7368,  7.1098861853248,  0.385236201374 ,  0.0            
      7369,  7.1856718644799,  0.2134713445631,  0.0            
      7370,  6.9633285640111,  0.6117873321506,  0.0            
      7371,  8.0013399316004,  0.6729141869928,  0.0            
      7372,  7.669559321161 ,  0.5953451436201,  0.0            
      7373,  8.0601353570478,  0.3366733612569,  0.0            
      7374,  7.7377502478959,  0.2964836325803,  0.0            
      7375,  7.9081040521905,  1.0152957617949,  0.0            
      7376,  7.5655653354782,  0.9030146963155,  0.0            
      7377,  5.8443714726282,  5.2646721971362,  0.0            
      7378,  6.118809764357 ,  4.9601429633871,  0.0            
      7379,  6.3822776274197,  4.6461897383478,  0.0            
      7380,  6.6336128795303,  4.3228668945628,  0.0            
      7381,  6.8717710536628,  3.9906385732198,  0.0            
      7382,  7.0978000643269,  3.6487965347596,  0.0            
      7383,  7.3100905321655,  3.3015090970177,  0.0            
      7384,  7.0390204045136,  4.6241834960525,  0.0            
      7385,  7.45018317978  ,  4.9259138270777,  0.0            
      7386,  7.8732809042998,  5.2347178020051,  0.0            
      7387,  7.1824507283449,  5.2847413778926,  0.0            
      7388,  6.8947430425454,  5.6282487391814,  0.0            
      7389,  6.5972905003108,  5.9635425453897,  0.0            
      7390,  6.5026682253605,  5.2913915233248,  0.0            
      7391,  6.7760482132208,  4.9616743240404,  0.0            
      7392,  6.216901532728 ,  5.6108136978481,  0.0            
      7393,  7.3004685344547,  5.9761334598183,  0.0            
      7394,  7.5933920119534,  5.6102908652246,  0.0            
      7395,  6.9916223678987,  6.3288142392399,  0.0            
      7396,  8.1428753355443,  3.7792039723678,  0.0            
      7397,  7.9248752780141,  4.1682794984258,  0.0            
      7398,  7.698312502157 ,  4.5536660581304,  0.0            
      7399,  7.5048415157235,  3.9085432297016,  0.0            
      7400,  7.7175870703497,  3.5397972283368,  0.0            
      7401,  7.2775913565134,  4.2695512072751,  0.0            
      7402,  8.3643761123834,  4.4373286512295,  0.0            
      7403,  8.5761253892974,  4.0199074621852,  0.0            
      7404,  8.1238084555802,  4.8387200436346,  0.0            
      7405,  4.998303782167 ,  2.9866019788243,  0.0            
      7406,  5.4300286462834,  3.3657851240784,  0.0            
      7407,  5.8442713882628,  3.7082059527798,  0.0            
      7408,  6.2401237612552,  4.0208205619117,  0.0            
      7409,  5.1897640607846,  3.6411311029263,  0.0            
      7410,  4.9437010721856,  3.9123275670556,  0.0            
      7411,  4.6922317772917,  4.1789716248066,  0.0            
      7412,  4.5105264439766,  3.5060254414245,  0.0            
      7413,  4.7560278116891,  3.2472915575626,  0.0            
      7414,  4.2617456298722,  3.7628329246669,  0.0            
      7415,  5.6024774437824,  3.9993920751415,  0.0            
      7416,  5.351597818652 ,  4.2856408859094,  0.0            
      7417,  5.0953526178347,  4.5628913608686,  0.0            
      7418,  5.738012005157 ,  4.6283082907049,  0.0            
      7419,  5.9934127027133,  4.3293607267363,  0.0            
      7420,  5.4735895549564,  4.918704453553 ,  0.0            
      7421,  6.1125674357151,  2.5187898229168,  0.0            
      7422,  5.8913291796927,  2.8046701828871,  0.0            
      7423,  5.6638566714142,  3.0869749246334,  0.0            
      7424,  5.4716923109352,  2.4610297622693,  0.0            
      7425,  5.7035298194424,  2.1955587719034,  0.0            
      7426,  5.2367636091613,  2.724595372262 ,  0.0            
      7427,  6.6986132592169,  3.3859000888572,  0.0            
      7428,  6.3012918920906,  3.1101090534448,  0.0            
      7429,  6.9112174948121,  3.0592779084314,  0.0            
      7430,  6.5142489783818,  2.8022025551673,  0.0            
      7431,  6.4749299015025,  3.7065709693853,  0.0            
      7432,  6.0772496772554,  3.4116878827634,  0.0            
      7433,  3.5958330224834,  8.7722889004371,  0.0            
      7434,  3.3769750287161,  8.3344112827005,  0.0            
      7435,  3.162945585409 ,  7.9141079728697,  0.0            
      7436,  2.9464864716859,  7.5086715072567,  0.0            
      7437,  2.7255955443027,  7.1129879576452,  0.0            
      7438,  2.4894679996795,  6.721668499154 ,  0.0            
      7439,  2.2330077888774,  6.325972821729 ,  0.0            
      7440,  1.9238231839938,  5.9368520665611,  0.0            
      7441,  3.3001360940843,  7.3096691009714,  0.0            
      7442,  3.6480331607115,  7.0974307488817,  0.0            
      7443,  3.9907311292215,  6.8715133152809,  0.0            
      7444,  4.326088899307 ,  6.6370880207682,  0.0            
      7445,  4.6466675956454,  6.3823571535566,  0.0            
      7446,  4.9603531760046,  6.1188512575598,  0.0            
      7447,  5.2647573855644,  5.8444121306418,  0.0            
      7448,  4.6226780290163,  7.036740557269 ,  0.0            
      7449,  4.9196822756767,  7.4414963561252,  0.0            
      7450,  5.23274261847  ,  7.8704755652329,  0.0            
      7451,  4.5480014513127,  7.6900243718097,  0.0            
      7452,  4.1664022349702,  7.9220409107432,  0.0            
      7453,  3.7783034634866,  8.1413559467817,  0.0            
      7454,  3.9071243429549,  7.5029617676108,  0.0            
      7455,  4.2679763068044,  7.2752303212959,  0.0            
      7456,  3.5385452875666,  7.7161670847716,  0.0            
      7457,  4.436187696653 ,  8.362664260305 ,  0.0            
      7458,  4.8369609594544,  8.1212823264797,  0.0            
      7459,  4.0192071409882,  8.5749185143599,  0.0            
      7460,  5.96744780697  ,  6.6015006850549,  0.0            
      7461,  5.6282593159447,  6.8945476125862,  0.0            
      7462,  5.2832165695961,  7.1802335707023,  0.0            
      7463,  5.2914412689747,  6.5025451201538,  0.0            
      7464,  5.6111357458494,  6.2172360772794,  0.0            
      7465,  4.9609770188949,  6.7749054841766,  0.0            
      7466,  5.9760610837215,  7.3002496625307,  0.0            
      7467,  6.329106605754 ,  6.991936838636 ,  0.0            
      7468,  5.6093049671936,  7.5919588993749,  0.0            
      7469,  2.9948427387807,  4.9908653857745,  0.0            
      7470,  3.3682249306285,  5.428064354783 ,  0.0            
      7471,  3.7097058483798,  5.8433587020064,  0.0            
      7472,  4.0219852277417,  6.2400253336548,  0.0            
      7473,  3.0875390287318,  5.663484167575 ,  0.0            
      7474,  2.8027586115208,  5.893204883936 ,  0.0            
      7475,  2.5186276256323,  6.1134041036358,  0.0            
      7476,  2.4580763871074,  5.4746890923591,  0.0            
      7477,  2.7253269517652,  5.2362203950339,  0.0            
      7478,  2.190902066318 ,  5.7082705322165,  0.0            
      7479,  3.3851979618683,  6.6989907530555,  0.0            
      7480,  3.1090094294313,  6.3022425377065,  0.0            
      7481,  3.7070164621786,  6.4749961151767,  0.0            
      7482,  3.4120893170281,  6.0770826568671,  0.0            
      7483,  3.0577947474096,  6.9117441427777,  0.0            
      7484,  2.8003566334802,  6.5156942402812,  0.0            
      7485,  4.1791009169746,  4.6923314631404,  0.0            
      7486,  3.912946568678 ,  4.943499660324 ,  0.0            
      7487,  3.643004428885 ,  5.1884267003464,  0.0            
      7488,  3.506688215782 ,  4.5100949785001,  0.0            
      7489,  3.7629030083398,  4.26179734243  ,  0.0            
      7490,  3.2497912353833,  4.7538814542219,  0.0            
      7491,  4.5630637207693,  5.0954507916325,  0.0            
      7492,  4.2861544105491,  5.3515780634529,  0.0            
      7493,  4.0006189069798,  5.6018937293039,  0.0            
      7494,  4.6287068715086,  5.7381044510882,  0.0            
      7495,  4.9188505323145,  5.4736511881158,  0.0            
      7496,  4.330280505587 ,  5.9934107001755,  0.0            
      7497,  0.3709338936933,  8.4072729723058,  0.0            
      7498,  0.7409508644973,  8.3517265758553,  0.0            
      7499,  1.1142984755939,  8.265656593652 ,  0.0            
      7500,  1.4874718921777,  8.1528230070451,  0.0            
      7501,  1.8577971356077,  8.0177014671801,  0.0            
      7502,  2.2246067966139,  7.8638827786113,  0.0            
      7503,  2.587744411921 ,  7.6936982921632,  0.0            
      7504,  1.6049019820014,  8.5375778339872,  0.0            
      7505,  1.7174289925996,  8.9389183420689,  0.0            
      7506,  1.8313452102651,  9.3593004144496,  0.0            
      7507,  0.8037783898489,  8.7240433557067,  0.0            
      7508,  0.8613937626609,  9.1113526794818,  0.0            
      7509,  0.9193224042062,  9.5173933651692,  0.0            
      7510,  0.4307310268419,  9.1598867685156,  0.0            
      7511,  0.4017383775652,  8.7774342534482,  0.0            
      7512,  0.4604735355387,  9.5663346302068,  0.0            
      7513,  1.2905931290731,  9.037011008007 ,  0.0            
      7514,  1.2051778408072,  8.6432413799718,  0.0            
      7515,  1.3780155387343,  9.4559856287307,  0.0            
      7516,  2.9728195113947,  8.5184534033878,  0.0            
      7517,  2.558487505873 ,  8.6759544310134,  0.0            
      7518,  2.1422537370435,  8.823473402395 ,  0.0            
      7519,  2.3936091021246,  8.2617925204682,  0.0            
      7520,  2.7810394446051,  8.0961893907142,  0.0            
      7521,  2.0013595000988,  8.4095971405945,  0.0            
      7522,  2.7262042739029,  9.108340852152 ,  0.0            
      7523,  3.1645328704854,  8.9502153627428,  0.0            
      7524,  2.2834551458891,  9.2508761217761,  0.0            
      7525,  0.8887137021183,  6.7665159569505,  0.0            
      7526,  1.0674970836847,  7.0884228089877,  0.0            
      7527,  1.2359605821984,  7.4291787741998,  0.0            
      7528,  1.3645600170778,  7.7824898377284,  0.0            
      7529,  0.7778642016957,  7.2414230949762,  0.0            
      7530,  0.5023535357915,  7.3647989298574,  0.0            
      7531,  0.2440916890531,  7.4443036429176,  0.0            
      7532,  0.3858378296354,  7.1080675335876,  0.0            
      7533,  0.6201298217227,  6.955221068345 ,  0.0            
      7534,  0.2081330877619,  7.2024206470485,  0.0            
      7535,  0.6727585853578,  7.9951597091136,  0.0            
      7536,  0.5946509959637,  7.6628533491281,  0.0            
      7537,  1.0175122799845,  7.9031927374795,  0.0            
      7538,  0.9075427061577,  7.5599382673316,  0.0            
      7539,  0.3339347967635,  8.0532342311546,  0.0            
      7540,  0.2930958164774,  7.7289768222433,  0.0            
      7541,  1.9361915428691,  6.5377817105322,  0.0            
      7542,  1.6447586670678,  6.7332568947844,  0.0            
      7543,  1.3564722376575,  6.9177047362965,  0.0            
      7544,  1.3937392779009,  6.3747223516412,  0.0            
      7545,  1.657489252137 ,  6.1596926864466,  0.0            
      7546,  1.134521847282 ,  6.5796268959427,  0.0            
      7547,  2.0502164492636,  7.4783404530566,  0.0            
      7548,  1.860355687474 ,  7.1023330934744,  0.0            
      7549,  2.3893997830376,  7.3022146887243,  0.0            
      7550,  2.1755644572838,  6.9177661552701,  0.0            
      7551,  1.708859005984 ,  7.6393751676808,  0.0            
      7552,  1.5449438829322,  7.2730046947914,  0.0            
      7553,  -6.675178179628,  6.6751783402481,  0.0            
      7554,  -6.290946317545,  6.2909460249238,  0.0            
      7555,  -5.921758452778,  5.9217541812982,  0.0            
      7556,  -5.560377728144,  5.5603610970119,  0.0            
      7557,  -5.200806393414,  5.2007596462714,  0.0            
      7558,  -4.832777228725,  4.8326794921395,  0.0            
      7559,  -4.438215358361,  4.4380745719612,  0.0            
      7560,  -4.013692234516,  4.0135448403561,  0.0            
      7561,  -3.599407650254,  8.779453792336 ,  0.0            
      7562,  -3.378567988419,  8.3373507716536,  0.0            
      7563,  -3.168271014445,  7.9225288321634,  0.0            
      7564,  -2.955846666094,  7.5156689701404,  0.0            
      7565,  -2.735828199906,  7.1164010579658,  0.0            
      7566,  -2.493357714743,  6.7211958833594,  0.0            
      7567,  -2.230656506323,  6.3276347537534,  0.0            
      7568,  -1.929052791453,  5.9318695568432,  0.0            
      7569,  -2.591805362   ,  7.6977890063497,  0.0            
      7570,  -2.231248991791,  7.8696082075363,  0.0            
      7571,  -1.857880414329,  8.020332945706 ,  0.0            
      7572,  -1.485851435366,  8.1557592942784,  0.0            
      7573,  -1.112871271604,  8.2698248022389,  0.0            
      7574,  -0.740457831811,  8.3576656233263,  0.0            
      7575,  -0.372064249991,  8.4227020281432,  0.0            
      7576,  -1.604907939934,  8.5407120696038,  0.0            
      7577,  -1.717783280574,  8.941223668564 ,  0.0            
      7578,  -1.83169774036 ,  9.3608143175983,  0.0            
      7579,  -2.140908981587,  8.81965150497  ,  0.0            
      7580,  -2.559246464202,  8.6776717691861,  0.0            
      7581,  -2.97210942957 ,  8.5166139783485,  0.0            
      7582,  -2.395211645225,  8.2641461047016,  0.0            
      7583,  -2.002004708126,  8.411680490991 ,  0.0            
      7584,  -2.783533083102,  8.099634798306 ,  0.0            
      7585,  -2.729133658696,  9.1158987016056,  0.0            
      7586,  -2.284006156435,  9.2524627775742,  0.0            
      7587,  -3.165624923594,  8.952686091911 ,  0.0            
      7588,  -0.804070886864,  8.7308377056302,  0.0            
      7589,  -0.861845949363,  9.1156322961788,  0.0            
      7590,  -0.919576530257,  9.5191320981969,  0.0            
      7591,  -1.291061930003,  9.0406296738874,  0.0            
      7592,  -1.206716863626,  8.6543117782571,  0.0            
      7593,  -1.378347234432,  9.4578264809645,  0.0            
      7594,  -0.431246811348,  9.1630182637598,  0.0            
      7595,  -0.40308466697 ,  8.7925717890413,  0.0            
      7596,  -0.460751152866,  9.5676479124115,  0.0            
      7597,  -0.864373133027,  6.7815470607899,  0.0            
      7598,  -1.057502618171,  7.09357335104  ,  0.0            
      7599,  -1.219772818313,  7.4293512757496,  0.0            
      7600,  -1.36009972944 ,  7.7843138031743,  0.0            
      7601,  -1.351119887581,  6.9199610400981,  0.0            
      7602,  -1.645567871708,  6.731969949107 ,  0.0            
      7603,  -1.939792676722,  6.5350586311163,  0.0            
      7604,  -1.395055546972,  6.3730476404313,  0.0            
      7605,  -1.128623172438,  6.5835707795186,  0.0            
      7606,  -1.662067004259,  6.1552668454394,  0.0            
      7607,  -2.051841038403,  7.479919059636 ,  0.0            
      7608,  -1.861129175751,  7.1019693108934,  0.0            
      7609,  -1.707022526001,  7.6408614376505,  0.0            
      7610,  -1.540898662855,  7.2738973891794,  0.0            
      7611,  -2.39339346636 ,  7.3042916432322,  0.0            
      7612,  -2.178924809258,  6.9171170406623,  0.0            
      7613,  -0.259215821334,  7.4513704530395,  0.0            
      7614,  -0.501152388466,  7.3666170283826,  0.0            
      7615,  -0.770000479582,  7.2459621081076,  0.0            
      7616,  -0.384311560982,  7.1105563406603,  0.0            
      7617,  -0.21983813308 ,  7.1963841692769,  0.0            
      7618,  -0.611182074911,  6.9623303332817,  0.0            
      7619,  -0.671326406972,  7.9980086399564,  0.0            
      7620,  -0.593123594258,  7.6643676094349,  0.0            
      7621,  -0.335851475712,  8.0554830695386,  0.0            
      7622,  -0.296484571633,  7.7295586302028,  0.0            
      7623,  -1.013772963888,  7.9054591284543,  0.0            
      7624,  -0.901469370956,  7.5621749890878,  0.0            
      7625,  -5.265493236404,  5.8451950644845,  0.0            
      7626,  -4.960992109232,  6.1196050303014,  0.0            
      7627,  -4.647064907173,  6.3831165386165,  0.0            
      7628,  -4.323896437516,  6.6348562355604,  0.0            
      7629,  -3.992098117888,  6.8739344314023,  0.0            
      7630,  -3.654659752476,  7.1030245150606,  0.0            
      7631,  -3.304616208243,  7.3140595808165,  0.0            
      7632,  -4.621947363497,  7.0359558852467,  0.0            
      7633,  -4.92646313121 ,  7.4508003901469,  0.0            
      7634,  -5.235044858178,  7.8735960368752,  0.0            
      7635,  -5.286322377144,  7.1842387626536,  0.0            
      7636,  -5.631227770513,  6.8980324465176,  0.0            
      7637,  -5.97050716492 ,  6.604766333092 ,  0.0            
      7638,  -5.293085750522,  6.5045085650778,  0.0            
      7639,  -4.96281879996 ,  6.7773516534151,  0.0            
      7640,  -5.61287635101 ,  6.2190963774994,  0.0            
      7641,  -5.982364582437,  7.3075985038293,  0.0            
      7642,  -5.611869795084,  7.5951850830757,  0.0            
      7643,  -6.332321284299,  6.9953756131444,  0.0            
      7644,  -3.779877442116,  8.1442131379157,  0.0            
      7645,  -4.168400478003,  7.9251386425225,  0.0            
      7646,  -4.553651508405,  7.6982264751472,  0.0            
      7647,  -3.90994840248 ,  7.5070967188659,  0.0            
      7648,  -3.541728601014,  7.72053627904  ,  0.0            
      7649,  -4.270519848975,  7.2790529608837,  0.0            
      7650,  -4.433881309768,  8.3588020761662,  0.0            
      7651,  -4.019865477284,  8.5762716800865,  0.0            
      7652,  -4.838321438959,  8.1231012526575,  0.0            
      7653,  -2.986862925912,  4.9983337699721,  0.0            
      7654,  -3.366392514694,  5.4301572842629,  0.0            
      7655,  -3.709130301858,  5.8446443540389,  0.0            
      7656,  -4.021932814792,  6.2409924504366,  0.0            
      7657,  -3.642047043055,  5.1894717430518,  0.0            
      7658,  -3.914714676393,  4.9418727704371,  0.0            
      7659,  -4.179339086947,  4.6920293923931,  0.0            
      7660,  -3.506457715459,  4.5102680308366,  0.0            
      7661,  -3.247725844442,  4.7558505699884,  0.0            
      7662,  -3.76300833872 ,  4.2616283940117,  0.0            
      7663,  -4.000570444531,  5.6022963082228,  0.0            
      7664,  -4.286638236258,  5.351269716041 ,  0.0            
      7665,  -4.563259630377,  5.0953135512386,  0.0            
      7666,  -4.629068478358,  5.7382155982576,  0.0            
      7667,  -4.330442058741,  5.9936815631849,  0.0            
      7668,  -4.91912228047 ,  5.4738779171633,  0.0            
      7669,  -2.519265722213,  6.1130106388667,  0.0            
      7670,  -2.805050575082,  5.8918671712688,  0.0            
      7671,  -3.087382107561,  5.6643231442844,  0.0            
      7672,  -2.46116339548 ,  5.4719162417728,  0.0            
      7673,  -2.195721367856,  5.7037530344571,  0.0            
      7674,  -2.724746536728,  5.2369272848201,  0.0            
      7675,  -3.387630304943,  6.7011600838527,  0.0            
      7676,  -3.110943093065,  6.3024735485942,  0.0            
      7677,  -3.061940329858,  6.9141418960274,  0.0            
      7678,  -2.80495373139 ,  6.5174948598612,  0.0            
      7679,  -3.70782382612 ,  6.4766701354138,  0.0            
      7680,  -3.41245694596 ,  6.0782279258712,  0.0            
      7681,  -8.771061556687,  3.595244278795 ,  0.0            
      7682,  -8.332976838222,  3.3763040019846,  0.0            
      7683,  -7.913647651411,  3.1627277050103,  0.0            
      7684,  -7.508956879397,  2.9466337779078,  0.0            
      7685,  -7.113337019908,  2.7256380456389,  0.0            
      7686,  -6.722069751268,  2.489073139935 ,  0.0            
      7687,  -6.331020307432,  2.2261502226251,  0.0            
      7688,  -5.937317528447,  1.9233143299975,  0.0            
      7689,  -7.310142103515,  3.3004609795388,  0.0            
      7690,  -7.098301558425,  3.648549265712 ,  0.0            
      7691,  -6.872869222902,  3.9913535473134,  0.0            
      7692,  -6.638787777654,  4.3267960763545,  0.0            
      7693,  -6.383764670086,  4.6473761471377,  0.0            
      7694,  -6.119910061026,  4.961094779128 ,  0.0            
      7695,  -5.845277471879,  5.2654980985907,  0.0            
      7696,  -7.040183103048,  4.6251400080286,  0.0            
      7697,  -7.450510653978,  4.9262988673554,  0.0            
      7698,  -7.873408365302,  5.2349324217999,  0.0            
      7699,  -7.69734467302 ,  4.5531443603538,  0.0            
      7700,  -7.923122018152,  4.1672625516775,  0.0            
      7701,  -8.140702684229,  3.7780100907752,  0.0            
      7702,  -7.504428446282,  3.9081373168601,  0.0            
      7703,  -7.277890828623,  4.2698392537752,  0.0            
      7704,  -7.716484531171,  3.538782243513 ,  0.0            
      7705,  -8.357542932096,  4.4331891356619,  0.0            
      7706,  -8.122545566318,  4.8379983370372,  0.0            
      7707,  -8.573866936284,  4.0186424903799,  0.0            
      7708,  -6.604758745742,  5.9705002800558,  0.0            
      7709,  -6.898005386842,  5.6312072514264,  0.0            
      7710,  -7.18417237616 ,  5.2862848601627,  0.0            
      7711,  -6.504618626585,  5.293154575847 ,  0.0            
      7712,  -6.219118692534,  5.6128828324368,  0.0            
      7713,  -6.77758694969 ,  4.9629812145133,  0.0            
      7714,  -7.307576400793,  5.9823490569985,  0.0            
      7715,  -6.995367357175,  6.33231458147  ,  0.0            
      7716,  -7.595102352548,  5.611814162682 ,  0.0            
      7717,  -4.998502924822,  2.9865695690051,  0.0            
      7718,  -5.430302907232,  3.365821773476 ,  0.0            
      7719,  -5.844755865442,  3.7084345765293,  0.0            
      7720,  -6.241236053872,  4.0215864316232,  0.0            
      7721,  -5.664940358122,  3.085940314376 ,  0.0            
      7722,  -5.89341295636 ,  2.8024376596547,  0.0            
      7723,  -6.113519613476,  2.5185215028497,  0.0            
      7724,  -5.475293511371,  2.4576213072126,  0.0            
      7725,  -5.238415279649,  2.7230905444622,  0.0            
      7726,  -5.708454363227,  2.1908394553343,  0.0            
      7727,  -6.699377730581,  3.3853192946408,  0.0            
      7728,  -6.302179624021,  3.1087382530637,  0.0            
      7729,  -6.475877500588,  3.7068103936198,  0.0            
      7730,  -6.077918425548,  3.4111698434737,  0.0            
      7731,  -6.911977339928,  3.0579975519812,  0.0            
      7732,  -6.515706029544,  2.8003485444642,  0.0            
      7733,  -4.692507974652,  4.1788880461463,  0.0            
      7734,  -4.944084162404,  3.9123127240045,  0.0            
      7735,  -5.18996927303 ,  3.6413134425038,  0.0            
      7736,  -4.510843745788,  3.5058734383795,  0.0            
      7737,  -4.262006404174,  3.7626483057226,  0.0            
      7738,  -4.756076808472,  3.2474340832968,  0.0            
      7739,  -5.095650603526,  4.5629775989807,  0.0            
      7740,  -5.352062429221,  4.2858329279819,  0.0            
      7741,  -5.602918307306,  3.9997166753841,  0.0            
      7742,  -5.738684973798,  4.628819887378 ,  0.0            
      7743,  -5.474033649516,  4.9190485438778,  0.0            
      7744,  -5.99438733535 ,  4.330112058538 ,  0.0            
      7745,  -8.41240890136 ,  0.3704081579251,  0.0            
      7746,  -8.355514851669,  0.7400939903293,  0.0            
      7747,  -8.267910445726,  1.1133853688705,  0.0            
      7748,  -8.154167873933,  1.4867936223763,  0.0            
      7749,  -8.018572105319,  1.8572792514545,  0.0            
      7750,  -7.864397361159,  2.2242886791351,  0.0            
      7751,  -7.69400262446 ,  2.5876928228676,  0.0            
      7752,  -8.537429363794,  1.6043726670371,  0.0            
      7753,  -8.938367374948,  1.7171059557845,  0.0            
      7754,  -9.358990366703,  1.8312048629375,  0.0            
      7755,  -8.727543720018,  0.8034100295023,  0.0            
      7756,  -9.113710663741,  0.8612863416357,  0.0            
      7757,  -9.518440317382,  0.9193107265728,  0.0            
      7758,  -9.163598166825,  0.4308202822517,  0.0            
      7759,  -8.786992102142,  0.4020184200778,  0.0            
      7760,  -9.568061735758,  0.4605488577869,  0.0            
      7761,  -9.037615684107,  1.290351732453 ,  0.0            
      7762,  -8.644410929144,  1.2046423357268,  0.0            
      7763,  -9.456247940721,  1.3779391823579,  0.0            
      7764,  -8.512320884029,  2.9700253787208,  0.0            
      7765,  -8.674305622258,  2.5577769459548,  0.0            
      7766,  -8.822393820033,  2.1418404556807,  0.0            
      7767,  -8.261053492042,  2.393171185548 ,  0.0            
      7768,  -8.095391558137,  2.7806174253307,  0.0            
      7769,  -8.409038488498,  2.0009222547316,  0.0            
      7770,  -9.107215018763,  2.7257304573421,  0.0            
      7771,  -8.948914445375,  3.1639383208779,  0.0            
      7772,  -9.250143878034,  2.2831945386195,  0.0            
      7773,  -6.781851326119,  0.8645628023148,  0.0            
      7774,  -7.094034811453,  1.0581427540577,  0.0            
      7775,  -7.430335675143,  1.2214150602767,  0.0            
      7776,  -7.788602235889,  1.3689224511609,  0.0            
      7777,  -7.2456551539  ,  0.770406316404 ,  0.0            
      7778,  -7.365170297178,  0.4992081515008,  0.0            
      7779,  -7.440864982413,  0.2628840974135,  0.0            
      7780,  -7.107652275845,  0.3822106816271,  0.0            
      7781,  -6.961395698101,  0.6109783749504,  0.0            
      7782,  -7.186743858361,  0.2135703294975,  0.0            
      7783,  -7.998731743582,  0.6712341477438,  0.0            
      7784,  -7.665528168072,  0.5924186391205,  0.0            
      7785,  -7.906236880928,  1.015288792714 ,  0.0            
      7786,  -7.563144681659,  0.9027909356419,  0.0            
      7787,  -8.057405822391,  0.3332902713833,  0.0            
      7788,  -7.731512018423,  0.2934548785469,  0.0            
      7789,  -6.53836880213 ,  1.9349803239292,  0.0            
      7790,  -6.73440815804 ,  1.6420638938703,  0.0            
      7791,  -6.921219334889,  1.3498628347246,  0.0            
      7792,  -6.376802946627,  1.3907483850331,  0.0            
      7793,  -6.160482412443,  1.6563372875508,  0.0            
      7794,  -6.585345036292,  1.1267513524659,  0.0            
      7795,  -7.479277887478,  2.0494267850112,  0.0            
      7796,  -7.103151723845,  1.858548168886 ,  0.0            
      7797,  -7.302731460672,  2.3891632550768,  0.0            
      7798,  -6.918266737612,  2.1747879927069,  0.0            
      7799,  -7.64116540278 ,  1.7071584441229,  0.0            
      7800,  -7.275008261835,  1.5406816899621,  0.0            
      7801,  -6.669134101558,  -6.669133159001,  0.0            
      7802,  -6.289674988265,  -6.289670792051,  0.0            
      7803,  -5.922235994814,  -5.922222553533,  0.0            
      7804,  -5.561220287508,  -5.561187757957,  0.0            
      7805,  -5.201374882383,  -5.201326354143,  0.0            
      7806,  -4.833100649972,  -4.833065155393,  0.0            
      7807,  -4.438339478148,  -4.43833586808 ,  0.0            
      7808,  -4.013693238534,  -4.013704346624,  0.0            
      7809,  -8.779514405574,  -3.599388947432,  0.0            
      7810,  -8.336151754096,  -3.37785876383 ,  0.0            
      7811,  -7.914990132708,  -3.163794996014,  0.0            
      7812,  -7.509108875908,  -2.948674848981,  0.0            
      7813,  -7.113689780467,  -2.733931050166,  0.0            
      7814,  -6.720058012526,  -2.492690885635,  0.0            
      7815,  -6.327171202155,  -2.230471000601,  0.0            
      7816,  -5.931699223592,  -1.929019439482,  0.0            
      7817,  -7.694232234984,  -2.589386478442,  0.0            
      7818,  -7.864803586084,  -2.225112535906,  0.0            
      7819,  -8.019903636656,  -1.857217089055,  0.0            
      7820,  -8.157473103519,  -1.486621057997,  0.0            
      7821,  -8.278897036566,  -1.118924676335,  0.0            
      7822,  -8.361669634552,  -0.741669119074,  0.0            
      7823,  -8.426967753452,  -0.372614054245,  0.0            
      7824,  -8.541517186649,  -1.605326340838,  0.0            
      7825,  -8.94051119115 ,  -1.717663898926,  0.0            
      7826,  -9.359451734938,  -1.831428025923,  0.0            
      7827,  -8.819300987667,  -2.14078173454 ,  0.0            
      7828,  -8.677416358621,  -2.559063534157,  0.0            
      7829,  -8.515956543345,  -2.971675009631,  0.0            
      7830,  -8.26267856659 ,  -2.393965673206,  0.0            
      7831,  -8.411329017221,  -2.00151402104 ,  0.0            
      7832,  -8.096977698102,  -2.781698447519,  0.0            
      7833,  -9.116155479151,  -2.729257089855,  0.0            
      7834,  -9.252263832532,  -2.284001331602,  0.0            
      7835,  -8.952929306942,  -3.165705617045,  0.0            
      7836,  -8.733609077062,  -0.804750011994,  0.0            
      7837,  -9.116238016764,  -0.86177153108 ,  0.0            
      7838,  -9.518391572264,  -0.919280997916,  0.0            
      7839,  -9.040067044929,  -1.290958773126,  0.0            
      7840,  -8.656377391037,  -1.207682663183,  0.0            
      7841,  -9.450195289405,  -1.376722480205,  0.0            
      7842,  -9.165358939888,  -0.431162218742,  0.0            
      7843,  -8.796304066598,  -0.403237216931,  0.0            
      7844,  -9.568642850637,  -0.460649535835,  0.0            
      7845,  -6.781149569958,  -0.864425409136,  0.0            
      7846,  -7.093465390716,  -1.057568020632,  0.0            
      7847,  -7.429854761323,  -1.220027265533,  0.0            
      7848,  -7.785658613362,  -1.360701210622,  0.0            
      7849,  -6.919612407784,  -1.350907482737,  0.0            
      7850,  -6.731403925239,  -1.645215347174,  0.0            
      7851,  -6.534473387817,  -1.939491035658,  0.0            
      7852,  -6.37271486463 ,  -1.394855402986,  0.0            
      7853,  -6.583255270242,  -1.12851083384 ,  0.0            
      7854,  -6.155025118969,  -1.661963319803,  0.0            
      7855,  -7.478476365872,  -2.050615691379,  0.0            
      7856,  -7.10130351203 ,  -1.860604979911,  0.0            
      7857,  -7.640688444349,  -1.706580751896,  0.0            
      7858,  -7.273779697747,  -1.540685194854,  0.0            
      7859,  -7.30200660468 ,  -2.391819698108,  0.0            
      7860,  -6.91610474759 ,  -2.178309564726,  0.0            
      7861,  -7.43948984708 ,  -0.260836896504,  0.0            
      7862,  -7.365409824318,  -0.498856534697,  0.0            
      7863,  -7.24535721576 ,  -0.769877791083,  0.0            
      7864,  -7.108277257413,  -0.382304720501,  0.0            
      7865,  -7.194977638638,  -0.218514503834,  0.0            
      7866,  -6.961182732823,  -0.610785179027,  0.0            
      7867,  -8.001485319778,  -0.672104896583,  0.0            
      7868,  -7.665903320686,  -0.592324120977,  0.0            
      7869,  -8.059598863652,  -0.334161171161,  0.0            
      7870,  -7.732067196545,  -0.292434328321,  0.0            
      7871,  -7.908077398509,  -1.015024457431,  0.0            
      7872,  -7.563101615134,  -0.902000200569,  0.0            
      7873,  -5.846165957761,  -5.266298013385,  0.0            
      7874,  -6.120492939293,  -4.961645569637,  0.0            
      7875,  -6.383362144282,  -4.64718010088 ,  0.0            
      7876,  -6.634023430357,  -4.323258517607,  0.0            
      7877,  -6.87184221485 ,  -3.990734825153,  0.0            
      7878,  -7.096902069644,  -3.650499845254,  0.0            
      7879,  -7.310208057655,  -3.301781582508,  0.0            
      7880,  -7.039248927396,  -4.624466102777,  0.0            
      7881,  -7.450245224076,  -4.926079649063,  0.0            
      7882,  -7.87321414782 ,  -5.234750013714,  0.0            
      7883,  -7.183692045863,  -5.285886430159,  0.0            
      7884,  -6.897243374177,  -5.630523289746,  0.0            
      7885,  -6.603630570764,  -5.969402008073,  0.0            
      7886,  -6.508665962744,  -5.296662725477,  0.0            
      7887,  -6.77766882352 ,  -4.963143587242,  0.0            
      7888,  -6.219841206828,  -5.613494507337,  0.0            
      7889,  -7.301658452492,  -5.977231207333,  0.0            
      7890,  -7.593970141374,  -5.610835148188,  0.0            
      7891,  -6.993131961622,  -6.330216032843,  0.0            
      7892,  -8.142747526966,  -3.779048203918,  0.0            
      7893,  -7.924028788818,  -4.16774363357 ,  0.0            
      7894,  -7.697441418516,  -4.553156918253,  0.0            
      7895,  -7.504628677838,  -3.908316810226,  0.0            
      7896,  -7.717330641553,  -3.539493179599,  0.0            
      7897,  -7.277447236818,  -4.269504910748,  0.0            
      7898,  -8.35850166108 ,  -4.433700897925,  0.0            
      7899,  -8.576085471974,  -4.019737868517,  0.0            
      7900,  -8.122771620692,  -4.838106557686,  0.0            
      7901,  -4.998379408389,  -2.986659863638,  0.0            
      7902,  -5.430190921766,  -3.365927585513,  0.0            
      7903,  -5.844496356333,  -3.70841298292 ,  0.0            
      7904,  -6.240423718408,  -4.021104892354,  0.0            
      7905,  -5.1899968953  ,  -3.641361031642,  0.0            
      7906,  -4.943984922726,  -3.91261705858 ,  0.0            
      7907,  -4.69250346541 ,  -4.17924211397 ,  0.0            
      7908,  -4.510637367183,  -3.506142866036,  0.0            
      7909,  -4.75612498533 ,  -3.247385444923,  0.0            
      7910,  -4.261852944038,  -3.76293527858 ,  0.0            
      7911,  -5.602855683375,  -3.999755467349,  0.0            
      7912,  -5.352109183016,  -4.286131900323,  0.0            
      7913,  -5.095883836347,  -4.563387160888,  0.0            
      7914,  -5.738821856212,  -4.629042920072,  0.0            
      7915,  -5.993969483109,  -4.329879556796,  0.0            
      7916,  -5.474503693928,  -4.919532871944,  0.0            
      7917,  -6.112504599426,  -2.519039286988,  0.0            
      7918,  -5.891390004285,  -2.804791557767,  0.0            
      7919,  -5.663992259143,  -3.087085978294,  0.0            
      7920,  -5.471744257646,  -2.461095792626,  0.0            
      7921,  -5.703566920469,  -2.195674107622,  0.0            
      7922,  -5.236822723005,  -2.724637282845,  0.0            
      7923,  -6.698916698646,  -3.386122021724,  0.0            
      7924,  -6.301383036583,  -3.110270820655,  0.0            
      7925,  -6.91159389993 ,  -3.06008088943 ,  0.0            
      7926,  -6.516312317624,  -2.804230279772,  0.0            
      7927,  -6.475110549623,  -3.706738792846,  0.0            
      7928,  -6.077438598174,  -3.411850880916,  0.0            
      7929,  -3.599064813446,  -8.778886701068,  0.0            
      7930,  -3.37758589039 ,  -8.335713684627,  0.0            
      7931,  -3.163762801053,  -7.915613747053,  0.0            
      7932,  -2.94734537035 ,  -7.510152606077,  0.0            
      7933,  -2.725758531002,  -7.113694220101,  0.0            
      7934,  -2.488684856613,  -6.72220473696 ,  0.0            
      7935,  -2.225553831262,  -6.331228929079,  0.0            
      7936,  -1.922907147235,  -5.93749635978 ,  0.0            
      7937,  -3.301331357819,  -7.311631478066,  0.0            
      7938,  -3.649580203871,  -7.099778783502,  0.0            
      7939,  -3.992555626896,  -6.874060894206,  0.0            
      7940,  -4.328100023046,  -6.639687697779,  0.0            
      7941,  -4.648655703667,  -6.384788794588,  0.0            
      7942,  -4.962222053324,  -6.12102229866 ,  0.0            
      7943,  -5.266443008541,  -5.846239634428,  0.0            
      7944,  -4.625687543066,  -7.040847093631,  0.0            
      7945,  -4.926445764479,  -7.450757771945,  0.0            
      7946,  -5.234828299756,  -7.873325339019,  0.0            
      7947,  -4.55369260244 ,  -7.698222048206,  0.0            
      7948,  -4.167911536489,  -7.924200759195,  0.0            
      7949,  -3.776500784779,  -8.138215740338,  0.0            
      7950,  -3.909283138694,  -7.506244674073,  0.0            
      7951,  -4.270779661645,  -7.2792719641  ,  0.0            
      7952,  -3.539875660772,  -7.718392612233,  0.0            
      7953,  -4.43349759924 ,  -8.358101433431,  0.0            
      7954,  -4.838091655587,  -8.122724656231,  0.0            
      7955,  -4.019373328281,  -8.575416719567,  0.0            
      7956,  -5.969410595164,  -6.603636694118,  0.0            
      7957,  -5.630612994486,  -6.897359314151,  0.0            
      7958,  -5.286093249655,  -7.183975030471,  0.0            
      7959,  -5.29686760224 ,  -6.508895704127,  0.0            
      7960,  -5.613570832139,  -6.219900505986,  0.0            
      7961,  -4.963869020278,  -6.778574646572,  0.0            
      7962,  -5.977253433848,  -7.301689544283,  0.0            
      7963,  -6.33022284512 ,  -6.993139469584,  0.0            
      7964,  -5.610882957519,  -7.594039821944,  0.0            
      7965,  -2.994874548106,  -4.990783881669,  0.0            
      7966,  -3.368349075698,  -5.428039043948,  0.0            
      7967,  -3.710455643337,  -5.844108237712,  0.0            
      7968,  -4.027355524691,  -6.243370301037,  0.0            
      7969,  -3.087682647678,  -5.663525308061,  0.0            
      7970,  -2.802562528992,  -5.893398371108,  0.0            
      7971,  -2.514895176013,  -6.116033030139,  0.0            
      7972,  -2.45793443182 ,  -5.474791669806,  0.0            
      7973,  -2.725365601884,  -5.236161667075,  0.0            
      7974,  -2.190270110058,  -5.708731497428,  0.0            
      7975,  -3.385887486228,  -6.700080502784,  0.0            
      7976,  -3.109050324735,  -6.302600066108,  0.0            
      7977,  -3.708182915527,  -6.476481019796,  0.0            
      7978,  -3.412673999968,  -6.077700770239,  0.0            
      7979,  -3.058115988567,  -6.912615768949,  0.0            
      7980,  -2.801167645118,  -6.518151845254,  0.0            
      7981,  -4.179228324621,  -4.692429196252,  0.0            
      7982,  -3.913035496475,  -4.943535378631,  0.0            
      7983,  -3.643101317147,  -5.188409545329,  0.0            
      7984,  -3.506709357614,  -4.510069951223,  0.0            
      7985,  -3.76294535385 ,  -4.261814402403,  0.0            
      7986,  -3.249815063176,  -4.75381301386 ,  0.0            
      7987,  -4.563405949597,  -5.095775317129,  0.0            
      7988,  -4.286490334374,  -5.351883549167,  0.0            
      7989,  -4.001167804644,  -5.602418743573,  0.0            
      7990,  -4.629642449964,  -5.739131957753,  0.0            
      7991,  -4.919672822575,  -5.474506693807,  0.0            
      7992,  -4.331526620863,  -5.994832099723,  0.0            
      7993,  -0.370336407972,  -8.405548561102,  0.0            
      7994,  -0.739788050051,  -8.350590925611,  0.0            
      7995,  -1.112274987638,  -8.264954588021,  0.0            
      7996,  -1.485131729601,  -8.152526945103,  0.0            
      7997,  -1.85629149677 ,  -8.017773157645,  0.0            
      7998,  -2.224292150379,  -7.864351694415,  0.0            
      7999,  -2.588198658431,  -7.694668252194,  0.0            
      8000,  -1.604365126867,  -8.537894161614,  0.0            
      8001,  -1.719032840546,  -8.944968042929,  0.0            
      8002,  -1.831208701077,  -9.358752189197,  0.0            
      8003,  -0.80325599813 ,  -8.723709423594,  0.0            
      8004,  -0.862337024667,  -9.119465156904,  0.0            
      8005,  -0.919309088901,  -9.518693613453,  0.0            
      8006,  -0.430808709883,  -9.161386117164,  0.0            
      8007,  -0.401486567177,  -8.775657466572,  0.0            
      8008,  -0.460590148946,  -9.569659973764,  0.0            
      8009,  -1.290581243482,  -9.038045227311,  0.0            
      8010,  -1.20454931554 ,  -8.643393453001,  0.0            
      8011,  -1.376675211548,  -9.450042788575,  0.0            
      8012,  -2.973546811758,  -8.520000586648,  0.0            
      8013,  -2.559011698353,  -8.67711924662 ,  0.0            
      8014,  -2.142527377435,  -8.824280861428,  0.0            
      8015,  -2.393850036259,  -8.262571862065,  0.0            
      8016,  -2.781607957347,  -8.097274014252,  0.0            
      8017,  -2.00116156079 ,  -8.410148431917,  0.0            
      8018,  -2.728859607635,  -9.114913697306,  0.0            
      8019,  -3.165421360186,  -8.952192802536,  0.0            
      8020,  -2.281704783039,  -9.24528798328 ,  0.0            
      8021,  -0.864424615829,  -6.781373117948,  0.0            
      8022,  -1.057579266026,  -7.093372747799,  0.0            
      8023,  -1.219802694133,  -7.428845715494,  0.0            
      8024,  -1.359828506466,  -7.78271237404 ,  0.0            
      8025,  -0.770600053074,  -7.244560468332,  0.0            
      8026,  -0.502052370695,  -7.363464456307,  0.0            
      8027,  -0.267841149772,  -7.447067478407,  0.0            
      8028,  -0.385303100781,  -7.106700859072,  0.0            
      8029,  -0.611796373094,  -6.960511680737,  0.0            
      8030,  -0.218900935201,  -7.189435106262,  0.0            
      8031,  -0.671551556197,  -7.995098859389,  0.0            
      8032,  -0.594017776255,  -7.66288238616 ,  0.0            
      8033,  -1.013932591641,  -7.903246055417,  0.0            
      8034,  -0.902069260074,  -7.561188936349,  0.0            
      8035,  -0.335507640868,  -8.053242908198,  0.0            
      8036,  -0.295552523625,  -7.728646372836,  0.0            
      8037,  -1.934927456996,  -6.538213142115,  0.0            
      8038,  -1.641940742899,  -6.734095204561,  0.0            
      8039,  -1.349445070026,  -6.920844145964,  0.0            
      8040,  -1.390719999341,  -6.376674542006,  0.0            
      8041,  -1.656283772445,  -6.160389092311,  0.0            
      8042,  -1.12664465339 ,  -6.585215352927,  0.0            
      8043,  -2.049076588133,  -7.478477435998,  0.0            
      8044,  -1.858250823419,  -7.102492271589,  0.0            
      8045,  -2.389304515754,  -7.302631502907,  0.0            
      8046,  -2.17475745998 ,  -6.917992181079,  0.0            
      8047,  -1.705589406924,  -7.639516265879,  0.0            
      8048,  -1.539561211049,  -7.273923472297,  0.0            
      8049,  6.6697488461057,  -6.669713129939,  0.0            
      8050,  6.2898166076543,  -6.289763951368,  0.0            
      8051,  5.9223247567091,  -5.922279679035,  0.0            
      8052,  5.5653779713658,  -5.56536013911 ,  0.0            
      8053,  5.2055822044281,  -5.20558987562 ,  0.0            
      8054,  4.8341940319481,  -4.834197889588,  0.0            
      8055,  4.4386580380188,  -4.438640838788,  0.0            
      8056,  4.0137737999341,  -4.013750842872,  0.0            
      8057,  3.5996514446497,  -8.779830158104,  0.0            
      8058,  3.3786649564215,  -8.337546027716,  0.0            
      8059,  3.1669547856156,  -7.920933619382,  0.0            
      8060,  2.9483093822073,  -7.509826544104,  0.0            
      8061,  2.7273000454191,  -7.112325015338,  0.0            
      8062,  2.4915672557228,  -6.719836417911,  0.0            
      8063,  2.230034386673 ,  -6.327143997978,  0.0            
      8064,  1.9288880479859,  -5.93165964172 ,  0.0            
      8065,  2.5892605333586,  -7.69481775524 ,  0.0            
      8066,  2.225204213502 ,  -7.864753789079,  0.0            
      8067,  1.8569502026673,  -8.018705704437,  0.0            
      8068,  1.4859565864587,  -8.154723815988,  0.0            
      8069,  1.1180392076605,  -8.274665211893,  0.0            
      8070,  0.740888707573 ,  -8.356858444574,  0.0            
      8071,  0.3723630654417,  -8.421049438051,  0.0            
      8072,  1.6046336817434,  -8.538699741238,  0.0            
      8073,  1.7186512000548,  -8.94446040127 ,  0.0            
      8074,  1.8309386962915,  -9.358567196998,  0.0            
      8075,  2.1400685630385,  -8.81718821366 ,  0.0            
      8076,  2.5587532143694,  -8.675922899903,  0.0            
      8077,  2.974167084832 ,  -8.52085304725 ,  0.0            
      8078,  2.396172229877 ,  -8.267381155204,  0.0            
      8079,  2.0013250185276,  -8.410301216655,  0.0            
      8080,  2.7826138930752,  -8.098643156299,  0.0            
      8081,  2.7260165033381,  -9.107354662971,  0.0            
      8082,  2.2809316692694,  -9.243330370721,  0.0            
      8083,  3.1652157751977,  -8.951340292995,  0.0            
      8084,  0.804006533354 ,  -8.728411167279,  0.0            
      8085,  0.8615120961906,  -9.11434466123 ,  0.0            
      8086,  0.9194600401715,  -9.519470523584,  0.0            
      8087,  1.2906104906374,  -9.038707192438,  0.0            
      8088,  1.205329256342 ,  -8.645934306194,  0.0            
      8089,  1.3780785327088,  -9.45710917129 ,  0.0            
      8090,  0.4311260294101,  -9.16269503276 ,  0.0            
      8091,  0.4031173928992,  -8.789797978979,  0.0            
      8092,  0.46067277433  ,  -9.56976145661 ,  0.0            
      8093,  0.8644781589697,  -6.781327285384,  0.0            
      8094,  1.0575859948982,  -7.093457042903,  0.0            
      8095,  1.2199092671357,  -7.429286438212,  0.0            
      8096,  1.3603698153829,  -7.784159794231,  0.0            
      8097,  1.3509131436541,  -6.919450338943,  0.0            
      8098,  1.6450934962454,  -6.731216408264,  0.0            
      8099,  1.9391408258728,  -6.534314265053,  0.0            
      8100,  1.3948350847101,  -6.372644160105,  0.0            
      8101,  1.128551900719 ,  -6.583183155292,  0.0            
      8102,  1.6618704031465,  -6.154976061327,  0.0            
      8103,  2.0503115276368,  -7.477813029861,  0.0            
      8104,  1.86032435729  ,  -7.100826722725,  0.0            
      8105,  1.7063478411295,  -7.639739728218,  0.0            
      8106,  1.5405820337592,  -7.273305686583,  0.0            
      8107,  2.3908293756716,  -7.30147568759 ,  0.0            
      8108,  2.177494416855 ,  -6.915679726782,  0.0            
      8109,  0.2703231409493,  -7.445616523777,  0.0            
      8110,  0.5010790667197,  -7.36607451326 ,  0.0            
      8111,  0.7698506016225,  -7.245974746564,  0.0            
      8112,  0.3840317690623,  -7.110293111326,  0.0            
      8113,  0.211385322551 ,  -7.183319758907,  0.0            
      8114,  0.6109160678952,  -6.96230741293 ,  0.0            
      8115,  0.6719060666892,  -7.998671338937,  0.0            
      8116,  0.5934193107956,  -7.66458539687 ,  0.0            
      8117,  0.336089878796 ,  -8.055978767391,  0.0            
      8118,  0.2962884161856,  -7.72978671949 ,  0.0            
      8119,  1.0145142199668,  -7.905986733345,  0.0            
      8120,  0.9016885757043,  -7.562454325004,  0.0            
      8121,  5.2668491749381,  -5.846535126623,  0.0            
      8122,  4.9611241635006,  -6.119758223905,  0.0            
      8123,  4.6463066068328,  -6.382287650072,  0.0            
      8124,  4.3226006575943,  -6.633225342519,  0.0            
      8125,  3.9903788166819,  -6.871462147331,  0.0            
      8126,  3.6487750468595,  -7.097878046197,  0.0            
      8127,  3.3017196498603,  -7.310538360637,  0.0            
      8128,  4.6196268519799,  -7.032869283236,  0.0            
      8129,  4.9201799969472,  -7.442396365842,  0.0            
      8130,  5.2331089001644,  -7.871088088021,  0.0            
      8131,  5.2801859964145,  -7.176392897302,  0.0            
      8132,  5.6290419391754,  -6.89530906412 ,  0.0            
      8133,  5.9691705945042,  -6.603254273408,  0.0            
      8134,  5.2919684182359,  -6.503036573668,  0.0            
      8135,  4.9607740539887,  -6.774676625797,  0.0            
      8136,  5.6128219154986,  -6.218897533997,  0.0            
      8137,  5.9809168115427,  -7.305825496324,  0.0            
      8138,  5.6099974200452,  -7.592768401666,  0.0            
      8139,  6.330675826875 ,  -6.99360515799 ,  0.0            
      8140,  3.7799297391485,  -8.144350226901,  0.0            
      8141,  4.1679910972153,  -7.924665008746,  0.0            
      8142,  4.5521224118588,  -7.69628313982 ,  0.0            
      8143,  3.908364880363 ,  -7.504760745165,  0.0            
      8144,  3.5402710590739,  -7.718568848067,  0.0            
      8145,  4.2685397453315,  -7.276283722291,  0.0            
      8146,  4.4371855185536,  -8.36432494624 ,  0.0            
      8147,  4.0204362406947,  -8.577234128372,  0.0            
      8148,  4.8377973307871,  -8.122609106805,  0.0            
      8149,  2.9866373150837,  -4.998355151634,  0.0            
      8150,  3.3658731835632,  -5.430134531947,  0.0            
      8151,  3.7083369612468,  -5.844423045857,  0.0            
      8152,  4.0209378364974,  -6.240247526992,  0.0            
      8153,  3.6413208530403,  -5.189951864636,  0.0            
      8154,  3.9126509550874,  -4.944000498897,  0.0            
      8155,  4.1794309506884,  -4.692669312806,  0.0            
      8156,  3.506139212356 ,  -4.510624688884,  0.0            
      8157,  3.2473664634523,  -4.756104316632,  0.0            
      8158,  3.7629658826241,  -4.261871718055,  0.0            
      8159,  3.9997140399658,  -5.602806607206,  0.0            
      8160,  4.2862858489314,  -5.352236122342,  0.0            
      8161,  4.5640816585022,  -5.096538145352,  0.0            
      8162,  4.6293561261807,  -5.739090099304,  0.0            
      8163,  4.3297713741347,  -5.993837297066,  0.0            
      8164,  4.9207094460881,  -5.475601249644,  0.0            
      8165,  2.5188041542114,  -6.112571632338,  0.0            
      8166,  2.8046965925051,  -5.891368429344,  0.0            
      8167,  3.0870122573691,  -5.663913684784,  0.0            
      8168,  2.46103900048  ,  -5.471702747102,  0.0            
      8169,  2.1955651279564,  -5.703524954359,  0.0            
      8170,  2.7246095437193,  -5.236789475395,  0.0            
      8171,  3.3859096389086,  -6.698676391431,  0.0            
      8172,  3.1101430869639,  -6.301356578483,  0.0            
      8173,  3.0592616862936,  -6.91121902137 ,  0.0            
      8174,  2.8021929417509,  -6.514224829686,  0.0            
      8175,  3.7065860794742,  -6.474975064185,  0.0            
      8176,  3.4117386373726,  -6.077329339443,  0.0            
      8177,  8.7797023290657,  -3.599490524786,  0.0            
      8178,  8.33704096985  ,  -3.378266501514,  0.0            
      8179,  7.9168524316465,  -3.164369340696,  0.0            
      8180,  7.5113157492856,  -2.947879109771,  0.0            
      8181,  7.1147719056285,  -2.726241797422,  0.0            
      8182,  6.7231101162302,  -2.489098764252,  0.0            
      8183,  6.3317477857387,  -2.225769467879,  0.0            
      8184,  5.9377106724033,  -1.922954124036,  0.0            
      8185,  7.3125768463667,  -3.301794310342,  0.0            
      8186,  7.100150376291 ,  -3.649692620099,  0.0            
      8187,  6.8734224673603,  -3.991915746314,  0.0            
      8188,  6.6347429545275,  -4.324216875971,  0.0            
      8189,  6.3834970800391,  -4.647585380372,  0.0            
      8190,  6.1206284407795,  -4.961934508431,  0.0            
      8191,  5.8469686831895,  -5.267241040496,  0.0            
      8192,  7.0402615929619,  -4.625162999542,  0.0            
      8193,  7.4512667469097,  -4.926766604486,  0.0            
      8194,  7.873954478348 ,  -5.235264939273,  0.0            
      8195,  7.6994994697815,  -4.554461191401,  0.0            
      8196,  7.9259037792735,  -4.168925172276,  0.0            
      8197,  8.1398202020743,  -3.777427609762,  0.0            
      8198,  7.5070676499645,  -3.909724339831,  0.0            
      8199,  7.2794628979828,  -4.270789668443,  0.0            
      8200,  7.7195430091998,  -3.540491982606,  0.0            
      8201,  8.3645394330489,  -4.437428089341,  0.0            
      8202,  8.1242209989892,  -4.839012646412,  0.0            
      8203,  8.5770071046624,  -4.020320216426,  0.0            
      8204,  6.6040861057004,  -5.969812191372,  0.0            
      8205,  6.897829488794 ,  -5.631022603464,  0.0            
      8206,  7.1843791592689,  -5.286410753597,  0.0            
      8207,  6.504951633333 ,  -5.293500887924,  0.0            
      8208,  6.2197235412566,  -5.613488590567,  0.0            
      8209,  6.777673778474 ,  -4.963106052761,  0.0            
      8210,  7.3073419614296,  -5.982098505692,  0.0            
      8211,  6.9942569870259,  -6.331192188638,  0.0            
      8212,  7.5952247830476,  -5.611870363963,  0.0            
      8213,  4.9909613111971,  -2.994906509169,  0.0            
      8214,  5.4283320446356,  -3.368411581921,  0.0            
      8215,  5.8438546793056,  -3.710060035506,  0.0            
      8216,  6.2405643807194,  -4.022346270845,  0.0            
      8217,  5.66369428062  ,  -3.087652146281,  0.0            
      8218,  5.8935403528038,  -2.802536932547,  0.0            
      8219,  6.116441041725 ,  -2.515056258744,  0.0            
      8220,  5.4749606535189,  -2.457967937629,  0.0            
      8221,  5.2363439426673,  -2.725393244462,  0.0            
      8222,  5.7089088966966,  -2.190301496159,  0.0            
      8223,  6.7002449058785,  -3.385834255468,  0.0            
      8224,  6.3026779402472,  -3.108942063241,  0.0            
      8225,  6.4757971321656,  -3.707476021177,  0.0            
      8226,  6.0774742419118,  -3.412303891412,  0.0            
      8227,  6.913396705708 ,  -3.058466168843,  0.0            
      8228,  6.5167964445754,  -2.800031872948,  0.0            
      8229,  4.6927484072659,  -4.17952014018 ,  0.0            
      8230,  4.9437896780966,  -3.913218053205,  0.0            
      8231,  5.1886644584612,  -3.643196782707,  0.0            
      8232,  4.5101790674098,  -3.506766053257,  0.0            
      8233,  4.2619038214331,  -3.763017405615,  0.0            
      8234,  4.7539625736697,  -3.249851306894,  0.0            
      8235,  5.0966432500866,  -4.56424371461 ,  0.0            
      8236,  5.3522713307566,  -4.286800680135,  0.0            
      8237,  5.6023826827174,  -4.001025809431,  0.0            
      8238,  5.7394211560754,  -4.629914596013,  0.0            
      8239,  5.4757921926459,  -4.920956708471,  0.0            
      8240,  5.9941091071947,  -4.330869440629,  0.0            
      8241,  8.4076481540328,  -0.370494687686,  0.0            
      8242,  8.352719903565 ,  -0.740501153765,  0.0            
      8243,  8.2664023028497,  -1.114376690256,  0.0            
      8244,  8.1536863296085,  -1.488175792412,  0.0            
      8245,  8.0190561264888,  -1.858465773628,  0.0            
      8246,  7.8657052412453,  -2.225282602365,  0.0            
      8247,  7.6959365762241,  -2.58879745264 ,  0.0            
      8248,  8.538276289547 ,  -1.605161605594,  0.0            
      8249,  8.9459218221591,  -1.719579289705,  0.0            
      8250,  9.3599118487826,  -1.831728902285,  0.0            
      8251,  8.7241215136968,  -0.803478330433,  0.0            
      8252,  9.116978996516 ,  -0.862272136265,  0.0            
      8253,  9.5148536351579,  -0.919098938608,  0.0            
      8254,  9.1568558481033,  -0.430738069127,  0.0            
      8255,  8.782194701377 ,  -0.402149521339,  0.0            
      8256,  9.555632868571 ,  -0.459848843198,  0.0            
      8257,  9.0372108284664,  -1.290720213098,  0.0            
      8258,  8.6434818689969,  -1.205099756264,  0.0            
      8259,  9.4490501182445,  -1.376708230207,  0.0            
      8260,  8.5212669183482,  -2.974097562529,  0.0            
      8261,  8.6789525316901,  -2.559715104254,  0.0            
      8262,  8.8264961765368,  -2.143393612222,  0.0            
      8263,  8.2637696802777,  -2.394492404888,  0.0            
      8264,  8.0985315250866,  -2.782183240773,  0.0            
      8265,  8.4110583760534,  -2.001959521763,  0.0            
      8266,  9.1169611360373,  -2.72957918342 ,  0.0            
      8267,  8.9533666928533,  -3.165916240847,  0.0            
      8268,  9.2536327177786,  -2.284511200832,  0.0            
      8269,  6.782126891025 ,  -0.866062845909,  0.0            
      8270,  7.0952168015539,  -1.061512543287,  0.0            
      8271,  7.4335520308838,  -1.23518869357 ,  0.0            
      8272,  7.7891065743327,  -1.372193710936,  0.0            
      8273,  7.2476775349713,  -0.773654441811,  0.0            
      8274,  7.3684447864662,  -0.502909718743,  0.0            
      8275,  7.4438333935513,  -0.265115872547,  0.0            
      8276,  7.109114186789 ,  -0.385210699879,  0.0            
      8277,  6.9621135344988,  -0.6130303643  ,  0.0            
      8278,  7.1897038481217,  -0.217503630873,  0.0            
      8279,  7.9995042727919,  -0.672792526766,  0.0            
      8280,  7.6690866847313,  -0.595458717696,  0.0            
      8281,  7.9066037576448,  -1.017726429076,  0.0            
      8282,  7.5653284054118,  -0.906377222425,  0.0            
      8283,  8.0589014894598,  -0.335813331944,  0.0            
      8284,  7.7372681200496,  -0.296507879714,  0.0            
      8285,  6.5390191660459,  -1.935398350512,  0.0            
      8286,  6.7372163370781,  -1.644429732344,  0.0            
      8287,  6.922307586532 ,  -1.352200141971,  0.0            
      8288,  6.3772057333304,  -1.391301865894,  0.0            
      8289,  6.1607672255252,  -1.656495402681,  0.0            
      8290,  6.5856599800027,  -1.127769400309,  0.0            
      8291,  7.4802712322797,  -2.050516690557,  0.0            
      8292,  7.1043437568192,  -1.859852905561,  0.0            
      8293,  7.3039236024089,  -2.389950609325,  0.0            
      8294,  6.9191960852741,  -2.175417833826,  0.0            
      8295,  7.6418495435571,  -1.709341481396,  0.0            
      8296,  7.2763716003539,  -1.543643631276,  0.0            
*ELEMENT,TYPE=S4
         1,       205,       213,       215,       204
         2,       204,       215,       199,       200
         3,       213,       214,       216,       215
         4,       215,       216,       198,       199
         5,       214,       188,       189,       216
         6,       216,       189,       190,       198
         7,       207,       211,       217,       206
         8,       206,       217,       213,       205
         9,       211,       212,       218,       217
        10,       217,       218,       214,       213
        11,       212,       186,       187,       218
        12,       218,       187,       188,       214
        13,       209,       219,       221,       208
        14,       208,       221,       211,       207
        15,       219,       220,       222,       221
        16,       221,       222,       212,       211
        17,       220,       184,       185,       222
        18,       222,       185,       186,       212
        19,       173,       174,       223,       210
        20,       210,       223,       219,       209
        21,       174,       175,       224,       223
        22,       223,       224,       220,       219
        23,       175,       176,       183,       224
        24,       224,       183,       184,       220
        25,       229,       231,       232,       228
        26,       228,       232,       225,       226
        27,       231,        25,        26,       232
        28,       232,        26,        27,       225
        29,       202,       203,       233,       230
        30,       230,       233,       231,       229
        31,       203,        23,        24,       233
        32,       233,        24,        25,       231
        33,       205,       234,       235,       206
        34,       206,       235,       227,       207
        35,       234,       229,       228,       235
        36,       235,       228,       226,       227
        37,       200,       201,       236,       204
        38,       204,       236,       234,       205
        39,       201,       202,       230,       236
        40,       236,       230,       229,       234
        41,       238,       240,       241,       237
        42,       237,       241,       170,       171
        43,       240,        29,        30,       241
        44,       241,        30,        31,       170
        45,       226,       225,       242,       239
        46,       239,       242,       240,       238
        47,       225,        27,        28,       242
        48,       242,        28,        29,       240
        49,       209,       243,       244,       210
        50,       210,       244,       172,       173
        51,       243,       238,       237,       244
        52,       244,       237,       171,       172
        53,       207,       227,       245,       208
        54,       208,       245,       243,       209
        55,       227,       226,       239,       245
        56,       245,       239,       238,       243
        57,       247,       255,       257,       246
        58,       246,       257,        10,        11
        59,       255,       256,       258,       257
        60,       257,       258,         9,        10
        61,       256,       196,       197,       258
        62,       258,       197,         8,         9
        63,       249,       253,       259,       248
        64,       248,       259,       255,       247
        65,       253,       254,       260,       259
        66,       259,       260,       256,       255
        67,       254,       194,       195,       260
        68,       260,       195,       196,       256
        69,       251,       261,       263,       250
        70,       250,       263,       253,       249
        71,       261,       262,       264,       263
        72,       263,       264,       254,       253
        73,       262,       192,       193,       264
        74,       264,       193,       194,       254
        75,       200,       199,       265,       252
        76,       252,       265,       261,       251
        77,       199,       198,       266,       265
        78,       265,       266,       262,       261
        79,       198,       190,       191,       266
        80,       266,       191,       192,       262
        81,       271,       273,       274,       270
        82,       270,       274,       267,       268
        83,       273,        17,        18,       274
        84,       274,        18,        19,       267
        85,        13,        14,       275,       272
        86,       272,       275,       273,       271
        87,        14,        15,        16,       275
        88,       275,        16,        17,       273
        89,       247,       276,       277,       248
        90,       248,       277,       269,       249
        91,       276,       271,       270,       277
        92,       277,       270,       268,       269
        93,        11,        12,       278,       246
        94,       246,       278,       276,       247
        95,        12,        13,       272,       278
        96,       278,       272,       271,       276
        97,       280,       282,       283,       279
        98,       279,       283,       203,       202
        99,       282,        21,        22,       283
       100,       283,        22,        23,       203
       101,       268,       267,       284,       281
       102,       281,       284,       282,       280
       103,       267,        19,        20,       284
       104,       284,        20,        21,       282
       105,       251,       285,       286,       252
       106,       252,       286,       201,       200
       107,       285,       280,       279,       286
       108,       286,       279,       202,       201
       109,       249,       269,       287,       250
       110,       250,       287,       285,       251
       111,       269,       268,       281,       287
       112,       287,       281,       280,       285
       113,       301,       303,       305,       300
       114,       300,       305,       295,       296
       115,       144,       306,       304,       143
       116,       306,       305,       303,       304
       117,       145,       294,       306,       144
       118,       294,       295,       305,       306
       119,       180,       181,       307,       302
       120,       302,       307,       303,       301
       121,       142,       308,       182,       141
       122,       308,       307,       181,       182
       123,       143,       304,       308,       142
       124,       304,       303,       307,       308
       125,       312,       313,       309,       310
       126,       313,       185,       184,       309
       127,       298,       299,       313,       312
       128,       299,       186,       185,       313
       129,       300,       314,       311,       301
       130,       314,       312,       310,       311
       131,       296,       297,       314,       300
       132,       297,       298,       312,       314
       133,       315,       316,       177,       178
       134,       316,       183,       176,       177
       135,       310,       309,       316,       315
       136,       309,       184,       183,       316
       137,       302,       317,       179,       180
       138,       317,       315,       178,       179
       139,       301,       311,       317,       302
       140,       311,       310,       315,       317
       141,       319,       321,       323,       318
       142,       318,       323,       289,       290
       143,       148,       324,       322,       147
       144,       324,       323,       321,       322
       145,       149,       288,       324,       148
       146,       288,       289,       323,       324
       147,       296,       295,       325,       320
       148,       320,       325,       321,       319
       149,       146,       326,       294,       145
       150,       326,       325,       295,       294
       151,       147,       322,       326,       146
       152,       322,       321,       325,       326
       153,       330,       331,       327,       328
       154,       331,       189,       188,       327
       155,       292,       293,       331,       330
       156,       293,       190,       189,       331
       157,       318,       332,       329,       319
       158,       332,       330,       328,       329
       159,       290,       291,       332,       318
       160,       291,       292,       330,       332
       161,       333,       334,       299,       298
       162,       334,       187,       186,       299
       163,       328,       327,       334,       333
       164,       327,       188,       187,       334
       165,       320,       335,       297,       296
       166,       335,       333,       298,       297
       167,       319,       329,       335,       320
       168,       329,       328,       333,       335
       169,       343,       345,       347,       342
       170,       342,       347,       337,       338
       171,       152,       348,       346,       151
       172,       348,       347,       345,       346
       173,       153,       336,       348,       152
       174,       336,       337,       347,       348
       175,       290,       289,       349,       344
       176,       344,       349,       345,       343
       177,       150,       350,       288,       149
       178,       350,       349,       289,       288
       179,       151,       346,       350,       150
       180,       346,       345,       349,       350
       181,       354,       355,       351,       352
       182,       355,       193,       192,       351
       183,       340,       341,       355,       354
       184,       341,       194,       193,       355
       185,       342,       356,       353,       343
       186,       356,       354,       352,       353
       187,       338,       339,       356,       342
       188,       339,       340,       354,       356
       189,       357,       358,       293,       292
       190,       358,       191,       190,       293
       191,       352,       351,       358,       357
       192,       351,       192,       191,       358
       193,       344,       359,       291,       290
       194,       359,       357,       292,       291
       195,       343,       353,       359,       344
       196,       353,       352,       357,       359
       197,       361,       363,       365,       360
       198,       360,       365,         3,         4
       199,       156,       366,       364,       155
       200,       366,       365,       363,       364
       201,         1,         2,       366,       156
       202,         2,         3,       365,       366
       203,       338,       337,       367,       362
       204,       362,       367,       363,       361
       205,       154,       368,       336,       153
       206,       368,       367,       337,       336
       207,       155,       364,       368,       154
       208,       364,       363,       367,       368
       209,       372,       373,       369,       370
       210,       373,       197,       196,       369
       211,         6,         7,       373,       372
       212,         7,         8,       197,       373
       213,       360,       374,       371,       361
       214,       374,       372,       370,       371
       215,         4,         5,       374,       360
       216,         5,         6,       372,       374
       217,       375,       376,       341,       340
       218,       376,       195,       194,       341
       219,       370,       369,       376,       375
       220,       369,       196,       195,       376
       221,       362,       377,       339,       338
       222,       377,       375,       340,       339
       223,       361,       371,       377,       362
       224,       371,       370,       375,       377
       225,       400,       408,       410,       399
       226,       399,       410,       394,       395
       227,       408,       409,       411,       410
       228,       410,       411,       393,       394
       229,       409,       383,       384,       411
       230,       411,       384,       385,       393
       231,       402,       406,       412,       401
       232,       401,       412,       408,       400
       233,       406,       407,       413,       412
       234,       412,       413,       409,       408
       235,       407,       381,       382,       413
       236,       413,       382,       383,       409
       237,       404,       414,       416,       403
       238,       403,       416,       406,       402
       239,       414,       415,       417,       416
       240,       416,       417,       407,       406
       241,       415,       379,       380,       417
       242,       417,       380,       381,       407
       243,       160,       161,       418,       405
       244,       405,       418,       414,       404
       245,       161,       162,       419,       418
       246,       418,       419,       415,       414
       247,       162,       163,       378,       419
       248,       419,       378,       379,       415
       249,       424,       426,       427,       423
       250,       423,       427,       420,       421
       251,       426,        41,        42,       427
       252,       427,        42,        43,       420
       253,       397,       398,       428,       425
       254,       425,       428,       426,       424
       255,       398,        39,        40,       428
       256,       428,        40,        41,       426
       257,       400,       429,       430,       401
       258,       401,       430,       422,       402
       259,       429,       424,       423,       430
       260,       430,       423,       421,       422
       261,       395,       396,       431,       399
       262,       399,       431,       429,       400
       263,       396,       397,       425,       431
       264,       431,       425,       424,       429
       265,       433,       435,       436,       432
       266,       432,       436,       157,       158
       267,       435,        45,        46,       436
       268,       436,        46,        47,       157
       269,       421,       420,       437,       434
       270,       434,       437,       435,       433
       271,       420,        43,        44,       437
       272,       437,        44,        45,       435
       273,       404,       438,       439,       405
       274,       405,       439,       159,       160
       275,       438,       433,       432,       439
       276,       439,       432,       158,       159
       277,       402,       422,       440,       403
       278,       403,       440,       438,       404
       279,       422,       421,       434,       440
       280,       440,       434,       433,       438
       281,       442,       450,       452,       441
       282,       441,       452,       174,       173
       283,       450,       451,       453,       452
       284,       452,       453,       175,       174
       285,       451,       391,       392,       453
       286,       453,       392,       176,       175
       287,       444,       448,       454,       443
       288,       443,       454,       450,       442
       289,       448,       449,       455,       454
       290,       454,       455,       451,       450
       291,       449,       389,       390,       455
       292,       455,       390,       391,       451
       293,       446,       456,       458,       445
       294,       445,       458,       448,       444
       295,       456,       457,       459,       458
       296,       458,       459,       449,       448
       297,       457,       387,       388,       459
       298,       459,       388,       389,       449
       299,       395,       394,       460,       447
       300,       447,       460,       456,       446
       301,       394,       393,       461,       460
       302,       460,       461,       457,       456
       303,       393,       385,       386,       461
       304,       461,       386,       387,       457
       305,       466,       468,       469,       465
       306,       465,       469,       462,       463
       307,       468,        33,        34,       469
       308,       469,        34,        35,       462
       309,       171,       170,       470,       467
       310,       467,       470,       468,       466
       311,       170,        31,        32,       470
       312,       470,        32,        33,       468
       313,       442,       471,       472,       443
       314,       443,       472,       464,       444
       315,       471,       466,       465,       472
       316,       472,       465,       463,       464
       317,       173,       172,       473,       441
       318,       441,       473,       471,       442
       319,       172,       171,       467,       473
       320,       473,       467,       466,       471
       321,       475,       477,       478,       474
       322,       474,       478,       398,       397
       323,       477,        37,        38,       478
       324,       478,        38,        39,       398
       325,       463,       462,       479,       476
       326,       476,       479,       477,       475
       327,       462,        35,        36,       479
       328,       479,        36,        37,       477
       329,       446,       480,       481,       447
       330,       447,       481,       396,       395
       331,       480,       475,       474,       481
       332,       481,       474,       397,       396
       333,       444,       464,       482,       445
       334,       445,       482,       480,       446
       335,       464,       463,       476,       482
       336,       482,       476,       475,       480
       337,       496,       498,       500,       495
       338,       495,       500,       490,       491
       339,       128,       501,       499,       127
       340,       501,       500,       498,       499
       341,       129,       489,       501,       128
       342,       489,       490,       500,       501
       343,       167,       168,       502,       497
       344,       497,       502,       498,       496
       345,       126,       503,       169,       125
       346,       503,       502,       168,       169
       347,       127,       499,       503,       126
       348,       499,       498,       502,       503
       349,       507,       508,       504,       505
       350,       508,       380,       379,       504
       351,       493,       494,       508,       507
       352,       494,       381,       380,       508
       353,       495,       509,       506,       496
       354,       509,       507,       505,       506
       355,       491,       492,       509,       495
       356,       492,       493,       507,       509
       357,       510,       511,       164,       165
       358,       511,       378,       163,       164
       359,       505,       504,       511,       510
       360,       504,       379,       378,       511
       361,       497,       512,       166,       167
       362,       512,       510,       165,       166
       363,       496,       506,       512,       497
       364,       506,       505,       510,       512
       365,       514,       516,       518,       513
       366,       513,       518,       484,       485
       367,       132,       519,       517,       131
       368,       519,       518,       516,       517
       369,       133,       483,       519,       132
       370,       483,       484,       518,       519
       371,       491,       490,       520,       515
       372,       515,       520,       516,       514
       373,       130,       521,       489,       129
       374,       521,       520,       490,       489
       375,       131,       517,       521,       130
       376,       517,       516,       520,       521
       377,       525,       526,       522,       523
       378,       526,       384,       383,       522
       379,       487,       488,       526,       525
       380,       488,       385,       384,       526
       381,       513,       527,       524,       514
       382,       527,       525,       523,       524
       383,       485,       486,       527,       513
       384,       486,       487,       525,       527
       385,       528,       529,       494,       493
       386,       529,       382,       381,       494
       387,       523,       522,       529,       528
       388,       522,       383,       382,       529
       389,       515,       530,       492,       491
       390,       530,       528,       493,       492
       391,       514,       524,       530,       515
       392,       524,       523,       528,       530
       393,       538,       540,       542,       537
       394,       537,       542,       532,       533
       395,       136,       543,       541,       135
       396,       543,       542,       540,       541
       397,       137,       531,       543,       136
       398,       531,       532,       542,       543
       399,       485,       484,       544,       539
       400,       539,       544,       540,       538
       401,       134,       545,       483,       133
       402,       545,       544,       484,       483
       403,       135,       541,       545,       134
       404,       541,       540,       544,       545
       405,       549,       550,       546,       547
       406,       550,       388,       387,       546
       407,       535,       536,       550,       549
       408,       536,       389,       388,       550
       409,       537,       551,       548,       538
       410,       551,       549,       547,       548
       411,       533,       534,       551,       537
       412,       534,       535,       549,       551
       413,       552,       553,       488,       487
       414,       553,       386,       385,       488
       415,       547,       546,       553,       552
       416,       546,       387,       386,       553
       417,       539,       554,       486,       485
       418,       554,       552,       487,       486
       419,       538,       548,       554,       539
       420,       548,       547,       552,       554
       421,       556,       558,       560,       555
       422,       555,       560,       181,       180
       423,       140,       561,       559,       139
       424,       561,       560,       558,       559
       425,       141,       182,       561,       140
       426,       182,       181,       560,       561
       427,       533,       532,       562,       557
       428,       557,       562,       558,       556
       429,       138,       563,       531,       137
       430,       563,       562,       532,       531
       431,       139,       559,       563,       138
       432,       559,       558,       562,       563
       433,       567,       568,       564,       565
       434,       568,       392,       391,       564
       435,       178,       177,       568,       567
       436,       177,       176,       392,       568
       437,       555,       569,       566,       556
       438,       569,       567,       565,       566
       439,       180,       179,       569,       555
       440,       179,       178,       567,       569
       441,       570,       571,       536,       535
       442,       571,       390,       389,       536
       443,       565,       564,       571,       570
       444,       564,       391,       390,       571
       445,       557,       572,       534,       533
       446,       572,       570,       535,       534
       447,       556,       566,       572,       557
       448,       566,       565,       570,       572
       449,       608,       616,       618,       607
       450,       607,       618,       602,       603
       451,       616,       617,       619,       618
       452,       618,       619,       601,       602
       453,       617,       591,       592,       619
       454,       619,       592,       593,       601
       455,       610,       614,       620,       609
       456,       609,       620,       616,       608
       457,       614,       615,       621,       620
       458,       620,       621,       617,       616
       459,       615,       589,       590,       621
       460,       621,       590,       591,       617
       461,       612,       622,       624,       611
       462,       611,       624,       614,       610
       463,       622,       623,       625,       624
       464,       624,       625,       615,       614
       465,       623,       587,       588,       625
       466,       625,       588,       589,       615
       467,       576,       577,       626,       613
       468,       613,       626,       622,       612
       469,       577,       578,       627,       626
       470,       626,       627,       623,       622
       471,       578,       579,       586,       627
       472,       627,       586,       587,       623
       473,       632,       634,       635,       631
       474,       631,       635,       628,       629
       475,       634,        57,        58,       635
       476,       635,        58,        59,       628
       477,       605,       606,       636,       633
       478,       633,       636,       634,       632
       479,       606,        55,        56,       636
       480,       636,        56,        57,       634
       481,       608,       637,       638,       609
       482,       609,       638,       630,       610
       483,       637,       632,       631,       638
       484,       638,       631,       629,       630
       485,       603,       604,       639,       607
       486,       607,       639,       637,       608
       487,       604,       605,       633,       639
       488,       639,       633,       632,       637
       489,       641,       643,       644,       640
       490,       640,       644,       573,       574
       491,       643,        61,        62,       644
       492,       644,        62,        63,       573
       493,       629,       628,       645,       642
       494,       642,       645,       643,       641
       495,       628,        59,        60,       645
       496,       645,        60,        61,       643
       497,       612,       646,       647,       613
       498,       613,       647,       575,       576
       499,       646,       641,       640,       647
       500,       647,       640,       574,       575
       501,       610,       630,       648,       611
       502,       611,       648,       646,       612
       503,       630,       629,       642,       648
       504,       648,       642,       641,       646
       505,       650,       658,       660,       649
       506,       649,       660,       161,       160
       507,       658,       659,       661,       660
       508,       660,       661,       162,       161
       509,       659,       599,       600,       661
       510,       661,       600,       163,       162
       511,       652,       656,       662,       651
       512,       651,       662,       658,       650
       513,       656,       657,       663,       662
       514,       662,       663,       659,       658
       515,       657,       597,       598,       663
       516,       663,       598,       599,       659
       517,       654,       664,       666,       653
       518,       653,       666,       656,       652
       519,       664,       665,       667,       666
       520,       666,       667,       657,       656
       521,       665,       595,       596,       667
       522,       667,       596,       597,       657
       523,       603,       602,       668,       655
       524,       655,       668,       664,       654
       525,       602,       601,       669,       668
       526,       668,       669,       665,       664
       527,       601,       593,       594,       669
       528,       669,       594,       595,       665
       529,       674,       676,       677,       673
       530,       673,       677,       670,       671
       531,       676,        49,        50,       677
       532,       677,        50,        51,       670
       533,       158,       157,       678,       675
       534,       675,       678,       676,       674
       535,       157,        47,        48,       678
       536,       678,        48,        49,       676
       537,       650,       679,       680,       651
       538,       651,       680,       672,       652
       539,       679,       674,       673,       680
       540,       680,       673,       671,       672
       541,       160,       159,       681,       649
       542,       649,       681,       679,       650
       543,       159,       158,       675,       681
       544,       681,       675,       674,       679
       545,       683,       685,       686,       682
       546,       682,       686,       606,       605
       547,       685,        53,        54,       686
       548,       686,        54,        55,       606
       549,       671,       670,       687,       684
       550,       684,       687,       685,       683
       551,       670,        51,        52,       687
       552,       687,        52,        53,       685
       553,       654,       688,       689,       655
       554,       655,       689,       604,       603
       555,       688,       683,       682,       689
       556,       689,       682,       605,       604
       557,       652,       672,       690,       653
       558,       653,       690,       688,       654
       559,       672,       671,       684,       690
       560,       690,       684,       683,       688
       561,       704,       706,       708,       703
       562,       703,       708,       698,       699
       563,       112,       709,       707,       111
       564,       709,       708,       706,       707
       565,       113,       697,       709,       112
       566,       697,       698,       708,       709
       567,       583,       584,       710,       705
       568,       705,       710,       706,       704
       569,       110,       711,       585,       109
       570,       711,       710,       584,       585
       571,       111,       707,       711,       110
       572,       707,       706,       710,       711
       573,       715,       716,       712,       713
       574,       716,       588,       587,       712
       575,       701,       702,       716,       715
       576,       702,       589,       588,       716
       577,       703,       717,       714,       704
       578,       717,       715,       713,       714
       579,       699,       700,       717,       703
       580,       700,       701,       715,       717
       581,       718,       719,       580,       581
       582,       719,       586,       579,       580
       583,       713,       712,       719,       718
       584,       712,       587,       586,       719
       585,       705,       720,       582,       583
       586,       720,       718,       581,       582
       587,       704,       714,       720,       705
       588,       714,       713,       718,       720
       589,       722,       724,       726,       721
       590,       721,       726,       692,       693
       591,       116,       727,       725,       115
       592,       727,       726,       724,       725
       593,       117,       691,       727,       116
       594,       691,       692,       726,       727
       595,       699,       698,       728,       723
       596,       723,       728,       724,       722
       597,       114,       729,       697,       113
       598,       729,       728,       698,       697
       599,       115,       725,       729,       114
       600,       725,       724,       728,       729
       601,       733,       734,       730,       731
       602,       734,       592,       591,       730
       603,       695,       696,       734,       733
       604,       696,       593,       592,       734
       605,       721,       735,       732,       722
       606,       735,       733,       731,       732
       607,       693,       694,       735,       721
       608,       694,       695,       733,       735
       609,       736,       737,       702,       701
       610,       737,       590,       589,       702
       611,       731,       730,       737,       736
       612,       730,       591,       590,       737
       613,       723,       738,       700,       699
       614,       738,       736,       701,       700
       615,       722,       732,       738,       723
       616,       732,       731,       736,       738
       617,       746,       748,       750,       745
       618,       745,       750,       740,       741
       619,       120,       751,       749,       119
       620,       751,       750,       748,       749
       621,       121,       739,       751,       120
       622,       739,       740,       750,       751
       623,       693,       692,       752,       747
       624,       747,       752,       748,       746
       625,       118,       753,       691,       117
       626,       753,       752,       692,       691
       627,       119,       749,       753,       118
       628,       749,       748,       752,       753
       629,       757,       758,       754,       755
       630,       758,       596,       595,       754
       631,       743,       744,       758,       757
       632,       744,       597,       596,       758
       633,       745,       759,       756,       746
       634,       759,       757,       755,       756
       635,       741,       742,       759,       745
       636,       742,       743,       757,       759
       637,       760,       761,       696,       695
       638,       761,       594,       593,       696
       639,       755,       754,       761,       760
       640,       754,       595,       594,       761
       641,       747,       762,       694,       693
       642,       762,       760,       695,       694
       643,       746,       756,       762,       747
       644,       756,       755,       760,       762
       645,       764,       766,       768,       763
       646,       763,       768,       168,       167
       647,       124,       769,       767,       123
       648,       769,       768,       766,       767
       649,       125,       169,       769,       124
       650,       169,       168,       768,       769
       651,       741,       740,       770,       765
       652,       765,       770,       766,       764
       653,       122,       771,       739,       121
       654,       771,       770,       740,       739
       655,       123,       767,       771,       122
       656,       767,       766,       770,       771
       657,       775,       776,       772,       773
       658,       776,       600,       599,       772
       659,       165,       164,       776,       775
       660,       164,       163,       600,       776
       661,       763,       777,       774,       764
       662,       777,       775,       773,       774
       663,       167,       166,       777,       763
       664,       166,       165,       775,       777
       665,       778,       779,       744,       743
       666,       779,       598,       597,       744
       667,       773,       772,       779,       778
       668,       772,       599,       598,       779
       669,       765,       780,       742,       741
       670,       780,       778,       743,       742
       671,       764,       774,       780,       765
       672,       774,       773,       778,       780
       673,       803,       811,       813,       802
       674,       802,       813,       797,       798
       675,       811,       812,       814,       813
       676,       813,       814,       796,       797
       677,       812,       786,       787,       814
       678,       814,       787,       788,       796
       679,       805,       809,       815,       804
       680,       804,       815,       811,       803
       681,       809,       810,       816,       815
       682,       815,       816,       812,       811
       683,       810,       784,       785,       816
       684,       816,       785,       786,       812
       685,       807,       817,       819,       806
       686,       806,       819,       809,       805
       687,       817,       818,       820,       819
       688,       819,       820,       810,       809
       689,       818,       782,       783,       820
       690,       820,       783,       784,       810
       691,        83,        84,       821,       808
       692,       808,       821,       817,       807
       693,        84,        85,       822,       821
       694,       821,       822,       818,       817
       695,        85,        86,       781,       822
       696,       822,       781,       782,       818
       697,       827,       829,       830,       826
       698,       826,       830,       823,       824
       699,       829,        73,        74,       830
       700,       830,        74,        75,       823
       701,       800,       801,       831,       828
       702,       828,       831,       829,       827
       703,       801,        71,        72,       831
       704,       831,        72,        73,       829
       705,       803,       832,       833,       804
       706,       804,       833,       825,       805
       707,       832,       827,       826,       833
       708,       833,       826,       824,       825
       709,       798,       799,       834,       802
       710,       802,       834,       832,       803
       711,       799,       800,       828,       834
       712,       834,       828,       827,       832
       713,       836,       838,       839,       835
       714,       835,       839,        80,        81
       715,       838,        77,        78,       839
       716,       839,        78,        79,        80
       717,       824,       823,       840,       837
       718,       837,       840,       838,       836
       719,       823,        75,        76,       840
       720,       840,        76,        77,       838
       721,       807,       841,       842,       808
       722,       808,       842,        82,        83
       723,       841,       836,       835,       842
       724,       842,       835,        81,        82
       725,       805,       825,       843,       806
       726,       806,       843,       841,       807
       727,       825,       824,       837,       843
       728,       843,       837,       836,       841
       729,       845,       853,       855,       844
       730,       844,       855,       577,       576
       731,       853,       854,       856,       855
       732,       855,       856,       578,       577
       733,       854,       794,       795,       856
       734,       856,       795,       579,       578
       735,       847,       851,       857,       846
       736,       846,       857,       853,       845
       737,       851,       852,       858,       857
       738,       857,       858,       854,       853
       739,       852,       792,       793,       858
       740,       858,       793,       794,       854
       741,       849,       859,       861,       848
       742,       848,       861,       851,       847
       743,       859,       860,       862,       861
       744,       861,       862,       852,       851
       745,       860,       790,       791,       862
       746,       862,       791,       792,       852
       747,       798,       797,       863,       850
       748,       850,       863,       859,       849
       749,       797,       796,       864,       863
       750,       863,       864,       860,       859
       751,       796,       788,       789,       864
       752,       864,       789,       790,       860
       753,       869,       871,       872,       868
       754,       868,       872,       865,       866
       755,       871,        65,        66,       872
       756,       872,        66,        67,       865
       757,       574,       573,       873,       870
       758,       870,       873,       871,       869
       759,       573,        63,        64,       873
       760,       873,        64,        65,       871
       761,       845,       874,       875,       846
       762,       846,       875,       867,       847
       763,       874,       869,       868,       875
       764,       875,       868,       866,       867
       765,       576,       575,       876,       844
       766,       844,       876,       874,       845
       767,       575,       574,       870,       876
       768,       876,       870,       869,       874
       769,       878,       880,       881,       877
       770,       877,       881,       801,       800
       771,       880,        69,        70,       881
       772,       881,        70,        71,       801
       773,       866,       865,       882,       879
       774,       879,       882,       880,       878
       775,       865,        67,        68,       882
       776,       882,        68,        69,       880
       777,       849,       883,       884,       850
       778,       850,       884,       799,       798
       779,       883,       878,       877,       884
       780,       884,       877,       800,       799
       781,       847,       867,       885,       848
       782,       848,       885,       883,       849
       783,       867,       866,       879,       885
       784,       885,       879,       878,       883
       785,       899,       901,       903,       898
       786,       898,       903,       893,       894
       787,        96,       904,       902,        95
       788,       904,       903,       901,       902
       789,        97,       892,       904,        96
       790,       892,       893,       903,       904
       791,        90,        91,       905,       900
       792,       900,       905,       901,       899
       793,        94,       906,        92,        93
       794,       906,       905,        91,        92
       795,        95,       902,       906,        94
       796,       902,       901,       905,       906
       797,       910,       911,       907,       908
       798,       911,       783,       782,       907
       799,       896,       897,       911,       910
       800,       897,       784,       783,       911
       801,       898,       912,       909,       899
       802,       912,       910,       908,       909
       803,       894,       895,       912,       898
       804,       895,       896,       910,       912
       805,       913,       914,        87,        88
       806,       914,       781,        86,        87
       807,       908,       907,       914,       913
       808,       907,       782,       781,       914
       809,       900,       915,        89,        90
       810,       915,       913,        88,        89
       811,       899,       909,       915,       900
       812,       909,       908,       913,       915
       813,       917,       919,       921,       916
       814,       916,       921,       887,       888
       815,       100,       922,       920,        99
       816,       922,       921,       919,       920
       817,       101,       886,       922,       100
       818,       886,       887,       921,       922
       819,       894,       893,       923,       918
       820,       918,       923,       919,       917
       821,        98,       924,       892,        97
       822,       924,       923,       893,       892
       823,        99,       920,       924,        98
       824,       920,       919,       923,       924
       825,       928,       929,       925,       926
       826,       929,       787,       786,       925
       827,       890,       891,       929,       928
       828,       891,       788,       787,       929
       829,       916,       930,       927,       917
       830,       930,       928,       926,       927
       831,       888,       889,       930,       916
       832,       889,       890,       928,       930
       833,       931,       932,       897,       896
       834,       932,       785,       784,       897
       835,       926,       925,       932,       931
       836,       925,       786,       785,       932
       837,       918,       933,       895,       894
       838,       933,       931,       896,       895
       839,       917,       927,       933,       918
       840,       927,       926,       931,       933
       841,       941,       943,       945,       940
       842,       940,       945,       935,       936
       843,       104,       946,       944,       103
       844,       946,       945,       943,       944
       845,       105,       934,       946,       104
       846,       934,       935,       945,       946
       847,       888,       887,       947,       942
       848,       942,       947,       943,       941
       849,       102,       948,       886,       101
       850,       948,       947,       887,       886
       851,       103,       944,       948,       102
       852,       944,       943,       947,       948
       853,       952,       953,       949,       950
       854,       953,       791,       790,       949
       855,       938,       939,       953,       952
       856,       939,       792,       791,       953
       857,       940,       954,       951,       941
       858,       954,       952,       950,       951
       859,       936,       937,       954,       940
       860,       937,       938,       952,       954
       861,       955,       956,       891,       890
       862,       956,       789,       788,       891
       863,       950,       949,       956,       955
       864,       949,       790,       789,       956
       865,       942,       957,       889,       888
       866,       957,       955,       890,       889
       867,       941,       951,       957,       942
       868,       951,       950,       955,       957
       869,       959,       961,       963,       958
       870,       958,       963,       584,       583
       871,       108,       964,       962,       107
       872,       964,       963,       961,       962
       873,       109,       585,       964,       108
       874,       585,       584,       963,       964
       875,       936,       935,       965,       960
       876,       960,       965,       961,       959
       877,       106,       966,       934,       105
       878,       966,       965,       935,       934
       879,       107,       962,       966,       106
       880,       962,       961,       965,       966
       881,       970,       971,       967,       968
       882,       971,       795,       794,       967
       883,       581,       580,       971,       970
       884,       580,       579,       795,       971
       885,       958,       972,       969,       959
       886,       972,       970,       968,       969
       887,       583,       582,       972,       958
       888,       582,       581,       970,       972
       889,       973,       974,       939,       938
       890,       974,       793,       792,       939
       891,       968,       967,       974,       973
       892,       967,       794,       793,       974
       893,       960,       975,       937,       936
       894,       975,       973,       938,       937
       895,       959,       969,       975,       960
       896,       969,       968,       973,       975
       897,      1150,      1158,      1160,      1149
       898,      1149,      1160,      1144,      1145
       899,      1158,      1159,      1161,      1160
       900,      1160,      1161,      1143,      1144
       901,      1159,      1133,      1134,      1161
       902,      1161,      1134,      1135,      1143
       903,      1152,      1156,      1162,      1151
       904,      1151,      1162,      1158,      1150
       905,      1156,      1157,      1163,      1162
       906,      1162,      1163,      1159,      1158
       907,      1157,      1131,      1132,      1163
       908,      1163,      1132,      1133,      1159
       909,      1154,      1164,      1166,      1153
       910,      1153,      1166,      1156,      1152
       911,      1164,      1165,      1167,      1166
       912,      1166,      1167,      1157,      1156
       913,      1165,      1129,      1130,      1167
       914,      1167,      1130,      1131,      1157
       915,      1118,      1119,      1168,      1155
       916,      1155,      1168,      1164,      1154
       917,      1119,      1120,      1169,      1168
       918,      1168,      1169,      1165,      1164
       919,      1120,      1121,      1128,      1169
       920,      1169,      1128,      1129,      1165
       921,      1174,      1176,      1177,      1173
       922,      1173,      1177,      1170,      1171
       923,      1176,       985,       986,      1177
       924,      1177,       986,       987,      1170
       925,      1147,      1148,      1178,      1175
       926,      1175,      1178,      1176,      1174
       927,      1148,       983,       984,      1178
       928,      1178,       984,       985,      1176
       929,      1150,      1179,      1180,      1151
       930,      1151,      1180,      1172,      1152
       931,      1179,      1174,      1173,      1180
       932,      1180,      1173,      1171,      1172
       933,      1145,      1146,      1181,      1149
       934,      1149,      1181,      1179,      1150
       935,      1146,      1147,      1175,      1181
       936,      1181,      1175,      1174,      1179
       937,      1183,      1185,      1186,      1182
       938,      1182,      1186,      1115,      1116
       939,      1185,       989,       990,      1186
       940,      1186,       990,       991,      1115
       941,      1171,      1170,      1187,      1184
       942,      1184,      1187,      1185,      1183
       943,      1170,       987,       988,      1187
       944,      1187,       988,       989,      1185
       945,      1154,      1188,      1189,      1155
       946,      1155,      1189,      1117,      1118
       947,      1188,      1183,      1182,      1189
       948,      1189,      1182,      1116,      1117
       949,      1152,      1172,      1190,      1153
       950,      1153,      1190,      1188,      1154
       951,      1172,      1171,      1184,      1190
       952,      1190,      1184,      1183,      1188
       953,      1192,      1200,      1202,      1191
       954,      1191,      1202,        84,        83
       955,      1200,      1201,      1203,      1202
       956,      1202,      1203,        85,        84
       957,      1201,      1141,      1142,      1203
       958,      1203,      1142,        86,        85
       959,      1194,      1198,      1204,      1193
       960,      1193,      1204,      1200,      1192
       961,      1198,      1199,      1205,      1204
       962,      1204,      1205,      1201,      1200
       963,      1199,      1139,      1140,      1205
       964,      1205,      1140,      1141,      1201
       965,      1196,      1206,      1208,      1195
       966,      1195,      1208,      1198,      1194
       967,      1206,      1207,      1209,      1208
       968,      1208,      1209,      1199,      1198
       969,      1207,      1137,      1138,      1209
       970,      1209,      1138,      1139,      1199
       971,      1145,      1144,      1210,      1197
       972,      1197,      1210,      1206,      1196
       973,      1144,      1143,      1211,      1210
       974,      1210,      1211,      1207,      1206
       975,      1143,      1135,      1136,      1211
       976,      1211,      1136,      1137,      1207
       977,      1216,      1218,      1219,      1215
       978,      1215,      1219,      1212,      1213
       979,      1218,       977,       978,      1219
       980,      1219,       978,       979,      1212
       981,        81,        80,      1220,      1217
       982,      1217,      1220,      1218,      1216
       983,        80,        79,       976,      1220
       984,      1220,       976,       977,      1218
       985,      1192,      1221,      1222,      1193
       986,      1193,      1222,      1214,      1194
       987,      1221,      1216,      1215,      1222
       988,      1222,      1215,      1213,      1214
       989,        83,        82,      1223,      1191
       990,      1191,      1223,      1221,      1192
       991,        82,        81,      1217,      1223
       992,      1223,      1217,      1216,      1221
       993,      1225,      1227,      1228,      1224
       994,      1224,      1228,      1148,      1147
       995,      1227,       981,       982,      1228
       996,      1228,       982,       983,      1148
       997,      1213,      1212,      1229,      1226
       998,      1226,      1229,      1227,      1225
       999,      1212,       979,       980,      1229
      1000,      1229,       980,       981,      1227
      1001,      1196,      1230,      1231,      1197
      1002,      1197,      1231,      1146,      1145
      1003,      1230,      1225,      1224,      1231
      1004,      1231,      1224,      1147,      1146
      1005,      1194,      1214,      1232,      1195
      1006,      1195,      1232,      1230,      1196
      1007,      1214,      1213,      1226,      1232
      1008,      1232,      1226,      1225,      1230
      1009,      1246,      1248,      1250,      1245
      1010,      1245,      1250,      1240,      1241
      1011,      1089,      1251,      1249,      1088
      1012,      1251,      1250,      1248,      1249
      1013,      1090,      1239,      1251,      1089
      1014,      1239,      1240,      1250,      1251
      1015,      1125,      1126,      1252,      1247
      1016,      1247,      1252,      1248,      1246
      1017,      1087,      1253,      1127,      1086
      1018,      1253,      1252,      1126,      1127
      1019,      1088,      1249,      1253,      1087
      1020,      1249,      1248,      1252,      1253
      1021,      1257,      1258,      1254,      1255
      1022,      1258,      1130,      1129,      1254
      1023,      1243,      1244,      1258,      1257
      1024,      1244,      1131,      1130,      1258
      1025,      1245,      1259,      1256,      1246
      1026,      1259,      1257,      1255,      1256
      1027,      1241,      1242,      1259,      1245
      1028,      1242,      1243,      1257,      1259
      1029,      1260,      1261,      1122,      1123
      1030,      1261,      1128,      1121,      1122
      1031,      1255,      1254,      1261,      1260
      1032,      1254,      1129,      1128,      1261
      1033,      1247,      1262,      1124,      1125
      1034,      1262,      1260,      1123,      1124
      1035,      1246,      1256,      1262,      1247
      1036,      1256,      1255,      1260,      1262
      1037,      1264,      1266,      1268,      1263
      1038,      1263,      1268,      1234,      1235
      1039,      1093,      1269,      1267,      1092
      1040,      1269,      1268,      1266,      1267
      1041,      1094,      1233,      1269,      1093
      1042,      1233,      1234,      1268,      1269
      1043,      1241,      1240,      1270,      1265
      1044,      1265,      1270,      1266,      1264
      1045,      1091,      1271,      1239,      1090
      1046,      1271,      1270,      1240,      1239
      1047,      1092,      1267,      1271,      1091
      1048,      1267,      1266,      1270,      1271
      1049,      1275,      1276,      1272,      1273
      1050,      1276,      1134,      1133,      1272
      1051,      1237,      1238,      1276,      1275
      1052,      1238,      1135,      1134,      1276
      1053,      1263,      1277,      1274,      1264
      1054,      1277,      1275,      1273,      1274
      1055,      1235,      1236,      1277,      1263
      1056,      1236,      1237,      1275,      1277
      1057,      1278,      1279,      1244,      1243
      1058,      1279,      1132,      1131,      1244
      1059,      1273,      1272,      1279,      1278
      1060,      1272,      1133,      1132,      1279
      1061,      1265,      1280,      1242,      1241
      1062,      1280,      1278,      1243,      1242
      1063,      1264,      1274,      1280,      1265
      1064,      1274,      1273,      1278,      1280
      1065,      1288,      1290,      1292,      1287
      1066,      1287,      1292,      1282,      1283
      1067,      1097,      1293,      1291,      1096
      1068,      1293,      1292,      1290,      1291
      1069,      1098,      1281,      1293,      1097
      1070,      1281,      1282,      1292,      1293
      1071,      1235,      1234,      1294,      1289
      1072,      1289,      1294,      1290,      1288
      1073,      1095,      1295,      1233,      1094
      1074,      1295,      1294,      1234,      1233
      1075,      1096,      1291,      1295,      1095
      1076,      1291,      1290,      1294,      1295
      1077,      1299,      1300,      1296,      1297
      1078,      1300,      1138,      1137,      1296
      1079,      1285,      1286,      1300,      1299
      1080,      1286,      1139,      1138,      1300
      1081,      1287,      1301,      1298,      1288
      1082,      1301,      1299,      1297,      1298
      1083,      1283,      1284,      1301,      1287
      1084,      1284,      1285,      1299,      1301
      1085,      1302,      1303,      1238,      1237
      1086,      1303,      1136,      1135,      1238
      1087,      1297,      1296,      1303,      1302
      1088,      1296,      1137,      1136,      1303
      1089,      1289,      1304,      1236,      1235
      1090,      1304,      1302,      1237,      1236
      1091,      1288,      1298,      1304,      1289
      1092,      1298,      1297,      1302,      1304
      1093,      1306,      1308,      1310,      1305
      1094,      1305,      1310,        91,        90
      1095,      1101,      1311,      1309,      1100
      1096,      1311,      1310,      1308,      1309
      1097,        93,        92,      1311,      1101
      1098,        92,        91,      1310,      1311
      1099,      1283,      1282,      1312,      1307
      1100,      1307,      1312,      1308,      1306
      1101,      1099,      1313,      1281,      1098
      1102,      1313,      1312,      1282,      1281
      1103,      1100,      1309,      1313,      1099
      1104,      1309,      1308,      1312,      1313
      1105,      1317,      1318,      1314,      1315
      1106,      1318,      1142,      1141,      1314
      1107,        88,        87,      1318,      1317
      1108,        87,        86,      1142,      1318
      1109,      1305,      1319,      1316,      1306
      1110,      1319,      1317,      1315,      1316
      1111,        90,        89,      1319,      1305
      1112,        89,        88,      1317,      1319
      1113,      1320,      1321,      1286,      1285
      1114,      1321,      1140,      1139,      1286
      1115,      1315,      1314,      1321,      1320
      1116,      1314,      1141,      1140,      1321
      1117,      1307,      1322,      1284,      1283
      1118,      1322,      1320,      1285,      1284
      1119,      1306,      1316,      1322,      1307
      1120,      1316,      1315,      1320,      1322
      1121,      1345,      1353,      1355,      1344
      1122,      1344,      1355,      1339,      1340
      1123,      1353,      1354,      1356,      1355
      1124,      1355,      1356,      1338,      1339
      1125,      1354,      1328,      1329,      1356
      1126,      1356,      1329,      1330,      1338
      1127,      1347,      1351,      1357,      1346
      1128,      1346,      1357,      1353,      1345
      1129,      1351,      1352,      1358,      1357
      1130,      1357,      1358,      1354,      1353
      1131,      1352,      1326,      1327,      1358
      1132,      1358,      1327,      1328,      1354
      1133,      1349,      1359,      1361,      1348
      1134,      1348,      1361,      1351,      1347
      1135,      1359,      1360,      1362,      1361
      1136,      1361,      1362,      1352,      1351
      1137,      1360,      1324,      1325,      1362
      1138,      1362,      1325,      1326,      1352
      1139,      1105,      1106,      1363,      1350
      1140,      1350,      1363,      1359,      1349
      1141,      1106,      1107,      1364,      1363
      1142,      1363,      1364,      1360,      1359
      1143,      1107,      1108,      1323,      1364
      1144,      1364,      1323,      1324,      1360
      1145,      1369,      1371,      1372,      1368
      1146,      1368,      1372,      1365,      1366
      1147,      1371,      1001,      1002,      1372
      1148,      1372,      1002,      1003,      1365
      1149,      1342,      1343,      1373,      1370
      1150,      1370,      1373,      1371,      1369
      1151,      1343,       999,      1000,      1373
      1152,      1373,      1000,      1001,      1371
      1153,      1345,      1374,      1375,      1346
      1154,      1346,      1375,      1367,      1347
      1155,      1374,      1369,      1368,      1375
      1156,      1375,      1368,      1366,      1367
      1157,      1340,      1341,      1376,      1344
      1158,      1344,      1376,      1374,      1345
      1159,      1341,      1342,      1370,      1376
      1160,      1376,      1370,      1369,      1374
      1161,      1378,      1380,      1381,      1377
      1162,      1377,      1381,      1102,      1103
      1163,      1380,      1005,      1006,      1381
      1164,      1381,      1006,      1007,      1102
      1165,      1366,      1365,      1382,      1379
      1166,      1379,      1382,      1380,      1378
      1167,      1365,      1003,      1004,      1382
      1168,      1382,      1004,      1005,      1380
      1169,      1349,      1383,      1384,      1350
      1170,      1350,      1384,      1104,      1105
      1171,      1383,      1378,      1377,      1384
      1172,      1384,      1377,      1103,      1104
      1173,      1347,      1367,      1385,      1348
      1174,      1348,      1385,      1383,      1349
      1175,      1367,      1366,      1379,      1385
      1176,      1385,      1379,      1378,      1383
      1177,      1387,      1395,      1397,      1386
      1178,      1386,      1397,      1119,      1118
      1179,      1395,      1396,      1398,      1397
      1180,      1397,      1398,      1120,      1119
      1181,      1396,      1336,      1337,      1398
      1182,      1398,      1337,      1121,      1120
      1183,      1389,      1393,      1399,      1388
      1184,      1388,      1399,      1395,      1387
      1185,      1393,      1394,      1400,      1399
      1186,      1399,      1400,      1396,      1395
      1187,      1394,      1334,      1335,      1400
      1188,      1400,      1335,      1336,      1396
      1189,      1391,      1401,      1403,      1390
      1190,      1390,      1403,      1393,      1389
      1191,      1401,      1402,      1404,      1403
      1192,      1403,      1404,      1394,      1393
      1193,      1402,      1332,      1333,      1404
      1194,      1404,      1333,      1334,      1394
      1195,      1340,      1339,      1405,      1392
      1196,      1392,      1405,      1401,      1391
      1197,      1339,      1338,      1406,      1405
      1198,      1405,      1406,      1402,      1401
      1199,      1338,      1330,      1331,      1406
      1200,      1406,      1331,      1332,      1402
      1201,      1411,      1413,      1414,      1410
      1202,      1410,      1414,      1407,      1408
      1203,      1413,       993,       994,      1414
      1204,      1414,       994,       995,      1407
      1205,      1116,      1115,      1415,      1412
      1206,      1412,      1415,      1413,      1411
      1207,      1115,       991,       992,      1415
      1208,      1415,       992,       993,      1413
      1209,      1387,      1416,      1417,      1388
      1210,      1388,      1417,      1409,      1389
      1211,      1416,      1411,      1410,      1417
      1212,      1417,      1410,      1408,      1409
      1213,      1118,      1117,      1418,      1386
      1214,      1386,      1418,      1416,      1387
      1215,      1117,      1116,      1412,      1418
      1216,      1418,      1412,      1411,      1416
      1217,      1420,      1422,      1423,      1419
      1218,      1419,      1423,      1343,      1342
      1219,      1422,       997,       998,      1423
      1220,      1423,       998,       999,      1343
      1221,      1408,      1407,      1424,      1421
      1222,      1421,      1424,      1422,      1420
      1223,      1407,       995,       996,      1424
      1224,      1424,       996,       997,      1422
      1225,      1391,      1425,      1426,      1392
      1226,      1392,      1426,      1341,      1340
      1227,      1425,      1420,      1419,      1426
      1228,      1426,      1419,      1342,      1341
      1229,      1389,      1409,      1427,      1390
      1230,      1390,      1427,      1425,      1391
      1231,      1409,      1408,      1421,      1427
      1232,      1427,      1421,      1420,      1425
      1233,      1441,      1443,      1445,      1440
      1234,      1440,      1445,      1435,      1436
      1235,      1073,      1446,      1444,      1072
      1236,      1446,      1445,      1443,      1444
      1237,      1074,      1434,      1446,      1073
      1238,      1434,      1435,      1445,      1446
      1239,      1112,      1113,      1447,      1442
      1240,      1442,      1447,      1443,      1441
      1241,      1071,      1448,      1114,      1070
      1242,      1448,      1447,      1113,      1114
      1243,      1072,      1444,      1448,      1071
      1244,      1444,      1443,      1447,      1448
      1245,      1452,      1453,      1449,      1450
      1246,      1453,      1325,      1324,      1449
      1247,      1438,      1439,      1453,      1452
      1248,      1439,      1326,      1325,      1453
      1249,      1440,      1454,      1451,      1441
      1250,      1454,      1452,      1450,      1451
      1251,      1436,      1437,      1454,      1440
      1252,      1437,      1438,      1452,      1454
      1253,      1455,      1456,      1109,      1110
      1254,      1456,      1323,      1108,      1109
      1255,      1450,      1449,      1456,      1455
      1256,      1449,      1324,      1323,      1456
      1257,      1442,      1457,      1111,      1112
      1258,      1457,      1455,      1110,      1111
      1259,      1441,      1451,      1457,      1442
      1260,      1451,      1450,      1455,      1457
      1261,      1459,      1461,      1463,      1458
      1262,      1458,      1463,      1429,      1430
      1263,      1077,      1464,      1462,      1076
      1264,      1464,      1463,      1461,      1462
      1265,      1078,      1428,      1464,      1077
      1266,      1428,      1429,      1463,      1464
      1267,      1436,      1435,      1465,      1460
      1268,      1460,      1465,      1461,      1459
      1269,      1075,      1466,      1434,      1074
      1270,      1466,      1465,      1435,      1434
      1271,      1076,      1462,      1466,      1075
      1272,      1462,      1461,      1465,      1466
      1273,      1470,      1471,      1467,      1468
      1274,      1471,      1329,      1328,      1467
      1275,      1432,      1433,      1471,      1470
      1276,      1433,      1330,      1329,      1471
      1277,      1458,      1472,      1469,      1459
      1278,      1472,      1470,      1468,      1469
      1279,      1430,      1431,      1472,      1458
      1280,      1431,      1432,      1470,      1472
      1281,      1473,      1474,      1439,      1438
      1282,      1474,      1327,      1326,      1439
      1283,      1468,      1467,      1474,      1473
      1284,      1467,      1328,      1327,      1474
      1285,      1460,      1475,      1437,      1436
      1286,      1475,      1473,      1438,      1437
      1287,      1459,      1469,      1475,      1460
      1288,      1469,      1468,      1473,      1475
      1289,      1483,      1485,      1487,      1482
      1290,      1482,      1487,      1477,      1478
      1291,      1081,      1488,      1486,      1080
      1292,      1488,      1487,      1485,      1486
      1293,      1082,      1476,      1488,      1081
      1294,      1476,      1477,      1487,      1488
      1295,      1430,      1429,      1489,      1484
      1296,      1484,      1489,      1485,      1483
      1297,      1079,      1490,      1428,      1078
      1298,      1490,      1489,      1429,      1428
      1299,      1080,      1486,      1490,      1079
      1300,      1486,      1485,      1489,      1490
      1301,      1494,      1495,      1491,      1492
      1302,      1495,      1333,      1332,      1491
      1303,      1480,      1481,      1495,      1494
      1304,      1481,      1334,      1333,      1495
      1305,      1482,      1496,      1493,      1483
      1306,      1496,      1494,      1492,      1493
      1307,      1478,      1479,      1496,      1482
      1308,      1479,      1480,      1494,      1496
      1309,      1497,      1498,      1433,      1432
      1310,      1498,      1331,      1330,      1433
      1311,      1492,      1491,      1498,      1497
      1312,      1491,      1332,      1331,      1498
      1313,      1484,      1499,      1431,      1430
      1314,      1499,      1497,      1432,      1431
      1315,      1483,      1493,      1499,      1484
      1316,      1493,      1492,      1497,      1499
      1317,      1501,      1503,      1505,      1500
      1318,      1500,      1505,      1126,      1125
      1319,      1085,      1506,      1504,      1084
      1320,      1506,      1505,      1503,      1504
      1321,      1086,      1127,      1506,      1085
      1322,      1127,      1126,      1505,      1506
      1323,      1478,      1477,      1507,      1502
      1324,      1502,      1507,      1503,      1501
      1325,      1083,      1508,      1476,      1082
      1326,      1508,      1507,      1477,      1476
      1327,      1084,      1504,      1508,      1083
      1328,      1504,      1503,      1507,      1508
      1329,      1512,      1513,      1509,      1510
      1330,      1513,      1337,      1336,      1509
      1331,      1123,      1122,      1513,      1512
      1332,      1122,      1121,      1337,      1513
      1333,      1500,      1514,      1511,      1501
      1334,      1514,      1512,      1510,      1511
      1335,      1125,      1124,      1514,      1500
      1336,      1124,      1123,      1512,      1514
      1337,      1515,      1516,      1481,      1480
      1338,      1516,      1335,      1334,      1481
      1339,      1510,      1509,      1516,      1515
      1340,      1509,      1336,      1335,      1516
      1341,      1502,      1517,      1479,      1478
      1342,      1517,      1515,      1480,      1479
      1343,      1501,      1511,      1517,      1502
      1344,      1511,      1510,      1515,      1517
      1345,      1553,      1561,      1563,      1552
      1346,      1552,      1563,      1547,      1548
      1347,      1561,      1562,      1564,      1563
      1348,      1563,      1564,      1546,      1547
      1349,      1562,      1536,      1537,      1564
      1350,      1564,      1537,      1538,      1546
      1351,      1555,      1559,      1565,      1554
      1352,      1554,      1565,      1561,      1553
      1353,      1559,      1560,      1566,      1565
      1354,      1565,      1566,      1562,      1561
      1355,      1560,      1534,      1535,      1566
      1356,      1566,      1535,      1536,      1562
      1357,      1557,      1567,      1569,      1556
      1358,      1556,      1569,      1559,      1555
      1359,      1567,      1568,      1570,      1569
      1360,      1569,      1570,      1560,      1559
      1361,      1568,      1532,      1533,      1570
      1362,      1570,      1533,      1534,      1560
      1363,      1521,      1522,      1571,      1558
      1364,      1558,      1571,      1567,      1557
      1365,      1522,      1523,      1572,      1571
      1366,      1571,      1572,      1568,      1567
      1367,      1523,      1524,      1531,      1572
      1368,      1572,      1531,      1532,      1568
      1369,      1577,      1579,      1580,      1576
      1370,      1576,      1580,      1573,      1574
      1371,      1579,      1017,      1018,      1580
      1372,      1580,      1018,      1019,      1573
      1373,      1550,      1551,      1581,      1578
      1374,      1578,      1581,      1579,      1577
      1375,      1551,      1015,      1016,      1581
      1376,      1581,      1016,      1017,      1579
      1377,      1553,      1582,      1583,      1554
      1378,      1554,      1583,      1575,      1555
      1379,      1582,      1577,      1576,      1583
      1380,      1583,      1576,      1574,      1575
      1381,      1548,      1549,      1584,      1552
      1382,      1552,      1584,      1582,      1553
      1383,      1549,      1550,      1578,      1584
      1384,      1584,      1578,      1577,      1582
      1385,      1586,      1588,      1589,      1585
      1386,      1585,      1589,      1518,      1519
      1387,      1588,      1021,      1022,      1589
      1388,      1589,      1022,      1023,      1518
      1389,      1574,      1573,      1590,      1587
      1390,      1587,      1590,      1588,      1586
      1391,      1573,      1019,      1020,      1590
      1392,      1590,      1020,      1021,      1588
      1393,      1557,      1591,      1592,      1558
      1394,      1558,      1592,      1520,      1521
      1395,      1591,      1586,      1585,      1592
      1396,      1592,      1585,      1519,      1520
      1397,      1555,      1575,      1593,      1556
      1398,      1556,      1593,      1591,      1557
      1399,      1575,      1574,      1587,      1593
      1400,      1593,      1587,      1586,      1591
      1401,      1595,      1603,      1605,      1594
      1402,      1594,      1605,      1106,      1105
      1403,      1603,      1604,      1606,      1605
      1404,      1605,      1606,      1107,      1106
      1405,      1604,      1544,      1545,      1606
      1406,      1606,      1545,      1108,      1107
      1407,      1597,      1601,      1607,      1596
      1408,      1596,      1607,      1603,      1595
      1409,      1601,      1602,      1608,      1607
      1410,      1607,      1608,      1604,      1603
      1411,      1602,      1542,      1543,      1608
      1412,      1608,      1543,      1544,      1604
      1413,      1599,      1609,      1611,      1598
      1414,      1598,      1611,      1601,      1597
      1415,      1609,      1610,      1612,      1611
      1416,      1611,      1612,      1602,      1601
      1417,      1610,      1540,      1541,      1612
      1418,      1612,      1541,      1542,      1602
      1419,      1548,      1547,      1613,      1600
      1420,      1600,      1613,      1609,      1599
      1421,      1547,      1546,      1614,      1613
      1422,      1613,      1614,      1610,      1609
      1423,      1546,      1538,      1539,      1614
      1424,      1614,      1539,      1540,      1610
      1425,      1619,      1621,      1622,      1618
      1426,      1618,      1622,      1615,      1616
      1427,      1621,      1009,      1010,      1622
      1428,      1622,      1010,      1011,      1615
      1429,      1103,      1102,      1623,      1620
      1430,      1620,      1623,      1621,      1619
      1431,      1102,      1007,      1008,      1623
      1432,      1623,      1008,      1009,      1621
      1433,      1595,      1624,      1625,      1596
      1434,      1596,      1625,      1617,      1597
      1435,      1624,      1619,      1618,      1625
      1436,      1625,      1618,      1616,      1617
      1437,      1105,      1104,      1626,      1594
      1438,      1594,      1626,      1624,      1595
      1439,      1104,      1103,      1620,      1626
      1440,      1626,      1620,      1619,      1624
      1441,      1628,      1630,      1631,      1627
      1442,      1627,      1631,      1551,      1550
      1443,      1630,      1013,      1014,      1631
      1444,      1631,      1014,      1015,      1551
      1445,      1616,      1615,      1632,      1629
      1446,      1629,      1632,      1630,      1628
      1447,      1615,      1011,      1012,      1632
      1448,      1632,      1012,      1013,      1630
      1449,      1599,      1633,      1634,      1600
      1450,      1600,      1634,      1549,      1548
      1451,      1633,      1628,      1627,      1634
      1452,      1634,      1627,      1550,      1549
      1453,      1597,      1617,      1635,      1598
      1454,      1598,      1635,      1633,      1599
      1455,      1617,      1616,      1629,      1635
      1456,      1635,      1629,      1628,      1633
      1457,      1649,      1651,      1653,      1648
      1458,      1648,      1653,      1643,      1644
      1459,      1057,      1654,      1652,      1056
      1460,      1654,      1653,      1651,      1652
      1461,      1058,      1642,      1654,      1057
      1462,      1642,      1643,      1653,      1654
      1463,      1528,      1529,      1655,      1650
      1464,      1650,      1655,      1651,      1649
      1465,      1055,      1656,      1530,      1054
      1466,      1656,      1655,      1529,      1530
      1467,      1056,      1652,      1656,      1055
      1468,      1652,      1651,      1655,      1656
      1469,      1660,      1661,      1657,      1658
      1470,      1661,      1533,      1532,      1657
      1471,      1646,      1647,      1661,      1660
      1472,      1647,      1534,      1533,      1661
      1473,      1648,      1662,      1659,      1649
      1474,      1662,      1660,      1658,      1659
      1475,      1644,      1645,      1662,      1648
      1476,      1645,      1646,      1660,      1662
      1477,      1663,      1664,      1525,      1526
      1478,      1664,      1531,      1524,      1525
      1479,      1658,      1657,      1664,      1663
      1480,      1657,      1532,      1531,      1664
      1481,      1650,      1665,      1527,      1528
      1482,      1665,      1663,      1526,      1527
      1483,      1649,      1659,      1665,      1650
      1484,      1659,      1658,      1663,      1665
      1485,      1667,      1669,      1671,      1666
      1486,      1666,      1671,      1637,      1638
      1487,      1061,      1672,      1670,      1060
      1488,      1672,      1671,      1669,      1670
      1489,      1062,      1636,      1672,      1061
      1490,      1636,      1637,      1671,      1672
      1491,      1644,      1643,      1673,      1668
      1492,      1668,      1673,      1669,      1667
      1493,      1059,      1674,      1642,      1058
      1494,      1674,      1673,      1643,      1642
      1495,      1060,      1670,      1674,      1059
      1496,      1670,      1669,      1673,      1674
      1497,      1678,      1679,      1675,      1676
      1498,      1679,      1537,      1536,      1675
      1499,      1640,      1641,      1679,      1678
      1500,      1641,      1538,      1537,      1679
      1501,      1666,      1680,      1677,      1667
      1502,      1680,      1678,      1676,      1677
      1503,      1638,      1639,      1680,      1666
      1504,      1639,      1640,      1678,      1680
      1505,      1681,      1682,      1647,      1646
      1506,      1682,      1535,      1534,      1647
      1507,      1676,      1675,      1682,      1681
      1508,      1675,      1536,      1535,      1682
      1509,      1668,      1683,      1645,      1644
      1510,      1683,      1681,      1646,      1645
      1511,      1667,      1677,      1683,      1668
      1512,      1677,      1676,      1681,      1683
      1513,      1691,      1693,      1695,      1690
      1514,      1690,      1695,      1685,      1686
      1515,      1065,      1696,      1694,      1064
      1516,      1696,      1695,      1693,      1694
      1517,      1066,      1684,      1696,      1065
      1518,      1684,      1685,      1695,      1696
      1519,      1638,      1637,      1697,      1692
      1520,      1692,      1697,      1693,      1691
      1521,      1063,      1698,      1636,      1062
      1522,      1698,      1697,      1637,      1636
      1523,      1064,      1694,      1698,      1063
      1524,      1694,      1693,      1697,      1698
      1525,      1702,      1703,      1699,      1700
      1526,      1703,      1541,      1540,      1699
      1527,      1688,      1689,      1703,      1702
      1528,      1689,      1542,      1541,      1703
      1529,      1690,      1704,      1701,      1691
      1530,      1704,      1702,      1700,      1701
      1531,      1686,      1687,      1704,      1690
      1532,      1687,      1688,      1702,      1704
      1533,      1705,      1706,      1641,      1640
      1534,      1706,      1539,      1538,      1641
      1535,      1700,      1699,      1706,      1705
      1536,      1699,      1540,      1539,      1706
      1537,      1692,      1707,      1639,      1638
      1538,      1707,      1705,      1640,      1639
      1539,      1691,      1701,      1707,      1692
      1540,      1701,      1700,      1705,      1707
      1541,      1709,      1711,      1713,      1708
      1542,      1708,      1713,      1113,      1112
      1543,      1069,      1714,      1712,      1068
      1544,      1714,      1713,      1711,      1712
      1545,      1070,      1114,      1714,      1069
      1546,      1114,      1113,      1713,      1714
      1547,      1686,      1685,      1715,      1710
      1548,      1710,      1715,      1711,      1709
      1549,      1067,      1716,      1684,      1066
      1550,      1716,      1715,      1685,      1684
      1551,      1068,      1712,      1716,      1067
      1552,      1712,      1711,      1715,      1716
      1553,      1720,      1721,      1717,      1718
      1554,      1721,      1545,      1544,      1717
      1555,      1110,      1109,      1721,      1720
      1556,      1109,      1108,      1545,      1721
      1557,      1708,      1722,      1719,      1709
      1558,      1722,      1720,      1718,      1719
      1559,      1112,      1111,      1722,      1708
      1560,      1111,      1110,      1720,      1722
      1561,      1723,      1724,      1689,      1688
      1562,      1724,      1543,      1542,      1689
      1563,      1718,      1717,      1724,      1723
      1564,      1717,      1544,      1543,      1724
      1565,      1710,      1725,      1687,      1686
      1566,      1725,      1723,      1688,      1687
      1567,      1709,      1719,      1725,      1710
      1568,      1719,      1718,      1723,      1725
      1569,      1748,      1756,      1758,      1747
      1570,      1747,      1758,      1742,      1743
      1571,      1756,      1757,      1759,      1758
      1572,      1758,      1759,      1741,      1742
      1573,      1757,      1731,      1732,      1759
      1574,      1759,      1732,      1733,      1741
      1575,      1750,      1754,      1760,      1749
      1576,      1749,      1760,      1756,      1748
      1577,      1754,      1755,      1761,      1760
      1578,      1760,      1761,      1757,      1756
      1579,      1755,      1729,      1730,      1761
      1580,      1761,      1730,      1731,      1757
      1581,      1752,      1762,      1764,      1751
      1582,      1751,      1764,      1754,      1750
      1583,      1762,      1763,      1765,      1764
      1584,      1764,      1765,      1755,      1754
      1585,      1763,      1727,      1728,      1765
      1586,      1765,      1728,      1729,      1755
      1587,        11,        10,      1766,      1753
      1588,      1753,      1766,      1762,      1752
      1589,        10,         9,      1767,      1766
      1590,      1766,      1767,      1763,      1762
      1591,         9,         8,      1726,      1767
      1592,      1767,      1726,      1727,      1763
      1593,      1772,      1774,      1775,      1771
      1594,      1771,      1775,      1768,      1769
      1595,      1774,      1033,      1034,      1775
      1596,      1775,      1034,      1035,      1768
      1597,      1745,      1746,      1776,      1773
      1598,      1773,      1776,      1774,      1772
      1599,      1746,      1031,      1032,      1776
      1600,      1776,      1032,      1033,      1774
      1601,      1748,      1777,      1778,      1749
      1602,      1749,      1778,      1770,      1750
      1603,      1777,      1772,      1771,      1778
      1604,      1778,      1771,      1769,      1770
      1605,      1743,      1744,      1779,      1747
      1606,      1747,      1779,      1777,      1748
      1607,      1744,      1745,      1773,      1779
      1608,      1779,      1773,      1772,      1777
      1609,      1781,      1783,      1784,      1780
      1610,      1780,      1784,        14,        13
      1611,      1783,      1037,      1038,      1784
      1612,      1784,      1038,        15,        14
      1613,      1769,      1768,      1785,      1782
      1614,      1782,      1785,      1783,      1781
      1615,      1768,      1035,      1036,      1785
      1616,      1785,      1036,      1037,      1783
      1617,      1752,      1786,      1787,      1753
      1618,      1753,      1787,        12,        11
      1619,      1786,      1781,      1780,      1787
      1620,      1787,      1780,        13,        12
      1621,      1750,      1770,      1788,      1751
      1622,      1751,      1788,      1786,      1752
      1623,      1770,      1769,      1782,      1788
      1624,      1788,      1782,      1781,      1786
      1625,      1790,      1798,      1800,      1789
      1626,      1789,      1800,      1522,      1521
      1627,      1798,      1799,      1801,      1800
      1628,      1800,      1801,      1523,      1522
      1629,      1799,      1739,      1740,      1801
      1630,      1801,      1740,      1524,      1523
      1631,      1792,      1796,      1802,      1791
      1632,      1791,      1802,      1798,      1790
      1633,      1796,      1797,      1803,      1802
      1634,      1802,      1803,      1799,      1798
      1635,      1797,      1737,      1738,      1803
      1636,      1803,      1738,      1739,      1799
      1637,      1794,      1804,      1806,      1793
      1638,      1793,      1806,      1796,      1792
      1639,      1804,      1805,      1807,      1806
      1640,      1806,      1807,      1797,      1796
      1641,      1805,      1735,      1736,      1807
      1642,      1807,      1736,      1737,      1797
      1643,      1743,      1742,      1808,      1795
      1644,      1795,      1808,      1804,      1794
      1645,      1742,      1741,      1809,      1808
      1646,      1808,      1809,      1805,      1804
      1647,      1741,      1733,      1734,      1809
      1648,      1809,      1734,      1735,      1805
      1649,      1814,      1816,      1817,      1813
      1650,      1813,      1817,      1810,      1811
      1651,      1816,      1025,      1026,      1817
      1652,      1817,      1026,      1027,      1810
      1653,      1519,      1518,      1818,      1815
      1654,      1815,      1818,      1816,      1814
      1655,      1518,      1023,      1024,      1818
      1656,      1818,      1024,      1025,      1816
      1657,      1790,      1819,      1820,      1791
      1658,      1791,      1820,      1812,      1792
      1659,      1819,      1814,      1813,      1820
      1660,      1820,      1813,      1811,      1812
      1661,      1521,      1520,      1821,      1789
      1662,      1789,      1821,      1819,      1790
      1663,      1520,      1519,      1815,      1821
      1664,      1821,      1815,      1814,      1819
      1665,      1823,      1825,      1826,      1822
      1666,      1822,      1826,      1746,      1745
      1667,      1825,      1029,      1030,      1826
      1668,      1826,      1030,      1031,      1746
      1669,      1811,      1810,      1827,      1824
      1670,      1824,      1827,      1825,      1823
      1671,      1810,      1027,      1028,      1827
      1672,      1827,      1028,      1029,      1825
      1673,      1794,      1828,      1829,      1795
      1674,      1795,      1829,      1744,      1743
      1675,      1828,      1823,      1822,      1829
      1676,      1829,      1822,      1745,      1744
      1677,      1792,      1812,      1830,      1793
      1678,      1793,      1830,      1828,      1794
      1679,      1812,      1811,      1824,      1830
      1680,      1830,      1824,      1823,      1828
      1681,      1844,      1846,      1848,      1843
      1682,      1843,      1848,      1838,      1839
      1683,      1041,      1849,      1847,      1040
      1684,      1849,      1848,      1846,      1847
      1685,      1042,      1837,      1849,      1041
      1686,      1837,      1838,      1848,      1849
      1687,         4,         3,      1850,      1845
      1688,      1845,      1850,      1846,      1844
      1689,      1039,      1851,         2,         1
      1690,      1851,      1850,         3,         2
      1691,      1040,      1847,      1851,      1039
      1692,      1847,      1846,      1850,      1851
      1693,      1855,      1856,      1852,      1853
      1694,      1856,      1728,      1727,      1852
      1695,      1841,      1842,      1856,      1855
      1696,      1842,      1729,      1728,      1856
      1697,      1843,      1857,      1854,      1844
      1698,      1857,      1855,      1853,      1854
      1699,      1839,      1840,      1857,      1843
      1700,      1840,      1841,      1855,      1857
      1701,      1858,      1859,         7,         6
      1702,      1859,      1726,         8,         7
      1703,      1853,      1852,      1859,      1858
      1704,      1852,      1727,      1726,      1859
      1705,      1845,      1860,         5,         4
      1706,      1860,      1858,         6,         5
      1707,      1844,      1854,      1860,      1845
      1708,      1854,      1853,      1858,      1860
      1709,      1862,      1864,      1866,      1861
      1710,      1861,      1866,      1832,      1833
      1711,      1045,      1867,      1865,      1044
      1712,      1867,      1866,      1864,      1865
      1713,      1046,      1831,      1867,      1045
      1714,      1831,      1832,      1866,      1867
      1715,      1839,      1838,      1868,      1863
      1716,      1863,      1868,      1864,      1862
      1717,      1043,      1869,      1837,      1042
      1718,      1869,      1868,      1838,      1837
      1719,      1044,      1865,      1869,      1043
      1720,      1865,      1864,      1868,      1869
      1721,      1873,      1874,      1870,      1871
      1722,      1874,      1732,      1731,      1870
      1723,      1835,      1836,      1874,      1873
      1724,      1836,      1733,      1732,      1874
      1725,      1861,      1875,      1872,      1862
      1726,      1875,      1873,      1871,      1872
      1727,      1833,      1834,      1875,      1861
      1728,      1834,      1835,      1873,      1875
      1729,      1876,      1877,      1842,      1841
      1730,      1877,      1730,      1729,      1842
      1731,      1871,      1870,      1877,      1876
      1732,      1870,      1731,      1730,      1877
      1733,      1863,      1878,      1840,      1839
      1734,      1878,      1876,      1841,      1840
      1735,      1862,      1872,      1878,      1863
      1736,      1872,      1871,      1876,      1878
      1737,      1886,      1888,      1890,      1885
      1738,      1885,      1890,      1880,      1881
      1739,      1049,      1891,      1889,      1048
      1740,      1891,      1890,      1888,      1889
      1741,      1050,      1879,      1891,      1049
      1742,      1879,      1880,      1890,      1891
      1743,      1833,      1832,      1892,      1887
      1744,      1887,      1892,      1888,      1886
      1745,      1047,      1893,      1831,      1046
      1746,      1893,      1892,      1832,      1831
      1747,      1048,      1889,      1893,      1047
      1748,      1889,      1888,      1892,      1893
      1749,      1897,      1898,      1894,      1895
      1750,      1898,      1736,      1735,      1894
      1751,      1883,      1884,      1898,      1897
      1752,      1884,      1737,      1736,      1898
      1753,      1885,      1899,      1896,      1886
      1754,      1899,      1897,      1895,      1896
      1755,      1881,      1882,      1899,      1885
      1756,      1882,      1883,      1897,      1899
      1757,      1900,      1901,      1836,      1835
      1758,      1901,      1734,      1733,      1836
      1759,      1895,      1894,      1901,      1900
      1760,      1894,      1735,      1734,      1901
      1761,      1887,      1902,      1834,      1833
      1762,      1902,      1900,      1835,      1834
      1763,      1886,      1896,      1902,      1887
      1764,      1896,      1895,      1900,      1902
      1765,      1904,      1906,      1908,      1903
      1766,      1903,      1908,      1529,      1528
      1767,      1053,      1909,      1907,      1052
      1768,      1909,      1908,      1906,      1907
      1769,      1054,      1530,      1909,      1053
      1770,      1530,      1529,      1908,      1909
      1771,      1881,      1880,      1910,      1905
      1772,      1905,      1910,      1906,      1904
      1773,      1051,      1911,      1879,      1050
      1774,      1911,      1910,      1880,      1879
      1775,      1052,      1907,      1911,      1051
      1776,      1907,      1906,      1910,      1911
      1777,      1915,      1916,      1912,      1913
      1778,      1916,      1740,      1739,      1912
      1779,      1526,      1525,      1916,      1915
      1780,      1525,      1524,      1740,      1916
      1781,      1903,      1917,      1914,      1904
      1782,      1917,      1915,      1913,      1914
      1783,      1528,      1527,      1917,      1903
      1784,      1527,      1526,      1915,      1917
      1785,      1918,      1919,      1884,      1883
      1786,      1919,      1738,      1737,      1884
      1787,      1913,      1912,      1919,      1918
      1788,      1912,      1739,      1738,      1919
      1789,      1905,      1920,      1882,      1881
      1790,      1920,      1918,      1883,      1882
      1791,      1904,      1914,      1920,      1905
      1792,      1914,      1913,      1918,      1920
      8072,      8296,      8287,      8286,      8292
      8071,      8271,      8270,      8287,      8296
      8070,      8295,      8296,      8292,      8291
      8069,      8272,      8271,      8296,      8295
      8068,      8245,      8295,      8291,      8246
      8067,      8244,      8272,      8295,      8245
      8066,      8294,      8285,      8183,      8182
      8065,      8292,      8286,      8285,      8294
      8064,      8293,      8294,      8182,      8181
      8063,      8291,      8292,      8294,      8293
      8062,      8247,      8293,      8181,      8180
      8061,      8246,      8291,      8293,      8247
      8060,      8290,      7246,      7247,      8288
      8059,      8269,      7245,      7246,      8290
      8058,      8287,      8290,      8288,      8286
      8057,      8270,      8269,      8290,      8287
      8056,      8289,      7248,      7249,      8184
      8055,      8288,      7247,      7248,      8289
      8054,      8285,      8289,      8184,      8183
      8053,      8286,      8288,      8289,      8285
      8052,      8280,      8279,      8283,      8284
      8051,      8274,      8280,      8284,      8275
      8050,      8284,      8283,      7277,      7278
      8049,      8275,      8284,      7278,      7279
      8048,      8241,      8283,      8279,      8242
      8047,      7276,      7277,      8283,      8241
      8046,      8282,      8273,      8270,      8271
      8045,      8280,      8274,      8273,      8282
      8044,      8281,      8282,      8271,      8272
      8043,      8279,      8280,      8282,      8281
      8042,      8243,      8281,      8272,      8244
      8041,      8242,      8279,      8281,      8243
      8040,      7280,      7145,      7242,      8278
      8039,      7279,      7280,      8278,      8275
      8038,      8278,      7242,      7243,      8276
      8037,      8275,      8278,      8276,      8274
      8036,      8277,      7244,      7245,      8269
      8035,      8276,      7243,      7244,      8277
      8034,      8273,      8277,      8269,      8270
      8033,      8274,      8276,      8277,      8273
      8032,      8250,      8249,      8262,      8268
      8031,       979,      8250,      8268,       980
      8030,      8268,      8262,      8261,      8266
      8029,       980,      8268,      8266,       981
      8028,      8267,      8260,      8178,      8177
      8027,      8266,      8261,      8260,      8267
      8026,       982,      8267,      8177,       983
      8025,       981,      8266,      8267,       982
      8024,      8265,      8245,      8246,      8263
      8023,      8248,      8244,      8245,      8265
      8022,      8262,      8265,      8263,      8261
      8021,      8249,      8248,      8265,      8262
      8020,      8264,      8247,      8180,      8179
      8019,      8263,      8246,      8247,      8264
      8018,      8260,      8264,      8179,      8178
      8017,      8261,      8263,      8264,      8260
      8016,      8253,      8252,      8257,      8259
      8015,       977,      8253,      8259,       978
      8014,      8259,      8257,      8249,      8250
      8013,       978,      8259,      8250,       979
      8012,      8251,      8242,      8243,      8258
      8011,      8252,      8251,      8258,      8257
      8010,      8258,      8243,      8244,      8248
      8009,      8257,      8258,      8248,      8249
      8008,      7273,      7274,      8254,      8256
      8007,        79,      7273,      8256,       976
      8006,      8256,      8254,      8252,      8253
      8005,       976,      8256,      8253,       977
      8004,      7275,      7276,      8241,      8255
      8003,      7274,      7275,      8255,      8254
      8002,      8255,      8241,      8242,      8251
      8001,      8254,      8255,      8251,      8252
      8000,      8240,      8237,      8236,      8238
      7999,      8216,      8215,      8237,      8240
      7998,      8189,      8240,      8238,      8190
      7997,      8188,      8216,      8240,      8189
      7996,      8239,      8235,      8054,      8053
      7995,      8238,      8236,      8235,      8239
      7994,      8191,      8239,      8053,      8052
      7993,      8190,      8238,      8239,      8191
      7992,      8231,      8237,      8215,      8214
      7991,      8230,      8236,      8237,      8231
      7990,      8229,      8235,      8236,      8230
      7989,      8055,      8054,      8235,      8229
      7988,      8234,      7254,      7255,      8232
      7987,      8213,      7253,      7254,      8234
      7986,      8231,      8234,      8232,      8230
      7985,      8214,      8213,      8234,      8231
      7984,      8233,      7256,      7257,      8056
      7983,      8232,      7255,      7256,      8233
      7982,      8229,      8233,      8056,      8055
      7981,      8230,      8232,      8233,      8229
      7980,      8228,      8219,      8218,      8224
      7979,      8182,      8183,      8219,      8228
      7978,      8227,      8228,      8224,      8223
      7977,      8181,      8182,      8228,      8227
      7976,      8185,      8227,      8223,      8186
      7975,      8180,      8181,      8227,      8185
      7974,      8226,      8217,      8214,      8215
      7973,      8224,      8218,      8217,      8226
      7972,      8225,      8226,      8215,      8216
      7971,      8223,      8224,      8226,      8225
      7970,      8187,      8225,      8216,      8188
      7969,      8186,      8223,      8225,      8187
      7968,      8222,      7250,      7251,      8220
      7967,      8184,      7249,      7250,      8222
      7966,      8219,      8222,      8220,      8218
      7965,      8183,      8184,      8222,      8219
      7964,      8221,      7252,      7253,      8213
      7963,      8220,      7251,      7252,      8221
      7962,      8217,      8221,      8213,      8214
      7961,      8218,      8220,      8221,      8217
      7960,      8212,      8206,      8205,      8210
      7959,      8194,      8193,      8206,      8212
      7958,       988,      8212,      8210,       989
      7957,       987,      8194,      8212,       988
      7956,      8211,      8204,      8050,      8049
      7955,      8210,      8205,      8204,      8211
      7954,       990,      8211,      8049,       991
      7953,       989,      8210,      8211,       990
      7952,      8209,      8189,      8190,      8207
      7951,      8192,      8188,      8189,      8209
      7950,      8206,      8209,      8207,      8205
      7949,      8193,      8192,      8209,      8206
      7948,      8208,      8191,      8052,      8051
      7947,      8207,      8190,      8191,      8208
      7946,      8204,      8208,      8051,      8050
      7945,      8205,      8207,      8208,      8204
      7944,      8203,      8197,      8196,      8201
      7943,      8177,      8178,      8197,      8203
      7942,       984,      8203,      8201,       985
      7941,       983,      8177,      8203,       984
      7940,      8202,      8195,      8193,      8194
      7939,      8201,      8196,      8195,      8202
      7938,       986,      8202,      8194,       987
      7937,       985,      8201,      8202,       986
      7936,      8200,      8185,      8186,      8198
      7935,      8179,      8180,      8185,      8200
      7934,      8197,      8200,      8198,      8196
      7933,      8178,      8179,      8200,      8197
      7932,      8199,      8187,      8188,      8192
      7931,      8198,      8186,      8187,      8199
      7930,      8195,      8199,      8192,      8193
      7929,      8196,      8198,      8199,      8195
      7928,      8176,      8167,      8166,      8172
      7927,      8151,      8150,      8167,      8176
      7926,      8175,      8176,      8172,      8171
      7925,      8152,      8151,      8176,      8175
      7924,      8125,      8175,      8171,      8126
      7923,      8124,      8152,      8175,      8125
      7922,      8174,      8165,      8063,      8062
      7921,      8172,      8166,      8165,      8174
      7920,      8173,      8174,      8062,      8061
      7919,      8171,      8172,      8174,      8173
      7918,      8127,      8173,      8061,      8060
      7917,      8126,      8171,      8173,      8127
      7916,      8170,      7262,      7263,      8168
      7915,      8149,      7261,      7262,      8170
      7914,      8167,      8170,      8168,      8166
      7913,      8150,      8149,      8170,      8167
      7912,      8169,      7264,      7265,      8064
      7911,      8168,      7263,      7264,      8169
      7910,      8165,      8169,      8064,      8063
      7909,      8166,      8168,      8169,      8165
      7908,      8164,      8161,      8160,      8162
      7907,      8053,      8054,      8161,      8164
      7906,      8121,      8164,      8162,      8122
      7905,      8052,      8053,      8164,      8121
      7904,      8163,      8159,      8151,      8152
      7903,      8162,      8160,      8159,      8163
      7902,      8123,      8163,      8152,      8124
      7901,      8122,      8162,      8163,      8123
      7900,      8155,      8161,      8054,      8055
      7899,      8154,      8160,      8161,      8155
      7898,      8153,      8159,      8160,      8154
      7897,      8150,      8151,      8159,      8153
      7896,      8158,      7258,      7259,      8156
      7895,      8056,      7257,      7258,      8158
      7894,      8155,      8158,      8156,      8154
      7893,      8055,      8056,      8158,      8155
      7892,      8157,      7260,      7261,      8149
      7891,      8156,      7259,      7260,      8157
      7890,      8153,      8157,      8149,      8150
      7889,      8154,      8156,      8157,      8153
      7888,      8148,      8142,      8141,      8146
      7887,      8130,      8129,      8142,      8148
      7886,       996,      8148,      8146,       997
      7885,       995,      8130,      8148,       996
      7884,      8147,      8140,      8058,      8057
      7883,      8146,      8141,      8140,      8147
      7882,       998,      8147,      8057,       999
      7881,       997,      8146,      8147,       998
      7880,      8145,      8125,      8126,      8143
      7879,      8128,      8124,      8125,      8145
      7878,      8142,      8145,      8143,      8141
      7877,      8129,      8128,      8145,      8142
      7876,      8144,      8127,      8060,      8059
      7875,      8143,      8126,      8127,      8144
      7874,      8140,      8144,      8059,      8058
      7873,      8141,      8143,      8144,      8140
      7872,      8139,      8133,      8132,      8137
      7871,      8049,      8050,      8133,      8139
      7870,       992,      8139,      8137,       993
      7869,       991,      8049,      8139,       992
      7868,      8138,      8131,      8129,      8130
      7867,      8137,      8132,      8131,      8138
      7866,       994,      8138,      8130,       995
      7865,       993,      8137,      8138,       994
      7864,      8136,      8121,      8122,      8134
      7863,      8051,      8052,      8121,      8136
      7862,      8133,      8136,      8134,      8132
      7861,      8050,      8051,      8136,      8133
      7860,      8135,      8123,      8124,      8128
      7859,      8134,      8122,      8123,      8135
      7858,      8131,      8135,      8128,      8129
      7857,      8132,      8134,      8135,      8131
      7856,      8120,      8111,      8110,      8116
      7855,      8095,      8094,      8111,      8120
      7854,      8119,      8120,      8116,      8115
      7853,      8096,      8095,      8120,      8119
      7852,      8069,      8119,      8115,      8070
      7851,      8068,      8096,      8119,      8069
      7850,      7302,      7301,      8117,      8118
      7849,      7303,      7302,      8118,      8109
      7848,      8118,      8117,      8115,      8116
      7847,      8109,      8118,      8116,      8110
      7846,      8071,      8117,      7301,      7300
      7845,      8070,      8115,      8117,      8071
      7844,      8114,      7270,      7271,      8112
      7843,      8093,      7269,      7270,      8114
      7842,      8111,      8114,      8112,      8110
      7841,      8094,      8093,      8114,      8111
      7840,      8112,      7271,      7272,      8113
      7839,      8110,      8112,      8113,      8109
      7838,      8113,      7272,      7148,      7304
      7837,      8109,      8113,      7304,      7303
      7836,      8108,      8099,      8098,      8104
      7835,      8062,      8063,      8099,      8108
      7834,      8107,      8108,      8104,      8103
      7833,      8061,      8062,      8108,      8107
      7832,      8065,      8107,      8103,      8066
      7831,      8060,      8061,      8107,      8065
      7830,      8106,      8097,      8094,      8095
      7829,      8104,      8098,      8097,      8106
      7828,      8105,      8106,      8095,      8096
      7827,      8103,      8104,      8106,      8105
      7826,      8067,      8105,      8096,      8068
      7825,      8066,      8103,      8105,      8067
      7824,      8102,      7266,      7267,      8100
      7823,      8064,      7265,      7266,      8102
      7822,      8099,      8102,      8100,      8098
      7821,      8063,      8064,      8102,      8099
      7820,      8101,      7268,      7269,      8093
      7819,      8100,      7267,      7268,      8101
      7818,      8097,      8101,      8093,      8094
      7817,      8098,      8100,      8101,      8097
      7816,      8086,      8085,      8090,      8092
      7815,      1005,      8086,      8092,      1006
      7814,      8092,      8090,      7298,      7297
      7813,      1006,      8092,      7297,      1007
      7812,      8084,      8070,      8071,      8091
      7811,      8085,      8084,      8091,      8090
      7810,      8091,      8071,      7300,      7299
      7809,      8090,      8091,      7299,      7298
      7808,      8074,      8073,      8087,      8089
      7807,      1003,      8074,      8089,      1004
      7806,      8089,      8087,      8085,      8086
      7805,      1004,      8089,      8086,      1005
      7804,      8072,      8068,      8069,      8088
      7803,      8073,      8072,      8088,      8087
      7802,      8088,      8069,      8070,      8084
      7801,      8087,      8088,      8084,      8085
      7800,      8083,      8077,      8076,      8081
      7799,      8057,      8058,      8077,      8083
      7798,      1000,      8083,      8081,      1001
      7797,       999,      8057,      8083,      1000
      7796,      8081,      8076,      8075,      8082
      7795,      1001,      8081,      8082,      1002
      7794,      8082,      8075,      8073,      8074
      7793,      1002,      8082,      8074,      1003
      7792,      8080,      8065,      8066,      8078
      7791,      8059,      8060,      8065,      8080
      7790,      8077,      8080,      8078,      8076
      7789,      8058,      8059,      8080,      8077
      7788,      8079,      8067,      8068,      8072
      7787,      8078,      8066,      8067,      8079
      7786,      8075,      8079,      8072,      8073
      7785,      8076,      8078,      8079,      8075
      7784,      8048,      8039,      8038,      8044
      7783,      8023,      8022,      8039,      8048
      7782,      8047,      8048,      8044,      8043
      7781,      8024,      8023,      8048,      8047
      7780,      7997,      8047,      8043,      7998
      7779,      7996,      8024,      8047,      7997
      7778,      8046,      8037,      7935,      7934
      7777,      8044,      8038,      8037,      8046
      7776,      8045,      8046,      7934,      7933
      7775,      8043,      8044,      8046,      8045
      7774,      7999,      8045,      7933,      7932
      7773,      7998,      8043,      8045,      7999
      7772,      8042,      7215,      7216,      8040
      7771,      8021,      7214,      7215,      8042
      7770,      8039,      8042,      8040,      8038
      7769,      8022,      8021,      8042,      8039
      7768,      8041,      7217,      7218,      7936
      7767,      8040,      7216,      7217,      8041
      7766,      8037,      8041,      7936,      7935
      7765,      8038,      8040,      8041,      8037
      7764,      8032,      8031,      8035,      8036
      7763,      8026,      8032,      8036,      8027
      7762,      8036,      8035,      7301,      7302
      7761,      8027,      8036,      7302,      7303
      7760,      7993,      8035,      8031,      7994
      7759,      7300,      7301,      8035,      7993
      7758,      8034,      8025,      8022,      8023
      7757,      8032,      8026,      8025,      8034
      7756,      8033,      8034,      8023,      8024
      7755,      8031,      8032,      8034,      8033
      7754,      7995,      8033,      8024,      7996
      7753,      7994,      8031,      8033,      7995
      7752,      7304,      7148,      7211,      8030
      7751,      7303,      7304,      8030,      8027
      7750,      8030,      7211,      7212,      8028
      7749,      8027,      8030,      8028,      8026
      7748,      8029,      7213,      7214,      8021
      7747,      8028,      7212,      7213,      8029
      7746,      8025,      8029,      8021,      8022
      7745,      8026,      8028,      8029,      8025
      7744,      8002,      8001,      8014,      8020
      7743,      1011,      8002,      8020,      1012
      7742,      8020,      8014,      8013,      8018
      7741,      1012,      8020,      8018,      1013
      7740,      8019,      8012,      7930,      7929
      7739,      8018,      8013,      8012,      8019
      7738,      1014,      8019,      7929,      1015
      7737,      1013,      8018,      8019,      1014
      7736,      8017,      7997,      7998,      8015
      7735,      8000,      7996,      7997,      8017
      7734,      8014,      8017,      8015,      8013
      7733,      8001,      8000,      8017,      8014
      7732,      8016,      7999,      7932,      7931
      7731,      8015,      7998,      7999,      8016
      7730,      8012,      8016,      7931,      7930
      7729,      8013,      8015,      8016,      8012
      7728,      8005,      8004,      8009,      8011
      7727,      1009,      8005,      8011,      1010
      7726,      8011,      8009,      8001,      8002
      7725,      1010,      8011,      8002,      1011
      7724,      8003,      7994,      7995,      8010
      7723,      8004,      8003,      8010,      8009
      7722,      8010,      7995,      7996,      8000
      7721,      8009,      8010,      8000,      8001
      7720,      7297,      7298,      8006,      8008
      7719,      1007,      7297,      8008,      1008
      7718,      8008,      8006,      8004,      8005
      7717,      1008,      8008,      8005,      1009
      7716,      7299,      7300,      7993,      8007
      7715,      7298,      7299,      8007,      8006
      7714,      8007,      7993,      7994,      8003
      7713,      8006,      8007,      8003,      8004
      7712,      7992,      7989,      7988,      7990
      7711,      7968,      7967,      7989,      7992
      7710,      7941,      7992,      7990,      7942
      7709,      7940,      7968,      7992,      7941
      7708,      7991,      7987,      7806,      7805
      7707,      7990,      7988,      7987,      7991
      7706,      7943,      7991,      7805,      7804
      7705,      7942,      7990,      7991,      7943
      7704,      7983,      7989,      7967,      7966
      7703,      7982,      7988,      7989,      7983
      7702,      7981,      7987,      7988,      7982
      7701,      7807,      7806,      7987,      7981
      7700,      7986,      7223,      7224,      7984
      7699,      7965,      7222,      7223,      7986
      7698,      7983,      7986,      7984,      7982
      7697,      7966,      7965,      7986,      7983
      7696,      7985,      7225,      7226,      7808
      7695,      7984,      7224,      7225,      7985
      7694,      7981,      7985,      7808,      7807
      7693,      7982,      7984,      7985,      7981
      7692,      7980,      7971,      7970,      7976
      7691,      7934,      7935,      7971,      7980
      7690,      7979,      7980,      7976,      7975
      7689,      7933,      7934,      7980,      7979
      7688,      7937,      7979,      7975,      7938
      7687,      7932,      7933,      7979,      7937
      7686,      7978,      7969,      7966,      7967
      7685,      7976,      7970,      7969,      7978
      7684,      7977,      7978,      7967,      7968
      7683,      7975,      7976,      7978,      7977
      7682,      7939,      7977,      7968,      7940
      7681,      7938,      7975,      7977,      7939
      7680,      7974,      7219,      7220,      7972
      7679,      7936,      7218,      7219,      7974
      7678,      7971,      7974,      7972,      7970
      7677,      7935,      7936,      7974,      7971
      7676,      7973,      7221,      7222,      7965
      7675,      7972,      7220,      7221,      7973
      7674,      7969,      7973,      7965,      7966
      7673,      7970,      7972,      7973,      7969
      7672,      7964,      7958,      7957,      7962
      7671,      7946,      7945,      7958,      7964
      7670,      1020,      7964,      7962,      1021
      7669,      1019,      7946,      7964,      1020
      7668,      7963,      7956,      7802,      7801
      7667,      7962,      7957,      7956,      7963
      7666,      1022,      7963,      7801,      1023
      7665,      1021,      7962,      7963,      1022
      7664,      7961,      7941,      7942,      7959
      7663,      7944,      7940,      7941,      7961
      7662,      7958,      7961,      7959,      7957
      7661,      7945,      7944,      7961,      7958
      7660,      7960,      7943,      7804,      7803
      7659,      7959,      7942,      7943,      7960
      7658,      7956,      7960,      7803,      7802
      7657,      7957,      7959,      7960,      7956
      7656,      7955,      7949,      7948,      7953
      7655,      7929,      7930,      7949,      7955
      7654,      1016,      7955,      7953,      1017
      7653,      1015,      7929,      7955,      1016
      7652,      7954,      7947,      7945,      7946
      7651,      7953,      7948,      7947,      7954
      7650,      1018,      7954,      7946,      1019
      7649,      1017,      7953,      7954,      1018
      7648,      7952,      7937,      7938,      7950
      7647,      7931,      7932,      7937,      7952
      7646,      7949,      7952,      7950,      7948
      7645,      7930,      7931,      7952,      7949
      7644,      7951,      7939,      7940,      7944
      7643,      7950,      7938,      7939,      7951
      7642,      7947,      7951,      7944,      7945
      7641,      7948,      7950,      7951,      7947
      7640,      7928,      7919,      7918,      7924
      7639,      7903,      7902,      7919,      7928
      7638,      7927,      7928,      7924,      7923
      7637,      7904,      7903,      7928,      7927
      7636,      7877,      7927,      7923,      7878
      7635,      7876,      7904,      7927,      7877
      7634,      7926,      7917,      7815,      7814
      7633,      7924,      7918,      7917,      7926
      7632,      7925,      7926,      7814,      7813
      7631,      7923,      7924,      7926,      7925
      7630,      7879,      7925,      7813,      7812
      7629,      7878,      7923,      7925,      7879
      7628,      7922,      7231,      7232,      7920
      7627,      7901,      7230,      7231,      7922
      7626,      7919,      7922,      7920,      7918
      7625,      7902,      7901,      7922,      7919
      7624,      7921,      7233,      7234,      7816
      7623,      7920,      7232,      7233,      7921
      7622,      7917,      7921,      7816,      7815
      7621,      7918,      7920,      7921,      7917
      7620,      7916,      7913,      7912,      7914
      7619,      7805,      7806,      7913,      7916
      7618,      7873,      7916,      7914,      7874
      7617,      7804,      7805,      7916,      7873
      7616,      7915,      7911,      7903,      7904
      7615,      7914,      7912,      7911,      7915
      7614,      7875,      7915,      7904,      7876
      7613,      7874,      7914,      7915,      7875
      7612,      7907,      7913,      7806,      7807
      7611,      7906,      7912,      7913,      7907
      7610,      7905,      7911,      7912,      7906
      7609,      7902,      7903,      7911,      7905
      7608,      7910,      7227,      7228,      7908
      7607,      7808,      7226,      7227,      7910
      7606,      7907,      7910,      7908,      7906
      7605,      7807,      7808,      7910,      7907
      7604,      7909,      7229,      7230,      7901
      7603,      7908,      7228,      7229,      7909
      7602,      7905,      7909,      7901,      7902
      7601,      7906,      7908,      7909,      7905
      7600,      7900,      7894,      7893,      7898
      7599,      7882,      7881,      7894,      7900
      7598,      1028,      7900,      7898,      1029
      7597,      1027,      7882,      7900,      1028
      7596,      7899,      7892,      7810,      7809
      7595,      7898,      7893,      7892,      7899
      7594,      1030,      7899,      7809,      1031
      7593,      1029,      7898,      7899,      1030
      7592,      7897,      7877,      7878,      7895
      7591,      7880,      7876,      7877,      7897
      7590,      7894,      7897,      7895,      7893
      7589,      7881,      7880,      7897,      7894
      7588,      7896,      7879,      7812,      7811
      7587,      7895,      7878,      7879,      7896
      7586,      7892,      7896,      7811,      7810
      7585,      7893,      7895,      7896,      7892
      7584,      7891,      7885,      7884,      7889
      7583,      7801,      7802,      7885,      7891
      7582,      1024,      7891,      7889,      1025
      7581,      1023,      7801,      7891,      1024
      7580,      7890,      7883,      7881,      7882
      7579,      7889,      7884,      7883,      7890
      7578,      1026,      7890,      7882,      1027
      7577,      1025,      7889,      7890,      1026
      7576,      7888,      7873,      7874,      7886
      7575,      7803,      7804,      7873,      7888
      7574,      7885,      7888,      7886,      7884
      7573,      7802,      7803,      7888,      7885
      7572,      7887,      7875,      7876,      7880
      7571,      7886,      7874,      7875,      7887
      7570,      7883,      7887,      7880,      7881
      7569,      7884,      7886,      7887,      7883
      7568,      7872,      7863,      7862,      7868
      7567,      7847,      7846,      7863,      7872
      7566,      7871,      7872,      7868,      7867
      7565,      7848,      7847,      7872,      7871
      7564,      7821,      7871,      7867,      7822
      7563,      7820,      7848,      7871,      7821
      7562,      7294,      7293,      7869,      7870
      7561,      7295,      7294,      7870,      7861
      7560,      7870,      7869,      7867,      7868
      7559,      7861,      7870,      7868,      7862
      7558,      7823,      7869,      7293,      7292
      7557,      7822,      7867,      7869,      7823
      7556,      7866,      7239,      7240,      7864
      7555,      7845,      7238,      7239,      7866
      7554,      7863,      7866,      7864,      7862
      7553,      7846,      7845,      7866,      7863
      7552,      7864,      7240,      7241,      7865
      7551,      7862,      7864,      7865,      7861
      7550,      7865,      7241,      7147,      7296
      7549,      7861,      7865,      7296,      7295
      7548,      7860,      7851,      7850,      7856
      7547,      7814,      7815,      7851,      7860
      7546,      7859,      7860,      7856,      7855
      7545,      7813,      7814,      7860,      7859
      7544,      7817,      7859,      7855,      7818
      7543,      7812,      7813,      7859,      7817
      7542,      7858,      7849,      7846,      7847
      7541,      7856,      7850,      7849,      7858
      7540,      7857,      7858,      7847,      7848
      7539,      7855,      7856,      7858,      7857
      7538,      7819,      7857,      7848,      7820
      7537,      7818,      7855,      7857,      7819
      7536,      7854,      7235,      7236,      7852
      7535,      7816,      7234,      7235,      7854
      7534,      7851,      7854,      7852,      7850
      7533,      7815,      7816,      7854,      7851
      7532,      7853,      7237,      7238,      7845
      7531,      7852,      7236,      7237,      7853
      7530,      7849,      7853,      7845,      7846
      7529,      7850,      7852,      7853,      7849
      7528,      7838,      7837,      7842,      7844
      7527,      1037,      7838,      7844,      1038
      7526,      7844,      7842,      7290,      7289
      7525,      1038,      7844,      7289,        15
      7524,      7836,      7822,      7823,      7843
      7523,      7837,      7836,      7843,      7842
      7522,      7843,      7823,      7292,      7291
      7521,      7842,      7843,      7291,      7290
      7520,      7826,      7825,      7839,      7841
      7519,      1035,      7826,      7841,      1036
      7518,      7841,      7839,      7837,      7838
      7517,      1036,      7841,      7838,      1037
      7516,      7824,      7820,      7821,      7840
      7515,      7825,      7824,      7840,      7839
      7514,      7840,      7821,      7822,      7836
      7513,      7839,      7840,      7836,      7837
      7512,      7835,      7829,      7828,      7833
      7511,      7809,      7810,      7829,      7835
      7510,      1032,      7835,      7833,      1033
      7509,      1031,      7809,      7835,      1032
      7508,      7833,      7828,      7827,      7834
      7507,      1033,      7833,      7834,      1034
      7506,      7834,      7827,      7825,      7826
      7505,      1034,      7834,      7826,      1035
      7504,      7832,      7817,      7818,      7830
      7503,      7811,      7812,      7817,      7832
      7502,      7829,      7832,      7830,      7828
      7501,      7810,      7811,      7832,      7829
      7500,      7831,      7819,      7820,      7824
      7499,      7830,      7818,      7819,      7831
      7498,      7827,      7831,      7824,      7825
      7497,      7828,      7830,      7831,      7827
      7496,      7800,      7791,      7790,      7796
      7495,      7775,      7774,      7791,      7800
      7494,      7799,      7800,      7796,      7795
      7493,      7776,      7775,      7800,      7799
      7492,      7749,      7799,      7795,      7750
      7491,      7748,      7776,      7799,      7749
      7490,      7798,      7789,      7687,      7686
      7489,      7796,      7790,      7789,      7798
      7488,      7797,      7798,      7686,      7685
      7487,      7795,      7796,      7798,      7797
      7486,      7751,      7797,      7685,      7684
      7485,      7750,      7795,      7797,      7751
      7484,      7794,      7184,      7185,      7792
      7483,      7773,      7183,      7184,      7794
      7482,      7791,      7794,      7792,      7790
      7481,      7774,      7773,      7794,      7791
      7480,      7793,      7186,      7187,      7688
      7479,      7792,      7185,      7186,      7793
      7478,      7789,      7793,      7688,      7687
      7477,      7790,      7792,      7793,      7789
      7476,      7784,      7783,      7787,      7788
      7475,      7778,      7784,      7788,      7779
      7474,      7788,      7787,      7293,      7294
      7473,      7779,      7788,      7294,      7295
      7472,      7745,      7787,      7783,      7746
      7471,      7292,      7293,      7787,      7745
      7470,      7786,      7777,      7774,      7775
      7469,      7784,      7778,      7777,      7786
      7468,      7785,      7786,      7775,      7776
      7467,      7783,      7784,      7786,      7785
      7466,      7747,      7785,      7776,      7748
      7465,      7746,      7783,      7785,      7747
      7464,      7296,      7147,      7180,      7782
      7463,      7295,      7296,      7782,      7779
      7462,      7782,      7180,      7181,      7780
      7461,      7779,      7782,      7780,      7778
      7460,      7781,      7182,      7183,      7773
      7459,      7780,      7181,      7182,      7781
      7458,      7777,      7781,      7773,      7774
      7457,      7778,      7780,      7781,      7777
      7456,      7754,      7753,      7766,      7772
      7455,        19,      7754,      7772,        20
      7454,      7772,      7766,      7765,      7770
      7453,        20,      7772,      7770,        21
      7452,      7771,      7764,      7682,      7681
      7451,      7770,      7765,      7764,      7771
      7450,        22,      7771,      7681,        23
      7449,        21,      7770,      7771,        22
      7448,      7769,      7749,      7750,      7767
      7447,      7752,      7748,      7749,      7769
      7446,      7766,      7769,      7767,      7765
      7445,      7753,      7752,      7769,      7766
      7444,      7768,      7751,      7684,      7683
      7443,      7767,      7750,      7751,      7768
      7442,      7764,      7768,      7683,      7682
      7441,      7765,      7767,      7768,      7764
      7440,      7757,      7756,      7761,      7763
      7439,        17,      7757,      7763,        18
      7438,      7763,      7761,      7753,      7754
      7437,        18,      7763,      7754,        19
      7436,      7755,      7746,      7747,      7762
      7435,      7756,      7755,      7762,      7761
      7434,      7762,      7747,      7748,      7752
      7433,      7761,      7762,      7752,      7753
      7432,      7289,      7290,      7758,      7760
      7431,        15,      7289,      7760,        16
      7430,      7760,      7758,      7756,      7757
      7429,        16,      7760,      7757,        17
      7428,      7291,      7292,      7745,      7759
      7427,      7290,      7291,      7759,      7758
      7426,      7759,      7745,      7746,      7755
      7425,      7758,      7759,      7755,      7756
      7424,      7744,      7741,      7740,      7742
      7423,      7720,      7719,      7741,      7744
      7422,      7693,      7744,      7742,      7694
      7421,      7692,      7720,      7744,      7693
      7420,      7743,      7739,      7558,      7557
      7419,      7742,      7740,      7739,      7743
      7418,      7695,      7743,      7557,      7556
      7417,      7694,      7742,      7743,      7695
      7416,      7735,      7741,      7719,      7718
      7415,      7734,      7740,      7741,      7735
      7414,      7733,      7739,      7740,      7734
      7413,      7559,      7558,      7739,      7733
      7412,      7738,      7192,      7193,      7736
      7411,      7717,      7191,      7192,      7738
      7410,      7735,      7738,      7736,      7734
      7409,      7718,      7717,      7738,      7735
      7408,      7737,      7194,      7195,      7560
      7407,      7736,      7193,      7194,      7737
      7406,      7733,      7737,      7560,      7559
      7405,      7734,      7736,      7737,      7733
      7404,      7732,      7723,      7722,      7728
      7403,      7686,      7687,      7723,      7732
      7402,      7731,      7732,      7728,      7727
      7401,      7685,      7686,      7732,      7731
      7400,      7689,      7731,      7727,      7690
      7399,      7684,      7685,      7731,      7689
      7398,      7730,      7721,      7718,      7719
      7397,      7728,      7722,      7721,      7730
      7396,      7729,      7730,      7719,      7720
      7395,      7727,      7728,      7730,      7729
      7394,      7691,      7729,      7720,      7692
      7393,      7690,      7727,      7729,      7691
      7392,      7726,      7188,      7189,      7724
      7391,      7688,      7187,      7188,      7726
      7390,      7723,      7726,      7724,      7722
      7389,      7687,      7688,      7726,      7723
      7388,      7725,      7190,      7191,      7717
      7387,      7724,      7189,      7190,      7725
      7386,      7721,      7725,      7717,      7718
      7385,      7722,      7724,      7725,      7721
      7384,      7716,      7710,      7709,      7714
      7383,      7698,      7697,      7710,      7716
      7382,        28,      7716,      7714,        29
      7381,        27,      7698,      7716,        28
      7380,      7715,      7708,      7554,      7553
      7379,      7714,      7709,      7708,      7715
      7378,        30,      7715,      7553,        31
      7377,        29,      7714,      7715,        30
      7376,      7713,      7693,      7694,      7711
      7375,      7696,      7692,      7693,      7713
      7374,      7710,      7713,      7711,      7709
      7373,      7697,      7696,      7713,      7710
      7372,      7712,      7695,      7556,      7555
      7371,      7711,      7694,      7695,      7712
      7370,      7708,      7712,      7555,      7554
      7369,      7709,      7711,      7712,      7708
      7368,      7707,      7701,      7700,      7705
      7367,      7681,      7682,      7701,      7707
      7366,        24,      7707,      7705,        25
      7365,        23,      7681,      7707,        24
      7364,      7706,      7699,      7697,      7698
      7363,      7705,      7700,      7699,      7706
      7362,        26,      7706,      7698,        27
      7361,        25,      7705,      7706,        26
      7360,      7704,      7689,      7690,      7702
      7359,      7683,      7684,      7689,      7704
      7358,      7701,      7704,      7702,      7700
      7357,      7682,      7683,      7704,      7701
      7356,      7703,      7691,      7692,      7696
      7355,      7702,      7690,      7691,      7703
      7354,      7699,      7703,      7696,      7697
      7353,      7700,      7702,      7703,      7699
      7352,      7680,      7671,      7670,      7676
      7351,      7655,      7654,      7671,      7680
      7350,      7679,      7680,      7676,      7675
      7349,      7656,      7655,      7680,      7679
      7348,      7629,      7679,      7675,      7630
      7347,      7628,      7656,      7679,      7629
      7346,      7678,      7669,      7567,      7566
      7345,      7676,      7670,      7669,      7678
      7344,      7677,      7678,      7566,      7565
      7343,      7675,      7676,      7678,      7677
      7342,      7631,      7677,      7565,      7564
      7341,      7630,      7675,      7677,      7631
      7340,      7674,      7200,      7201,      7672
      7339,      7653,      7199,      7200,      7674
      7338,      7671,      7674,      7672,      7670
      7337,      7654,      7653,      7674,      7671
      7336,      7673,      7202,      7203,      7568
      7335,      7672,      7201,      7202,      7673
      7334,      7669,      7673,      7568,      7567
      7333,      7670,      7672,      7673,      7669
      7332,      7668,      7665,      7664,      7666
      7331,      7557,      7558,      7665,      7668
      7330,      7625,      7668,      7666,      7626
      7329,      7556,      7557,      7668,      7625
      7328,      7667,      7663,      7655,      7656
      7327,      7666,      7664,      7663,      7667
      7326,      7627,      7667,      7656,      7628
      7325,      7626,      7666,      7667,      7627
      7324,      7659,      7665,      7558,      7559
      7323,      7658,      7664,      7665,      7659
      7322,      7657,      7663,      7664,      7658
      7321,      7654,      7655,      7663,      7657
      7320,      7662,      7196,      7197,      7660
      7319,      7560,      7195,      7196,      7662
      7318,      7659,      7662,      7660,      7658
      7317,      7559,      7560,      7662,      7659
      7316,      7661,      7198,      7199,      7653
      7315,      7660,      7197,      7198,      7661
      7314,      7657,      7661,      7653,      7654
      7313,      7658,      7660,      7661,      7657
      7312,      7652,      7646,      7645,      7650
      7311,      7634,      7633,      7646,      7652
      7310,        36,      7652,      7650,        37
      7309,        35,      7634,      7652,        36
      7308,      7651,      7644,      7562,      7561
      7307,      7650,      7645,      7644,      7651
      7306,        38,      7651,      7561,        39
      7305,        37,      7650,      7651,        38
      7304,      7649,      7629,      7630,      7647
      7303,      7632,      7628,      7629,      7649
      7302,      7646,      7649,      7647,      7645
      7301,      7633,      7632,      7649,      7646
      7300,      7648,      7631,      7564,      7563
      7299,      7647,      7630,      7631,      7648
      7298,      7644,      7648,      7563,      7562
      7297,      7645,      7647,      7648,      7644
      7296,      7643,      7637,      7636,      7641
      7295,      7553,      7554,      7637,      7643
      7294,        32,      7643,      7641,        33
      7293,        31,      7553,      7643,        32
      7292,      7642,      7635,      7633,      7634
      7291,      7641,      7636,      7635,      7642
      7290,        34,      7642,      7634,        35
      7289,        33,      7641,      7642,        34
      7288,      7640,      7625,      7626,      7638
      7287,      7555,      7556,      7625,      7640
      7286,      7637,      7640,      7638,      7636
      7285,      7554,      7555,      7640,      7637
      7284,      7639,      7627,      7628,      7632
      7283,      7638,      7626,      7627,      7639
      7282,      7635,      7639,      7632,      7633
      7281,      7636,      7638,      7639,      7635
      7280,      7624,      7615,      7614,      7620
      7279,      7599,      7598,      7615,      7624
      7278,      7623,      7624,      7620,      7619
      7277,      7600,      7599,      7624,      7623
      7276,      7573,      7623,      7619,      7574
      7275,      7572,      7600,      7623,      7573
      7274,      7286,      7285,      7621,      7622
      7273,      7287,      7286,      7622,      7613
      7272,      7622,      7621,      7619,      7620
      7271,      7613,      7622,      7620,      7614
      7270,      7575,      7621,      7285,      7284
      7269,      7574,      7619,      7621,      7575
      7268,      7618,      7208,      7209,      7616
      7267,      7597,      7207,      7208,      7618
      7266,      7615,      7618,      7616,      7614
      7265,      7598,      7597,      7618,      7615
      7264,      7616,      7209,      7210,      7617
      7263,      7614,      7616,      7617,      7613
      7262,      7617,      7210,      7146,      7288
      7261,      7613,      7617,      7288,      7287
      7260,      7612,      7603,      7602,      7608
      7259,      7566,      7567,      7603,      7612
      7258,      7611,      7612,      7608,      7607
      7257,      7565,      7566,      7612,      7611
      7256,      7569,      7611,      7607,      7570
      7255,      7564,      7565,      7611,      7569
      7254,      7610,      7601,      7598,      7599
      7253,      7608,      7602,      7601,      7610
      7252,      7609,      7610,      7599,      7600
      7251,      7607,      7608,      7610,      7609
      7250,      7571,      7609,      7600,      7572
      7249,      7570,      7607,      7609,      7571
      7248,      7606,      7204,      7205,      7604
      7247,      7568,      7203,      7204,      7606
      7246,      7603,      7606,      7604,      7602
      7245,      7567,      7568,      7606,      7603
      7244,      7605,      7206,      7207,      7597
      7243,      7604,      7205,      7206,      7605
      7242,      7601,      7605,      7597,      7598
      7241,      7602,      7604,      7605,      7601
      7240,      7590,      7589,      7594,      7596
      7239,        45,      7590,      7596,        46
      7238,      7596,      7594,      7282,      7281
      7237,        46,      7596,      7281,        47
      7236,      7588,      7574,      7575,      7595
      7235,      7589,      7588,      7595,      7594
      7234,      7595,      7575,      7284,      7283
      7233,      7594,      7595,      7283,      7282
      7232,      7578,      7577,      7591,      7593
      7231,        43,      7578,      7593,        44
      7230,      7593,      7591,      7589,      7590
      7229,        44,      7593,      7590,        45
      7228,      7576,      7572,      7573,      7592
      7227,      7577,      7576,      7592,      7591
      7226,      7592,      7573,      7574,      7588
      7225,      7591,      7592,      7588,      7589
      7224,      7587,      7581,      7580,      7585
      7223,      7561,      7562,      7581,      7587
      7222,        40,      7587,      7585,        41
      7221,        39,      7561,      7587,        40
      7220,      7585,      7580,      7579,      7586
      7219,        41,      7585,      7586,        42
      7218,      7586,      7579,      7577,      7578
      7217,        42,      7586,      7578,        43
      7216,      7584,      7569,      7570,      7582
      7215,      7563,      7564,      7569,      7584
      7214,      7581,      7584,      7582,      7580
      7213,      7562,      7563,      7584,      7581
      7212,      7583,      7571,      7572,      7576
      7211,      7582,      7570,      7571,      7583
      7210,      7579,      7583,      7576,      7577
      7209,      7580,      7582,      7583,      7579
      7208,      7552,      7543,      7542,      7548
      7207,      7527,      7526,      7543,      7552
      7206,      7551,      7552,      7548,      7547
      7205,      7528,      7527,      7552,      7551
      7204,      7501,      7551,      7547,      7502
      7203,      7500,      7528,      7551,      7501
      7202,      7550,      7541,      7439,      7438
      7201,      7548,      7542,      7541,      7550
      7200,      7549,      7550,      7438,      7437
      7199,      7547,      7548,      7550,      7549
      7198,      7503,      7549,      7437,      7436
      7197,      7502,      7547,      7549,      7503
      7196,      7546,      7153,      7154,      7544
      7195,      7525,      7152,      7153,      7546
      7194,      7543,      7546,      7544,      7542
      7193,      7526,      7525,      7546,      7543
      7192,      7545,      7155,      7156,      7440
      7191,      7544,      7154,      7155,      7545
      7190,      7541,      7545,      7440,      7439
      7189,      7542,      7544,      7545,      7541
      7188,      7536,      7535,      7539,      7540
      7187,      7530,      7536,      7540,      7531
      7186,      7540,      7539,      7285,      7286
      7185,      7531,      7540,      7286,      7287
      7184,      7497,      7539,      7535,      7498
      7183,      7284,      7285,      7539,      7497
      7182,      7538,      7529,      7526,      7527
      7181,      7536,      7530,      7529,      7538
      7180,      7537,      7538,      7527,      7528
      7179,      7535,      7536,      7538,      7537
      7178,      7499,      7537,      7528,      7500
      7177,      7498,      7535,      7537,      7499
      7176,      7288,      7146,      7149,      7534
      7175,      7287,      7288,      7534,      7531
      7174,      7534,      7149,      7150,      7532
      7173,      7531,      7534,      7532,      7530
      7172,      7533,      7151,      7152,      7525
      7171,      7532,      7150,      7151,      7533
      7170,      7529,      7533,      7525,      7526
      7169,      7530,      7532,      7533,      7529
      7168,      7506,      7505,      7518,      7524
      7167,        51,      7506,      7524,        52
      7166,      7524,      7518,      7517,      7522
      7165,        52,      7524,      7522,        53
      7164,      7523,      7516,      7434,      7433
      7163,      7522,      7517,      7516,      7523
      7162,        54,      7523,      7433,        55
      7161,        53,      7522,      7523,        54
      7160,      7521,      7501,      7502,      7519
      7159,      7504,      7500,      7501,      7521
      7158,      7518,      7521,      7519,      7517
      7157,      7505,      7504,      7521,      7518
      7156,      7520,      7503,      7436,      7435
      7155,      7519,      7502,      7503,      7520
      7154,      7516,      7520,      7435,      7434
      7153,      7517,      7519,      7520,      7516
      7152,      7509,      7508,      7513,      7515
      7151,        49,      7509,      7515,        50
      7150,      7515,      7513,      7505,      7506
      7149,        50,      7515,      7506,        51
      7148,      7507,      7498,      7499,      7514
      7147,      7508,      7507,      7514,      7513
      7146,      7514,      7499,      7500,      7504
      7145,      7513,      7514,      7504,      7505
      7144,      7281,      7282,      7510,      7512
      7143,        47,      7281,      7512,        48
      7142,      7512,      7510,      7508,      7509
      7141,        48,      7512,      7509,        49
      7140,      7283,      7284,      7497,      7511
      7139,      7282,      7283,      7511,      7510
      7138,      7511,      7497,      7498,      7507
      7137,      7510,      7511,      7507,      7508
      7136,      7496,      7493,      7492,      7494
      7135,      7472,      7471,      7493,      7496
      7134,      7445,      7496,      7494,      7446
      7133,      7444,      7472,      7496,      7445
      7132,      7495,      7491,      7310,      7309
      7131,      7494,      7492,      7491,      7495
      7130,      7447,      7495,      7309,      7308
      7129,      7446,      7494,      7495,      7447
      7128,      7487,      7493,      7471,      7470
      7127,      7486,      7492,      7493,      7487
      7126,      7485,      7491,      7492,      7486
      7125,      7311,      7310,      7491,      7485
      7124,      7490,      7161,      7162,      7488
      7123,      7469,      7160,      7161,      7490
      7122,      7487,      7490,      7488,      7486
      7121,      7470,      7469,      7490,      7487
      7120,      7489,      7163,      7164,      7312
      7119,      7488,      7162,      7163,      7489
      7118,      7485,      7489,      7312,      7311
      7117,      7486,      7488,      7489,      7485
      7116,      7484,      7475,      7474,      7480
      7115,      7438,      7439,      7475,      7484
      7114,      7483,      7484,      7480,      7479
      7113,      7437,      7438,      7484,      7483
      7112,      7441,      7483,      7479,      7442
      7111,      7436,      7437,      7483,      7441
      7110,      7482,      7473,      7470,      7471
      7109,      7480,      7474,      7473,      7482
      7108,      7481,      7482,      7471,      7472
      7107,      7479,      7480,      7482,      7481
      7106,      7443,      7481,      7472,      7444
      7105,      7442,      7479,      7481,      7443
      7104,      7478,      7157,      7158,      7476
      7103,      7440,      7156,      7157,      7478
      7102,      7475,      7478,      7476,      7474
      7101,      7439,      7440,      7478,      7475
      7100,      7477,      7159,      7160,      7469
      7099,      7476,      7158,      7159,      7477
      7098,      7473,      7477,      7469,      7470
      7097,      7474,      7476,      7477,      7473
      7096,      7468,      7462,      7461,      7466
      7095,      7450,      7449,      7462,      7468
      7094,        60,      7468,      7466,        61
      7093,        59,      7450,      7468,        60
      7092,      7467,      7460,      7306,      7305
      7091,      7466,      7461,      7460,      7467
      7090,        62,      7467,      7305,        63
      7089,        61,      7466,      7467,        62
      7088,      7465,      7445,      7446,      7463
      7087,      7448,      7444,      7445,      7465
      7086,      7462,      7465,      7463,      7461
      7085,      7449,      7448,      7465,      7462
      7084,      7464,      7447,      7308,      7307
      7083,      7463,      7446,      7447,      7464
      7082,      7460,      7464,      7307,      7306
      7081,      7461,      7463,      7464,      7460
      7080,      7459,      7453,      7452,      7457
      7079,      7433,      7434,      7453,      7459
      7078,        56,      7459,      7457,        57
      7077,        55,      7433,      7459,        56
      7076,      7458,      7451,      7449,      7450
      7075,      7457,      7452,      7451,      7458
      7074,        58,      7458,      7450,        59
      7073,        57,      7457,      7458,        58
      7072,      7456,      7441,      7442,      7454
      7071,      7435,      7436,      7441,      7456
      7070,      7453,      7456,      7454,      7452
      7069,      7434,      7435,      7456,      7453
      7068,      7455,      7443,      7444,      7448
      7067,      7454,      7442,      7443,      7455
      7066,      7451,      7455,      7448,      7449
      7065,      7452,      7454,      7455,      7451
      7064,      7432,      7423,      7422,      7428
      7063,      7407,      7406,      7423,      7432
      7062,      7431,      7432,      7428,      7427
      7061,      7408,      7407,      7432,      7431
      7060,      7381,      7431,      7427,      7382
      7059,      7380,      7408,      7431,      7381
      7058,      7430,      7421,      7319,      7318
      7057,      7428,      7422,      7421,      7430
      7056,      7429,      7430,      7318,      7317
      7055,      7427,      7428,      7430,      7429
      7054,      7383,      7429,      7317,      7316
      7053,      7382,      7427,      7429,      7383
      7052,      7426,      7169,      7170,      7424
      7051,      7405,      7168,      7169,      7426
      7050,      7423,      7426,      7424,      7422
      7049,      7406,      7405,      7426,      7423
      7048,      7425,      7171,      7172,      7320
      7047,      7424,      7170,      7171,      7425
      7046,      7421,      7425,      7320,      7319
      7045,      7422,      7424,      7425,      7421
      7044,      7420,      7417,      7416,      7418
      7043,      7309,      7310,      7417,      7420
      7042,      7377,      7420,      7418,      7378
      7041,      7308,      7309,      7420,      7377
      7040,      7419,      7415,      7407,      7408
      7039,      7418,      7416,      7415,      7419
      7038,      7379,      7419,      7408,      7380
      7037,      7378,      7418,      7419,      7379
      7036,      7411,      7417,      7310,      7311
      7035,      7410,      7416,      7417,      7411
      7034,      7409,      7415,      7416,      7410
      7033,      7406,      7407,      7415,      7409
      7032,      7414,      7165,      7166,      7412
      7031,      7312,      7164,      7165,      7414
      7030,      7411,      7414,      7412,      7410
      7029,      7311,      7312,      7414,      7411
      7028,      7413,      7167,      7168,      7405
      7027,      7412,      7166,      7167,      7413
      7026,      7409,      7413,      7405,      7406
      7025,      7410,      7412,      7413,      7409
      7024,      7404,      7398,      7397,      7402
      7023,      7386,      7385,      7398,      7404
      7022,        68,      7404,      7402,        69
      7021,        67,      7386,      7404,        68
      7020,      7403,      7396,      7314,      7313
      7019,      7402,      7397,      7396,      7403
      7018,        70,      7403,      7313,        71
      7017,        69,      7402,      7403,        70
      7016,      7401,      7381,      7382,      7399
      7015,      7384,      7380,      7381,      7401
      7014,      7398,      7401,      7399,      7397
      7013,      7385,      7384,      7401,      7398
      7012,      7400,      7383,      7316,      7315
      7011,      7399,      7382,      7383,      7400
      7010,      7396,      7400,      7315,      7314
      7009,      7397,      7399,      7400,      7396
      7008,      7395,      7389,      7388,      7393
      7007,      7305,      7306,      7389,      7395
      7006,        64,      7395,      7393,        65
      7005,        63,      7305,      7395,        64
      7004,      7394,      7387,      7385,      7386
      7003,      7393,      7388,      7387,      7394
      7002,        66,      7394,      7386,        67
      7001,        65,      7393,      7394,        66
      7000,      7392,      7377,      7378,      7390
      6999,      7307,      7308,      7377,      7392
      6998,      7389,      7392,      7390,      7388
      6997,      7306,      7307,      7392,      7389
      6996,      7391,      7379,      7380,      7384
      6995,      7390,      7378,      7379,      7391
      6994,      7387,      7391,      7384,      7385
      6993,      7388,      7390,      7391,      7387
      6992,      7376,      7367,      7366,      7372
      6991,      7351,      7350,      7367,      7376
      6990,      7375,      7376,      7372,      7371
      6989,      7352,      7351,      7376,      7375
      6988,      7325,      7375,      7371,      7326
      6987,      7324,      7352,      7375,      7325
      6986,      7278,      7277,      7373,      7374
      6985,      7279,      7278,      7374,      7365
      6984,      7374,      7373,      7371,      7372
      6983,      7365,      7374,      7372,      7366
      6982,      7327,      7373,      7277,      7276
      6981,      7326,      7371,      7373,      7327
      6980,      7370,      7177,      7178,      7368
      6979,      7349,      7176,      7177,      7370
      6978,      7367,      7370,      7368,      7366
      6977,      7350,      7349,      7370,      7367
      6976,      7368,      7178,      7179,      7369
      6975,      7366,      7368,      7369,      7365
      6974,      7369,      7179,      7145,      7280
      6973,      7365,      7369,      7280,      7279
      6972,      7364,      7355,      7354,      7360
      6971,      7318,      7319,      7355,      7364
      6970,      7363,      7364,      7360,      7359
      6969,      7317,      7318,      7364,      7363
      6968,      7321,      7363,      7359,      7322
      6967,      7316,      7317,      7363,      7321
      6966,      7362,      7353,      7350,      7351
      6965,      7360,      7354,      7353,      7362
      6964,      7361,      7362,      7351,      7352
      6963,      7359,      7360,      7362,      7361
      6962,      7323,      7361,      7352,      7324
      6961,      7322,      7359,      7361,      7323
      6960,      7358,      7173,      7174,      7356
      6959,      7320,      7172,      7173,      7358
      6958,      7355,      7358,      7356,      7354
      6957,      7319,      7320,      7358,      7355
      6956,      7357,      7175,      7176,      7349
      6955,      7356,      7174,      7175,      7357
      6954,      7353,      7357,      7349,      7350
      6953,      7354,      7356,      7357,      7353
      6952,      7342,      7341,      7346,      7348
      6951,        77,      7342,      7348,        78
      6950,      7348,      7346,      7274,      7273
      6949,        78,      7348,      7273,        79
      6948,      7340,      7326,      7327,      7347
      6947,      7341,      7340,      7347,      7346
      6946,      7347,      7327,      7276,      7275
      6945,      7346,      7347,      7275,      7274
      6944,      7330,      7329,      7343,      7345
      6943,        75,      7330,      7345,        76
      6942,      7345,      7343,      7341,      7342
      6941,        76,      7345,      7342,        77
      6940,      7328,      7324,      7325,      7344
      6939,      7329,      7328,      7344,      7343
      6938,      7344,      7325,      7326,      7340
      6937,      7343,      7344,      7340,      7341
      6936,      7339,      7333,      7332,      7337
      6935,      7313,      7314,      7333,      7339
      6934,        72,      7339,      7337,        73
      6933,        71,      7313,      7339,        72
      6932,      7337,      7332,      7331,      7338
      6931,        73,      7337,      7338,        74
      6930,      7338,      7331,      7329,      7330
      6929,        74,      7338,      7330,        75
      6928,      7336,      7321,      7322,      7334
      6927,      7315,      7316,      7321,      7336
      6926,      7333,      7336,      7334,      7332
      6925,      7314,      7315,      7336,      7333
      6924,      7335,      7323,      7324,      7328
      6923,      7334,      7322,      7323,      7335
      6922,      7331,      7335,      7328,      7329
      6921,      7332,      7334,      7335,      7331
      1793,      2241,      2000,      2001,      2002
      1794,      2242,      2241,      2002,      2003
      1795,      2243,      1999,      2000,      2241
      1796,      2244,      2242,      2003,      2004
      1797,      2245,      1998,      1999,      2243
      1798,      2246,      2243,      2241,      2242
      1799,      2247,      2244,      2004,      2005
      1800,      1998,      2245,      2248,      1997
      1801,      2242,      2244,      2249,      2246
      1802,      2250,      2245,      2243,      2246
      1803,      2251,      2247,      2005,      2006
      1804,      1997,      2248,      2252,      1996
      1805,      2244,      2247,      2253,      2249
      1806,      2245,      2250,      2254,      2248
      1807,      2246,      2249,      2255,      2250
      1808,      2256,      2251,      2006,      2007
      1809,      1996,      2252,      2257,      1995
      1810,      2258,      2253,      2247,      2251
      1811,      2248,      2254,      2259,      2252
      1812,      2249,      2253,      2260,      2255
      1813,      2250,      2255,      2261,      2254
      1814,      2262,      2256,      2007,      2008
      1815,      1995,      2257,      2263,      1994
      1816,      2264,      2258,      2251,      2256
      1817,      2265,      2257,      2252,      2259
      1818,      2266,      2260,      2253,      2258
      1819,      2254,      2261,      2267,      2259
      1820,      2268,      2261,      2255,      2260
      1821,      2269,      2262,      2008,      2009
      1822,      1994,      2263,      2270,      1993
      1823,      2271,      2264,      2256,      2262
      1824,      2272,      2263,      2257,      2265
      1825,      2273,      2266,      2258,      2264
      1826,      2274,      2265,      2259,      2267
      1827,      2275,      2268,      2260,      2266
      1828,      2276,      2267,      2261,      2268
      1829,      2277,      2269,      2009,      2010
      1830,      1993,      2270,      2278,      1992
      1831,      2262,      2269,      2279,      2271
      1832,      2280,      2270,      2263,      2272
      1833,      2281,      2273,      2264,      2271
      1834,      2282,      2272,      2265,      2274
      1835,      2283,      2275,      2266,      2273
      1836,      2267,      2276,      2284,      2274
      1837,      2285,      2276,      2268,      2275
      1838,      2286,      2277,      2010,      2011
      1839,      1992,      2278,      2287,      1991
      1840,      2269,      2277,      2288,      2279
      1841,      2270,      2280,      2289,      2278
      1842,      2271,      2279,      2290,      2281
      1843,      2291,      2280,      2272,      2282
      1844,      2292,      2283,      2273,      2281
      1845,      2274,      2284,      2293,      2282
      1846,      2294,      2285,      2275,      2283
      1847,      2276,      2285,      2295,      2284
      1848,      2296,      2286,      2011,      2012
      1849,      2297,      1990,      1991,      2287
      1850,      2298,      2288,      2277,      2286
      1851,      2278,      2289,      2299,      2287
      1852,      2279,      2288,      2300,      2290
      1853,      2280,      2291,      2301,      2289
      1854,      2281,      2290,      2302,      2292
      1855,      2282,      2293,      2303,      2291
      1856,      2304,      2294,      2283,      2292
      1857,      2284,      2295,      2305,      2293
      1858,      2306,      2295,      2285,      2294
      1859,      2307,      2296,      2012,      2013
      1860,      2308,      1989,      1990,      2297
      1861,      2309,      2298,      2286,      2296
      1862,      2310,      2297,      2287,      2299
      1863,      2311,      2300,      2288,      2298
      1864,      2289,      2301,      2312,      2299
      1865,      2313,      2302,      2290,      2300
      1866,      2291,      2303,      2314,      2301
      1867,      2292,      2302,      2315,      2304
      1868,      2293,      2305,      2316,      2303
      1869,      2317,      2306,      2294,      2304
      1870,      2318,      2305,      2295,      2306
      1871,      2319,      2307,      2013,      2014
      1872,      2320,      1988,      1989,      2308
      1873,      2321,      2309,      2296,      2307
      1874,      2322,      2308,      2297,      2310
      1875,      2323,      2311,      2298,      2309
      1876,      2324,      2310,      2299,      2312
      1877,      2325,      2313,      2300,      2311
      1878,      2301,      2314,      2326,      2312
      1879,      2327,      2315,      2302,      2313
      1880,      2303,      2316,      2328,      2314
      1881,      2329,      2317,      2304,      2315
      1882,      2330,      2316,      2305,      2318
      1883,      2331,      2318,      2306,      2317
      1884,      2332,      2319,      2014,      2015
      1885,      2333,      1987,      1988,      2320
      1886,      2307,      2319,      2334,      2321
      1887,      2335,      2320,      2308,      2322
      1888,      2336,      2323,      2309,      2321
      1889,      2337,      2322,      2310,      2324
      1890,      2338,      2325,      2311,      2323
      1891,      2339,      2324,      2312,      2326
      1892,      2340,      2327,      2313,      2325
      1893,      2314,      2328,      2341,      2326
      1894,      2342,      2329,      2315,      2327
      1895,      2343,      2328,      2316,      2330
      1896,      2317,      2329,      2344,      2331
      1897,      2345,      2330,      2318,      2331
      1898,      2346,      2332,      2015,      2016
      1899,      2347,      1986,      1987,      2333
      1900,      2319,      2332,      2348,      2334
      1901,      2349,      2333,      2320,      2335
      1902,      2321,      2334,      2350,      2336
      1903,      2322,      2337,      2351,      2335
      1904,      2352,      2338,      2323,      2336
      1905,      2353,      2337,      2324,      2339
      1906,      2354,      2340,      2325,      2338
      1907,      2355,      2339,      2326,      2341
      1908,      2356,      2342,      2327,      2340
      1909,      2357,      2341,      2328,      2343
      1910,      2329,      2342,      2358,      2344
      1911,      2359,      2343,      2330,      2345
      1912,      2331,      2344,      2360,      2345
      1913,      2361,      2346,      2016,      2017
      1914,      2362,      1985,      1986,      2347
      1915,      2363,      2348,      2332,      2346
      1916,      2364,      2347,      2333,      2349
      1917,      2334,      2348,      2365,      2350
      1918,      2335,      2351,      2366,      2349
      1919,      2336,      2350,      2367,      2352
      1920,      2337,      2353,      2368,      2351
      1921,      2369,      2354,      2338,      2352
      1922,      2370,      2353,      2339,      2355
      1923,      2371,      2356,      2340,      2354
      1924,      2372,      2355,      2341,      2357
      1925,      2373,      2358,      2342,      2356
      1926,      2374,      2357,      2343,      2359
      1927,      2344,      2358,      2375,      2360
      1928,      2345,      2360,      2376,      2359
      1929,      2377,      2361,      2017,      2018
      1930,      2378,      1984,      1985,      2362
      1931,      2379,      2363,      2346,      2361
      1932,      2380,      2362,      2347,      2364
      1933,      2381,      2365,      2348,      2363
      1934,      2349,      2366,      2382,      2364
      1935,      2383,      2367,      2350,      2365
      1936,      2351,      2368,      2384,      2366
      1937,      2352,      2367,      2385,      2369
      1938,      2386,      2368,      2353,      2370
      1939,      2387,      2371,      2354,      2369
      1940,      2388,      2370,      2355,      2372
      1941,      2389,      2373,      2356,      2371
      1942,      2390,      2372,      2357,      2374
      1943,      2391,      2375,      2358,      2373
      1944,      2359,      2376,      2392,      2374
      1945,      2393,      2376,      2360,      2375
      1946,      2394,      2377,      2018,      2019
      1947,      2395,      1983,      1984,      2378
      1948,      2396,      2379,      2361,      2377
      1949,      2397,      2378,      2362,      2380
      1950,      2398,      2381,      2363,      2379
      1951,      2399,      2380,      2364,      2382
      1952,      2400,      2383,      2365,      2381
      1953,      2366,      2384,      2401,      2382
      1954,      2402,      2385,      2367,      2383
      1955,      2403,      2384,      2368,      2386
      1956,      2404,      2387,      2369,      2385
      1957,      2405,      2386,      2370,      2388
      1958,      2406,      2389,      2371,      2387
      1959,      2407,      2388,      2372,      2390
      1960,      2408,      2391,      2373,      2389
      1961,      2409,      2390,      2374,      2392
      1962,      2410,      2393,      2375,      2391
      1963,      2411,      2392,      2376,      2393
      1964,      2412,      2394,      2019,      2020
      1965,      2413,      1982,      1983,      2395
      1966,      2377,      2394,      2414,      2396
      1967,      2415,      2395,      2378,      2397
      1968,      2416,      2398,      2379,      2396
      1969,      2417,      2397,      2380,      2399
      1970,      2418,      2400,      2381,      2398
      1971,      2419,      2399,      2382,      2401
      1972,      2420,      2402,      2383,      2400
      1973,      2421,      2401,      2384,      2403
      1974,      2422,      2404,      2385,      2402
      1975,      2386,      2405,      2423,      2403
      1976,      2387,      2404,      2424,      2406
      1977,      2425,      2405,      2388,      2407
      1978,      2426,      2408,      2389,      2406
      1979,      2390,      2409,      2427,      2407
      1980,      2428,      2410,      2391,      2408
      1981,      2429,      2409,      2392,      2411
      1982,      2430,      2411,      2393,      2410
      1983,      2431,      2412,      2020,      2021
      1984,      2432,      1981,      1982,      2413
      1985,      2394,      2412,      2433,      2414
      1986,      2434,      2413,      2395,      2415
      1987,      2396,      2414,      2435,      2416
      1988,      2397,      2417,      2436,      2415
      1989,      2437,      2418,      2398,      2416
      1990,      2438,      2417,      2399,      2419
      1991,      2439,      2420,      2400,      2418
      1992,      2440,      2419,      2401,      2421
      1993,      2441,      2422,      2402,      2420
      1994,      2403,      2423,      2442,      2421
      1995,      2404,      2422,      2443,      2424
      1996,      2405,      2425,      2444,      2423
      1997,      2406,      2424,      2445,      2426
      1998,      2407,      2427,      2446,      2425
      1999,      2447,      2428,      2408,      2426
      2000,      2409,      2429,      2448,      2427
      2001,      2449,      2430,      2410,      2428
      2002,      2450,      2429,      2411,      2430
      2003,      2021,      2022,      2451,      2431
      2004,      2452,      1980,      1981,      2432
      2005,      2453,      2433,      2412,      2431
      2006,      2454,      2432,      2413,      2434
      2007,      2414,      2433,      2455,      2435
      2008,      2415,      2436,      2456,      2434
      2009,      2416,      2435,      2457,      2437
      2010,      2417,      2438,      2458,      2436
      2011,      2459,      2439,      2418,      2437
      2012,      2460,      2438,      2419,      2440
      2013,      2461,      2441,      2420,      2439
      2014,      2462,      2440,      2421,      2442
      2015,      2463,      2443,      2422,      2441
      2016,      2423,      2444,      2464,      2442
      2017,      2424,      2443,      2465,      2445
      2018,      2425,      2446,      2466,      2444
      2019,      2426,      2445,      2467,      2447
      2020,      2427,      2448,      2469,      2446
      2021,      2468,      2449,      2428,      2447
      2022,      2471,      2448,      2429,      2450
      2023,      2470,      2450,      2430,      2449
      2024,      2472,      1979,      1980,      2452
      2025,      2022,      2023,      2473,      2451
      2026,      2431,      2451,      2474,      2453
      2027,      2475,      2452,      2432,      2454
      2028,      2476,      2455,      2433,      2453
      2029,      2434,      2456,      2477,      2454
      2030,      2478,      2457,      2435,      2455
      2031,      2436,      2458,      2479,      2456
      2032,      2437,      2457,      2480,      2459
      2033,      2481,      2458,      2438,      2460
      2034,      2482,      2461,      2439,      2459
      2035,      2483,      2460,      2440,      2462
      2036,      2484,      2463,      2441,      2461
      2037,      2485,      2462,      2442,      2464
      2038,      2486,      2465,      2443,      2463
      2039,      2444,      2466,      2487,      2464
      2040,      2488,      2467,      2445,      2465
      2041,      2490,      2466,      2446,      2469
      2042,      2447,      2467,      2489,      2468
      2043,      2491,      2470,      2449,      2468
      2044,      2492,      2469,      2448,      2471
      2045,      2493,      2471,      2450,      2470
      2046,      1979,      2472,      2494,      1978
      2047,      2495,      2473,      2023,      2024
      2048,      2496,      2472,      2452,      2475
      2049,      2451,      2473,      2497,      2474
      2050,      2453,      2474,      2498,      2476
      2051,      2499,      2475,      2454,      2477
      2052,      2500,      2478,      2455,      2476
      2053,      2456,      2479,      2501,      2477
      2054,      2502,      2480,      2457,      2478
      2055,      2503,      2479,      2458,      2481
      2056,      2504,      2482,      2459,      2480
      2057,      2505,      2481,      2460,      2483
      2058,      2506,      2484,      2461,      2482
      2059,      2507,      2483,      2462,      2485
      2060,      2508,      2486,      2463,      2484
      2061,      2464,      2487,      2510,      2485
      2062,      2509,      2488,      2465,      2486
      2063,      2511,      2489,      2467,      2488
      2064,      2512,      2487,      2466,      2490
      2065,      2513,      2491,      2468,      2489
      2066,      2514,      2490,      2469,      2492
      2067,      2515,      2493,      2470,      2491
      2068,      2516,      2492,      2471,      2493
      2069,      1978,      2494,      2517,      1977
      2070,      2024,      2025,      2518,      2495
      2071,      2472,      2496,      2519,      2494
      2072,      2520,      2497,      2473,      2495
      2073,      2521,      2496,      2475,      2499
      2074,      2522,      2498,      2474,      2497
      2075,      2476,      2498,      2523,      2500
      2076,      2524,      2499,      2477,      2501
      2077,      2525,      2502,      2478,      2500
      2078,      2526,      2501,      2479,      2503
      2079,      2527,      2504,      2480,      2502
      2080,      2528,      2503,      2481,      2505
      2081,      2482,      2504,      2529,      2506
      2082,      2531,      2505,      2483,      2507
      2083,      2530,      2508,      2484,      2506
      2084,      2532,      2509,      2486,      2508
      2085,      2485,      2510,      2533,      2507
      2086,      2534,      2511,      2488,      2509
      2087,      2487,      2512,      2535,      2510
      2088,      2536,      2513,      2489,      2511
      2089,      2537,      2512,      2490,      2514
      2090,      2491,      2513,      2538,      2515
      2091,      2539,      2514,      2492,      2516
      2092,      2540,      2516,      2493,      2515
      2093,      1977,      2517,      2541,      1976
      2094,      2025,      2026,      2542,      2518
      2095,      2494,      2519,      2543,      2517
      2096,      2495,      2518,      2544,      2520
      2097,      2496,      2521,      2545,      2519
      2098,      2546,      2522,      2497,      2520
      2099,      2547,      2521,      2499,      2524
      2100,      2548,      2523,      2498,      2522
      2101,      2500,      2523,      2549,      2525
      2102,      2550,      2524,      2501,      2526
      2103,      2551,      2527,      2502,      2525
      2104,      2552,      2526,      2503,      2528
      2105,      2504,      2527,      2553,      2529
      2106,      2555,      2528,      2505,      2531
      2107,      2506,      2529,      2554,      2530
      2108,      2556,      2532,      2508,      2530
      2109,      2507,      2533,      2557,      2531
      2110,      2558,      2534,      2509,      2532
      2111,      2510,      2535,      2559,      2533
      2112,      2560,      2536,      2511,      2534
      2113,      2561,      2535,      2512,      2537
      2114,      2513,      2536,      2562,      2538
      2115,      2563,      2537,      2514,      2539
      2116,      2515,      2538,      2564,      2540
      2117,      2565,      2539,      2516,      2540
      2118,      2566,      1975,      1976,      2541
      2119,      2026,      2027,      2567,      2542
      2120,      2517,      2543,      2568,      2541
      2121,      2518,      2542,      2569,      2544
      2122,      2519,      2545,      2570,      2543
      2123,      2520,      2544,      2571,      2546
      2124,      2521,      2547,      2572,      2545
      2125,      2573,      2548,      2522,      2546
      2126,      2574,      2547,      2524,      2550
      2127,      2523,      2548,      2575,      2549
      2128,      2525,      2549,      2576,      2551
      2129,      2577,      2550,      2526,      2552
      2130,      2578,      2553,      2527,      2551
      2131,      2529,      2553,      2579,      2554
      2132,      2580,      2552,      2528,      2555
      2133,      2530,      2554,      2581,      2556
      2134,      2531,      2557,      2582,      2555
      2135,      2583,      2558,      2532,      2556
      2136,      2533,      2559,      2584,      2557
      2137,      2585,      2560,      2534,      2558
      2138,      2586,      2559,      2535,      2561
      2139,      2587,      2562,      2536,      2560
      2140,      2588,      2561,      2537,      2563
      2141,      2538,      2562,      2589,      2564
      2142,      2590,      2563,      2539,      2565
      2143,      2540,      2564,      2591,      2565
      2144,      2592,      1974,      1975,      2566
      2145,      2027,      2028,      2593,      2567
      2146,      2594,      2566,      2541,      2568
      2147,      2542,      2567,      2595,      2569
      2148,      2543,      2570,      2596,      2568
      2149,      2544,      2569,      2597,      2571
      2150,      2545,      2572,      2598,      2570
      2151,      2546,      2571,      2599,      2573
      2152,      2600,      2572,      2547,      2574
      2153,      2548,      2573,      2601,      2575
      2154,      2602,      2574,      2550,      2577
      2155,      2549,      2575,      2603,      2576
      2156,      2551,      2576,      2604,      2578
      2157,      2605,      2577,      2552,      2580
      2158,      2606,      2579,      2553,      2578
      2159,      2607,      2581,      2554,      2579
      2160,      2555,      2582,      2608,      2580
      2161,      2556,      2581,      2609,      2583
      2162,      2557,      2584,      2610,      2582
      2163,      2611,      2585,      2558,      2583
      2164,      2612,      2584,      2559,      2586
      2165,      2613,      2587,      2560,      2585
      2166,      2614,      2586,      2561,      2588
      2167,      2615,      2589,      2562,      2587
      2168,      2616,      2588,      2563,      2590
      2169,      2617,      2591,      2564,      2589
      2170,      2565,      2591,      2618,      2590
      2171,      1974,      2592,      2619,      1973
      2172,      2620,      2593,      2028,      2029
      2173,      2621,      2592,      2566,      2594
      2174,      2567,      2593,      2623,      2595
      2175,      2622,      2594,      2568,      2596
      2176,      2569,      2595,      2625,      2597
      2177,      2570,      2598,      2624,      2596
      2178,      2571,      2597,      2627,      2599
      2179,      2626,      2598,      2572,      2600
      2180,      2573,      2599,      2629,      2601
      2181,      2628,      2600,      2574,      2602
      2182,      2630,      2603,      2575,      2601
      2183,      2631,      2602,      2577,      2605
      2184,      2576,      2603,      2632,      2604
      2185,      2578,      2604,      2633,      2606
      2186,      2634,      2605,      2580,      2608
      2187,      2635,      2607,      2579,      2606
      2188,      2636,      2609,      2581,      2607
      2189,      2582,      2610,      2637,      2608
      2190,      2638,      2611,      2583,      2609
      2191,      2639,      2610,      2584,      2612
      2192,      2640,      2613,      2585,      2611
      2193,      2641,      2612,      2586,      2614
      2194,      2642,      2615,      2587,      2613
      2195,      2643,      2614,      2588,      2616
      2196,      2644,      2617,      2589,      2615
      2197,      2646,      2616,      2590,      2618
      2198,      2645,      2618,      2591,      2617
      2199,      1973,      2619,      2647,      1972
      2200,      2029,      2030,      2648,      2620
      2201,      2592,      2621,      2649,      2619
      2202,      2651,      2623,      2593,      2620
      2203,      2650,      2621,      2594,      2622
      2204,      2652,      2622,      2596,      2624
      2205,      2653,      2625,      2595,      2623
      2206,      2654,      2624,      2598,      2626
      2207,      2597,      2625,      2655,      2627
      2208,      2656,      2626,      2600,      2628
      2209,      2599,      2627,      2657,      2629
      2210,      2601,      2629,      2659,      2630
      2211,      2602,      2631,      2658,      2628
      2212,      2660,      2632,      2603,      2630
      2213,      2661,      2631,      2605,      2634
      2214,      2662,      2633,      2604,      2632
      2215,      2606,      2633,      2664,      2635
      2216,      2663,      2634,      2608,      2637
      2217,      2665,      2636,      2607,      2635
      2218,      2666,      2638,      2609,      2636
      2219,      2667,      2637,      2610,      2639
      2220,      2611,      2638,      2668,      2640
      2221,      2669,      2639,      2612,      2641
      2222,      2670,      2642,      2613,      2640
      2223,      2671,      2641,      2614,      2643
      2224,      2672,      2644,      2615,      2642
      2225,      2616,      2646,      2674,      2643
      2226,      2673,      2645,      2617,      2644
      2227,      2675,      2646,      2618,      2645
      2228,      1972,      2647,      2676,      1971
      2229,      2030,      2031,      2678,      2648
      2230,      2619,      2649,      2677,      2647
      2231,      2621,      2650,      2679,      2649
      2232,      2620,      2648,      2680,      2651
      2233,      2681,      2650,      2622,      2652
      2234,      2682,      2653,      2623,      2651
      2235,      2683,      2652,      2624,      2654
      2236,      2684,      2655,      2625,      2653
      2237,      2685,      2654,      2626,      2656
      2238,      2627,      2655,      2686,      2657
      2239,      2628,      2658,      2687,      2656
      2240,      2629,      2657,      2688,      2659
      2241,      2631,      2661,      2689,      2658
      2242,      2630,      2659,      2690,      2660
      2243,      2691,      2662,      2632,      2660
      2244,      2692,      2661,      2634,      2663
      2245,      2693,      2664,      2633,      2662
      2246,      2635,      2664,      2695,      2665
      2247,      2694,      2663,      2637,      2667
      2248,      2696,      2666,      2636,      2665
      2249,      2638,      2666,      2697,      2668
      2250,      2698,      2667,      2639,      2669
      2251,      2640,      2668,      2699,      2670
      2252,      2701,      2669,      2641,      2671
      2253,      2700,      2672,      2642,      2670
      2254,      2702,      2673,      2644,      2672
      2255,      2643,      2674,      2703,      2671
      2256,      2704,      2675,      2645,      2673
      2257,      2646,      2675,      2705,      2674
      2258,      2706,      1970,      1971,      2676
      2259,      2031,      2032,      2708,      2678
      2260,      2647,      2677,      2707,      2676
      2261,      2649,      2679,      2709,      2677
      2262,      2648,      2678,      2710,      2680
      2263,      2650,      2681,      2711,      2679
      2264,      2651,      2680,      2713,      2682
      2265,      2712,      2681,      2652,      2683
      2266,      2715,      2684,      2653,      2682
      2267,      2714,      2683,      2654,      2685
      2268,      2655,      2684,      2717,      2686
      2269,      2656,      2687,      2716,      2685
      2270,      2657,      2686,      2719,      2688
      2271,      2658,      2689,      2718,      2687
      2272,      2659,      2688,      2720,      2690
      2273,      2721,      2689,      2661,      2692
      2274,      2660,      2690,      2722,      2691
      2275,      2724,      2693,      2662,      2691
      2276,      2723,      2692,      2663,      2694
      2277,      2664,      2693,      2725,      2695
      2278,      2665,      2695,      2727,      2696
      2279,      2726,      2694,      2667,      2698
      2280,      2728,      2697,      2666,      2696
      2281,      2668,      2697,      2729,      2699
      2282,      2731,      2698,      2669,      2701
      2283,      2670,      2699,      2730,      2700
      2284,      2732,      2702,      2672,      2700
      2285,      2671,      2703,      2733,      2701
      2286,      2734,      2704,      2673,      2702
      2287,      2674,      2705,      2735,      2703
      2288,      2736,      2705,      2675,      2704
      2289,      2737,      1969,      1970,      2706
      2290,      2032,      2033,      2739,      2708
      2291,      2738,      2706,      2676,      2707
      2292,      2677,      2709,      2740,      2707
      2293,      2678,      2708,      2742,      2710
      2294,      2679,      2711,      2741,      2709
      2295,      2743,      2711,      2681,      2712
      2296,      2680,      2710,      2744,      2713
      2297,      2745,      2712,      2683,      2714
      2298,      2682,      2713,      2746,      2715
      2299,      2747,      2714,      2685,      2716
      2300,      2684,      2715,      2748,      2717
      2301,      2687,      2718,      2749,      2716
      2302,      2686,      2717,      2750,      2719
      2303,      2751,      2718,      2689,      2721
      2304,      2688,      2719,      2752,      2720
      2305,      2690,      2720,      2754,      2722
      2306,      2692,      2723,      2753,      2721
      2307,      2691,      2722,      2755,      2724
      2308,      2693,      2724,      2757,      2725
      2309,      2756,      2723,      2694,      2726
      2310,      2695,      2725,      2758,      2727
      2311,      2696,      2727,      2760,      2728
      2312,      2759,      2726,      2698,      2731
      2313,      2761,      2729,      2697,      2728
      2314,      2762,      2730,      2699,      2729
      2315,      2700,      2730,      2763,      2732
      2316,      2701,      2733,      2764,      2731
      2317,      2765,      2734,      2702,      2732
      2318,      2766,      2733,      2703,      2735
      2319,      2767,      2736,      2704,      2734
      2320,      2768,      2735,      2705,      2736
      2321,      1969,      2737,      2769,      1968
      2322,      2771,      2739,      2033,      2034
      2323,      2770,      2737,      2706,      2738
      2324,      2772,      2738,      2707,      2740
      2325,      2708,      2739,      2774,      2742
      2326,      2709,      2741,      2773,      2740
      2327,      2775,      2741,      2711,      2743
      2328,      2710,      2742,      2777,      2744
      2329,      2776,      2743,      2712,      2745
      2330,      2713,      2744,      2779,      2746
      2331,      2778,      2745,      2714,      2747
      2332,      2715,      2746,      2781,      2748
      2333,      2780,      2747,      2716,      2749
      2334,      2783,      2750,      2717,      2748
      2335,      2782,      2749,      2718,      2751
      2336,      2719,      2750,      2784,      2752
      2337,      2721,      2753,      2785,      2751
      2338,      2720,      2752,      2786,      2754
      2339,      2722,      2754,      2788,      2755
      2340,      2723,      2756,      2787,      2753
      2341,      2724,      2755,      2789,      2757
      2342,      2790,      2756,      2726,      2759
      2343,      2791,      2758,      2725,      2757
      2344,      2727,      2758,      2792,      2760
      2345,      2728,      2760,      2794,      2761
      2346,      2793,      2759,      2731,      2764
      2347,      2795,      2762,      2729,      2761
      2348,      2796,      2763,      2730,      2762
      2349,      2797,      2765,      2732,      2763
      2350,      2798,      2764,      2733,      2766
      2351,      2799,      2767,      2734,      2765
      2352,      2800,      2766,      2735,      2768
      2353,      2801,      2768,      2736,      2767
      2354,      1968,      2769,      2802,      1967
      2355,      2737,      2770,      2803,      2769
      2356,      2034,      2035,      2804,      2771
      2357,      2805,      2770,      2738,      2772
      2358,      2806,      2772,      2740,      2773
      2359,      2808,      2774,      2739,      2771
      2360,      2807,      2773,      2741,      2775
      2361,      2810,      2777,      2742,      2774
      2362,      2809,      2775,      2743,      2776
      2363,      2745,      2778,      2811,      2776
      2364,      2744,      2777,      2812,      2779
      2365,      2813,      2778,      2747,      2780
      2366,      2746,      2779,      2814,      2781
      2367,      2815,      2780,      2749,      2782
      2368,      2748,      2781,      2816,      2783
      2369,      2751,      2785,      2817,      2782
      2370,      2818,      2784,      2750,      2783
      2371,      2820,      2786,      2752,      2784
      2372,      2753,      2787,      2819,      2785
      2373,      2754,      2786,      2821,      2788
      2374,      2756,      2790,      2822,      2787
      2375,      2755,      2788,      2823,      2789
      2376,      2757,      2789,      2825,      2791
      2377,      2824,      2790,      2759,      2793
      2378,      2826,      2792,      2758,      2791
      2379,      2827,      2794,      2760,      2792
      2380,      2761,      2794,      2829,      2795
      2381,      2828,      2793,      2764,      2798
      2382,      2830,      2796,      2762,      2795
      2383,      2831,      2797,      2763,      2796
      2384,      2765,      2797,      2832,      2799
      2385,      2833,      2798,      2766,      2800
      2386,      2834,      2801,      2767,      2799
      2387,      2835,      2800,      2768,      2801
      2388,      1967,      2802,      2836,      1966
      2389,      2769,      2803,      2837,      2802
      2390,      2035,      2036,      2839,      2804
      2391,      2770,      2805,      2838,      2803
      2392,      2840,      2805,      2772,      2806
      2393,      2771,      2804,      2842,      2808
      2394,      2841,      2806,      2773,      2807
      2395,      2843,      2807,      2775,      2809
      2396,      2844,      2810,      2774,      2808
      2397,      2776,      2811,      2845,      2809
      2398,      2847,      2812,      2777,      2810
      2399,      2778,      2813,      2846,      2811
      2400,      2779,      2812,      2849,      2814
      2401,      2848,      2813,      2780,      2815
      2402,      2781,      2814,      2851,      2816
      2403,      2850,      2815,      2782,      2817
      2404,      2783,      2816,      2853,      2818
      2405,      2785,      2819,      2852,      2817
      2406,      2854,      2820,      2784,      2818
      2407,      2787,      2822,      2855,      2819
      2408,      2856,      2821,      2786,      2820
      2409,      2788,      2821,      2858,      2823
      2410,      2790,      2824,      2857,      2822
      2411,      2789,      2823,      2859,      2825
      2412,      2791,      2825,      2861,      2826
      2413,      2860,      2824,      2793,      2828
      2414,      2862,      2827,      2792,      2826
      2415,      2864,      2829,      2794,      2827
      2416,      2795,      2829,      2865,      2830
      2417,      2863,      2828,      2798,      2833
      2418,      2866,      2831,      2796,      2830
      2419,      2797,      2831,      2867,      2832
      2420,      2799,      2832,      2868,      2834
      2421,      2869,      2835,      2801,      2834
      2422,      2870,      2833,      2800,      2835
      2423,      2871,      1965,      1966,      2836
      2424,      2802,      2837,      2872,      2836
      2425,      2036,      2037,      2874,      2839
      2426,      2803,      2838,      2873,      2837
      2427,      2805,      2840,      2875,      2838
      2428,      2804,      2839,      2877,      2842
      2429,      2876,      2840,      2806,      2841
      2430,      2878,      2841,      2807,      2843
      2431,      2808,      2842,      2880,      2844
      2432,      2809,      2845,      2879,      2843
      2433,      2811,      2846,      2881,      2845
      2434,      2882,      2847,      2810,      2844
      2435,      2883,      2846,      2813,      2848
      2436,      2812,      2847,      2884,      2849
      2437,      2885,      2848,      2815,      2850
      2438,      2814,      2849,      2886,      2851
      2439,      2887,      2850,      2817,      2852
      2440,      2816,      2851,      2888,      2853
      2441,      2818,      2853,      2890,      2854
      2442,      2819,      2855,      2889,      2852
      2443,      2892,      2856,      2820,      2854
      2444,      2822,      2857,      2891,      2855
      2445,      2821,      2856,      2893,      2858
      2446,      2823,      2858,      2895,      2859
      2447,      2894,      2857,      2824,      2860
      2448,      2825,      2859,      2896,      2861
      2449,      2826,      2861,      2898,      2862
      2450,      2897,      2860,      2828,      2863
      2451,      2899,      2864,      2827,      2862
      2452,      2829,      2864,      2901,      2865
      2453,      2900,      2863,      2833,      2870
      2454,      2830,      2865,      2902,      2866
      2455,      2903,      2867,      2831,      2866
      2456,      2832,      2867,      2904,      2868
      2457,      2834,      2868,      2905,      2869
      2458,      2906,      2870,      2835,      2869
      2459,      2907,      1964,      1965,      2871
      2460,      2908,      2871,      2836,      2872
      2461,      2037,      2038,      2910,      2874
      2462,      2837,      2873,      2909,      2872
      2463,      2838,      2875,      2911,      2873
      2464,      2912,      2875,      2840,      2876
      2465,      2839,      2874,      2914,      2877
      2466,      2913,      2876,      2841,      2878
      2467,      2915,      2878,      2843,      2879
      2468,      2842,      2877,      2917,      2880
      2469,      2845,      2881,      2916,      2879
      2470,      2844,      2880,      2919,      2882
      2471,      2918,      2881,      2846,      2883
      2472,      2847,      2882,      2921,      2884
      2473,      2848,      2885,      2920,      2883
      2474,      2849,      2884,      2923,      2886
      2475,      2922,      2885,      2850,      2887
      2476,      2851,      2886,      2925,      2888
      2477,      2924,      2887,      2852,      2889
      2478,      2853,      2888,      2927,      2890
      2479,      2855,      2891,      2926,      2889
      2480,      2854,      2890,      2928,      2892
      2481,      2856,      2892,      2930,      2893
      2482,      2929,      2891,      2857,      2894
      2483,      2858,      2893,      2932,      2895
      2484,      2931,      2894,      2860,      2897
      2485,      2859,      2895,      2933,      2896
      2486,      2861,      2896,      2935,      2898
      2487,      2934,      2897,      2863,      2900
      2488,      2862,      2898,      2936,      2899
      2489,      2864,      2899,      2937,      2901
      2490,      2865,      2901,      2939,      2902
      2491,      2938,      2900,      2870,      2906
      2492,      2866,      2902,      2940,      2903
      2493,      2941,      2904,      2867,      2903
      2494,      2942,      2905,      2868,      2904
      2495,      2869,      2905,      2943,      2906
      2496,      1964,      2907,      2944,      1963
      2497,      2945,      2907,      2871,      2908
      2498,      2946,      2910,      2038,      2039
      2499,      2947,      2908,      2872,      2909
      2500,      2873,      2911,      2948,      2909
      2501,      2949,      2911,      2875,      2912
      2502,      2874,      2910,      2950,      2914
      2503,      2951,      2912,      2876,      2913
      2504,      2952,      2913,      2878,      2915
      2505,      2877,      2914,      2954,      2917
      2506,      2953,      2915,      2879,      2916
      2507,      2955,      2916,      2881,      2918
      2508,      2880,      2917,      2956,      2919
      2509,      2883,      2920,      2957,      2918
      2510,      2882,      2919,      2959,      2921
      2511,      2885,      2922,      2958,      2920
      2512,      2961,      2923,      2884,      2921
      2513,      2960,      2922,      2887,      2924
      2514,      2886,      2923,      2962,      2925
      2515,      2963,      2924,      2889,      2926
      2516,      2888,      2925,      2964,      2927
      2517,      2890,      2927,      2966,      2928
      2518,      2965,      2926,      2891,      2929
      2519,      2892,      2928,      2968,      2930
      2520,      2967,      2929,      2894,      2931
      2521,      2969,      2932,      2893,      2930
      2522,      2895,      2932,      2971,      2933
      2523,      2897,      2934,      2970,      2931
      2524,      2896,      2933,      2972,      2935
      2525,      2898,      2935,      2974,      2936
      2526,      2973,      2934,      2900,      2938
      2527,      2899,      2936,      2975,      2937
      2528,      2977,      2939,      2901,      2937
      2529,      2902,      2939,      2978,      2940
      2530,      2976,      2938,      2906,      2943
      2531,      2903,      2940,      2979,      2941
      2532,      2980,      2942,      2904,      2941
      2533,      2981,      2943,      2905,      2942
      2534,      1963,      2944,      2982,      1962
      2535,      2039,      2040,      2983,      2946
      2536,      2907,      2945,      2984,      2944
      2537,      2985,      2945,      2908,      2947
      2538,      2986,      2947,      2909,      2948
      2539,      2988,      2950,      2910,      2946
      2540,      2987,      2948,      2911,      2949
      2541,      2989,      2949,      2912,      2951
      2542,      2913,      2952,      2990,      2951
      2543,      2991,      2954,      2914,      2950
      2544,      2992,      2952,      2915,      2953
      2545,      2993,      2953,      2916,      2955
      2546,      2917,      2954,      2995,      2956
      2547,      2918,      2957,      2994,      2955
      2548,      2920,      2958,      2996,      2957
      2549,      2919,      2956,      2997,      2959
      2550,      2922,      2960,      2998,      2958
      2551,      2921,      2959,      2999,      2961
      2552,      3000,      2960,      2924,      2963
      2553,      3001,      2962,      2923,      2961
      2554,      3003,      2964,      2925,      2962
      2555,      3002,      2963,      2926,      2965
      2556,      2927,      2964,      3005,      2966
      2557,      3004,      2965,      2929,      2967
      2558,      2928,      2966,      3006,      2968
      2559,      2930,      2968,      3008,      2969
      2560,      2931,      2970,      3007,      2967
      2561,      3010,      2971,      2932,      2969
      2562,      2934,      2973,      3009,      2970
      2563,      3011,      2972,      2933,      2971
      2564,      2935,      2972,      3013,      2974
      2565,      3012,      2973,      2938,      2976
      2566,      2936,      2974,      3014,      2975
      2567,      2937,      2975,      3015,      2977
      2568,      3016,      2978,      2939,      2977
      2569,      3017,      2979,      2940,      2978
      2570,      3018,      2976,      2943,      2981
      2571,      2941,      2979,      3019,      2980
      2572,      3020,      2981,      2942,      2980
      2573,      1962,      2982,      3022,      1961
      2574,      2040,      2041,      3021,      2983
      2575,      2944,      2984,      3023,      2982
      2576,      2945,      2985,      3024,      2984
      2577,      2946,      2983,      3025,      2988
      2578,      3026,      2985,      2947,      2986
      2579,      3027,      2986,      2948,      2987
      2580,      3028,      2987,      2949,      2989
      2581,      3029,      2991,      2950,      2988
      2582,      2951,      2990,      3030,      2989
      2583,      2952,      2992,      3031,      2990
      2584,      3032,      2992,      2953,      2993
      2585,      3033,      2995,      2954,      2991
      2586,      3034,      2993,      2955,      2994
      2587,      2957,      2996,      3035,      2994
      2588,      2956,      2995,      3037,      2997
      2589,      2958,      2998,      3036,      2996
      2590,      2959,      2997,      3039,      2999
      2591,      2960,      3000,      3038,      2998
      2592,      2961,      2999,      3041,      3001
      2593,      3040,      3000,      2963,      3002
      2594,      3043,      3003,      2962,      3001
      2595,      3042,      3002,      2965,      3004
      2596,      3044,      3005,      2964,      3003
      2597,      2966,      3005,      3046,      3006
      2598,      2967,      3007,      3045,      3004
      2599,      2968,      3006,      3048,      3008
      2600,      2970,      3009,      3047,      3007
      2601,      2969,      3008,      3049,      3010
      2602,      3051,      3011,      2971,      3010
      2603,      3050,      3009,      2973,      3012
      2604,      3052,      3013,      2972,      3011
      2605,      2974,      3013,      3053,      3014
      2606,      2975,      3014,      3054,      3015
      2607,      3056,      3012,      2976,      3018
      2608,      2977,      3015,      3055,      3016
      2609,      3057,      3017,      2978,      3016
      2610,      3058,      3019,      2979,      3017
      2611,      2980,      3019,      3059,      3020
      2612,      3060,      3018,      2981,      3020
      2613,      2042,      3061,      3021,      2041
      2614,      1960,      1961,      3022,      3062
      2615,      2982,      3023,      3064,      3022
      2616,      2983,      3021,      3063,      3025
      2617,      2984,      3024,      3065,      3023
      2618,      2985,      3026,      3066,      3024
      2619,      3067,      3026,      2986,      3027
      2620,      2988,      3025,      3068,      3029
      2621,      3069,      3027,      2987,      3028
      2622,      2989,      3030,      3070,      3028
      2623,      2990,      3031,      3071,      3030
      2624,      3072,      3033,      2991,      3029
      2625,      3073,      3031,      2992,      3032
      2626,      3074,      3032,      2993,      3034
      2627,      3075,      3034,      2994,      3035
      2628,      2995,      3033,      3076,      3037
      2629,      2996,      3036,      3077,      3035
      2630,      2998,      3038,      3078,      3036
      2631,      2997,      3037,      3080,      3039
      2632,      3079,      3038,      3000,      3040
      2633,      2999,      3039,      3081,      3041
      2634,      3082,      3040,      3002,      3042
      2635,      3001,      3041,      3083,      3043
      2636,      3085,      3044,      3003,      3043
      2637,      3084,      3042,      3004,      3045
      2638,      3005,      3044,      3087,      3046
      2639,      3007,      3047,      3086,      3045
      2640,      3006,      3046,      3088,      3048
      2641,      3089,      3047,      3009,      3050
      2642,      3008,      3048,      3090,      3049
      2643,      3010,      3049,      3091,      3051
      2644,      3092,      3052,      3011,      3051
      2645,      3013,      3052,      3093,      3053
      2646,      3012,      3056,      3096,      3050
      2647,      3014,      3053,      3094,      3054
      2648,      3015,      3054,      3095,      3055
      2649,      3016,      3055,      3097,      3057
      2650,      3098,      3058,      3017,      3057
      2651,      3019,      3058,      3099,      3059
      2652,      3100,      3056,      3018,      3060
      2653,      3020,      3059,      3101,      3060
      2654,      2043,      3102,      3061,      2042
      2655,      1959,      1960,      3062,      3104
      2656,      3061,      3103,      3063,      3021
      2657,      3062,      3022,      3064,      3107
      2658,      3023,      3065,      3106,      3064
      2659,      3024,      3066,      3108,      3065
      2660,      3025,      3063,      3105,      3068
      2661,      3109,      3066,      3026,      3067
      2662,      3110,      3067,      3027,      3069
      2663,      3112,      3069,      3028,      3070
      2664,      3029,      3068,      3111,      3072
      2665,      3030,      3071,      3113,      3070
      2666,      3114,      3071,      3031,      3073
      2667,      3032,      3074,      3115,      3073
      2668,      3033,      3072,      3116,      3076
      2669,      3117,      3074,      3034,      3075
      2670,      3118,      3075,      3035,      3077
      2671,      3036,      3078,      3119,      3077
      2672,      3037,      3076,      3120,      3080
      2673,      3121,      3078,      3038,      3079
      2674,      3122,      3079,      3040,      3082
      2675,      3039,      3080,      3123,      3081
      2676,      3041,      3081,      3125,      3083
      2677,      3124,      3082,      3042,      3084
      2678,      3043,      3083,      3127,      3085
      2679,      3126,      3084,      3045,      3086
      2680,      3044,      3085,      3128,      3087
      2681,      3129,      3086,      3047,      3089
      2682,      3046,      3087,      3130,      3088
      2683,      3048,      3088,      3131,      3090
      2684,      3049,      3090,      3132,      3091
      2685,      3051,      3091,      3133,      3092
      2686,      3050,      3096,      3137,      3089
      2687,      3052,      3092,      3134,      3093
      2688,      3053,      3093,      3135,      3094
      2689,      3054,      3094,      3136,      3095
      2690,      3055,      3095,      3138,      3097
      2691,      3057,      3097,      3139,      3098
      2692,      3058,      3098,      3140,      3099
      2693,      3056,      3100,      3142,      3096
      2694,      3059,      3099,      3141,      3101
      2695,      3060,      3101,      3143,      3100
      2696,      2044,      3144,      3102,      2043
      2697,      3102,      3145,      3103,      3061
      2698,      3104,      3147,      1958,      1959
      2699,      3103,      3146,      3105,      3063
      2700,      3104,      3062,      3107,      3151
      2701,      3065,      3108,      3149,      3106
      2702,      3107,      3064,      3106,      3152
      2703,      3150,      3108,      3066,      3109
      2704,      3068,      3105,      3148,      3111
      2705,      3153,      3109,      3067,      3110
      2706,      3154,      3110,      3069,      3112
      2707,      3155,      3112,      3070,      3113
      2708,      3157,      3113,      3071,      3114
      2709,      3072,      3111,      3156,      3116
      2710,      3073,      3115,      3158,      3114
      2711,      3074,      3117,      3159,      3115
      2712,      3161,      3117,      3075,      3118
      2713,      3160,      3120,      3076,      3116
      2714,      3162,      3118,      3077,      3119
      2715,      3163,      3119,      3078,      3121
      2716,      3080,      3120,      3164,      3123
      2717,      3165,      3121,      3079,      3122
      2718,      3082,      3124,      3166,      3122
      2719,      3081,      3123,      3168,      3125
      2720,      3167,      3124,      3084,      3126
      2721,      3083,      3125,      3169,      3127
      2722,      3170,      3126,      3086,      3129
      2723,      3085,      3127,      3171,      3128
      2724,      3172,      3130,      3087,      3128
      2725,      3088,      3130,      3173,      3131
      2726,      3090,      3131,      3174,      3132
      2727,      3089,      3137,      3178,      3129
      2728,      3091,      3132,      3175,      3133
      2729,      3092,      3133,      3176,      3134
      2730,      3177,      3135,      3093,      3134
      2731,      3094,      3135,      3179,      3136
      2732,      3095,      3136,      3180,      3138
      2733,      3097,      3138,      3181,      3139
      2734,      3098,      3139,      3182,      3140
      2735,      3096,      3142,      3183,      3137
      2736,      3140,      3184,      3141,      3099
      2737,      3101,      3141,      3185,      3143
      2738,      3100,      3143,      3186,      3142
      2739,      3144,      2044,      2045,      3187
      2740,      3144,      3188,      3145,      3102
      2741,      3145,      3189,      3146,      3103
      2742,      1957,      1958,      3147,      3191
      2743,      3146,      3190,      3148,      3105
      2744,      3193,      3149,      3108,      3150
      2745,      3151,      3196,      3147,      3104
      2746,      3152,      3106,      3149,      3197
      2747,      3194,      3150,      3109,      3153
      2748,      3151,      3107,      3152,      3198
      2749,      3111,      3148,      3192,      3156
      2750,      3110,      3154,      3195,      3153
      2751,      3199,      3154,      3112,      3155
      2752,      3200,      3155,      3113,      3157
      2753,      3114,      3158,      3202,      3157
      2754,      3116,      3156,      3201,      3160
      2755,      3115,      3159,      3203,      3158
      2756,      3117,      3161,      3204,      3159
      2757,      3205,      3161,      3118,      3162
      2758,      3206,      3164,      3120,      3160
      2759,      3207,      3162,      3119,      3163
      2760,      3208,      3163,      3121,      3165
      2761,      3122,      3166,      3210,      3165
      2762,      3209,      3168,      3123,      3164
      2763,      3124,      3167,      3211,      3166
      2764,      3212,      3167,      3126,      3170
      2765,      3125,      3168,      3213,      3169
      2766,      3127,      3169,      3214,      3171
      2767,      3128,      3171,      3215,      3172
      2768,      3216,      3173,      3130,      3172
      2769,      3217,      3174,      3131,      3173
      2770,      3170,      3129,      3178,      3223
      2771,      3132,      3174,      3218,      3175
      2772,      3133,      3175,      3219,      3176
      2773,      3134,      3176,      3220,      3177
      2774,      3221,      3179,      3135,      3177
      2775,      3222,      3180,      3136,      3179
      2776,      3138,      3180,      3224,      3181
      2777,      3139,      3181,      3225,      3182
      2778,      3137,      3183,      3226,      3178
      2779,      3182,      3227,      3184,      3140
      2780,      3184,      3228,      3185,      3141
      2781,      3142,      3186,      3230,      3183
      2782,      3143,      3185,      3229,      3186
      2783,      3187,      2045,      2046,      3231
      2784,      3188,      3144,      3187,      3232
      2785,      3188,      3233,      3189,      3145
      2786,      1956,      1957,      3191,      3236
      2787,      3189,      3234,      3190,      3146
      2788,      3192,      3148,      3190,      3235
      2789,      3238,      3193,      3150,      3194
      2790,      3191,      3147,      3196,      3241
      2791,      3153,      3195,      3239,      3194
      2792,      3197,      3149,      3193,      3242
      2793,      3154,      3199,      3240,      3195
      2794,      3156,      3192,      3237,      3201
      2795,      3198,      3244,      3196,      3151
      2796,      3198,      3152,      3197,      3245
      2797,      3243,      3199,      3155,      3200
      2798,      3246,      3200,      3157,      3202
      2799,      3158,      3203,      3247,      3202
      2800,      3159,      3204,      3249,      3203
      2801,      3160,      3201,      3248,      3206
      2802,      3161,      3205,      3250,      3204
      2803,      3251,      3205,      3162,      3207
      2804,      3253,      3207,      3163,      3208
      2805,      3252,      3209,      3164,      3206
      2806,      3165,      3210,      3254,      3208
      2807,      3166,      3211,      3255,      3210
      2808,      3256,      3213,      3168,      3209
      2809,      3257,      3211,      3167,      3212
      2810,      3169,      3213,      3258,      3214
      2811,      3171,      3214,      3259,      3215
      2812,      3172,      3215,      3260,      3216
      2813,      3261,      3217,      3173,      3216
      2814,      3212,      3170,      3223,      3268
      2815,      3262,      3218,      3174,      3217
      2816,      3175,      3218,      3263,      3219
      2817,      3176,      3219,      3264,      3220
      2818,      3177,      3220,      3265,      3221
      2819,      3266,      3222,      3179,      3221
      2820,      3267,      3224,      3180,      3222
      2821,      3181,      3224,      3269,      3225
      2822,      3223,      3178,      3226,      3271
      2823,      3227,      3182,      3225,      3270
      2824,      3227,      3272,      3228,      3184
      2825,      3183,      3230,      3273,      3226
      2826,      3229,      3185,      3228,      3274
      2827,      3186,      3229,      3275,      3230
      2828,      2047,      3276,      3231,      2046
      2829,      3232,      3187,      3231,      3277
      2830,      3233,      3188,      3232,      3278
      2831,      3233,      3279,      3234,      3189
      2832,      1955,      1956,      3236,      3281
      2833,      3235,      3190,      3234,      3280
      2834,      3237,      3192,      3235,      3282
      2835,      3194,      3239,      3284,      3238
      2836,      3236,      3191,      3241,      3287
      2837,      3195,      3240,      3285,      3239
      2838,      3242,      3193,      3238,      3289
      2839,      3286,      3240,      3199,      3243
      2840,      3201,      3237,      3283,      3248
      2841,      3244,      3291,      3241,      3196
      2842,      3288,      3243,      3200,      3246
      2843,      3245,      3197,      3242,      3292
      2844,      3245,      3294,      3244,      3198
      2845,      3290,      3246,      3202,      3247
      2846,      3203,      3249,      3293,      3247
      2847,      3204,      3250,      3296,      3249
      2848,      3206,      3248,      3295,      3252
      2849,      3297,      3250,      3205,      3251
      2850,      3298,      3251,      3207,      3253
      2851,      3300,      3253,      3208,      3254
      2852,      3299,      3256,      3209,      3252
      2853,      3210,      3255,      3302,      3254
      2854,      3303,      3255,      3211,      3257
      2855,      3213,      3256,      3304,      3258
      2856,      3214,      3258,      3305,      3259
      2857,      3215,      3259,      3306,      3260
      2858,      3216,      3260,      3307,      3261
      2859,      3268,      3312,      3257,      3212
      2860,      3308,      3262,      3217,      3261
      2861,      3218,      3262,      3309,      3263
      2862,      3219,      3263,      3310,      3264
      2863,      3220,      3264,      3311,      3265
      2864,      3221,      3265,      3313,      3266
      2865,      3314,      3267,      3222,      3266
      2866,      3224,      3267,      3315,      3269
      2867,      3226,      3273,      3301,      3271
      2868,      3269,      3316,      3270,      3225
      2869,      3268,      3223,      3271,      3317
      2870,      3272,      3227,      3270,      3318
      2871,      3274,      3228,      3272,      3319
      2872,      3230,      3275,      3320,      3273
      2873,      3321,      3275,      3229,      3274
      2874,      3276,      3322,      3277,      3231
      2875,      2048,      3323,      3276,      2047
      2876,      3278,      3232,      3277,      3324
      2877,      3279,      3233,      3278,      3325
      2878,      1954,      1955,      3281,      3328
      2879,      3280,      3234,      3279,      3326
      2880,      3282,      3235,      3280,      3327
      2881,      3282,      3329,      3283,      3237
      2882,      3281,      3236,      3287,      3333
      2883,      3239,      3285,      3331,      3284
      2884,      3332,      3285,      3240,      3286
      2885,      3289,      3238,      3284,      3336
      2886,      3243,      3288,      3334,      3286
      2887,      3248,      3283,      3330,      3295
      2888,      3335,      3288,      3246,      3290
      2889,      3287,      3241,      3291,      3338
      2890,      3292,      3242,      3289,      3340
      2891,      3337,      3290,      3247,      3293
      2892,      3294,      3342,      3291,      3244
      2893,      3294,      3245,      3292,      3344
      2894,      3249,      3296,      3339,      3293
      2895,      3343,      3296,      3250,      3297
      2896,      3252,      3295,      3341,      3299
      2897,      3345,      3297,      3251,      3298
      2898,      3346,      3298,      3253,      3300
      2899,      3348,      3300,      3254,      3302
      2900,      3256,      3299,      3347,      3304
      2901,      3349,      3302,      3255,      3303
      2902,      3258,      3304,      3351,      3305
      2903,      3312,      3356,      3303,      3257
      2904,      3259,      3305,      3353,      3306
      2905,      3260,      3306,      3354,      3307
      2906,      3261,      3307,      3355,      3308
      2907,      3262,      3308,      3357,      3309
      2908,      3263,      3309,      3358,      3310
      2909,      3264,      3310,      3359,      3311
      2910,      3265,      3311,      3360,      3313
      2911,      3266,      3313,      3361,      3314
      2912,      3267,      3314,      3362,      3315
      2913,      3268,      3317,      3352,      3312
      2914,      3273,      3320,      3350,      3301
      2915,      3315,      3364,      3316,      3269
      2916,      3363,      3271,      3301,      3350
      2917,      3316,      3365,      3318,      3270
      2918,      3319,      3272,      3318,      3367
      2919,      3388,      3321,      3274,      3319
      2920,      3317,      3271,      3363,      3366
      2921,      3396,      3320,      3275,      3321
      2922,      3323,      3368,      3322,      3276
      2923,      3322,      3369,      3324,      3277
      2924,      2049,      3370,      3323,      2048
      2925,      3325,      3278,      3324,      3371
      2926,      3326,      3279,      3325,      3372
      2927,      3328,      3375,      1953,      1954
      2928,      3327,      3280,      3326,      3373
      2929,      3327,      3374,      3329,      3282
      2930,      3329,      3376,      3330,      3283
      2931,      3328,      3281,      3333,      3380
      2932,      3378,      3331,      3285,      3332
      2933,      3286,      3334,      3379,      3332
      2934,      3336,      3284,      3331,      3385
      2935,      3288,      3335,      3381,      3334
      2936,      3333,      3287,      3338,      3383
      2937,      3295,      3330,      3377,      3341
      2938,      3382,      3335,      3290,      3337
      2939,      3384,      3337,      3293,      3339
      2940,      3340,      3289,      3336,      3390
      2941,      3338,      3291,      3342,      3387
      2942,      3386,      3339,      3296,      3343
      2943,      3340,      3392,      3344,      3292
      2944,      3342,      3294,      3344,      3393
      2945,      3391,      3343,      3297,      3345
      2946,      3299,      3341,      3389,      3347
      2947,      3298,      3346,      3394,      3345
      2948,      3395,      3346,      3300,      3348
      2949,      3398,      3348,      3302,      3349
      2950,      3397,      3351,      3304,      3347
      2951,      3349,      3303,      3356,      3401
      2952,      3305,      3351,      3399,      3353
      2953,      3306,      3353,      3400,      3354
      2954,      3307,      3354,      3402,      3355
      2955,      3308,      3355,      3403,      3357
      2956,      3405,      3358,      3309,      3357
      2957,      3310,      3358,      3406,      3359
      2958,      3356,      3312,      3352,      3411
      2959,      3311,      3359,      3408,      3360
      2960,      3313,      3360,      3409,      3361
      2961,      3314,      3361,      3410,      3362
      2962,      3315,      3362,      3407,      3364
      2963,      3366,      3411,      3352,      3317
      2964,      3396,      3404,      3350,      3320
      2965,      3364,      3414,      3365,      3316
      2966,      3367,      3318,      3365,      3415
      2967,      3404,      3412,      3363,      3350
      2968,      3368,      3416,      3369,      3322
      2969,      3370,      3417,      3368,      3323
      2970,      3369,      3418,      3371,      3324
      2971,      3370,      2049,      2050,      3419
      2972,      3372,      3325,      3371,      3420
      2973,      3373,      3326,      3372,      3421
      2974,      1952,      1953,      3375,      3425
      2975,      3373,      3423,      3374,      3327
      2976,      3374,      3424,      3376,      3329
      2977,      3377,      3330,      3376,      3426
      2978,      3380,      3429,      3375,      3328
      2979,      3332,      3379,      3428,      3378
      2980,      3388,      3319,      3367,      3449
      2981,      3334,      3381,      3430,      3379
      2982,      3380,      3333,      3383,      3433
      2983,      3335,      3382,      3431,      3381
      2984,      3385,      3331,      3378,      3435
      2985,      3341,      3377,      3427,      3389
      2986,      3432,      3382,      3337,      3384
      2987,      3434,      3384,      3339,      3386
      2988,      3383,      3338,      3387,      3436
      2989,      3390,      3336,      3385,      3440
      2990,      3437,      3386,      3343,      3391
      2991,      3387,      3342,      3393,      3441
      2992,      3390,      3443,      3392,      3340
      2993,      3345,      3394,      3439,      3391
      2994,      3393,      3344,      3392,      3444
      2995,      3347,      3389,      3438,      3397
      2996,      3346,      3395,      3442,      3394
      2997,      3451,      3396,      3321,      3388
      2998,      3445,      3395,      3348,      3398
      2999,      3446,      3399,      3351,      3397
      3000,      3398,      3349,      3401,      3447
      3001,      3366,      3363,      3412,      3422
      3002,      3448,      3400,      3353,      3399
      3003,      3354,      3400,      3450,      3402
      3004,      3355,      3402,      3452,      3403
      3005,      3357,      3403,      3453,      3405
      3006,      3454,      3406,      3358,      3405
      3007,      3455,      3408,      3359,      3406
      3008,      3360,      3408,      3456,      3409
      3009,      3401,      3356,      3411,      3458
      3010,      3361,      3409,      3457,      3410
      3011,      3410,      3481,      3407,      3362
      3012,      3449,      3367,      3415,      3413
      3013,      3414,      3364,      3407,      3481
      3014,      3415,      3365,      3414,      3467
      3015,      3451,      3459,      3404,      3396
      3016,      3411,      3366,      3422,      3495
      3017,      3417,      3461,      3416,      3368
      3018,      3416,      3462,      3418,      3369
      3019,      3417,      3370,      3419,      3463
      3020,      3420,      3371,      3418,      3464
      3021,      3419,      2050,      2051,      3465
      3022,      3421,      3372,      3420,      3466
      3023,      3423,      3373,      3421,      3468
      3024,      1951,      1952,      3425,      3470
      3025,      3423,      3469,      3424,      3374
      3026,      3426,      3376,      3424,      3471
      3027,      3425,      3375,      3429,      3475
      3028,      3426,      3472,      3427,      3377
      3029,      3379,      3430,      3474,      3428
      3030,      3381,      3431,      3476,      3430
      3031,      3433,      3478,      3429,      3380
      3032,      3382,      3432,      3477,      3431
      3033,      3435,      3378,      3428,      3483
      3034,      3389,      3427,      3473,      3438
      3035,      3479,      3432,      3384,      3434
      3036,      3433,      3383,      3436,      3482
      3037,      3480,      3434,      3386,      3437
      3038,      3440,      3385,      3435,      3488
      3039,      3391,      3439,      3484,      3437
      3040,      3436,      3387,      3441,      3486
      3041,      3394,      3442,      3487,      3439
      3042,      3440,      3493,      3443,      3390
      3043,      3441,      3393,      3444,      3491
      3044,      3397,      3438,      3485,      3446
      3045,      3444,      3392,      3443,      3494
      3046,      3492,      3442,      3395,      3445
      3047,      3459,      3460,      3412,      3404
      3048,      3445,      3398,      3447,      3490
      3049,      3496,      3448,      3399,      3446
      3050,      3497,      3450,      3400,      3448
      3051,      3449,      1054,      3451,      3388
      3052,      3447,      3401,      3458,      3498
      3053,      3402,      3450,      3500,      3452
      3054,      3422,      3412,      3460,      3489
      3055,      3403,      3452,      3501,      3453
      3056,      3405,      3453,      3502,      3454
      3057,      3503,      3455,      3406,      3454
      3058,      3504,      3456,      3408,      3455
      3059,      3409,      3456,      3506,      3457
      3060,      3481,      3410,      3457,      3508
      3061,      3458,      3411,      3495,      3507
      3062,      3415,      1056,      1055,      3413
      3063,      3414,      3481,      3499,      3467
      3064,      1055,      1054,      3449,      3413
      3065,      3422,      3489,      3505,      3495
      3066,      3461,      3509,      3462,      3416
      3067,      3461,      3417,      3463,      3510
      3068,      3464,      3418,      3462,      3511
      3069,      3463,      3419,      3465,      3512
      3070,      3466,      3420,      3464,      3513
      3071,      2052,      3514,      3465,      2051
      3072,      3468,      3421,      3466,      3515
      3073,      3469,      3423,      3468,      3516
      3074,      1950,      1951,      3470,      3518
      3075,      3471,      3424,      3469,      3517
      3076,      3471,      3519,      3472,      3426
      3077,      3470,      3425,      3475,      3524
      3078,      3472,      3521,      3473,      3427
      3079,      3430,      3476,      3523,      3474
      3080,      3431,      3477,      3525,      3476
      3081,      3478,      3527,      3475,      3429
      3082,      3526,      3477,      3432,      3479
      3083,      3483,      3428,      3474,      3531
      3084,      3438,      3473,      3522,      3485
      3085,      3528,      3479,      3434,      3480
      3086,      3482,      3529,      3478,      3433
      3087,      3530,      3480,      3437,      3484
      3088,      3482,      3436,      3486,      3533
      3089,      3439,      3487,      3532,      3484
      3090,      3488,      3435,      3483,      3538
      3091,      3490,      3520,      3492,      3445
      3092,      3459,      3451,      1054,      1053
      3093,      3486,      3441,      3491,      3537
      3094,      3536,      3487,      3442,      3492
      3095,      3488,      3540,      3493,      3440
      3096,      3446,      3485,      3534,      3496
      3097,      3491,      3444,      3494,      3539
      3098,      3493,      3541,      3494,      3443
      3099,      1056,      3415,      3467,      1057
      3100,      3490,      3447,      3498,      3535
      3101,      3542,      3497,      3448,      3496
      3102,      3460,      3459,      1053,      1052
      3103,      3450,      3497,      3543,      3500
      3104,      3452,      3500,      3545,      3501
      3105,      3489,      3460,      1052,      1051
      3106,      3453,      3501,      3546,      3502
      3107,      3454,      3502,      3547,      3503
      3108,      3549,      3504,      3455,      3503
      3109,      3456,      3504,      3550,      3506
      3110,      3498,      3458,      3507,      3544
      3111,      3548,      3508,      3457,      3506
      3112,      1058,      1057,      3467,      3499
      3113,      3489,      1051,      1050,      3505
      3114,      1059,      1058,      3499,      3481
      3115,      1049,      3495,      3505,      1050
      3116,      3509,      3461,      3510,      3553
      3117,      3511,      3462,      3509,      3554
      3118,      3510,      3463,      3512,      3555
      3119,      3513,      3464,      3511,      3556
      3120,      3514,      3557,      3512,      3465
      3121,      3513,      3558,      3515,      3466
      3122,      2053,      3559,      3514,      2052
      3123,      3516,      3468,      3515,      3560
      3124,      3517,      3469,      3516,      3561
      3125,      1949,      1950,      3518,      3563
      3126,      3517,      3562,      3519,      3471
      3127,      3519,      3564,      3521,      3472
      3128,      3518,      3470,      3524,      3568
      3129,      3521,      3565,      3522,      3473
      3130,      3476,      3525,      3567,      3523
      3131,      3535,      3551,      3520,      3490
      3132,      3524,      3475,      3527,      3571
      3133,      3492,      3520,      3552,      3536
      3134,      3569,      3525,      3477,      3526
      3135,      3570,      3526,      3479,      3528
      3136,      3531,      3474,      3523,      3575
      3137,      3529,      3573,      3527,      3478
      3138,      3485,      3522,      3566,      3534
      3139,      3572,      3528,      3480,      3530
      3140,      3574,      3530,      3484,      3532
      3141,      3529,      3482,      3533,      3576
      3142,      1059,      3481,      3508,      1060
      3143,      3578,      3532,      3487,      3536
      3144,      3507,      3495,      1049,      1048
      3145,      3538,      3483,      3531,      3581
      3146,      3533,      3486,      3537,      3580
      3147,      3537,      3491,      3539,      3582
      3148,      3540,      3488,      3538,      3584
      3149,      3496,      3534,      3579,      3542
      3150,      3539,      3494,      3541,      3583
      3151,      3540,      3585,      3541,      3493
      3152,      3535,      3498,      3544,      3577
      3153,      3497,      3542,      3586,      3543
      3154,      3500,      3543,      3588,      3545
      3155,      3587,      3548,      3506,      3550
      3156,      3501,      3545,      3589,      3546
      3157,      3502,      3546,      3590,      3547
      3158,      3503,      3547,      3591,      3549
      3159,      3504,      3549,      3592,      3550
      3160,      3544,      3507,      1048,      1047
      3161,      1061,      1060,      3508,      3548
      3162,      3577,      3593,      3551,      3535
      3163,      3554,      3509,      3553,      3594
      3164,      3553,      3510,      3555,      3595
      3165,      3556,      3511,      3554,      3596
      3166,      3557,      3598,      3555,      3512
      3167,      3556,      3597,      3558,      3513
      3168,      3559,      3599,      3557,      3514
      3169,      3558,      3600,      3560,      3515
      3170,      2054,      3601,      3559,      2053
      3171,      3561,      3516,      3560,      3602
      3172,      3562,      3517,      3561,      3603
      3173,      3563,      3606,      1948,      1949
      3174,      3562,      3604,      3564,      3519
      3175,      3564,      3605,      3565,      3521
      3176,      3563,      3518,      3568,      3610
      3177,      3565,      3607,      3566,      3522
      3178,      3609,      3567,      3525,      3569
      3179,      3568,      3524,      3571,      3613
      3180,      3612,      3569,      3526,      3570
      3181,      3551,      3631,      3552,      3520
      3182,      3528,      3572,      3614,      3570
      3183,      3571,      3527,      3573,      3616
      3184,      3575,      3523,      3567,      3619
      3185,      3534,      3566,      3608,      3579
      3186,      3615,      3572,      3530,      3574
      3187,      3573,      3529,      3576,      3618
      3188,      3617,      3574,      3532,      3578
      3189,      3580,      3620,      3576,      3533
      3190,      3581,      3531,      3575,      3623
      3191,      3578,      3536,      3552,      3631
      3192,      3580,      3537,      3582,      3622
      3193,      3542,      3579,      3621,      3586
      3194,      3582,      3539,      3583,      3624
      3195,      3581,      3625,      3584,      3538
      3196,      3577,      3544,      1047,      1046
      3197,      3583,      3541,      3585,      3626
      3198,      3585,      3540,      3584,      3628
      3199,      1062,      1061,      3548,      3587
      3200,      3627,      3588,      3543,      3586
      3201,      3611,      3587,      3550,      3592
      3202,      3545,      3588,      3629,      3589
      3203,      3546,      3589,      3632,      3590
      3204,      3547,      3590,      3633,      3591
      3205,      3549,      3591,      3634,      3592
      3206,      1046,      1045,      3593,      3577
      3207,      3551,      3593,      3630,      3631
      3208,      1063,      1062,      3587,      3611
      3209,      3594,      3553,      3595,      3636
      3210,      3596,      3554,      3594,      3637
      3211,      3598,      3639,      3595,      3555
      3212,      3596,      3638,      3597,      3556
      3213,      3597,      3640,      3600,      3558
      3214,      3599,      3641,      3598,      3557
      3215,      3601,      3643,      3599,      3559
      3216,      3602,      3560,      3600,      3642
      3217,      3601,      2054,      2055,      3645
      3218,      3603,      3561,      3602,      3644
      3219,      3604,      3562,      3603,      3646
      3220,      1947,      1948,      3606,      3649
      3221,      3604,      3647,      3605,      3564
      3222,      3605,      3648,      3607,      3565
      3223,      3610,      3653,      3606,      3563
      3224,      3608,      3566,      3607,      3650
      3225,      3652,      3609,      3569,      3612
      3226,      3610,      3568,      3613,      3655
      3227,      3570,      3614,      3654,      3612
      3228,      3572,      3615,      3656,      3614
      3229,      3613,      3571,      3616,      3657
      3230,      3619,      3567,      3609,      3660
      3231,      3579,      3608,      3651,      3621
      3232,      3658,      3615,      3574,      3617
      3233,      3616,      3573,      3618,      3659
      3234,      3618,      3576,      3620,      3661
      3235,      3623,      3575,      3619,      3664
      3236,      3622,      3663,      3620,      3580
      3237,      3622,      3582,      3624,      3665
      3238,      3586,      3621,      3662,      3627
      3239,      3623,      3667,      3625,      3581
      3240,      3624,      3583,      3626,      3666
      3241,      3626,      3585,      3628,      3668
      3242,      3628,      3584,      3625,      3670
      3243,      3617,      3578,      3631,      3671
      3244,      3635,      3611,      3592,      3634
      3245,      3669,      3629,      3588,      3627
      3246,      3593,      1045,      1044,      3630
      3247,      3672,      3632,      3589,      3629
      3248,      3590,      3632,      3673,      3633
      3249,      1064,      1063,      3611,      3635
      3250,      3591,      3633,      3674,      3634
      3251,      1043,      3631,      3630,      1044
      3252,      3637,      3594,      3636,      3676
      3253,      3638,      3596,      3637,      3677
      3254,      3636,      3595,      3639,      3678
      3255,      3638,      3679,      3640,      3597
      3256,      3641,      3680,      3639,      3598
      3257,      3642,      3600,      3640,      3681
      3258,      3643,      3682,      3641,      3599
      3259,      3642,      3683,      3644,      3602
      3260,      3643,      3601,      3645,      3685
      3261,      3646,      3603,      3644,      3684
      3262,      3645,      2055,      2056,      3687
      3263,      3647,      3604,      3646,      3686
      3264,      1946,      1947,      3649,      3690
      3265,      3647,      3688,      3648,      3605
      3266,      3650,      3607,      3648,      3689
      3267,      3649,      3606,      3653,      3694
      3268,      3651,      3608,      3650,      3691
      3269,      3612,      3654,      3693,      3652
      3270,      3655,      3696,      3653,      3610
      3271,      3614,      3656,      3695,      3654
      3272,      3655,      3613,      3657,      3698
      3273,      3697,      3656,      3615,      3658
      3274,      3660,      3609,      3652,      3700
      3275,      3621,      3651,      3692,      3662
      3276,      3657,      3616,      3659,      3699
      3277,      3659,      3618,      3661,      3701
      3278,      3661,      3620,      3663,      3703
      3279,      3664,      3619,      3660,      3705
      3280,      3665,      3704,      3663,      3622
      3281,      3675,      3635,      3634,      3674
      3282,      3665,      3624,      3666,      3706
      3283,      3658,      3617,      3671,      3710
      3284,      3627,      3662,      3702,      3669
      3285,      3664,      3708,      3667,      3623
      3286,      3666,      3626,      3668,      3707
      3287,      3670,      3625,      3667,      3712
      3288,      3668,      3628,      3670,      3709
      3289,      1065,      1064,      3635,      3675
      3290,      3711,      3672,      3629,      3669
      3291,      3713,      3673,      3632,      3672
      3292,      3671,      3631,      1043,      1042
      3293,      3633,      3673,      1066,      3674
      3294,      1066,      1065,      3675,      3674
      3295,      3677,      3637,      3676,      3714
      3296,      3676,      3636,      3678,      3716
      3297,      3679,      3638,      3677,      3715
      3298,      3678,      3639,      3680,      3718
      3299,      3681,      3640,      3679,      3717
      3300,      3682,      3720,      3680,      3641
      3301,      3681,      3719,      3683,      3642
      3302,      3683,      3721,      3684,      3644
      3303,      3682,      3643,      3685,      3722
      3304,      3686,      3646,      3684,      3723
      3305,      3685,      3645,      3687,      3724
      3306,      3688,      3647,      3686,      3725
      3307,      2057,      3726,      3687,      2056
      3308,      3689,      3648,      3688,      3727
      3309,      1945,      1946,      3690,      3730
      3310,      3691,      3650,      3689,      3728
      3311,      3691,      3729,      3692,      3651
      3312,      3690,      3649,      3694,      3733
      3313,      3654,      3695,      3732,      3693
      3314,      3696,      3735,      3694,      3653
      3315,      3734,      3695,      3656,      3697
      3316,      3698,      3736,      3696,      3655
      3317,      3700,      3652,      3693,      3739
      3318,      3698,      3657,      3699,      3737
      3319,      3662,      3692,      3731,      3702
      3320,      3699,      3659,      3701,      3738
      3321,      3701,      3661,      3703,      3740
      3322,      3710,      3743,      3697,      3658
      3323,      3705,      3660,      3700,      3744
      3324,      3704,      3742,      3703,      3663
      3325,      3706,      3745,      3704,      3665
      3326,      3669,      3702,      3741,      3711
      3327,      3705,      3748,      3708,      3664
      3328,      3706,      3666,      3707,      3746
      3329,      3707,      3668,      3709,      3747
      3330,      3708,      3751,      3712,      3667
      3331,      3709,      3670,      3712,      3749
      3332,      3710,      3671,      1042,      1041
      3333,      3750,      3713,      3672,      3711
      3334,      3673,      3713,      1067,      1066
      3335,      3715,      3677,      3714,      3752
      3336,      3716,      3754,      3714,      3676
      3337,      3717,      3679,      3715,      3753
      3338,      3716,      3678,      3718,      3756
      3339,      3717,      3755,      3719,      3681
      3340,      3718,      3680,      3720,      3758
      3341,      3719,      3757,      3721,      3683
      3342,      3720,      3682,      3722,      3760
      3343,      3721,      3759,      3723,      3684
      3344,      3722,      3685,      3724,      3762
      3345,      3725,      3686,      3723,      3761
      3346,      3726,      3764,      3724,      3687
      3347,      3727,      3688,      3725,      3763
      3348,      2058,      3766,      3726,      2057
      3349,      3728,      3689,      3727,      3765
      3350,      1944,      1945,      3730,      3769
      3351,      3728,      3767,      3729,      3691
      3352,      3729,      3768,      3731,      3692
      3353,      3730,      3690,      3733,      3772
      3354,      3771,      3732,      3695,      3734
      3355,      3733,      3694,      3735,      3773
      3356,      3736,      3774,      3735,      3696
      3357,      3739,      3693,      3732,      3778
      3358,      3736,      3698,      3737,      3775
      3359,      3702,      3731,      3770,      3741
      3360,      3734,      3697,      3743,      3776
      3361,      3737,      3699,      3738,      3777
      3362,      3738,      3701,      3740,      3779
      3363,      3740,      3703,      3742,      3781
      3364,      3744,      3700,      3739,      3783
      3365,      3745,      3782,      3742,      3704
      3366,      3745,      3706,      3746,      3784
      3367,      1041,      1040,      3743,      3710
      3368,      3711,      3741,      3780,      3750
      3369,      3748,      3705,      3744,      3787
      3370,      3746,      3707,      3747,      3785
      3371,      3747,      3709,      3749,      3786
      3372,      3713,      3750,      1068,      1067
      3373,      3748,      3789,      3751,      3708
      3374,      3749,      3712,      3751,      3788
      3375,      3753,      3715,      3752,      3790
      3376,      3754,      3792,      3752,      3714
      3377,      3755,      3717,      3753,      3791
      3378,      3756,      3794,      3754,      3716
      3379,      3755,      3793,      3757,      3719
      3380,      3756,      3718,      3758,      3796
      3381,      3757,      3795,      3759,      3721
      3382,      3758,      3720,      3760,      3798
      3383,      3759,      3797,      3761,      3723
      3384,      3760,      3722,      3762,      3800
      3385,      3763,      3725,      3761,      3799
      3386,      3764,      3802,      3762,      3724
      3387,      3765,      3727,      3763,      3801
      3388,      3766,      3803,      3764,      3726
      3389,      3765,      3804,      3767,      3728
      3390,      2059,      3805,      3766,      2058
      3391,      3767,      3806,      3768,      3729
      3392,      3769,      3810,      1943,      1944
      3393,      3770,      3731,      3768,      3807
      3394,      3769,      3730,      3772,      3811
      3395,      3772,      3733,      3773,      3812
      3396,      3771,      3734,      3776,      3809
      3397,      3773,      3735,      3774,      3813
      3398,      3778,      3732,      3771,      3816
      3399,      3774,      3736,      3775,      3814
      3400,      3741,      3770,      3808,      3780
      3401,      3777,      3815,      3775,      3737
      3402,      3776,      3743,      1040,      1039
      3403,      3777,      3738,      3779,      3817
      3404,      3779,      3740,      3781,      3818
      3405,      3783,      3739,      3778,      3820
      3406,      3750,      3780,      1069,      1068
      3407,      3781,      3742,      3782,      3819
      3408,      3782,      3745,      3784,      3821
      3409,      3785,      3822,      3784,      3746
      3410,      3783,      3824,      3787,      3744
      3411,      3785,      3747,      3786,      3823
      3412,      3786,      3749,      3788,      3825
      3413,      3789,      3748,      3787,      3827
      3414,      3788,      3751,      3789,      3826
      3415,      3791,      3753,      3790,      3828
      3416,      3790,      3752,      3792,      3829
      3417,      3793,      3755,      3791,      3830
      3418,      3794,      3831,      3792,      3754
      3419,      3793,      3832,      3795,      3757
      3420,      3796,      3833,      3794,      3756
      3421,      3795,      3834,      3797,      3759
      3422,      3796,      3758,      3798,      3836
      3423,      3799,      3761,      3797,      3835
      3424,      3798,      3760,      3800,      3838
      3425,      3801,      3763,      3799,      3837
      3426,      3802,      3839,      3800,      3762
      3427,      3804,      3765,      3801,      3840
      3428,      3803,      3841,      3802,      3764
      3429,      3805,      3843,      3803,      3766
      3430,      3804,      3842,      3806,      3767
      3431,      3805,      2059,      2060,      3845
      3432,      3807,      3768,      3806,      3844
      3433,      1942,      1943,      3810,      3846
      3434,      3811,      3847,      3810,      3769
      3435,      3770,      3807,      3849,      3808
      3436,      3811,      3772,      3812,      3848
      3437,      3809,      3776,      1039,         1
      3438,      3812,      3773,      3813,      3850
      3439,      3780,      3808,      1070,      1069
      3440,      3816,      3771,      3809,      3853
      3441,      3813,      3774,      3814,      3851
      3442,      3814,      3775,      3815,      3852
      3443,      3817,      3854,      3815,      3777
      3444,      3817,      3779,      3818,      3855
      3445,      3820,      3778,      3816,      3858
      3446,      3818,      3781,      3819,      3856
      3447,      3819,      3782,      3821,      3857
      3448,      3821,      3784,      3822,      3859
      3449,      3823,      3860,      3822,      3785
      3450,      3820,      3862,      3824,      3783
      3451,      3823,      3786,      3825,      3861
      3452,      3825,      3788,      3826,      3863
      3453,      3827,      3787,      3824,      3865
      3454,      3826,      3789,      3827,      3864
      3455,      3829,      3867,      3828,      3790
      3456,      3830,      3791,      3828,      3866
      3457,      3829,      3792,      3831,      3869
      3458,      3832,      3793,      3830,      3868
      3459,      3833,      3871,      3831,      3794
      3460,      3832,      3870,      3834,      3795
      3461,      3835,      3797,      3834,      3872
      3462,      3833,      3796,      3836,      3873
      3463,      3837,      3799,      3835,      3874
      3464,      3836,      3798,      3838,      3875
      3465,      3838,      3800,      3839,      3877
      3466,      3840,      3801,      3837,      3876
      3467,      3841,      3879,      3839,      3802
      3468,      3842,      3804,      3840,      3878
      3469,      3843,      3881,      3841,      3803
      3470,      3844,      3806,      3842,      3880
      3471,      3843,      3805,      3845,      3882
      3472,      3845,      2060,      2061,      3883
      3473,      1941,      1942,      3846,      3884
      3474,      3846,      3810,      3847,      3885
      3475,      3808,      3849,      1071,      1070
      3476,      3848,      3886,      3847,      3811
      3477,      3853,      3809,         1,       156
      3478,      3807,      3844,      3890,      3849
      3479,      3848,      3812,      3850,      3887
      3480,      3850,      3813,      3851,      3888
      3481,      3851,      3814,      3852,      3889
      3482,      3852,      3815,      3854,      3891
      3483,      3855,      3892,      3854,      3817
      3484,      3858,      3816,      3853,      3895
      3485,      3855,      3818,      3856,      3893
      3486,      3856,      3819,      3857,      3894
      3487,      3857,      3821,      3859,      3896
      3488,      3859,      3822,      3860,      3897
      3489,      3858,      3900,      3862,      3820
      3490,      3861,      3898,      3860,      3823
      3491,      3861,      3825,      3863,      3899
      3492,      3863,      3826,      3864,      3901
      3493,      3865,      3824,      3862,      3903
      3494,      3864,      3827,      3865,      3902
      3495,      3867,      3905,      3866,      3828
      3496,      3868,      3830,      3866,      3904
      3497,      3869,      3907,      3867,      3829
      3498,      3870,      3832,      3868,      3906
      3499,      3869,      3831,      3871,      3909
      3500,      3872,      3834,      3870,      3908
      3501,      3871,      3833,      3873,      3911
      3502,      3874,      3835,      3872,      3910
      3503,      3873,      3836,      3875,      3913
      3504,      3874,      3912,      3876,      3837
      3505,      3875,      3838,      3877,      3915
      3506,      3878,      3840,      3876,      3914
      3507,      3877,      3839,      3879,      3917
      3508,      3880,      3842,      3878,      3916
      3509,      3881,      3918,      3879,      3841
      3510,      3881,      3843,      3882,      3919
      3511,      3882,      3845,      3883,      3920
      3512,      3883,      2061,      2062,      3921
      3513,      3884,      3922,      1940,      1941
      3514,      3884,      3846,      3885,      3923
      3515,      3886,      3924,      3885,      3847
      3516,      3887,      3925,      3886,      3848
      3517,      3930,      3890,      3844,      3880
      3518,      3849,      3890,      1072,      1071
      3519,      3887,      3850,      3888,      3926
      3520,      3888,      3851,      3889,      3927
      3521,      3895,      3853,       156,       155
      3522,      3889,      3852,      3891,      3928
      3523,      3892,      3929,      3891,      3854
      3524,      3893,      3931,      3892,      3855
      3525,      3893,      3856,      3894,      3932
      3526,      3894,      3857,      3896,      3933
      3527,      3896,      3859,      3897,      3934
      3528,      3898,      3935,      3897,      3860
      3529,      3895,      3937,      3900,      3858
      3530,      3899,      3936,      3898,      3861
      3531,      3899,      3863,      3901,      3938
      3532,      3901,      3864,      3902,      3939
      3533,      3900,      3941,      3903,      3862
      3534,      3902,      3865,      3903,      3940
      3535,      3905,      3943,      3904,      3866
      3536,      3906,      3868,      3904,      3942
      3537,      3907,      3945,      3905,      3867
      3538,      3908,      3870,      3906,      3944
      3539,      3909,      3947,      3907,      3869
      3540,      3910,      3872,      3908,      3946
      3541,      3909,      3871,      3911,      3949
      3542,      3910,      3948,      3912,      3874
      3543,      3911,      3873,      3913,      3951
      3544,      3912,      3950,      3914,      3876
      3545,      3915,      3953,      3913,      3875
      3546,      3916,      3878,      3914,      3952
      3547,      3915,      3877,      3917,      3954
      3548,      3917,      3879,      3918,      3955
      3549,      3918,      3881,      3919,      3956
      3550,      3919,      3882,      3920,      3957
      3551,      3920,      3883,      3921,      3958
      3552,      3921,      2062,      2063,      3959
      3553,      3922,      3960,      1939,      1940
      3554,      3923,      3961,      3922,      3884
      3555,      3923,      3885,      3924,      3962
      3556,      3925,      3963,      3924,      3886
      3557,      3925,      3887,      3926,      3964
      3558,      3880,      3916,      3970,      3930
      3559,      3926,      3888,      3927,      3965
      3560,      3927,      3889,      3928,      3966
      3561,      1073,      1072,      3890,      3930
      3562,      3928,      3891,      3929,      3967
      3563,      3931,      3968,      3929,      3892
      3564,      3931,      3893,      3932,      3969
      3565,      3937,      3895,       155,       154
      3566,      3932,      3894,      3933,      3971
      3567,      3933,      3896,      3934,      3972
      3568,      3934,      3897,      3935,      3973
      3569,      3936,      3974,      3935,      3898
      3570,      3936,      3899,      3938,      3975
      3571,      3938,      3901,      3939,      3976
      3572,      3939,      3902,      3940,      3977
      3573,      3937,      3979,      3941,      3900
      3574,      3940,      3903,      3941,      3978
      3575,      3943,      3981,      3942,      3904
      3576,      3944,      3906,      3942,      3980
      3577,      3945,      3982,      3943,      3905
      3578,      3946,      3908,      3944,      3983
      3579,      3947,      3984,      3945,      3907
      3580,      3946,      3985,      3948,      3910
      3581,      3947,      3909,      3949,      3986
      3582,      3948,      3987,      3950,      3912
      3583,      3949,      3911,      3951,      3989
      3584,      3952,      3914,      3950,      3988
      3585,      3953,      3990,      3951,      3913
      3586,      3954,      3991,      3953,      3915
      3587,      3954,      3917,      3955,      3992
      3588,      3955,      3918,      3956,      3993
      3589,      3956,      3919,      3957,      3994
      3590,      3958,      3995,      3957,      3920
      3591,      3958,      3921,      3959,      3996
      3592,      3959,      2063,      2064,      3997
      3593,      3960,      3998,      1938,      1939
      3594,      3960,      3922,      3961,      3999
      3595,      3962,      4000,      3961,      3923
      3596,      3962,      3924,      3963,      4001
      3597,      3963,      3925,      3964,      4002
      3598,      3965,      4003,      3964,      3926
      3599,      3916,      3952,      4011,      3970
      3600,      3965,      3927,      3966,      4004
      3601,      3966,      3928,      3967,      4005
      3602,      3967,      3929,      3968,      4006
      3603,      3968,      3931,      3969,      4007
      3604,      3971,      4008,      3969,      3932
      3605,      3930,      3970,      1074,      1073
      3606,      3971,      3933,      3972,      4009
      3607,      3972,      3934,      3973,      4010
      3608,      3973,      3935,      3974,      4012
      3609,      3974,      3936,      3975,      4013
      3610,      3979,      3937,       154,       153
      3611,      3976,      4014,      3975,      3938
      3612,      3976,      3939,      3977,      4015
      3613,      3977,      3940,      3978,      4016
      3614,      3978,      3941,      3979,      4017
      3615,      3980,      3942,      3981,      4020
      3616,      3982,      4021,      3981,      3943
      3617,      3983,      3944,      3980,      4019
      3618,      3984,      4023,      3982,      3945
      3619,      3985,      3946,      3983,      4022
      3620,      3984,      3947,      3986,      4025
      3621,      3985,      4024,      3987,      3948
      3622,      3952,      3988,      4018,      4011
      3623,      3986,      3949,      3989,      4027
      3624,      3988,      3950,      3987,      4026
      3625,      3989,      3951,      3990,      4028
      3626,      3991,      4029,      3990,      3953
      3627,      3992,      4030,      3991,      3954
      3628,      3992,      3955,      3993,      4031
      3629,      3993,      3956,      3994,      4032
      3630,      3995,      4033,      3994,      3957
      3631,      3996,      4034,      3995,      3958
      3632,      3996,      3959,      3997,      4035
      3633,      3997,      2064,      2065,      4036
      3634,      3998,      4037,      1937,      1938
      3635,      3998,      3960,      3999,      4038
      3636,      3999,      3961,      4000,      4039
      3637,      4001,      4040,      4000,      3962
      3638,      4001,      3963,      4002,      4041
      3639,      4002,      3964,      4003,      4042
      3640,      4004,      4043,      4003,      3965
      3641,      4004,      3966,      4005,      4044
      3642,      4005,      3967,      4006,      4045
      3643,      4006,      3968,      4007,      4046
      3644,      4007,      3969,      4008,      4047
      3645,      4009,      4048,      4008,      3971
      3646,      4009,      3972,      4010,      4049
      3647,      4010,      3973,      4012,      4050
      3648,      4012,      3974,      4013,      4051
      3649,      4013,      3975,      4014,      4052
      3650,      3970,      4011,      1075,      1074
      3651,      4015,      4053,      4014,      3976
      3652,      4015,      3977,      4016,      4054
      3653,      4017,      3979,       153,      4056
      3654,      4016,      3978,      4017,      4055
      3655,      4026,      4058,      4018,      3988
      3656,      4019,      3980,      4020,      4059
      3657,      4020,      3981,      4021,      4061
      3658,      4022,      3983,      4019,      4060
      3659,      4023,      4062,      4021,      3982
      3660,      4024,      3985,      4022,      4063
      3661,      4023,      3984,      4025,      4064
      3662,      4026,      3987,      4024,      4065
      3663,      4025,      3986,      4027,      4066
      3664,      4028,      4067,      4027,      3989
      3665,      4028,      3990,      4029,      4068
      3666,      4030,      4069,      4029,      3991
      3667,      4030,      3992,      4031,      4070
      3668,      4031,      3993,      4032,      4071
      3669,      4032,      3994,      4033,      4072
      3670,      4034,      4073,      4033,      3995
      3671,      4035,      4074,      4034,      3996
      3672,      4035,      3997,      4036,      4075
      3673,      4036,      2065,      2066,      4076
      3674,      4037,      4077,      1936,      1937
      3675,      4038,      4078,      4037,      3998
      3676,      4038,      3999,      4039,      4079
      3677,      4040,      4081,      4039,      4000
      3678,      4041,      4082,      4040,      4001
      3679,      4041,      4002,      4042,      4083
      3680,      4042,      4003,      4043,      4084
      3681,      4044,      4085,      4043,      4004
      3682,      4044,      4005,      4045,      4086
      3683,      4045,      4006,      4046,      4087
      3684,       153,       152,      4057,      4056
      3685,      4046,      4007,      4047,      4088
      3686,      4047,      4008,      4048,      4089
      3687,      4049,      4090,      4048,      4009
      3688,      4049,      4010,      4050,      4091
      3689,      4050,      4012,      4051,      4092
      3690,      4098,      4011,      4018,      4058
      3691,      4051,      4013,      4052,      4093
      3692,      4052,      4014,      4053,      4094
      3693,      4054,      4095,      4053,      4015
      3694,      4054,      4016,      4055,      4096
      3695,      4055,      4017,      4056,      4097
      3696,      1075,      4011,      4080,      1076
      3697,      4100,      4058,      4026,      4065
      3698,      4059,      4101,      4060,      4019
      3699,      4059,      4020,      4061,      4102
      3700,      4061,      4021,      4062,      4104
      3701,      4063,      4022,      4060,      4103
      3702,      4057,      4099,      4097,      4056
      3703,      4062,      4023,      4064,      4106
      3704,      4065,      4024,      4063,      4105
      3705,      4064,      4025,      4066,      4107
      3706,      4067,      4108,      4066,      4027
      3707,      4068,      4109,      4067,      4028
      3708,      4068,      4029,      4069,      4110
      3709,      4069,      4030,      4070,      4111
      3710,      4070,      4031,      4071,      4112
      3711,      4071,      4032,      4072,      4113
      3712,      4072,      4033,      4073,      4114
      3713,      4074,      4115,      4073,      4034
      3714,      4098,      4133,      4080,      4011
      3715,      4074,      4035,      4075,      4116
      3716,      4075,      4036,      4076,      4117
      3717,      4076,      2066,      2067,      4118
      3718,      4077,      4119,      1935,      1936
      3719,      4078,      4120,      4077,      4037
      3720,       152,       151,      4099,      4057
      3721,      4079,      4121,      4078,      4038
      3722,      4079,      4039,      4081,      4122
      3723,      4082,      4123,      4081,      4040
      3724,      4083,      4124,      4082,      4041
      3725,      4083,      4042,      4084,      4125
      3726,      4085,      4126,      4084,      4043
      3727,      4086,      4127,      4085,      4044
      3728,      4086,      4045,      4087,      4128
      3729,      4087,      4046,      4088,      4129
      3730,      4088,      4047,      4089,      4130
      3731,      4090,      4131,      4089,      4048
      3732,      4091,      4132,      4090,      4049
      3733,      4091,      4050,      4092,      4134
      3734,      4092,      4051,      4093,      4135
      3735,      4093,      4052,      4094,      4136
      3736,      4095,      4137,      4094,      4053
      3737,      4096,      4138,      4095,      4054
      3738,      4096,      4055,      4097,      4139
      3739,      4140,      4098,      4058,      4100
      3740,      4065,      4105,      4142,      4100
      3741,      4102,      4143,      4101,      4059
      3742,      4101,      4144,      4103,      4060
      3743,      4102,      4061,      4104,      4145
      3744,      4105,      4063,      4103,      4146
      3745,      4104,      4062,      4106,      4147
      3746,      4106,      4064,      4107,      4148
      3747,      4108,      4149,      4107,      4066
      3748,      4109,      4150,      4108,      4067
      3749,      4110,      4151,      4109,      4068
      3750,      4110,      4069,      4111,      4152
      3751,      4111,      4070,      4112,      4153
      3752,      4133,      1077,      1076,      4080
      3753,      4099,      4141,      4139,      4097
      3754,      4112,      4071,      4113,      4154
      3755,      4113,      4072,      4114,      4155
      3756,      4114,      4073,      4115,      4156
      3757,      4115,      4074,      4116,      4157
      3758,      4116,      4075,      4117,      4158
      3759,      4117,      4076,      4118,      4159
      3760,      4118,      2067,      2068,      4160
      3761,      4119,      4161,      1934,      1935
      3762,      4120,      4162,      4119,      4077
      3763,      4121,      4163,      4120,      4078
      3764,      4122,      4164,      4121,      4079
      3765,      4122,      4081,      4123,      4165
      3766,      4124,      4166,      4123,      4082
      3767,      4125,      4167,      4124,      4083
      3768,      4125,      4084,      4126,      4168
      3769,      4127,      4169,      4126,      4085
      3770,      4127,      4086,      4128,      4170
      3771,      4128,      4087,      4129,      4171
      3772,      4129,      4088,      4130,      4172
      3773,       151,       150,      4141,      4099
      3774,      4130,      4089,      4131,      4173
      3775,      4132,      4174,      4131,      4090
      3776,      4132,      4091,      4134,      4175
      3777,      4134,      4092,      4135,      4176
      3778,      4135,      4093,      4136,      4177
      3779,      4136,      4094,      4137,      4178
      3780,      4138,      4179,      4137,      4095
      3781,      4138,      4096,      4139,      4180
      3782,      4181,      4133,      4098,      4140
      3783,      4100,      4142,      4182,      4140
      3784,      4105,      4146,      4184,      4142
      3785,      4143,      4185,      4144,      4101
      3786,      4145,      4187,      4143,      4102
      3787,      4146,      4103,      4144,      4186
      3788,      4145,      4104,      4147,      4188
      3789,      4147,      4106,      4148,      4189
      3790,      4149,      4190,      4148,      4107
      3791,      4150,      4191,      4149,      4108
      3792,      4151,      4192,      4150,      4109
      3793,      4151,      4110,      4152,      4193
      3794,      4152,      4111,      4153,      4194
      3795,      4154,      4195,      4153,      4112
      3796,      4154,      4113,      4155,      4196
      3797,      4155,      4114,      4156,      4197
      3798,      4156,      4115,      4157,      4198
      3799,      4157,      4116,      4158,      4199
      3800,      4159,      4200,      4158,      4117
      3801,      4159,      4118,      4160,      4201
      3802,      4160,      2068,      2069,      4202
      3803,      4161,      4203,      1933,      1934
      3804,      4161,      4119,      4162,      4204
      3805,      4141,      4183,      4180,      4139
      3806,      4163,      4205,      4162,      4120
      3807,      4164,      4206,      4163,      4121
      3808,      4165,      4207,      4164,      4122
      3809,      4166,      4208,      4165,      4123
      3810,      4166,      4124,      4167,      4209
      3811,      4168,      4210,      4167,      4125
      3812,      4168,      4126,      4169,      4211
      3813,      4169,      4127,      4170,      4212
      3814,      4171,      4213,      4170,      4128
      3815,      4171,      4129,      4172,      4214
      3816,      4172,      4130,      4173,      4215
      3817,      4173,      4131,      4174,      4216
      3818,      1078,      1077,      4133,      4181
      3819,      4174,      4132,      4175,      4217
      3820,      4176,      4218,      4175,      4134
      3821,      4176,      4135,      4177,      4219
      3822,      4177,      4136,      4178,      4220
      3823,      4178,      4137,      4179,      4221
      3824,      4179,      4138,      4180,      4222
      3825,       150,       149,      4183,      4141
      3826,      4140,      4182,      4223,      4181
      3827,      4142,      4184,      4224,      4182
      3828,      4186,      4144,      4185,      4225
      3829,      4187,      4226,      4185,      4143
      3830,      4187,      4145,      4188,      4227
      3831,      4188,      4147,      4189,      4228
      3832,      4189,      4148,      4190,      4229
      3833,      4191,      4230,      4190,      4149
      3834,      4192,      4232,      4191,      4150
      3835,      4192,      4151,      4193,      4233
      3836,      4193,      4152,      4194,      4234
      3837,      4195,      4235,      4194,      4153
      3838,      4196,      4236,      4195,      4154
      3839,      4196,      4155,      4197,      4237
      3840,      4197,      4156,      4198,      4238
      3841,      4198,      4157,      4199,      4239
      3842,      4146,      4186,      4261,      4184
      3843,      4200,      4240,      4199,      4158
      3844,      4201,      4241,      4200,      4159
      3845,      4201,      4160,      4202,      4242
      3846,      4202,      2069,      2070,      4243
      3847,      4203,      4244,      1932,      1933
      3848,      4203,      4161,      4204,      4245
      3849,      4204,      4162,      4205,      4246
      3850,      4206,      4247,      4205,      4163
      3851,      4207,      4248,      4206,      4164
      3852,      4208,      4249,      4207,      4165
      3853,      4208,      4166,      4209,      4250
      3854,      4209,      4167,      4210,      4251
      3855,      4211,      4252,      4210,      4168
      3856,      4183,      4231,      4222,      4180
      3857,      4211,      4169,      4212,      4253
      3858,      4212,      4170,      4213,      4254
      3859,      4214,      4255,      4213,      4171
      3860,      4214,      4172,      4215,      4256
      3861,      4215,      4173,      4216,      4257
      3862,      4216,      4174,      4217,      4258
      3863,      4217,      4175,      4218,      4259
      3864,      4219,      4260,      4218,      4176
      3865,      4219,      4177,      4220,      4262
      3866,      4220,      4178,      4221,      4263
      3867,      4221,      4179,      4222,      4264
      3868,      4181,      4223,      1079,      1078
      3869,       149,       148,      4231,      4183
      3870,      4182,      4224,      4265,      4223
      3871,      4225,      4185,      4226,      4266
      3872,      4226,      4187,      4227,      4267
      3873,      4227,      4188,      4228,      4268
      3874,      4228,      4189,      4229,      4269
      3875,      4229,      4190,      4230,      4270
      3876,      4232,      4271,      4230,      4191
      3877,      4232,      4192,      4233,      4272
      3878,      4233,      4193,      4234,      4273
      3879,      4234,      4194,      4235,      4274
      3880,      4236,      4275,      4235,      4195
      3881,      4237,      4276,      4236,      4196
      3882,      4237,      4197,      4238,      4277
      3883,      4238,      4198,      4239,      4278
      3884,      4239,      4199,      4240,      4279
      3885,      4241,      4280,      4240,      4200
      3886,      4242,      4281,      4241,      4201
      3887,      4242,      4202,      4243,      4282
      3888,      4243,      2070,      2071,      4283
      3889,      4244,      4284,      1931,      1932
      3890,      4245,      4285,      4244,      4203
      3891,      4245,      4204,      4246,      4286
      3892,      4288,      4261,      4186,      4225
      3893,      4247,      4287,      4246,      4205
      3894,      4248,      4289,      4247,      4206
      3895,      4249,      4290,      4248,      4207
      3896,      4250,      4291,      4249,      4208
      3897,      4250,      4209,      4251,      4292
      3898,      4252,      4294,      4251,      4210
      3899,      4253,      4295,      4252,      4211
      3900,      4253,      4212,      4254,      4296
      3901,      4254,      4213,      4255,      4297
      3902,      4256,      4298,      4255,      4214
      3903,      4231,      4293,      4264,      4222
      3904,      4184,      4261,      4306,      4224
      3905,      4256,      4215,      4257,      4299
      3906,      4257,      4216,      4258,      4300
      3907,      4258,      4217,      4259,      4301
      3908,      4259,      4218,      4260,      4302
      3909,      4262,      4303,      4260,      4219
      3910,      4262,      4220,      4263,      4304
      3911,      4263,      4221,      4264,      4305
      3912,      4223,      4265,      1080,      1079
      3913,       148,       147,      4293,      4231
      3914,      4266,      4226,      4267,      4309
      3915,      4267,      4227,      4268,      4310
      3916,      4269,      4311,      4268,      4228
      3917,      4307,      4288,      4225,      4266
      3918,      4269,      4229,      4270,      4312
      3919,      4270,      4230,      4271,      4313
      3920,      4271,      4232,      4272,      4314
      3921,      4272,      4233,      4273,      4315
      3922,      4274,      4316,      4273,      4234
      3923,      4274,      4235,      4275,      4317
      3924,      4276,      4318,      4275,      4236
      3925,      4277,      4319,      4276,      4237
      3926,      4277,      4238,      4278,      4320
      3927,      4279,      4321,      4278,      4239
      3928,      4279,      4240,      4280,      4322
      3929,      4281,      4323,      4280,      4241
      3930,      4281,      4242,      4282,      4324
      3931,      4282,      4243,      4283,      4325
      3932,      4283,      2071,      2072,      4326
      3933,      4284,      4327,      1930,      1931
      3934,      4285,      4328,      4284,      4244
      3935,      4286,      4329,      4285,      4245
      3936,      4286,      4246,      4287,      4330
      3937,      4289,      4331,      4287,      4247
      3938,      4290,      4332,      4289,      4248
      3939,      4291,      4333,      4290,      4249
      3940,      4292,      4334,      4291,      4250
      3941,      4292,      4251,      4294,      4335
      3942,      4295,      4336,      4294,      4252
      3943,      4296,      4337,      4295,      4253
      3944,      4296,      4254,      4297,      4338
      3945,      4298,      4339,      4297,      4255
      3946,      4299,      4340,      4298,      4256
      3947,      4299,      4257,      4300,      4341
      3948,      4261,      4288,      4308,      4306
      3949,      4300,      4258,      4301,      4342
      3950,      4224,      4306,      4348,      4265
      3951,      4301,      4259,      4302,      4344
      3952,      4343,      4305,      4264,      4293
      3953,      4303,      4345,      4302,      4260
      3954,      4304,      4346,      4303,      4262
      3955,      4304,      4263,      4305,      4347
      3956,      4307,      4349,      4308,      4288
      3957,      4266,      4309,      4350,      4307
      3958,      4309,      4267,      4310,      4352
      3959,      4311,      4353,      4310,      4268
      3960,      4312,      4354,      4311,      4269
      3961,      4312,      4270,      4313,      4355
      3962,      4313,      4271,      4314,      4356
      3963,      4314,      4272,      4315,      4357
      3964,      4316,      4358,      4315,      4273
      3965,      4317,      4359,      4316,      4274
      3966,      4317,      4275,      4318,      4360
      3967,      4319,      4361,      4318,      4276
      3968,      4320,      4362,      4319,      4277
      3969,      4321,      4363,      4320,      4278
      3970,      4322,      4364,      4321,      4279
      3971,      4322,      4280,      4323,      4365
      3972,      4323,      4281,      4324,      4366
      3973,      4324,      4282,      4325,      4367
      3974,      4325,      4283,      4326,      4368
      3975,      4326,      2072,      2073,      4369
      3976,      4327,      4370,      1929,      1930
      3977,      4328,      4371,      4327,      4284
      3978,      4329,      4372,      4328,      4285
      3979,      4330,      4373,      4329,      4286
      3980,      4330,      4287,      4331,      4374
      3981,      4332,      4375,      4331,      4289
      3982,      4333,      4376,      4332,      4290
      3983,       146,      4343,      4293,       147
      3984,      4265,      4348,      1081,      1080
      3985,      4334,      4377,      4333,      4291
      3986,      4335,      4378,      4334,      4292
      3987,      4335,      4294,      4336,      4379
      3988,      4337,      4380,      4336,      4295
      3989,      4338,      4381,      4337,      4296
      3990,      4338,      4297,      4339,      4382
      3991,      4340,      4383,      4339,      4298
      3992,      4305,      4343,      4351,      4347
      3993,      4340,      4299,      4341,      4384
      3994,      4341,      4300,      4342,      4385
      3995,      4342,      4301,      4344,      4386
      3996,      4344,      4302,      4345,      4387
      3997,      4346,      4388,      4345,      4303
      3998,      4346,      4304,      4347,      4389
      3999,      4390,      4306,      4308,      4349
      4000,      4307,      4350,      4391,      4349
      4001,      4309,      4352,      4392,      4350
      4002,      4352,      4310,      4353,      4393
      4003,      4354,      4394,      4353,      4311
      4004,      4355,      4395,      4354,      4312
      4005,      4355,      4313,      4356,      4397
      4006,      4356,      4314,      4357,      4398
      4007,      4358,      4399,      4357,      4315
      4008,      4358,      4316,      4359,      4400
      4009,      4360,      4401,      4359,      4317
      4010,      4360,      4318,      4361,      4403
      4011,      4362,      4404,      4361,      4319
      4012,      4306,      4390,      4434,      4348
      4013,      4363,      4406,      4362,      4320
      4014,      4364,      4407,      4363,      4321
      4015,      4364,      4322,      4365,      4408
      4016,      4365,      4323,      4366,      4409
      4017,      4366,      4324,      4367,      4410
      4018,      4368,      4411,      4367,      4325
      4019,      4368,      4326,      4369,      4412
      4020,      4369,      2073,      2074,      4413
      4021,      4370,      4414,      1928,      1929
      4022,      4370,      4327,      4371,      4415
      4023,      4372,      4416,      4371,      4328
      4024,      4373,      4417,      4372,      4329
      4025,      4374,      4418,      4373,      4330
      4026,      4375,      4419,      4374,      4331
      4027,      4375,      4332,      4376,      4420
      4028,      4377,      4421,      4376,      4333
      4029,      4378,      4422,      4377,      4334
      4030,      4389,      4347,      4351,      4396
      4031,      4379,      4423,      4378,      4335
      4032,      4380,      4424,      4379,      4336
      4033,      4380,      4337,      4381,      4425
      4034,      4382,      4426,      4381,      4338
      4035,      4382,      4339,      4383,      4427
      4036,      4383,      4340,      4384,      4428
      4037,      4385,      4429,      4384,      4341
      4038,      4385,      4342,      4386,      4430
      4039,      4386,      4344,      4387,      4431
      4040,      4387,      4345,      4388,      4432
      4041,      4388,      4346,      4389,      4433
      4042,      4435,      4396,      4351,      4343
      4043,       146,       145,      4402,      4343
      4044,      1081,      4348,      4405,      1082
      4045,      4349,      4391,      4436,      4390
      4046,      4350,      4392,      4437,      4391
      4047,      4393,      4438,      4392,      4352
      4048,      4393,      4353,      4394,      4439
      4049,      4395,      4440,      4394,      4354
      4050,      4395,      4355,      4397,      4441
      4051,      4397,      4356,      4398,      4442
      4052,      4399,      4443,      4398,      4357
      4053,      4399,      4358,      4400,      4444
      4054,      4400,      4359,      4401,      4445
      4055,      4403,      4446,      4401,      4360
      4056,      4434,      4471,      4405,      4348
      4057,      4403,      4361,      4404,      4447
      4058,      4404,      4362,      4406,      4449
      4059,      4435,      4343,      4402,      4477
      4060,      4407,      4450,      4406,      4363
      4061,      4407,      4364,      4408,      4451
      4062,      4408,      4365,      4409,      4452
      4063,      4409,      4366,      4410,      4453
      4064,      4411,      4455,      4410,      4367
      4065,      4412,      4456,      4411,      4368
      4066,      4412,      4369,      4413,      4457
      4067,      4413,      2074,      2075,      4458
      4068,      4414,      4459,      1927,      1928
      4069,      4414,      4370,      4415,      4460
      4070,      4415,      4371,      4416,      4461
      4071,      4417,      4462,      4416,      4372
      4072,      4418,      4463,      4417,      4373
      4073,      4419,      4464,      4418,      4374
      4074,      4419,      4375,      4420,      4465
      4075,      4420,      4376,      4421,      4466
      4076,      4422,      4467,      4421,      4377
      4077,      4423,      4468,      4422,      4378
      4078,      4424,      4469,      4423,      4379
      4079,      4389,      4396,      4448,      4433
      4080,      4424,      4380,      4425,      4470
      4081,      4425,      4381,      4426,      4472
      4082,      4427,      4473,      4426,      4382
      4083,      4427,      4383,      4428,      4474
      4084,      4428,      4384,      4429,      4475
      4085,      4430,      4476,      4429,      4385
      4086,      4430,      4386,      4431,      4478
      4087,      4431,      4387,      4432,      4479
      4088,      4432,      4388,      4433,      4480
      4089,      4390,      4436,      4481,      4434
      4090,      4436,      4391,      4454,      4483
      4091,      4396,      4435,      4482,      4448
      4092,      4438,      4485,      4437,      4392
      4093,      4437,      4484,      4454,      4391
      4094,      4471,      1083,      1082,      4405
      4095,      4439,      4486,      4438,      4393
      4096,       145,       144,      4477,      4402
      4097,      4439,      4394,      4440,      4487
      4098,      4440,      4395,      4441,      4488
      4099,      4441,      4397,      4442,      4489
      4100,      4443,      4490,      4442,      4398
      4101,      4444,      4491,      4443,      4399
      4102,      4444,      4400,      4445,      4492
      4103,      4446,      4493,      4445,      4401
      4104,      4447,      4494,      4446,      4403
      4105,      4447,      4404,      4449,      4495
      4106,      4449,      4406,      4450,      4496
      4107,      4451,      4497,      4450,      4407
      4108,      4451,      4408,      4452,      4498
      4109,      4452,      4409,      4453,      4499
      4110,      4453,      4410,      4455,      4500
      4111,      4456,      4501,      4455,      4411
      4112,      4457,      4502,      4456,      4412
      4113,      4457,      4413,      4458,      4503
      4114,      4458,      2075,      2076,      4504
      4115,      4459,      4505,      1926,      1927
      4116,      4460,      4507,      4459,      4414
      4117,      4460,      4415,      4461,      4508
      4118,      4462,      4509,      4461,      4416
      4119,      4463,      4510,      4462,      4417
      4120,      4464,      4511,      4463,      4418
      4121,      4465,      4512,      4464,      4419
      4122,      4465,      4420,      4466,      4513
      4123,      4467,      4514,      4466,      4421
      4124,      4468,      4515,      4467,      4422
      4125,      4469,      4516,      4468,      4423
      4126,      4470,      4517,      4469,      4424
      4127,      4470,      4425,      4472,      4518
      4128,      4473,      4519,      4472,      4426
      4129,      4433,      4448,      4506,      4480
      4130,      4474,      4520,      4473,      4427
      4131,      4474,      4428,      4475,      4521
      4132,      4475,      4429,      4476,      4522
      4133,      4478,      4523,      4476,      4430
      4134,      4478,      4431,      4479,      4524
      4135,      4479,      4432,      4480,      4525
      4136,      4434,      4481,      4527,      4471
      4137,      4526,      4482,      4435,      4477
      4138,      4528,      4481,      4436,      4483
      4139,      4485,      4531,      4484,      4437
      4140,      4484,      4530,      4483,      4454
      4141,      4486,      4532,      4485,      4438
      4142,      4448,      4482,      4529,      4506
      4143,      4487,      4535,      4486,      4439
      4144,      4487,      4440,      4488,      4533
      4145,      4488,      4441,      4489,      4534
      4146,      4490,      4536,      4489,      4442
      4147,      4491,      4537,      4490,      4443
      4148,      4492,      4538,      4491,      4444
      4149,      4492,      4445,      4493,      4539
      4150,      4494,      4540,      4493,      4446
      4151,      4495,      4541,      4494,      4447
      4152,      4495,      4449,      4496,      4542
      4153,      4497,      4543,      4496,      4450
      4154,      4498,      4544,      4497,      4451
      4155,      4498,      4452,      4499,      4545
      4156,      4500,      4546,      4499,      4453
      4157,      4500,      4455,      4501,      4547
      4158,      4502,      4548,      4501,      4456
      4159,      4503,      4549,      4502,      4457
      4160,      4503,      4458,      4504,      4550
      4161,      2077,      4551,      4504,      2076
      4162,      4505,      4552,      1925,      1926
      4163,      4507,      4553,      4505,      4459
      4164,      4508,      4554,      4507,      4460
      4165,      4508,      4461,      4509,      4555
      4166,      4510,      4556,      4509,      4462
      4167,      4511,      4557,      4510,      4463
      4168,      4512,      4558,      4511,      4464
      4169,      4513,      4559,      4512,      4465
      4170,      4513,      4466,      4514,      4560
      4171,      4515,      4561,      4514,      4467
      4172,      4516,      4563,      4515,      4468
      4173,      4517,      4564,      4516,      4469
      4174,      4518,      4565,      4517,      4470
      4175,      4518,      4472,      4519,      4566
      4176,      4520,      4567,      4519,      4473
      4177,      4562,      4525,      4480,      4506
      4178,      4521,      4568,      4520,      4474
      4179,      4471,      4527,      1084,      1083
      4180,      4521,      4475,      4522,      4569
      4181,       143,      4526,      4477,       144
      4182,      4523,      4570,      4522,      4476
      4183,      4524,      4571,      4523,      4478
      4184,      4524,      4479,      4525,      4572
      4185,      4575,      4527,      4481,      4528
      4186,      4573,      4529,      4482,      4526
      4187,      4576,      4528,      4483,      4530
      4188,      4531,      4579,      4530,      4484
      4189,      4532,      4580,      4531,      4485
      4190,      4535,      4487,      4533,      4578
      4191,      4535,      4582,      4532,      4486
      4192,      4533,      4488,      4534,      4577
      4193,      4536,      4581,      4534,      4489
      4194,      4537,      4583,      4536,      4490
      4195,      4538,      4585,      4537,      4491
      4196,      4539,      4586,      4538,      4492
      4197,      4539,      4493,      4540,      4587
      4198,      4584,      4562,      4506,      4529
      4199,      4541,      4588,      4540,      4494
      4200,      4542,      4589,      4541,      4495
      4201,      4542,      4496,      4543,      4590
      4202,      4544,      4591,      4543,      4497
      4203,      4544,      4498,      4545,      4592
      4204,      4546,      4593,      4545,      4499
      4205,      4547,      4594,      4546,      4500
      4206,      4547,      4501,      4548,      4595
      4207,      4549,      4596,      4548,      4502
      4208,      4550,      4597,      4549,      4503
      4209,      4551,      4598,      4550,      4504
      4210,      2078,      4599,      4551,      2077
      4211,      4552,      4600,      1924,      1925
      4212,      4553,      4601,      4552,      4505
      4213,      4554,      4602,      4553,      4507
      4214,      4555,      4603,      4554,      4508
      4215,      4555,      4509,      4556,      4604
      4216,      4557,      4605,      4556,      4510
      4217,      4558,      4606,      4557,      4511
      4218,      4559,      4607,      4558,      4512
      4219,      4560,      4608,      4559,      4513
      4220,      4560,      4514,      4561,      4609
      4221,      4563,      4610,      4561,      4515
      4222,      4564,      4611,      4563,      4516
      4223,      4565,      4612,      4564,      4517
      4224,      4566,      4613,      4565,      4518
      4225,      4566,      4519,      4567,      4614
      4226,      4568,      4616,      4567,      4520
      4227,      4569,      4617,      4568,      4521
      4228,      4525,      4562,      4615,      4572
      4229,      4569,      4522,      4570,      4618
      4230,      4571,      4619,      4570,      4523
      4231,      4571,      4524,      4572,      4620
      4232,      4526,       143,       142,      4574
      4233,      4527,      4575,      1085,      1084
      4234,      4622,      4573,      4526,      4574
      4235,      4621,      4584,      4529,      4573
      4236,      4631,      4575,      4528,      4576
      4237,      4578,      4533,      4577,      4623
      4238,      4582,      4535,      4578,      4624
      4239,      4580,      4628,      4579,      4531
      4240,      4581,      4625,      4577,      4534
      4241,      4582,      4626,      4580,      4532
      4242,      4576,      4530,      4579,      4638
      4243,      4581,      4536,      4583,      4627
      4244,      4585,      4629,      4583,      4537
      4245,      4586,      4630,      4585,      4538
      4246,      4587,      4632,      4586,      4539
      4247,      4588,      4633,      4587,      4540
      4248,      4588,      4541,      4589,      4634
      4249,      4590,      4635,      4589,      4542
      4250,      4590,      4543,      4591,      4636
      4251,      4591,      4544,      4592,      4637
      4252,      4593,      4639,      4592,      4545
      4253,      4593,      4546,      4594,      4640
      4254,      4595,      4641,      4594,      4547
      4255,      4595,      4548,      4596,      4642
      4256,      4597,      4643,      4596,      4549
      4257,      4597,      4550,      4598,      4644
      4258,      4599,      4645,      4598,      4551
      4259,      2079,      4646,      4599,      2078
      4260,      4600,      4647,      1923,      1924
      4261,      4600,      4552,      4601,      4648
      4262,      4602,      4649,      4601,      4553
      4263,      4603,      4651,      4602,      4554
      4264,      4604,      4652,      4603,      4555
      4265,      4605,      4653,      4604,      4556
      4266,      4562,      4584,      4650,      4615
      4267,      4605,      4557,      4606,      4654
      4268,      4607,      4655,      4606,      4558
      4269,      4608,      4656,      4607,      4559
      4270,      4609,      4657,      4608,      4560
      4271,      4610,      4658,      4609,      4561
      4272,      4610,      4563,      4611,      4659
      4273,      4612,      4660,      4611,      4564
      4274,      4613,      4661,      4612,      4565
      4275,      4614,      4662,      4613,      4566
      4276,      4616,      4663,      4614,      4567
      4277,      4616,      4568,      4617,      4664
      4278,      4618,      4665,      4617,      4569
      4279,      4572,      4615,      4666,      4620
      4280,      4618,      4570,      4619,      4667
      4281,      4619,      4571,      4620,      4668
      4282,      4675,      4621,      4573,      4622
      4283,       142,       141,      4622,      4574
      4284,      4575,      4631,      1086,      1085
      4285,      4624,      4578,      4623,      4669
      4286,      4625,      4670,      4623,      4577
      4287,      4624,      4671,      4626,      4582
      4288,      4625,      4581,      4627,      4672
      4289,      4626,      4673,      4628,      4580
      4290,      4627,      4583,      4629,      4674
      4291,      4678,      4650,      4584,      4621
      4292,      4630,      4676,      4629,      4585
      4293,      4632,      4677,      4630,      4586
      4294,      4633,      4679,      4632,      4587
      4295,      4633,      4588,      4634,      4680
      4296,      4634,      4589,      4635,      4681
      4297,      4638,      4579,      4628,      4707
      4298,      4636,      4682,      4635,      4590
      4299,      4631,      4576,      4638,      4710
      4300,      4636,      4591,      4637,      4683
      4301,      4639,      4684,      4637,      4592
      4302,      4639,      4593,      4640,      4685
      4303,      4640,      4594,      4641,      4686
      4304,      4642,      4687,      4641,      4595
      4305,      4642,      4596,      4643,      4688
      4306,      4644,      4689,      4643,      4597
      4307,      4644,      4598,      4645,      4690
      4308,      4646,      4691,      4645,      4599
      4309,      2080,      4692,      4646,      2079
      4310,      4647,      4693,      1922,      1923
      4311,      4647,      4600,      4648,      4694
      4312,      4648,      4601,      4649,      4695
      4313,      4651,      4696,      4649,      4602
      4314,      4652,      4697,      4651,      4603
      4315,      4653,      4698,      4652,      4604
      4316,      4653,      4605,      4654,      4699
      4317,      4654,      4606,      4655,      4700
      4318,      4656,      4701,      4655,      4607
      4319,      4657,      4702,      4656,      4608
      4320,      4658,      4703,      4657,      4609
      4321,      4658,      4610,      4659,      4704
      4322,      4659,      4611,      4660,      4705
      4323,      4661,      4706,      4660,      4612
      4324,      4662,      4708,      4661,      4613
      4325,      4615,      4650,      4712,      4666
      4326,      4663,      4709,      4662,      4614
      4327,      4663,      4616,      4664,      4711
      4328,      4664,      4617,      4665,      4713
      4329,      4667,      4715,      4665,      4618
      4330,      4668,      4620,      4666,      4714
      4331,      4667,      4619,      4668,      4716
      4332,      4669,      4717,      4671,      4624
      4333,      4670,      4718,      4669,      4623
      4334,      4672,      4720,      4670,      4625
      4335,      4671,      4719,      4673,      4626
      4336,      4672,      4627,      4674,      4721
      4337,      4676,      4722,      4674,      4629
      4338,      4675,      4748,      4678,      4621
      4339,      4677,      4723,      4676,      4630
      4340,      4679,      4724,      4677,      4632
      4341,      4680,      4725,      4679,      4633
      4342,      4680,      4634,      4681,      4726
      4343,      4682,      4727,      4681,      4635
      4344,      4622,       141,      4754,      4675
      4345,      4683,      4728,      4682,      4636
      4346,      4628,      4673,      4735,      4707
      4347,      4684,      4729,      4683,      4637
      4348,      4685,      4730,      4684,      4639
      4349,      4685,      4640,      4686,      4731
      4350,      4687,      4732,      4686,      4641
      4351,      4688,      4733,      4687,      4642
      4352,      4689,      4734,      4688,      4643
      4353,      4690,      4736,      4689,      4644
      4354,      4690,      4645,      4691,      4737
      4355,      4692,      4738,      4691,      4646
      4356,      2081,      2082,      4692,      2080
      4357,      4693,      2240,      1921,      1922
      4358,      4694,      4739,      4693,      4647
      4359,      4694,      4648,      4695,      4740
      4360,      4696,      4741,      4695,      4649
      4361,      4697,      4742,      4696,      4651
      4362,      4698,      4743,      4697,      4652
      4363,      4699,      4744,      4698,      4653
      4364,      4699,      4654,      4700,      4745
      4365,      4701,      4746,      4700,      4655
      4366,      4702,      4747,      4701,      4656
      4367,      4703,      4749,      4702,      4657
      4368,      4757,      4712,      4650,      4678
      4369,      4763,      1086,      4631,      4710
      4370,      4704,      4750,      4703,      4658
      4371,      4704,      4659,      4705,      4751
      4372,      4706,      4752,      4705,      4660
      4373,      4708,      4753,      4706,      4661
      4374,      4709,      4755,      4708,      4662
      4375,      4710,      4638,      4707,      4764
      4376,      4711,      4756,      4709,      4663
      4377,      4711,      4664,      4713,      4758
      4378,      4714,      4666,      4712,      4759
      4379,      4715,      4760,      4713,      4665
      4380,      4716,      4762,      4715,      4667
      4381,      4716,      4668,      4714,      4761
      4382,      4718,      4766,      4717,      4669
      4383,      4717,      4765,      4719,      4671
      4384,      4720,      4767,      4718,      4670
      4385,      4721,      4768,      4720,      4672
      4386,      4721,      4674,      4722,      4769
      4387,      4723,      4771,      4722,      4676
      4388,      4770,      4735,      4673,      4719
      4389,      4724,      4772,      4723,      4677
      4390,      4725,      4773,      4724,      4679
      4391,      4726,      4774,      4725,      4680
      4392,      4726,      4681,      4727,      4775
      4393,      4728,      4776,      4727,      4682
      4394,      4729,      4777,      4728,      4683
      4395,      4730,      4778,      4729,      4684
      4396,      4731,      4779,      4730,      4685
      4397,      4731,      4686,      4732,      4780
      4398,      4733,      4781,      4732,      4687
      4399,      4734,      4782,      4733,      4688
      4400,      4736,      4783,      4734,      4689
      4401,      4737,      4784,      4736,      4690
      4402,      4737,      4691,      4738,      4785
      4403,      2082,      2083,      4738,      4692
      4404,      4739,      2239,      2240,      4693
      4405,      4740,      4786,      4739,      4694
      4406,      4740,      4695,      4741,      4787
      4407,      4742,      4788,      4741,      4696
      4408,      4742,      4697,      4743,      4789
      4409,      4744,      4790,      4743,      4698
      4410,      4745,      4791,      4744,      4699
      4411,      4745,      4700,      4746,      4792
      4412,      4747,      4793,      4746,      4701
      4413,      4749,      4794,      4747,      4702
      4414,      4754,      4809,      4748,      4675
      4415,      4750,      4795,      4749,      4703
      4416,      4751,      4796,      4750,      4704
      4417,      4748,      4806,      4757,      4678
      4418,      4751,      4705,      4752,      4797
      4419,      4753,      4798,      4752,      4706
      4420,      4755,      4799,      4753,      4708
      4421,      4756,      4800,      4755,      4709
      4422,      4707,      4735,      4801,      4764
      4423,      4758,      4802,      4756,      4711
      4424,      4759,      4712,      4757,      4805
      4425,      4758,      4713,      4760,      4804
      4426,      4761,      4714,      4759,      4803
      4427,      4762,      4808,      4760,      4715
      4428,      4761,      4807,      4762,      4716
      4429,      4810,      4754,       141,       140
      4430,      1087,      1086,      4763,      4811
      4431,      4710,      4764,      4812,      4763
      4432,      4766,      4814,      4765,      4717
      4433,      4767,      4815,      4766,      4718
      4434,      4813,      4770,      4719,      4765
      4435,      4768,      4816,      4767,      4720
      4436,      4769,      4817,      4768,      4721
      4437,      4769,      4722,      4771,      4818
      4438,      4772,      4819,      4771,      4723
      4439,      4773,      4820,      4772,      4724
      4440,      4774,      4821,      4773,      4725
      4441,      4775,      4822,      4774,      4726
      4442,      4775,      4727,      4776,      4823
      4443,      4777,      4825,      4776,      4728
      4444,      4778,      4826,      4777,      4729
      4445,      4779,      4827,      4778,      4730
      4446,      4780,      4828,      4779,      4731
      4447,      4780,      4732,      4781,      4829
      4448,      4824,      4801,      4735,      4770
      4449,      4782,      4830,      4781,      4733
      4450,      4783,      4831,      4782,      4734
      4451,      4784,      4832,      4783,      4736
      4452,      4785,      4833,      4784,      4737
      4453,      4785,      4738,      2083,      2084
      4454,      4786,      2238,      2239,      4739
      4455,      4786,      4740,      4787,      4834
      4456,      4787,      4741,      4788,      4835
      4457,      4788,      4742,      4789,      4836
      4458,      4789,      4743,      4790,      4837
      4459,      4791,      4838,      4790,      4744
      4460,      4792,      4839,      4791,      4745
      4461,      4792,      4746,      4793,      4840
      4462,      4794,      4841,      4793,      4747
      4463,      4795,      4842,      4794,      4749
      4464,      4796,      4843,      4795,      4750
      4465,      4797,      4844,      4796,      4751
      4466,      4797,      4752,      4798,      4845
      4467,      4799,      4846,      4798,      4753
      4468,      4800,      4847,      4799,      4755
      4469,      4802,      4848,      4800,      4756
      4470,      4804,      4849,      4802,      4758
      4471,      4809,      4855,      4806,      4748
      4472,      4803,      4759,      4805,      4853
      4473,      4804,      4760,      4808,      4851
      4474,      4805,      4757,      4806,      4854
      4475,      4803,      4850,      4807,      4761
      4476,      4807,      4852,      4808,      4762
      4477,      4754,      4810,      4857,      4809
      4478,      4764,      4801,      4856,      4812
      4479,      4763,      4812,      4859,      4811
      4480,      4858,      4810,       140,       139
      4481,      4859,      1088,      1087,      4811
      4482,      4814,      4861,      4813,      4765
      4483,      4814,      4766,      4815,      4862
      4484,      4816,      4863,      4815,      4767
      4485,      4860,      4824,      4770,      4813
      4486,      4817,      4864,      4816,      4768
      4487,      4818,      4865,      4817,      4769
      4488,      4819,      4866,      4818,      4771
      4489,      4819,      4772,      4820,      4867
      4490,      4821,      4868,      4820,      4773
      4491,      4822,      4869,      4821,      4774
      4492,      4823,      4870,      4822,      4775
      4493,      4825,      4871,      4823,      4776
      4494,      4825,      4777,      4826,      4872
      4495,      4827,      4873,      4826,      4778
      4496,      4828,      4874,      4827,      4779
      4497,      4829,      4875,      4828,      4780
      4498,      4830,      4876,      4829,      4781
      4499,      4830,      4782,      4831,      4877
      4500,      4832,      4878,      4831,      4783
      4501,      4833,      4880,      4832,      4784
      4502,      2084,      2085,      4833,      4785
      4503,      2238,      4786,      4834,      2237
      4504,      4834,      4787,      4835,      4881
      4505,      4836,      4882,      4835,      4788
      4506,      4836,      4789,      4837,      4883
      4507,      4837,      4790,      4838,      4884
      4508,      4839,      4885,      4838,      4791
      4509,      4840,      4886,      4839,      4792
      4510,      4841,      4887,      4840,      4793
      4511,      4841,      4794,      4842,      4888
      4512,      4843,      4889,      4842,      4795
      4513,      4844,      4890,      4843,      4796
      4514,      4845,      4891,      4844,      4797
      4515,      4801,      4824,      4879,      4856
      4516,      4846,      4892,      4845,      4798
      4517,      4846,      4799,      4847,      4893
      4518,      4848,      4894,      4847,      4800
      4519,      4849,      4895,      4848,      4802
      4520,      4851,      4896,      4849,      4804
      4521,      4852,      4897,      4851,      4808
      4522,      4850,      4803,      4853,      4899
      4523,      4850,      4898,      4852,      4807
      4524,      4853,      4805,      4854,      4900
      4525,      4854,      4806,      4855,      4901
      4526,      4809,      4857,      4902,      4855
      4527,      4812,      4856,      4903,      4859
      4528,      4810,      4858,      4904,      4857
      4529,      4861,      4906,      4860,      4813
      4530,      4861,      4814,      4862,      4907
      4531,      4862,      4815,      4863,      4909
      4532,      1088,      4859,      4908,      1089
      4533,      4864,      4910,      4863,      4816
      4534,      4914,      4858,       139,       138
      4535,      4865,      4911,      4864,      4817
      4536,      4824,      4860,      4905,      4879
      4537,      4866,      4912,      4865,      4818
      4538,      4866,      4819,      4867,      4913
      4539,      4867,      4820,      4868,      4915
      4540,      4869,      4916,      4868,      4821
      4541,      4870,      4917,      4869,      4822
      4542,      4871,      4918,      4870,      4823
      4543,      4871,      4825,      4872,      4919
      4544,      4872,      4826,      4873,      4920
      4545,      4874,      4921,      4873,      4827
      4546,      4875,      4922,      4874,      4828
      4547,      4876,      4923,      4875,      4829
      4548,      4876,      4830,      4877,      4924
      4549,      4877,      4831,      4878,      4925
      4550,      4880,      4926,      4878,      4832
      4551,      2085,      2086,      4880,      4833
      4552,      2237,      4834,      4881,      2236
      4553,      4882,      4927,      4881,      4835
      4554,      4883,      4928,      4882,      4836
      4555,      4883,      4837,      4884,      4929
      4556,      4884,      4838,      4885,      4930
      4557,      4886,      4931,      4885,      4839
      4558,      4887,      4933,      4886,      4840
      4559,      4887,      4841,      4888,      4934
      4560,      4888,      4842,      4889,      4935
      4561,      4890,      4936,      4889,      4843
      4562,      4891,      4938,      4890,      4844
      4563,      4892,      4939,      4891,      4845
      4564,      4892,      4846,      4893,      4940
      4565,      4893,      4847,      4894,      4941
      4566,      4895,      4942,      4894,      4848
      4567,      4896,      4943,      4895,      4849
      4568,      4897,      4944,      4896,      4851
      4569,      4898,      4945,      4897,      4852
      4570,      4898,      4850,      4899,      4946
      4571,      4937,      4903,      4856,      4879
      4572,      4899,      4853,      4900,      4947
      4573,      4901,      4855,      4902,      4932
      4574,      4900,      4854,      4901,      4948
      4575,      4857,      4904,      4949,      4902
      4576,      4859,      4903,      4950,      4908
      4577,      4951,      4904,      4858,      4914
      4578,      4906,      4953,      4905,      4860
      4579,      4907,      4954,      4906,      4861
      4580,      4907,      4862,      4909,      4955
      4581,      4910,      4956,      4909,      4863
      4582,      4911,      4957,      4910,      4864
      4583,      4912,      4958,      4911,      4865
      4584,      4952,      4937,      4879,      4905
      4585,      4913,      4959,      4912,      4866
      4586,      4913,      4867,      4915,      4960
      4587,      4916,      4961,      4915,      4868
      4588,      4917,      4962,      4916,      4869
      4589,      4918,      4963,      4917,      4870
      4590,      4919,      4964,      4918,      4871
      4591,      4919,      4872,      4920,      4965
      4592,      4921,      4966,      4920,      4873
      4593,      4922,      4967,      4921,      4874
      4594,      4923,      4968,      4922,      4875
      4595,      4924,      4969,      4923,      4876
      4596,      4924,      4877,      4925,      4970
      4597,      4926,      4971,      4925,      4878
      4598,      2086,      2087,      4926,      4880
      4599,      2236,      4881,      4927,      2235
      4600,      4928,      4972,      4927,      4882
      4601,      4929,      4973,      4928,      4883
      4602,      4929,      4884,      4930,      4974
      4603,      4930,      4885,      4931,      4975
      4604,      4933,      4976,      4931,      4886
      4605,      4934,      4977,      4933,      4887
      4606,      4934,      4888,      4935,      4978
      4607,      4936,      4979,      4935,      4889
      4608,      4938,      4981,      4936,      4890
      4609,      4939,      4982,      4938,      4891
      4610,      4940,      4984,      4939,      4892
      4611,      4940,      4893,      4941,      4985
      4612,      4942,      4986,      4941,      4894
      4613,      4943,      4987,      4942,      4895
      4614,      4944,      4988,      4943,      4896
      4615,      4945,      4990,      4944,      4897
      4616,      4946,      4991,      4945,      4898
      4617,      1090,      1089,      4908,      4983
      4618,      4946,      4899,      4947,      4992
      4619,      4914,       138,       137,      4980
      4620,      4948,      4901,      4932,      4994
      4621,      4947,      4900,      4948,      4993
      4622,      4989,      4950,      4903,      4937
      4623,      4949,      4994,      4932,      4902
      4624,      4995,      4949,      4904,      4951
      4625,      4953,      4997,      4952,      4905
      4626,      4954,      4998,      4953,      4906
      4627,      4955,      4999,      4954,      4907
      4628,      4955,      4909,      4956,      5000
      4629,      4957,      5001,      4956,      4910
      4630,      4958,      5002,      4957,      4911
      4631,      4959,      5003,      4958,      4912
      4632,      4960,      5004,      4959,      4913
      4633,      4960,      4915,      4961,      5005
      4634,      4996,      4989,      4937,      4952
      4635,      4962,      5006,      4961,      4916
      4636,      4963,      5007,      4962,      4917
      4637,      4964,      5008,      4963,      4918
      4638,      4965,      5009,      4964,      4919
      4639,      4965,      4920,      4966,      5010
      4640,      4967,      5011,      4966,      4921
      4641,      4968,      5012,      4967,      4922
      4642,      4969,      5013,      4968,      4923
      4643,      4970,      5014,      4969,      4924
      4644,      4970,      4925,      4971,      5015
      4645,      2087,      2088,      4971,      4926
      4646,      2235,      4927,      4972,      2234
      4647,      4973,      5016,      4972,      4928
      4648,      4973,      4929,      4974,      5017
      4649,      4974,      4930,      4975,      5018
      4650,      4976,      5019,      4975,      4931
      4651,      4977,      5020,      4976,      4933
      4652,      4978,      5021,      4977,      4934
      4653,      4978,      4935,      4979,      5022
      4654,      4950,      5042,      4983,      4908
      4655,      4981,      5023,      4979,      4936
      4656,      4982,      5024,      4981,      4938
      4657,      4951,      4914,      4980,      5037
      4658,      4984,      5025,      4982,      4939
      4659,      4985,      5026,      4984,      4940
      4660,      4985,      4941,      4986,      5027
      4661,      4987,      5028,      4986,      4942
      4662,      4988,      5029,      4987,      4943
      4663,      4990,      5030,      4988,      4944
      4664,      4990,      4945,      4991,      5031
      4665,      4992,      5032,      4991,      4946
      4666,      4992,      4947,      4993,      5033
      4667,      5035,      4993,      4948,      4994
      4668,      5036,      4994,      4949,      4995
      4669,       136,      5037,      4980,       137
      4670,      1091,      1090,      4983,      5042
      4671,      4950,      4989,      5034,      5042
      4672,      4997,      5039,      4996,      4952
      4673,      4998,      5040,      4997,      4953
      4674,      4999,      5041,      4998,      4954
      4675,      5000,      5043,      4999,      4955
      4676,      5000,      4956,      5001,      5044
      4677,      5002,      5045,      5001,      4957
      4678,      5003,      5046,      5002,      4958
      4679,      5004,      5047,      5003,      4959
      4680,      5005,      5048,      5004,      4960
      4681,      5005,      4961,      5006,      5049
      4682,      5007,      5050,      5006,      4962
      4683,      4996,      5038,      5034,      4989
      4684,      5008,      5051,      5007,      4963
      4685,      5009,      5052,      5008,      4964
      4686,      5010,      5053,      5009,      4965
      4687,      5010,      4966,      5011,      5054
      4688,      5012,      5055,      5011,      4967
      4689,      5013,      5056,      5012,      4968
      4690,      5014,      5057,      5013,      4969
      4691,      5015,      5058,      5014,      4970
      4692,      5015,      4971,      2088,      2089
      4693,      2234,      4972,      5016,      2233
      4694,      5016,      4973,      5017,      5059
      4695,      5017,      4974,      5018,      5060
      4696,      5019,      5061,      5018,      4975
      4697,      5020,      5062,      5019,      4976
      4698,      5021,      5063,      5020,      4977
      4699,      5021,      4978,      5022,      5064
      4700,      5022,      4979,      5023,      5065
      4701,      5079,      4995,      4951,      5037
      4702,      5023,      4981,      5024,      5066
      4703,      5025,      5067,      5024,      4982
      4704,      5026,      5068,      5025,      4984
      4705,      5027,      5069,      5026,      4985
      4706,      5027,      4986,      5028,      5070
      4707,      5029,      5071,      5028,      4987
      4708,      5030,      5072,      5029,      4988
      4709,      5030,      4990,      5031,      5073
      4710,      5031,      4991,      5032,      5074
      4711,      5033,      5075,      5032,      4992
      4712,      5076,      5033,      4993,      5035
      4713,      5078,      5035,      4994,      5036
      4714,      4995,      5079,      5077,      5036
      4715,      5039,      5081,      5038,      4996
      4716,      5039,      4997,      5040,      5082
      4717,      5041,      5083,      5040,      4998
      4718,      5043,      5084,      5041,      4999
      4719,      5044,      5085,      5043,      5000
      4720,      5045,      5086,      5044,      5001
      4721,      5080,      5042,      5034,      5038
      4722,      5045,      5002,      5046,      5087
      4723,      5047,      5088,      5046,      5003
      4724,      5048,      5089,      5047,      5004
      4725,      5049,      5090,      5048,      5005
      4726,      5050,      5091,      5049,      5006
      4727,      5050,      5007,      5051,      5093
      4728,      5052,      5094,      5051,      5008
      4729,      5120,      5037,       136,       135
      4730,      1091,      5042,      5092,      1092
      4731,      5053,      5095,      5052,      5009
      4732,      5054,      5096,      5053,      5010
      4733,      5055,      5098,      5054,      5011
      4734,      5055,      5012,      5056,      5099
      4735,      5057,      5100,      5056,      5013
      4736,      5058,      5101,      5057,      5014
      4737,      2089,      2090,      5058,      5015
      4738,      2233,      5016,      5059,      2232
      4739,      5059,      5017,      5060,      5102
      4740,      5061,      5103,      5060,      5018
      4741,      5062,      5104,      5061,      5019
      4742,      5063,      5105,      5062,      5020
      4743,      5063,      5021,      5064,      5106
      4744,      5064,      5022,      5065,      5107
      4745,      5065,      5023,      5066,      5108
      4746,      5066,      5024,      5067,      5109
      4747,      5068,      5110,      5067,      5025
      4748,      5069,      5111,      5068,      5026
      4749,      5070,      5112,      5069,      5027
      4750,      5071,      5113,      5070,      5028
      4751,      5072,      5114,      5071,      5029
      4752,      5073,      5115,      5072,      5030
      4753,      5073,      5031,      5074,      5116
      4754,      5074,      5032,      5075,      5117
      4755,      5076,      5118,      5075,      5033
      4756,      5119,      5076,      5035,      5078
      4757,      5078,      5036,      5077,      5097
      4758,      5081,      5122,      5080,      5038
      4759,      5081,      5039,      5082,      5123
      4760,      5082,      5040,      5083,      5125
      4761,      5042,      5080,      5121,      5092
      4762,      5084,      5126,      5083,      5041
      4763,      5161,      5079,      5037,      5120
      4764,      5085,      5127,      5084,      5043
      4765,      5124,      5097,      5077,      5079
      4766,      5086,      5128,      5085,      5044
      4767,      5086,      5045,      5087,      5129
      4768,      5087,      5046,      5088,      5130
      4769,      5089,      5131,      5088,      5047
      4770,      5090,      5132,      5089,      5048
      4771,      5091,      5133,      5090,      5049
      4772,      5091,      5050,      5093,      5134
      4773,      5093,      5051,      5094,      5135
      4774,      5095,      5136,      5094,      5052
      4775,      5096,      5137,      5095,      5053
      4776,      5098,      5138,      5096,      5054
      4777,      5098,      5055,      5099,      5139
      4778,      5099,      5056,      5100,      5140
      4779,      5101,      5141,      5100,      5057
      4780,      2090,      2091,      5101,      5058
      4781,      2232,      5059,      5102,      2231
      4782,      5103,      5142,      5102,      5060
      4783,      5104,      5143,      5103,      5061
      4784,      5104,      5062,      5105,      5144
      4785,      5106,      5145,      5105,      5063
      4786,      5106,      5064,      5107,      5146
      4787,      5108,      5147,      5107,      5065
      4788,      5108,      5066,      5109,      5148
      4789,      5109,      5067,      5110,      5149
      4790,      5111,      5150,      5110,      5068
      4791,      5112,      5151,      5111,      5069
      4792,      5113,      5152,      5112,      5070
      4793,      5114,      5153,      5113,      5071
      4794,      5115,      5155,      5114,      5072
      4795,      5116,      5156,      5115,      5073
      4796,      5078,      5097,      5160,      5119
      4797,      5116,      5074,      5117,      5157
      4798,      5118,      5158,      5117,      5075
      4799,      5119,      5159,      5118,      5076
      4800,      1093,      1092,      5092,      5154
      4801,      5162,      5120,       135,       134
      4802,      5122,      5164,      5121,      5080
      4803,      5123,      5165,      5122,      5081
      4804,      5123,      5082,      5125,      5166
      4805,      5126,      5167,      5125,      5083
      4806,      5127,      5168,      5126,      5084
      4807,      5128,      5169,      5127,      5085
      4808,      5129,      5170,      5128,      5086
      4809,      5201,      5124,      5079,      5161
      4810,      5154,      5092,      5121,      5163
      4811,      5129,      5087,      5130,      5171
      4812,      5131,      5172,      5130,      5088
      4813,      5132,      5173,      5131,      5089
      4814,      5133,      5174,      5132,      5090
      4815,      5134,      5175,      5133,      5091
      4816,      5134,      5093,      5135,      5176
      4817,      5136,      5177,      5135,      5094
      4818,      5137,      5178,      5136,      5095
      4819,      5138,      5179,      5137,      5096
      4820,      5139,      5180,      5138,      5098
      4821,      5097,      5124,      5199,      5160
      4822,      5139,      5099,      5140,      5181
      4823,      5141,      5182,      5140,      5100
      4824,      2091,      2092,      5141,      5101
      4825,      5142,      2230,      2231,      5102
      4826,      5143,      5183,      5142,      5103
      4827,      5143,      5104,      5144,      5184
      4828,      5144,      5105,      5145,      5185
      4829,      5146,      5186,      5145,      5106
      4830,      5147,      5187,      5146,      5107
      4831,      5148,      5188,      5147,      5108
      4832,      5148,      5109,      5149,      5189
      4833,      5149,      5110,      5150,      5190
      4834,      5151,      5191,      5150,      5111
      4835,      5152,      5192,      5151,      5112
      4836,      5153,      5193,      5152,      5113
      4837,      5153,      5114,      5155,      5194
      4838,      5156,      5195,      5155,      5115
      4839,      5157,      5196,      5156,      5116
      4840,      5158,      5197,      5157,      5117
      4841,      5159,      5198,      5158,      5118
      4842,      5160,      5200,      5159,      5119
      4843,      5203,      5161,      5120,      5162
      4844,      1094,      1093,      5154,      5202
      4845,      5204,      5162,       134,       133
      4846,      5164,      5206,      5163,      5121
      4847,      5165,      5207,      5164,      5122
      4848,      5166,      5208,      5165,      5123
      4849,      5166,      5125,      5167,      5209
      4850,      5168,      5210,      5167,      5126
      4851,      5169,      5211,      5168,      5127
      4852,      5170,      5212,      5169,      5128
      4853,      5171,      5213,      5170,      5129
      4854,      5171,      5130,      5172,      5214
      4855,      5173,      5215,      5172,      5131
      4856,      5174,      5216,      5173,      5132
      4857,      5202,      5154,      5163,      5205
      4858,      5175,      5217,      5174,      5133
      4859,      5176,      5218,      5175,      5134
      4860,      5176,      5135,      5177,      5219
      4861,      5178,      5220,      5177,      5136
      4862,      5179,      5221,      5178,      5137
      4863,      5180,      5222,      5179,      5138
      4864,      5181,      5223,      5180,      5139
      4865,      5181,      5140,      5182,      5224
      4866,      2092,      2093,      5182,      5141
      4867,      5183,      2229,      2230,      5142
      4868,      5184,      5225,      5183,      5143
      4869,      5184,      5144,      5185,      5226
      4870,      5185,      5145,      5186,      5227
      4871,      5239,      5199,      5124,      5201
      4872,      5187,      5228,      5186,      5146
      4873,      5188,      5229,      5187,      5147
      4874,      5189,      5230,      5188,      5148
      4875,      5189,      5149,      5190,      5231
      4876,      5190,      5150,      5191,      5232
      4877,      5192,      5233,      5191,      5151
      4878,      5193,      5234,      5192,      5152
      4879,      5193,      5153,      5194,      5235
      4880,      5194,      5155,      5195,      5236
      4881,      5196,      5237,      5195,      5156
      4882,      5197,      5238,      5196,      5157
      4883,      5198,      5240,      5197,      5158
      4884,      5198,      5159,      5200,      5242
      4885,      5199,      5241,      5200,      5160
      4886,      5243,      5201,      5161,      5203
      4887,      5245,      5203,      5162,      5204
      4888,      1095,      1094,      5202,      5244
      4889,      5206,      5247,      5205,      5163
      4890,      5207,      5248,      5206,      5164
      4891,      5208,      5249,      5207,      5165
      4892,      5209,      5250,      5208,      5166
      4893,      5209,      5167,      5210,      5251
      4894,      5211,      5253,      5210,      5168
      4895,       133,       132,      5252,      5204
      4896,      5212,      5254,      5211,      5169
      4897,      5213,      5255,      5212,      5170
      4898,      5214,      5256,      5213,      5171
      4899,      5214,      5172,      5215,      5257
      4900,      5216,      5258,      5215,      5173
      4901,      5217,      5259,      5216,      5174
      4902,      5218,      5260,      5217,      5175
      4903,      5219,      5261,      5218,      5176
      4904,      5219,      5177,      5220,      5262
      4905,      5221,      5263,      5220,      5178
      4906,      5222,      5264,      5221,      5179
      4907,      5223,      5265,      5222,      5180
      4908,      5244,      5202,      5205,      5246
      4909,      5224,      5266,      5223,      5181
      4910,      5224,      5182,      2093,      2094
      4911,      5225,      2228,      2229,      5183
      4912,      5226,      5267,      5225,      5184
      4913,      5226,      5185,      5227,      5268
      4914,      5228,      5269,      5227,      5186
      4915,      5229,      5270,      5228,      5187
      4916,      5230,      5271,      5229,      5188
      4917,      5231,      5272,      5230,      5189
      4918,      5231,      5190,      5232,      5273
      4919,      5233,      5274,      5232,      5191
      4920,      5234,      5275,      5233,      5192
      4921,      5234,      5193,      5235,      5276
      4922,      5235,      5194,      5236,      5277
      4923,      5236,      5195,      5237,      5278
      4924,      5238,      5279,      5237,      5196
      4925,      5240,      5281,      5238,      5197
      4926,      5239,      5282,      5241,      5199
      4927,      5240,      5198,      5242,      5283
      4928,      5242,      5200,      5241,      5284
      4929,      5280,      5239,      5201,      5243
      4930,      5285,      5243,      5203,      5245
      4931,      5204,      5252,      5287,      5245
      4932,      5247,      5289,      5246,      5205
      4933,      5247,      5206,      5248,      5290
      4934,      5249,      5291,      5248,      5207
      4935,      5250,      5292,      5249,      5208
      4936,      5251,      5293,      5250,      5209
      4937,      5253,      5294,      5251,      5210
      4938,      5253,      5211,      5254,      5295
      4939,      5255,      5296,      5254,      5212
      4940,      1096,      1095,      5244,      5286
      4941,      5256,      5297,      5255,      5213
      4942,      5257,      5298,      5256,      5214
      4943,      5258,      5299,      5257,      5215
      4944,      5258,      5216,      5259,      5300
      4945,      5260,      5301,      5259,      5217
      4946,      5261,      5302,      5260,      5218
      4947,      5262,      5303,      5261,      5219
      4948,      5263,      5304,      5262,      5220
      4949,      5263,      5221,      5264,      5305
      4950,      5265,      5307,      5264,      5222
      4951,      5266,      5308,      5265,      5223
      4952,      2094,      2095,      5266,      5224
      4953,      5267,      2227,      2228,      5225
      4954,      5268,      5309,      5267,      5226
      4955,      5269,      5310,      5268,      5227
      4956,      5270,      5311,      5269,      5228
      4957,      5271,      5312,      5270,      5229
      4958,      5272,      5313,      5271,      5230
      4959,      5273,      5314,      5272,      5231
      4960,      5286,      5244,      5246,      5288
      4961,      5252,       132,       131,      5306
      4962,      5274,      5315,      5273,      5232
      4963,      5275,      5316,      5274,      5233
      4964,      5275,      5234,      5276,      5317
      4965,      5276,      5235,      5277,      5318
      4966,      5277,      5236,      5278,      5319
      4967,      5279,      5321,      5278,      5237
      4968,      5281,      5323,      5279,      5238
      4969,      5280,      5322,      5282,      5239
      4970,      5283,      5324,      5281,      5240
      4971,      5284,      5241,      5282,      5325
      4972,      5283,      5242,      5284,      5326
      4973,      5320,      5280,      5243,      5285
      4974,      5245,      5287,      5327,      5285
      4975,      5289,      5330,      5288,      5246
      4976,      5289,      5247,      5290,      5331
      4977,      5290,      5248,      5291,      5332
      4978,      5292,      5333,      5291,      5249
      4979,      5293,      5334,      5292,      5250
      4980,      5294,      5335,      5293,      5251
      4981,      5294,      5253,      5295,      5336
      4982,      5295,      5254,      5296,      5337
      4983,      5297,      5338,      5296,      5255
      4984,      5298,      5339,      5297,      5256
      4985,      5299,      5340,      5298,      5257
      4986,      5299,      5258,      5300,      5341
      4987,      5300,      5259,      5301,      5342
      4988,      5302,      5343,      5301,      5260
      4989,      5303,      5344,      5302,      5261
      4990,      5304,      5345,      5303,      5262
      4991,      5304,      5263,      5305,      5346
      4992,      5305,      5264,      5307,      5347
      4993,      1097,      1096,      5286,      5328
      4994,      5308,      5348,      5307,      5265
      4995,      2095,      2096,      5308,      5266
      4996,      5309,      2226,      2227,      5267
      4997,      5310,      5349,      5309,      5268
      4998,      5311,      5350,      5310,      5269
      4999,      5287,      5252,      5306,      5374
      5000,      5311,      5270,      5312,      5351
      5001,      5313,      5352,      5312,      5271
      5002,      5314,      5353,      5313,      5272
      5003,      5315,      5354,      5314,      5273
      5004,      5316,      5355,      5315,      5274
      5005,      5317,      5356,      5316,      5275
      5006,      5317,      5276,      5318,      5357
      5007,      5318,      5277,      5319,      5358
      5008,      5321,      5360,      5319,      5278
      5009,      5320,      5361,      5322,      5280
      5010,      5323,      5362,      5321,      5279
      5011,      5328,      5286,      5288,      5329
      5012,      5322,      5363,      5325,      5282
      5013,      5324,      5364,      5323,      5281
      5014,      5326,      5365,      5324,      5283
      5015,      5326,      5284,      5325,      5366
      5016,      5285,      5327,      5359,      5320
      5017,       130,      5374,      5306,       131
      5018,      5330,      5368,      5329,      5288
      5019,      5331,      5369,      5330,      5289
      5020,      5331,      5290,      5332,      5370
      5021,      5333,      5371,      5332,      5291
      5022,      5334,      5372,      5333,      5292
      5023,      5287,      5374,      5367,      5327
      5024,      5335,      5373,      5334,      5293
      5025,      5336,      5375,      5335,      5294
      5026,      5336,      5295,      5337,      5376
      5027,      5338,      5377,      5337,      5296
      5028,      5339,      5378,      5338,      5297
      5029,      1098,      1097,      5328,      5329
      5030,      5340,      5379,      5339,      5298
      5031,      5341,      5380,      5340,      5299
      5032,      5341,      5300,      5342,      5381
      5033,      5343,      5382,      5342,      5301
      5034,      5344,      5383,      5343,      5302
      5035,      5345,      5384,      5344,      5303
      5036,      5346,      5385,      5345,      5304
      5037,      5346,      5305,      5347,      5386
      5038,      5348,      5387,      5347,      5307
      5039,      2096,      2097,      5348,      5308
      5040,      5349,      2225,      2226,      5309
      5041,      5350,      5388,      5349,      5310
      5042,      5350,      5311,      5351,      5389
      5043,      5351,      5312,      5352,      5390
      5044,      5353,      5391,      5352,      5313
      5045,      5354,      5392,      5353,      5314
      5046,      5355,      5393,      5354,      5315
      5047,      5355,      5316,      5356,      5394
      5048,      5357,      5395,      5356,      5317
      5049,      5357,      5318,      5358,      5396
      5050,      5360,      5399,      5358,      5319
      5051,      5359,      5398,      5361,      5320
      5052,      5362,      5401,      5360,      5321
      5053,      5361,      5400,      5363,      5322
      5054,      5362,      5323,      5364,      5403
      5055,      5363,      5402,      5366,      5325
      5056,      5365,      5404,      5364,      5324
      5057,      5366,      5405,      5365,      5326
      5058,      5359,      5327,      5367,      5397
      5059,      5369,      5407,      5368,      5330
      5060,      5368,      5406,      1098,      5329
      5061,      5370,      5408,      5369,      5331
      5062,      5370,      5332,      5371,      5409
      5063,      5415,      5374,       130,       129
      5064,      5372,      5410,      5371,      5333
      5065,      5373,      5411,      5372,      5334
      5066,      5375,      5412,      5373,      5335
      5067,      5376,      5413,      5375,      5336
      5068,      5376,      5337,      5377,      5414
      5069,      5378,      5416,      5377,      5338
      5070,      5379,      5417,      5378,      5339
      5071,      5380,      5418,      5379,      5340
      5072,      5381,      5419,      5380,      5341
      5073,      5381,      5342,      5382,      5420
      5074,      5383,      5421,      5382,      5343
      5075,      5384,      5422,      5383,      5344
      5076,      5385,      5423,      5384,      5345
      5077,      5386,      5424,      5385,      5346
      5078,      5386,      5347,      5387,      5425
      5079,      2097,      2098,      5387,      5348
      5080,      5388,      2224,      2225,      5349
      5081,      5389,      5426,      5388,      5350
      5082,      5389,      5351,      5390,      5427
      5083,      5390,      5352,      5391,      5428
      5084,      5392,      5429,      5391,      5353
      5085,      5393,      5430,      5392,      5354
      5086,      5393,      5355,      5394,      5431
      5087,      5394,      5356,      5395,      5432
      5088,      5396,      5434,      5395,      5357
      5089,      5397,      5435,      5398,      5359
      5090,      5399,      5436,      5396,      5358
      5091,      5433,      5397,      5367,      5374
      5092,      5400,      5361,      5398,      5437
      5093,      5401,      5438,      5399,      5360
      5094,      5400,      5439,      5402,      5363
      5095,      5401,      5362,      5403,      5440
      5096,      5402,      5441,      5405,      5366
      5097,      5403,      5364,      5404,      5442
      5098,      5405,      5443,      5404,      5365
      5099,      5407,      5444,      5406,      5368
      5100,      5408,      5445,      5407,      5369
      5101,      5409,      5446,      5408,      5370
      5102,      5409,      5371,      5410,      5447
      5103,      5406,      5448,      1099,      1098
      5104,      5411,      5449,      5410,      5372
      5105,      5412,      5450,      5411,      5373
      5106,      5413,      5451,      5412,      5375
      5107,      5414,      5452,      5413,      5376
      5108,      5455,      5415,       129,       128
      5109,      5414,      5377,      5416,      5453
      5110,      5417,      5454,      5416,      5378
      5111,      5418,      5456,      5417,      5379
      5112,      5419,      5457,      5418,      5380
      5113,      5420,      5458,      5419,      5381
      5114,      5469,      5433,      5374,      5415
      5115,      5420,      5382,      5421,      5459
      5116,      5422,      5460,      5421,      5383
      5117,      5423,      5461,      5422,      5384
      5118,      5424,      5462,      5423,      5385
      5119,      5425,      5463,      5424,      5386
      5120,      5425,      5387,      2098,      2099
      5121,      5426,      2223,      2224,      5388
      5122,      5427,      5464,      5426,      5389
      5123,      5427,      5390,      5428,      5465
      5124,      5429,      5466,      5428,      5391
      5125,      5430,      5467,      5429,      5392
      5126,      5431,      5468,      5430,      5393
      5127,      5431,      5394,      5432,      5470
      5128,      5432,      5395,      5434,      5472
      5129,      5433,      5471,      5435,      5397
      5130,      5436,      5474,      5434,      5396
      5131,      5437,      5398,      5435,      5473
      5132,      5438,      5476,      5436,      5399
      5133,      5439,      5400,      5437,      5475
      5134,      5438,      5401,      5440,      5478
      5135,      5439,      5477,      5441,      5402
      5136,      5440,      5403,      5442,      5480
      5137,      5441,      5479,      5443,      5405
      5138,      5442,      5404,      5443,      5481
      5139,      5445,      5482,      5444,      5407
      5140,      5448,      5406,      5444,      5485
      5141,      5446,      5483,      5445,      5408
      5142,      5447,      5484,      5446,      5409
      5143,      5449,      5486,      5447,      5410
      5144,      5449,      5411,      5450,      5487
      5145,      5451,      5488,      5450,      5412
      5146,      5452,      5489,      5451,      5413
      5147,      5453,      5491,      5452,      5414
      5148,      5448,      5490,      1100,      1099
      5149,      5454,      5492,      5453,      5416
      5150,      5454,      5417,      5456,      5493
      5151,      5457,      5494,      5456,      5418
      5152,       128,       127,      5495,      5455
      5153,      5458,      5496,      5457,      5419
      5154,      5459,      5497,      5458,      5420
      5155,      5505,      5469,      5415,      5455
      5156,      5460,      5498,      5459,      5421
      5157,      5460,      5422,      5461,      5499
      5158,      5462,      5500,      5461,      5423
      5159,      5463,      5501,      5462,      5424
      5160,      2099,      2100,      5463,      5425
      5161,      5464,      2222,      2223,      5426
      5162,      5465,      5502,      5464,      5427
      5163,      5466,      5503,      5465,      5428
      5164,      5467,      5504,      5466,      5429
      5165,      5468,      5506,      5467,      5430
      5166,      5470,      5508,      5468,      5431
      5167,      5469,      5507,      5471,      5433
      5168,      5470,      5432,      5472,      5510
      5169,      5473,      5435,      5471,      5509
      5170,      5474,      5512,      5472,      5434
      5171,      5475,      5437,      5473,      5511
      5172,      5476,      5514,      5474,      5436
      5173,      5475,      5513,      5477,      5439
      5174,      5476,      5438,      5478,      5516
      5175,      5477,      5515,      5479,      5441
      5176,      5478,      5440,      5480,      5518
      5177,      5479,      5517,      5481,      5443
      5178,      5480,      5442,      5481,      5519
      5179,      5483,      5520,      5482,      5445
      5180,      5485,      5444,      5482,      5523
      5181,      5484,      5521,      5483,      5446
      5182,      5486,      5522,      5484,      5447
      5183,      5486,      5449,      5487,      5524
      5184,      5490,      5448,      5485,      5527
      5185,      5487,      5450,      5488,      5525
      5186,      5489,      5526,      5488,      5451
      5187,      5491,      5528,      5489,      5452
      5188,      5492,      5529,      5491,      5453
      5189,      5492,      5454,      5493,      5530
      5190,      5493,      5456,      5494,      5531
      5191,      5496,      5533,      5494,      5457
      5192,      5490,      5532,      1101,      1100
      5193,      5497,      5534,      5496,      5458
      5194,      5498,      5535,      5497,      5459
      5195,      5536,      5495,       127,       126
      5196,      5455,      5495,      5541,      5505
      5197,      5498,      5460,      5499,      5537
      5198,      5499,      5461,      5500,      5538
      5199,      5501,      5539,      5500,      5462
      5200,      2100,      2101,      5501,      5463
      5201,      5502,      2221,      2222,      5464
      5202,      5503,      5540,      5502,      5465
      5203,      5504,      5542,      5503,      5466
      5204,      5504,      5467,      5506,      5544
      5205,      5505,      5543,      5507,      5469
      5206,      5508,      5546,      5506,      5468
      5207,      5507,      5545,      5509,      5471
      5208,      5510,      5547,      5508,      5470
      5209,      5511,      5473,      5509,      5548
      5210,      5512,      5549,      5510,      5472
      5211,      5511,      5550,      5513,      5475
      5212,      5514,      5552,      5512,      5474
      5213,      5513,      5551,      5515,      5477
      5214,      5516,      5554,      5514,      5476
      5215,      5515,      5553,      5517,      5479
      5216,      5516,      5478,      5518,      5556
      5217,      5517,      5555,      5519,      5481
      5218,      5518,      5480,      5519,      5557
      5219,      5521,      5558,      5520,      5483
      5220,      5520,      5561,      5523,      5482
      5221,      5522,      5559,      5521,      5484
      5222,      5524,      5560,      5522,      5486
      5223,      5524,      5487,      5525,      5562
      5224,      5527,      5485,      5523,      5565
      5225,      5526,      5563,      5525,      5488
      5226,      5528,      5564,      5526,      5489
      5227,      5529,      5566,      5528,      5491
      5228,      5530,      5567,      5529,      5492
      5229,      5527,      5569,      5532,      5490
      5230,      5530,      5493,      5531,      5568
      5231,      5533,      5570,      5531,      5494
      5232,      5534,      5571,      5533,      5496
      5233,      5535,      5572,      5534,      5497
      5234,      5537,      5573,      5535,      5498
      5235,      5578,      5541,      5495,      5536
      5236,      5532,      5577,        93,      1101
      5237,      5537,      5499,      5538,      5574
      5238,      5576,      5536,       126,       125
      5239,      5539,      5575,      5538,      5500
      5240,      2101,      2102,      5539,      5501
      5241,      5540,      2220,      2221,      5502
      5242,      5542,      5580,      5540,      5503
      5243,      5541,      5579,      5543,      5505
      5244,      5542,      5504,      5544,      5582
      5245,      5543,      5581,      5545,      5507
      5246,      5544,      5506,      5546,      5583
      5247,      5545,      5584,      5548,      5509
      5248,      5547,      5585,      5546,      5508
      5249,      5549,      5587,      5547,      5510
      5250,      5548,      5586,      5550,      5511
      5251,      5552,      5589,      5549,      5512
      5252,      5550,      5588,      5551,      5513
      5253,      5553,      5515,      5551,      5590
      5254,      5552,      5514,      5554,      5591
      5255,      5553,      5592,      5555,      5517
      5256,      5556,      5593,      5554,      5516
      5257,      5555,      5594,      5557,      5519
      5258,      5556,      5518,      5557,      5595
      5259,      5559,      5596,      5558,      5521
      5260,      5558,      5598,      5561,      5520
      5261,      5560,      5597,      5559,      5522
      5262,      5562,      5599,      5560,      5524
      5263,      5565,      5523,      5561,      5602
      5264,      5562,      5525,      5563,      5600
      5265,      5564,      5601,      5563,      5526
      5266,      5566,      5603,      5564,      5528
      5267,      5567,      5604,      5566,      5529
      5268,      5565,      5607,      5569,      5527
      5269,      5568,      5606,      5567,      5530
      5270,      5568,      5531,      5570,      5608
      5271,      5571,      5610,      5570,      5533
      5272,      5572,      5611,      5571,      5534
      5273,      5569,      5615,      5577,      5532
      5274,      5605,      5576,       125,       124
      5275,      5573,      5612,      5572,      5535
      5276,      5577,      5609,        94,        93
      5277,      5574,      5613,      5573,      5537
      5278,      5614,      5578,      5536,      5576
      5279,      5574,      5538,      5575,      5616
      5280,      2102,      2103,      5575,      5539
      5281,      5578,      5617,      5579,      5541
      5282,      5580,      2219,      2220,      5540
      5283,      5581,      5543,      5579,      5618
      5284,      5580,      5542,      5582,      5619
      5285,      5582,      5544,      5583,      5621
      5286,      5581,      5620,      5584,      5545
      5287,      5583,      5546,      5585,      5623
      5288,      5584,      5622,      5586,      5548
      5289,      5587,      5625,      5585,      5547
      5290,      5586,      5624,      5588,      5550
      5291,      5589,      5627,      5587,      5549
      5292,      5590,      5551,      5588,      5626
      5293,      5589,      5552,      5591,      5629
      5294,      5592,      5553,      5590,      5628
      5295,      5591,      5554,      5593,      5631
      5296,      5592,      5630,      5594,      5555
      5297,      5595,      5633,      5593,      5556
      5298,      5594,      5632,      5595,      5557
      5299,      5597,      5634,      5596,      5559
      5300,      5596,      5637,      5598,      5558
      5301,      5599,      5636,      5597,      5560
      5302,      5600,      5638,      5599,      5562
      5303,      5602,      5561,      5598,      5641
      5304,      5600,      5563,      5601,      5639
      5305,      5603,      5640,      5601,      5564
      5306,      5604,      5643,      5603,      5566
      5307,      5635,      5605,       124,       123
      5308,      5602,      5646,      5607,      5565
      5309,      5606,      5645,      5604,      5567
      5310,      5608,      5647,      5606,      5568
      5311,      5609,      5642,        95,        94
      5312,      5608,      5570,      5610,      5648
      5313,      5644,      5614,      5576,      5605
      5314,      5611,      5649,      5610,      5571
      5315,      5607,      5654,      5615,      5569
      5316,      5612,      5650,      5611,      5572
      5317,      5615,      5651,      5609,      5577
      5318,      5613,      5652,      5612,      5573
      5319,      5616,      5655,      5613,      5574
      5320,      5614,      5653,      5617,      5578
      5321,      5616,      5575,      2103,      2104
      5322,      5618,      5579,      5617,      5656
      5323,      2219,      5580,      5619,      2218
      5324,      5620,      5581,      5618,      5657
      5325,      5619,      5582,      5621,      5659
      5326,      5620,      5658,      5622,      5584
      5327,      5621,      5583,      5623,      5661
      5328,      5622,      5660,      5624,      5586
      5329,      5625,      5663,      5623,      5585
      5330,      5626,      5588,      5624,      5662
      5331,      5627,      5665,      5625,      5587
      5332,      5628,      5590,      5626,      5664
      5333,      5629,      5667,      5627,      5589
      5334,      5630,      5592,      5628,      5666
      5335,      5629,      5591,      5631,      5669
      5336,      5630,      5668,      5632,      5594
      5337,      5631,      5593,      5633,      5671
      5338,      5632,      5670,      5633,      5595
      5339,      5636,      5673,      5634,      5597
      5340,      5637,      5596,      5634,      5677
      5341,      5672,      5635,       123,       122
      5342,      5638,      5676,      5636,      5599
      5343,      5639,      5678,      5638,      5600
      5344,      5637,      5680,      5641,      5598
      5345,      5674,      5644,      5605,      5635
      5346,        96,        95,      5642,      5675
      5347,      5640,      5679,      5639,      5601
      5348,      5640,      5603,      5643,      5681
      5349,      5641,      5685,      5646,      5602
      5350,      5645,      5682,      5643,      5604
      5351,      5647,      5684,      5645,      5606
      5352,      5648,      5686,      5647,      5608
      5353,      5651,      5688,      5642,      5609
      5354,      5683,      5653,      5614,      5644
      5355,      5649,      5687,      5648,      5610
      5356,      5646,      5693,      5654,      5607
      5357,      5649,      5611,      5650,      5689
      5358,      5652,      5691,      5650,      5612
      5359,      5615,      5654,      5690,      5651
      5360,      5655,      5695,      5652,      5613
      5361,      5656,      5617,      5653,      5692
      5362,      5657,      5618,      5656,      5694
      5363,      2104,      2105,      5655,      5616
      5364,      5657,      5696,      5658,      5620
      5365,      2218,      5619,      5659,      2217
      5366,      5658,      5697,      5660,      5622
      5367,      5659,      5621,      5661,      5698
      5368,      5660,      5699,      5662,      5624
      5369,      5663,      5700,      5661,      5623
      5370,      5664,      5626,      5662,      5701
      5371,      5665,      5703,      5663,      5625
      5372,      5666,      5628,      5664,      5702
      5373,      5667,      5705,      5665,      5627
      5374,      5668,      5630,      5666,      5704
      5375,      5669,      5707,      5667,      5629
      5376,      5668,      5706,      5670,      5632
      5377,      5669,      5631,      5671,      5709
      5378,      5670,      5708,      5671,      5633
      5379,      5712,      5672,       122,       121
      5380,      5635,      5672,      5713,      5674
      5381,      5675,      5714,        97,        96
      5382,      5676,      5715,      5673,      5636
      5383,      5677,      5634,      5673,      5718
      5384,      5678,      5717,      5676,      5638
      5385,      5679,      5719,      5678,      5639
      5386,      5680,      5637,      5677,      5721
      5387,      5716,      5683,      5644,      5674
      5388,      5679,      5640,      5681,      5720
      5389,      5681,      5643,      5682,      5722
      5390,      5680,      5725,      5685,      5641
      5391,      5675,      5642,      5688,      5727
      5392,      5684,      5724,      5682,      5645
      5393,      5686,      5726,      5684,      5647
      5394,      5723,      5692,      5653,      5683
      5395,      5687,      5728,      5686,      5648
      5396,      5685,      5734,      5693,      5646
      5397,      5687,      5649,      5689,      5730
      5398,      5651,      5690,      5729,      5688
      5399,      5689,      5650,      5691,      5732
      5400,      5731,      5690,      5654,      5693
      5401,      5695,      5736,      5691,      5652
      5402,      5694,      5656,      5692,      5733
      5403,      5694,      5735,      5696,      5657
      5404,      2105,      2106,      5695,      5655
      5405,      5696,      5737,      5697,      5658
      5406,      2217,      5659,      5698,      2216
      5407,      5697,      5738,      5699,      5660
      5408,      5700,      5740,      5698,      5661
      5409,      5699,      5739,      5701,      5662
      5410,      5703,      5742,      5700,      5663
      5411,      5702,      5664,      5701,      5741
      5412,      5704,      5666,      5702,      5743
      5413,      5703,      5665,      5705,      5744
      5414,      5704,      5745,      5706,      5668
      5415,      5707,      5746,      5705,      5667
      5416,      5706,      5747,      5708,      5670
      5417,      5709,      5749,      5707,      5669
      5418,      5708,      5748,      5709,      5671
      5419,       121,       120,      5710,      5711
      5420,      5752,      5712,       121,      5711
      5421,      5714,      5754,        98,        97
      5422,      5672,      5712,      5753,      5713
      5423,      5674,      5713,      5756,      5716
      5424,       120,       119,      5750,      5710
      5425,      5717,      5757,      5715,      5676
      5426,      5715,      5760,      5718,      5673
      5427,      5719,      5759,      5717,      5678
      5428,      5721,      5677,      5718,      5762
      5429,      5758,      5723,      5683,      5716
      5430,      5727,      5768,      5714,      5675
      5431,      5720,      5761,      5719,      5679
      5432,      5710,      5750,      5751,      5711
      5433,      5720,      5681,      5722,      5763
      5434,      5721,      5766,      5725,      5680
      5435,      5724,      5765,      5722,      5682
      5436,      5726,      5767,      5724,      5684
      5437,      5728,      5769,      5726,      5686
      5438,      5764,      5733,      5692,      5723
      5439,      5725,      5777,      5734,      5685
      5440,      5688,      5729,      5770,      5727
      5441,      5730,      5772,      5728,      5687
      5442,      5771,      5729,      5690,      5731
      5443,      5730,      5689,      5732,      5775
      5444,      5773,      5731,      5693,      5734
      5445,      5733,      5776,      5735,      5694
      5446,      5736,      5779,      5732,      5691
      5447,      5735,      5778,      5737,      5696
      5448,      5738,      5697,      5737,      5780
      5449,      2106,      2107,      5736,      5695
      5450,      5738,      5781,      5739,      5699
      5451,      5740,      2215,      2216,      5698
      5452,      5739,      5782,      5741,      5701
      5453,      5742,      5784,      5740,      5700
      5454,      5743,      5702,      5741,      5783
      5455,      5742,      5703,      5744,      5786
      5456,      5743,      5785,      5745,      5704
      5457,      5744,      5705,      5746,      5787
      5458,      5747,      5706,      5745,      5788
      5459,      5749,      5790,      5746,      5707
      5460,      5747,      5789,      5748,      5708
      5461,      5748,      5791,      5749,      5709
      5462,        98,      5754,      5755,        99
      5463,      5794,      5752,      5711,      5751
      5464,       119,       118,      5774,      5750
      5465,      5795,      5753,      5712,      5752
      5466,      5713,      5753,      5796,      5756
      5467,      5792,       100,        99,      5755
      5468,      5716,      5756,      5797,      5758
      5469,      5750,      5774,      5793,      5751
      5470,      5768,      5807,      5754,      5714
      5471,      5757,      5801,      5760,      5715
      5472,      5759,      5800,      5757,      5717
      5473,      5761,      5802,      5759,      5719
      5474,      5762,      5718,      5760,      5804
      5475,      5799,      5764,      5723,      5758
      5476,      5763,      5803,      5761,      5720
      5477,      5763,      5722,      5765,      5805
      5478,      5762,      5810,      5766,      5721
      5479,      5767,      5809,      5765,      5724
      5480,      5769,      5812,      5767,      5726
      5481,      5727,      5770,      5811,      5768
      5482,      5806,      5776,      5733,      5764
      5483,      5766,      5819,      5777,      5725
      5484,      5772,      5814,      5769,      5728
      5485,      5813,      5770,      5729,      5771
      5486,      5815,      5771,      5731,      5773
      5487,      5775,      5817,      5772,      5730
      5488,      5734,      5777,      5816,      5773
      5489,      5776,      5818,      5778,      5735
      5490,      5775,      5732,      5779,      5822
      5491,      5780,      5737,      5778,      5820
      5492,      5781,      5738,      5780,      5821
      5493,      2107,      2108,      5779,      5736
      5494,      5781,      5823,      5782,      5739
      5495,      5782,      5824,      5783,      5741
      5496,      5784,      2214,      2215,      5740
      5497,      5783,      5825,      5785,      5743
      5498,      5784,      5742,      5786,      5826
      5499,      5786,      5744,      5787,      5828
      5500,      5788,      5745,      5785,      5827
      5501,      5789,      5747,      5788,      5829
      5502,      5787,      5746,      5790,      5830
      5503,      5789,      5831,      5791,      5748
      5504,      5791,      5832,      5790,      5749
      5505,       118,       117,      5798,      5774
      5506,      5834,      5792,      5755,      5754
      5507,       101,       100,      5792,      5808
      5508,      5836,      5794,      5751,      5793
      5509,      5838,      5795,      5752,      5794
      5510,      5839,      5796,      5753,      5795
      5511,      5840,      5797,      5756,      5796
      5512,      5774,      5798,      5835,      5793
      5513,      5758,      5797,      5842,      5799
      5514,       117,       116,      5837,      5798
      5515,      5800,      5845,      5801,      5757
      5516,      5802,      5844,      5800,      5759
      5517,      5808,      5841,       102,       101
      5518,      5804,      5760,      5801,      5847
      5519,      5803,      5846,      5802,      5761
      5520,      5843,      5806,      5764,      5799
      5521,      5805,      5848,      5803,      5763
      5522,      5807,      5849,      5833,      5754
      5523,      5804,      5854,      5810,      5762
      5524,      5805,      5765,      5809,      5852
      5525,      5768,      5811,      5853,      5807
      5526,      5812,      5856,      5809,      5767
      5527,      5770,      5813,      5855,      5811
      5528,      5851,      5818,      5776,      5806
      5529,      5810,      5863,      5819,      5766
      5530,      5814,      5858,      5812,      5769
      5531,      5857,      5813,      5771,      5815
      5532,      5834,      5754,      5833,      5865
      5533,      5773,      5816,      5859,      5815
      5534,      5817,      5861,      5814,      5772
      5535,      5777,      5819,      5860,      5816
      5536,      5820,      5778,      5818,      5862
      5537,      5822,      5867,      5817,      5775
      5538,      5821,      5780,      5820,      5864
      5539,      5823,      5781,      5821,      5866
      5540,      5822,      5779,      2108,      2109
      5541,      5823,      5868,      5824,      5782
      5542,      5824,      5869,      5825,      5783
      5543,      2214,      5784,      5826,      2213
      5544,      5827,      5785,      5825,      5870
      5545,      5826,      5786,      5828,      5871
      5546,      5829,      5788,      5827,      5872
      5547,      5828,      5787,      5830,      5873
      5548,      5829,      5874,      5831,      5789
      5549,      5832,      5875,      5830,      5790
      5550,      5831,      5876,      5832,      5791
      5551,      5808,      5792,      5834,      5850
      5552,       116,       115,      5877,      5837
      5553,      5841,      5878,       103,       102
      5554,      5881,      5836,      5793,      5835
      5555,      5882,      5838,      5794,      5836
      5556,      5883,      5839,      5795,      5838
      5557,      5884,      5840,      5796,      5839
      5558,      5798,      5837,      5879,      5835
      5559,      5885,      5842,      5797,      5840
      5560,      5888,      5843,      5799,      5842
      5561,      5850,      5887,      5841,      5808
      5562,      5845,      5800,      5844,      5892
      5563,      5846,      5891,      5844,      5802
      5564,      5889,      5851,      5806,      5843
      5565,      5845,      5897,      5847,      5801
      5566,      5848,      5894,      5846,      5803
      5567,      5852,      5899,      5848,      5805
      5568,      5847,      5902,      5854,      5804
      5569,      5878,      5890,       104,       103
      5570,      5807,      5853,      5898,      5849
      5571,       114,      5904,      5877,       115
      5572,      5856,      5903,      5852,      5809
      5573,      5811,      5855,      5901,      5853
      5574,      5813,      5857,      5905,      5855
      5575,      5900,      5862,      5818,      5851
      5576,      5856,      5812,      5858,      5907
      5577,      5854,      5912,      5863,      5810
      5578,      5815,      5859,      5906,      5857
      5579,      5816,      5860,      5908,      5859
      5580,      5893,      5865,      5833,      5849
      5581,      5861,      5910,      5858,      5814
      5582,      5850,      5834,      5865,      5895
      5583,      5909,      5860,      5819,      5863
      5584,      5864,      5820,      5862,      5911
      5585,      5867,      5915,      5861,      5817
      5586,      5866,      5821,      5864,      5913
      5587,      5868,      5823,      5866,      5914
      5588,      2109,      2110,      5867,      5822
      5589,      5868,      5916,      5869,      5824
      5590,      5869,      5917,      5870,      5825
      5591,      2213,      5826,      5871,      2212
      5592,      5872,      5827,      5870,      5919
      5593,      5871,      5828,      5873,      5920
      5594,      5872,      5921,      5874,      5829
      5595,      5875,      5922,      5873,      5830
      5596,      5874,      5923,      5876,      5831
      5597,      5876,      5924,      5875,      5832
      5598,       104,      5890,      5880,       105
      5599,       114,       113,      5886,      5904
      5600,      5896,       106,       105,      5880
      5601,       113,       112,      5918,      5886
      5602,      5837,      5877,      5928,      5879
      5603,      5887,      5927,      5878,      5841
      5604,      5929,      5881,      5835,      5879
      5605,      5836,      5881,      5930,      5882
      5606,      5931,      5883,      5838,      5882
      5607,      5932,      5884,      5839,      5883
      5608,      5896,      5925,       107,       106
      5609,      5933,      5885,      5840,      5884
      5610,      5935,      5888,      5842,      5885
      5611,      5925,      5926,       108,       107
      5612,      5843,      5888,      5937,      5889
      5613,      5895,      5938,      5887,      5850
      5614,       111,      5970,      5918,       112
      5615,      5892,      5844,      5891,      5942
      5616,      5894,      5941,      5891,      5846
      5617,      5939,      5900,      5851,      5889
      5618,      5897,      5845,      5892,      5945
      5619,      5849,      5898,      5943,      5893
      5620,      5899,      5944,      5894,      5848
      5621,      5926,      5934,       109,       108
      5622,      5895,      5865,      5893,      5940
      5623,      5897,      5950,      5902,      5847
      5624,      5946,      5898,      5853,      5901
      5625,      5903,      5949,      5899,      5852
      5626,      5855,      5905,      5948,      5901
      5627,      5903,      5856,      5907,      5952
      5628,      5857,      5906,      5951,      5905
      5629,      5947,      5911,      5862,      5900
      5630,      5902,      5958,      5912,      5854
      5631,      5859,      5908,      5953,      5906
      5632,      5907,      5858,      5910,      5956
      5633,      5954,      5908,      5860,      5909
      5634,      5955,      5909,      5863,      5912
      5635,      5913,      5864,      5911,      5957
      5636,      5915,      5960,      5910,      5861
      5637,      5914,      5866,      5913,      5959
      5638,      5914,      5961,      5916,      5868
      5639,      2110,      2111,      5915,      5867
      5640,      5916,      5962,      5917,      5869
      5641,      5917,      5964,      5919,      5870
      5642,      2212,      5871,      5920,      2211
      5643,      5919,      5965,      5921,      5872
      5644,      5922,      5966,      5920,      5873
      5645,      5921,      5967,      5923,      5874
      5646,      5924,      5968,      5922,      5875
      5647,      5924,      5876,      5923,      5969
      5648,      5963,      5896,      5880,      5890
      5649,       110,       109,      5936,      5972
      5650,      5971,      5904,      5886,      5918
      5651,      5970,       111,       110,      5972
      5652,      5927,      5974,      5890,      5878
      5653,      5904,      5975,      5928,      5877
      5654,      5976,      5929,      5879,      5928
      5655,      5881,      5929,      5977,      5930
      5656,      5882,      5930,      5979,      5931
      5657,      5980,      5932,      5883,      5931
      5658,      5982,      5933,      5884,      5932
      5659,      5963,      5973,      5925,      5896
      5660,      5983,      5935,      5885,      5933
      5661,      5938,      5984,      5927,      5887
      5662,      5936,       109,      5934,      5997
      5663,      5888,      5935,      5985,      5937
      5664,      5889,      5937,      5986,      5939
      5665,      5940,      5987,      5938,      5895
      5666,      5926,      5925,      5973,      5981
      5667,      5893,      5943,      5990,      5940
      5668,      5941,      5993,      5942,      5891
      5669,      5988,      5947,      5900,      5939
      5670,      5944,      5992,      5941,      5894
      5671,      5945,      5892,      5942,      5995
      5672,      5991,      5943,      5898,      5946
      5673,      5949,      5998,      5944,      5899
      5674,      5994,      5946,      5901,      5948
      5675,      5945,      6000,      5950,      5897
      5676,      5905,      5951,      5999,      5948
      5677,      5952,      6002,      5949,      5903
      5678,      5906,      5953,      6001,      5951
      5679,      5996,      5957,      5911,      5947
      5680,      5950,      6008,      5958,      5902
      5681,      6003,      5953,      5908,      5954
      5682,      5952,      5907,      5956,      6005
      5683,      6004,      5954,      5909,      5955
      5684,      6006,      5955,      5912,      5958
      5685,      5959,      5913,      5957,      6007
      5686,      5960,      6010,      5956,      5910
      5687,      5959,      6009,      5961,      5914
      5688,      5962,      5916,      5961,      6011
      5689,      2111,      2112,      5960,      5915
      5690,      5962,      6012,      5964,      5917
      5691,      5964,      6013,      5965,      5919
      5692,      5966,      2210,      2211,      5920
      5693,      5965,      6014,      5967,      5921
      5694,      5968,      6015,      5966,      5922
      5695,      5969,      5923,      5967,      6016
      5696,      5968,      5924,      5969,      6017
      5697,      5974,      6019,      5963,      5890
      5698,      5934,      5926,      5981,      5989
      5699,      5970,      6020,      5971,      5918
      5700,      5971,      6021,      5978,      5904
      5701,      5936,      6018,      5970,      5972
      5702,      5975,      5904,      5978,      6023
      5703,      6024,      5976,      5928,      5975
      5704,      5984,      6029,      5974,      5927
      5705,      6025,      5977,      5929,      5976
      5706,      5930,      5977,      6026,      5979
      5707,      5931,      5979,      6027,      5980
      5708,      6028,      5982,      5932,      5980
      5709,      6030,      5983,      5933,      5982
      5710,      6031,      5985,      5935,      5983
      5711,      5937,      5985,      6032,      5986
      5712,      6019,      6022,      5973,      5963
      5713,      5987,      6036,      5984,      5938
      5714,      5939,      5986,      6034,      5988
      5715,      5940,      5990,      6037,      5987
      5716,      5934,      5989,      6064,      5997
      5717,      6039,      5990,      5943,      5991
      5718,      6038,      5996,      5947,      5988
      5719,      5992,      6041,      5993,      5941
      5720,      6040,      5991,      5946,      5994
      5721,      5995,      5942,      5993,      6045
      5722,      5998,      6043,      5992,      5944
      5723,      5948,      5999,      6042,      5994
      5724,      5995,      6049,      6000,      5945
      5725,      6002,      6047,      5998,      5949
      5726,      5951,      6001,      6046,      5999
      5727,      5953,      6003,      6048,      6001
      5728,      6044,      6007,      5957,      5996
      5729,      6000,      6055,      6008,      5950
      5730,      6050,      6003,      5954,      6004
      5731,      6005,      6052,      6002,      5952
      5732,      6051,      6004,      5955,      6006
      5733,      5997,      6066,      6018,      5936
      5734,      6053,      6006,      5958,      6008
      5735,      6005,      5956,      6010,      6057
      5736,      6007,      6054,      6009,      5959
      5737,      6011,      5961,      6009,      6056
      5738,      6012,      5962,      6011,      6058
      5739,      2112,      2113,      6010,      5960
      5740,      6012,      6059,      6013,      5964
      5741,      6013,      6060,      6014,      5965
      5742,      6015,      2209,      2210,      5966
      5743,      6016,      5967,      6014,      6061
      5744,      6015,      5968,      6017,      6062
      5745,      6017,      5969,      6016,      6063
      5746,      5981,      5973,      6022,      6035
      5747,      6018,      6067,      6020,      5970
      5748,      6021,      5971,      6020,      6069
      5749,      5989,      5981,      6035,      6065
      5750,      6019,      5974,      6033,      6068
      5751,      6070,      6023,      5978,      6021
      5752,      6071,      6024,      5975,      6023
      5753,      6072,      6025,      5976,      6024
      5754,      6074,      6026,      5977,      6025
      5755,      6029,      6073,      6033,      5974
      5756,      6075,      6027,      5979,      6026
      5757,      5980,      6027,      6076,      6028
      5758,      6077,      6030,      5982,      6028
      5759,      6078,      6031,      5983,      6030
      5760,      6079,      6032,      5985,      6031
      5761,      6080,      6034,      5986,      6032
      5762,      6036,      6082,      6029,      5984
      5763,      5988,      6034,      6081,      6038
      5764,      5987,      6037,      6083,      6036
      5765,      5990,      6039,      6085,      6037
      5766,      6087,      6039,      5991,      6040
      5767,      6086,      6044,      5996,      6038
      5768,      5994,      6042,      6088,      6040
      5769,      6043,      6091,      6041,      5992
      5770,      6045,      5993,      6041,      6093
      5771,      5999,      6046,      6089,      6042
      5772,      6047,      6094,      6043,      5998
      5773,      6045,      6096,      6049,      5995
      5774,      6001,      6048,      6092,      6046
      5775,      6003,      6050,      6095,      6048
      5776,      6090,      6054,      6007,      6044
      5777,      6052,      6098,      6047,      6002
      5778,      6097,      6050,      6004,      6051
      5779,      6049,      6102,      6055,      6000
      5780,      6099,      6051,      6006,      6053
      5781,      6008,      6055,      6100,      6053
      5782,      6057,      6104,      6052,      6005
      5783,      6056,      6009,      6054,      6101
      5784,      6058,      6011,      6056,      6103
      5785,      6058,      6105,      6059,      6012
      5786,      6057,      6010,      2113,      2114
      5787,      6059,      6106,      6060,      6013
      5788,      6060,      6107,      6061,      6014
      5789,      2209,      6015,      6062,      2208
      5790,      6063,      6016,      6061,      6108
      5791,      6062,      6017,      6063,      6109
      5792,      5989,      6065,      6110,      6064
      5793,      6068,      6114,      6022,      6019
      5794,      5997,      6064,      6111,      6066
      5795,      6066,      6113,      6067,      6018
      5796,      6069,      6020,      6067,      6115
      5797,      6022,      6114,      6084,      6035
      5798,      6070,      6021,      6069,      6116
      5799,      6112,      6065,      6035,      6084
      5800,      6117,      6068,      6033,      6073
      5801,      6118,      6071,      6023,      6070
      5802,      6119,      6072,      6024,      6071
      5803,      6120,      6074,      6025,      6072
      5804,      6121,      6075,      6026,      6074
      5805,      6122,      6076,      6027,      6075
      5806,      6123,      6077,      6028,      6076
      5807,      6124,      6078,      6030,      6077
      5808,      6125,      6079,      6031,      6078
      5809,      6126,      6080,      6032,      6079
      5810,      6073,      6029,      6082,      6128
      5811,      6127,      6081,      6034,      6080
      5812,      6036,      6083,      6130,      6082
      5813,      6129,      6086,      6038,      6081
      5814,      6037,      6085,      6131,      6083
      5815,      6039,      6087,      6132,      6085
      5816,      6040,      6088,      6134,      6087
      5817,      6133,      6090,      6044,      6086
      5818,      6042,      6089,      6135,      6088
      5819,      6136,      6089,      6046,      6092
      5820,      6091,      6140,      6093,      6041
      5821,      6091,      6043,      6094,      6141
      5822,      6048,      6095,      6138,      6092
      5823,      6093,      6143,      6096,      6045
      5824,      6098,      6144,      6094,      6047
      5825,      6050,      6097,      6139,      6095
      5826,      6137,      6101,      6054,      6090
      5827,      6142,      6097,      6051,      6099
      5828,      6096,      6148,      6102,      6049
      5829,      6053,      6100,      6145,      6099
      5830,      6146,      6100,      6055,      6102
      5831,      6104,      6149,      6098,      6052
      5832,      6103,      6056,      6101,      6147
      5833,      6103,      6150,      6105,      6058
      5834,      6105,      6151,      6106,      6059
      5835,      2114,      2115,      6104,      6057
      5836,      6106,      6152,      6107,      6060
      5837,      6107,      6153,      6108,      6061
      5838,      2208,      6062,      6109,      2207
      5839,      6109,      6063,      6108,      6154
      5840,      6064,      6110,      6156,      6111
      5841,      6155,      6110,      6065,      6112
      5842,      6111,      6157,      6113,      6066
      5843,      6113,      6158,      6115,      6067
      5844,      6117,      6162,      6114,      6068
      5845,      6116,      6069,      6115,      6160
      5846,      6159,      6112,      6084,      6114
      5847,      6161,      6118,      6070,      6116
      5848,      6071,      6118,      6163,      6119
      5849,      6164,      6120,      6072,      6119
      5850,      6165,      6121,      6074,      6120
      5851,      6166,      6122,      6075,      6121
      5852,      6167,      6123,      6076,      6122
      5853,      6077,      6123,      6168,      6124
      5854,      6117,      6073,      6128,      6173
      5855,      6169,      6125,      6078,      6124
      5856,      6170,      6126,      6079,      6125
      5857,      6171,      6127,      6080,      6126
      5858,      6172,      6129,      6081,      6127
      5859,      6082,      6130,      6174,      6128
      5860,      6175,      6130,      6083,      6131
      5861,      6086,      6129,      6176,      6133
      5862,      6085,      6132,      6177,      6131
      5863,      6087,      6134,      6178,      6132
      5864,      6088,      6135,      6180,      6134
      5865,      6179,      6137,      6090,      6133
      5866,      6181,      6135,      6089,      6136
      5867,      6182,      6136,      6092,      6138
      5868,      6095,      6139,      6183,      6138
      5869,      6140,      6091,      6141,      6187
      5870,      6140,      6188,      6143,      6093
      5871,      6097,      6142,      6185,      6139
      5872,      6141,      6094,      6144,      6189
      5873,      6184,      6147,      6101,      6137
      5874,      6099,      6145,      6186,      6142
      5875,      6143,      6193,      6148,      6096
      5876,      6190,      6145,      6100,      6146
      5877,      6149,      6194,      6144,      6098
      5878,      6191,      6146,      6102,      6148
      5879,      6147,      6192,      6150,      6103
      5880,      6150,      6195,      6151,      6105
      5881,      2115,      2116,      6149,      6104
      5882,      6152,      6106,      6151,      6196
      5883,      6152,      6197,      6153,      6107
      5884,      6153,      6198,      6154,      6108
      5885,      2207,      6109,      6154,      2206
      5886,      6199,      6156,      6110,      6155
      5887,      6156,      6200,      6157,      6111
      5888,      6202,      6155,      6112,      6159
      5889,      6158,      6113,      6157,      6201
      5890,      6158,      6203,      6160,      6115
      5891,      6162,      6207,      6159,      6114
      5892,      6204,      6161,      6116,      6160
      5893,      6118,      6161,      6205,      6163
      5894,      6119,      6163,      6206,      6164
      5895,      6208,      6165,      6120,      6164
      5896,      6209,      6166,      6121,      6165
      5897,      6210,      6167,      6122,      6166
      5898,      6123,      6167,      6211,      6168
      5899,      6173,      6215,      6162,      6117
      5900,      6124,      6168,      6212,      6169
      5901,      6213,      6170,      6125,      6169
      5902,      6214,      6171,      6126,      6170
      5903,      6216,      6172,      6127,      6171
      5904,      6128,      6174,      6218,      6173
      5905,      6129,      6172,      6217,      6176
      5906,      6219,      6174,      6130,      6175
      5907,      6220,      6175,      6131,      6177
      5908,      6133,      6176,      6221,      6179
      5909,      6132,      6178,      6222,      6177
      5910,      6134,      6180,      6223,      6178
      5911,      6224,      6180,      6135,      6181
      5912,      6225,      6184,      6137,      6179
      5913,      6226,      6181,      6136,      6182
      5914,      6227,      6182,      6138,      6183
      5915,      6139,      6185,      6228,      6183
      5916,      6142,      6186,      6230,      6185
      5917,      6187,      6233,      6188,      6140
      5918,      6187,      6141,      6189,      6234
      5919,      6229,      6192,      6147,      6184
      5920,      6231,      6186,      6145,      6190
      5921,      6188,      6237,      6193,      6143
      5922,      6232,      6190,      6146,      6191
      5923,      6194,      6238,      6189,      6144
      5924,      6148,      6193,      6235,      6191
      5925,      6192,      6236,      6195,      6150
      5926,      6196,      6151,      6195,      6239
      5927,      2116,      2117,      6194,      6149
      5928,      6197,      6152,      6196,      6240
      5929,      6197,      6241,      6198,      6153
      5930,      6198,      2205,      2206,      6154
      5931,      6242,      6200,      6156,      6199
      5932,      6243,      6199,      6155,      6202
      5933,      6201,      6157,      6200,      6244
      5934,      6203,      6158,      6201,      6245
      5935,      6248,      6202,      6159,      6207
      5936,      6246,      6204,      6160,      6203
      5937,      6247,      6205,      6161,      6204
      5938,      6163,      6205,      6249,      6206
      5939,      6164,      6206,      6250,      6208
      5940,      6251,      6209,      6165,      6208
      5941,      6252,      6210,      6166,      6209
      5942,      6253,      6211,      6167,      6210
      5943,      6215,      6256,      6207,      6162
      5944,      6168,      6211,      6254,      6212
      5945,      6169,      6212,      6255,      6213
      5946,      6257,      6214,      6170,      6213
      5947,      6258,      6216,      6171,      6214
      5948,      6260,      6217,      6172,      6216
      5949,      6173,      6218,      6259,      6215
      5950,      6261,      6218,      6174,      6219
      5951,      6176,      6217,      6262,      6221
      5952,      6263,      6219,      6175,      6220
      5953,      6177,      6222,      6264,      6220
      5954,      6178,      6223,      6266,      6222
      5955,      6179,      6221,      6265,      6225
      5956,      6180,      6224,      6267,      6223
      5957,      6268,      6224,      6181,      6226
      5958,      6270,      6226,      6182,      6227
      5959,      6269,      6229,      6184,      6225
      5960,      6271,      6227,      6183,      6228
      5961,      6185,      6230,      6272,      6228
      5962,      6186,      6231,      6273,      6230
      5963,      6275,      6231,      6190,      6232
      5964,      6274,      6236,      6192,      6229
      5965,      6234,      6278,      6233,      6187
      5966,      6191,      6235,      6276,      6232
      5967,      6233,      6280,      6237,      6188
      5968,      6234,      6189,      6238,      6281
      5969,      6193,      6237,      6277,      6235
      5970,      6239,      6195,      6236,      6279
      5971,      2117,      2118,      6238,      6194
      5972,      6240,      6196,      6239,      6282
      5973,      6241,      6197,      6240,      6283
      5974,      6241,      2204,      2205,      6198
      5975,      6285,      6242,      6199,      6243
      5976,      6284,      6244,      6200,      6242
      5977,      6245,      6201,      6244,      6286
      5978,      6289,      6243,      6202,      6248
      5979,      6287,      6246,      6203,      6245
      5980,      6288,      6247,      6204,      6246
      5981,      6290,      6249,      6205,      6247
      5982,      6291,      6250,      6206,      6249
      5983,      6208,      6250,      6292,      6251
      5984,      6293,      6252,      6209,      6251
      5985,      6294,      6253,      6210,      6252
      5986,      6296,      6248,      6207,      6256
      5987,      6295,      6254,      6211,      6253
      5988,      6297,      6255,      6212,      6254
      5989,      6213,      6255,      6298,      6257
      5990,      6300,      6258,      6214,      6257
      5991,      6215,      6259,      6299,      6256
      5992,      6302,      6260,      6216,      6258
      5993,      6218,      6261,      6301,      6259
      5994,      6304,      6262,      6217,      6260
      5995,      6303,      6261,      6219,      6263
      5996,      6220,      6264,      6306,      6263
      5997,      6305,      6265,      6221,      6262
      5998,      6222,      6266,      6307,      6264
      5999,      6223,      6267,      6308,      6266
      6000,      6225,      6265,      6309,      6269
      6001,      6224,      6268,      6310,      6267
      6002,      6311,      6268,      6226,      6270
      6003,      6312,      6270,      6227,      6271
      6004,      6313,      6274,      6229,      6269
      6005,      6228,      6272,      6314,      6271
      6006,      6230,      6273,      6315,      6272
      6007,      6231,      6275,      6316,      6273
      6008,      6232,      6276,      6318,      6275
      6009,      6317,      6279,      6236,      6274
      6010,      6235,      6277,      6319,      6276
      6011,      6278,      6322,      6280,      6233
      6012,      6320,      6277,      6237,      6280
      6013,      6281,      6323,      6278,      6234
      6014,      6282,      6239,      6279,      6321
      6015,      6281,      6238,      2118,      2119
      6016,      6283,      6240,      6282,      6324
      6017,      2204,      6241,      6283,      2203
      6018,      6325,      6284,      6242,      6285
      6019,      6326,      6286,      6244,      6284
      6020,      6329,      6285,      6243,      6289
      6021,      6327,      6287,      6245,      6286
      6022,      6328,      6288,      6246,      6287
      6023,      6330,      6290,      6247,      6288
      6024,      6331,      6291,      6249,      6290
      6025,      6332,      6292,      6250,      6291
      6026,      6333,      6293,      6251,      6292
      6027,      6335,      6289,      6248,      6296
      6028,      6334,      6294,      6252,      6293
      6029,      6336,      6295,      6253,      6294
      6030,      6337,      6297,      6254,      6295
      6031,      6339,      6298,      6255,      6297
      6032,      6256,      6299,      6338,      6296
      6033,      6341,      6300,      6257,      6298
      6034,      6259,      6301,      6340,      6299
      6035,      6342,      6302,      6258,      6300
      6036,      6261,      6303,      6343,      6301
      6037,      6344,      6304,      6260,      6302
      6038,      6346,      6305,      6262,      6304
      6039,      6263,      6306,      6345,      6303
      6040,      6264,      6307,      6347,      6306
      6041,      6348,      6309,      6265,      6305
      6042,      6349,      6307,      6266,      6308
      6043,      6267,      6310,      6350,      6308
      6044,      6268,      6311,      6351,      6310
      6045,      6352,      6313,      6269,      6309
      6046,      6353,      6311,      6270,      6312
      6047,      6271,      6314,      6354,      6312
      6048,      6355,      6314,      6272,      6315
      6049,      6356,      6317,      6274,      6313
      6050,      6273,      6316,      6357,      6315
      6051,      6275,      6318,      6358,      6316
      6052,      6276,      6319,      6359,      6318
      6053,      6360,      6321,      6279,      6317
      6054,      6361,      6319,      6277,      6320
      6055,      6362,      6320,      6280,      6322
      6056,      6323,      6364,      6322,      6278
      6057,      6324,      6282,      6321,      6363
      6058,      2119,      2120,      6323,      6281
      6059,      2203,      6283,      6324,      2202
      6060,      6365,      6326,      6284,      6325
      6061,      6285,      6329,      6367,      6325
      6062,      6366,      6327,      6286,      6326
      6063,      6287,      6327,      6368,      6328
      6064,      6369,      6330,      6288,      6328
      6065,      6370,      6331,      6290,      6330
      6066,      6371,      6332,      6291,      6331
      6067,      6373,      6329,      6289,      6335
      6068,      6372,      6333,      6292,      6332
      6069,      6293,      6333,      6374,      6334
      6070,      6375,      6336,      6294,      6334
      6071,      6377,      6337,      6295,      6336
      6072,      6296,      6338,      6376,      6335
      6073,      6379,      6339,      6297,      6337
      6074,      6378,      6338,      6299,      6340
      6075,      6380,      6341,      6298,      6339
      6076,      6301,      6343,      6381,      6340
      6077,      6300,      6341,      6382,      6342
      6078,      6384,      6344,      6302,      6342
      6079,      6303,      6345,      6383,      6343
      6080,      6386,      6346,      6304,      6344
      6081,      6306,      6347,      6385,      6345
      6082,      6388,      6348,      6305,      6346
      6083,      6387,      6347,      6307,      6349
      6084,      6389,      6349,      6308,      6350
      6085,      6390,      6352,      6309,      6348
      6086,      6310,      6351,      6391,      6350
      6087,      6311,      6353,      6392,      6351
      6088,      6312,      6354,      6393,      6353
      6089,      6313,      6352,      6394,      6356
      6090,      6395,      6354,      6314,      6355
      6091,      6396,      6355,      6315,      6357
      6092,      6316,      6358,      6398,      6357
      6093,      6397,      6360,      6317,      6356
      6094,      6318,      6359,      6399,      6358
      6095,      6400,      6359,      6319,      6361
      6096,      6401,      6361,      6320,      6362
      6097,      6402,      6363,      6321,      6360
      6098,      6403,      6362,      6322,      6364
      6099,      2120,      2121,      6364,      6323
      6100,      2202,      6324,      6363,      2201
      6101,      6325,      6367,      6404,      6365
      6102,      6405,      6366,      6326,      6365
      6103,      6327,      6366,      6406,      6368
      6104,      6328,      6368,      6407,      6369
      6105,      6408,      6370,      6330,      6369
      6106,      6329,      6373,      6409,      6367
      6107,      6410,      6371,      6331,      6370
      6108,      6411,      6372,      6332,      6371
      6109,      6333,      6372,      6413,      6374
      6110,      6335,      6376,      6412,      6373
      6111,      6334,      6374,      6414,      6375
      6112,      6416,      6377,      6336,      6375
      6113,      6415,      6376,      6338,      6378
      6114,      6417,      6379,      6337,      6377
      6115,      6418,      6378,      6340,      6381
      6116,      6419,      6380,      6339,      6379
      6117,      6341,      6380,      6421,      6382
      6118,      6343,      6383,      6420,      6381
      6119,      6342,      6382,      6423,      6384
      6120,      6345,      6385,      6422,      6383
      6121,      6424,      6386,      6344,      6384
      6122,      6425,      6385,      6347,      6387
      6123,      6426,      6388,      6346,      6386
      6124,      6427,      6387,      6349,      6389
      6125,      6429,      6390,      6348,      6388
      6126,      6428,      6389,      6350,      6391
      6127,      6351,      6392,      6430,      6391
      6128,      6352,      6390,      6431,      6394
      6129,      6353,      6393,      6432,      6392
      6130,      6433,      6393,      6354,      6395
      6131,      6434,      6395,      6355,      6396
      6132,      6356,      6394,      6435,      6397
      6133,      6357,      6398,      6436,      6396
      6134,      6358,      6399,      6437,      6398
      6135,      6359,      6400,      6438,      6399
      6136,      6439,      6402,      6360,      6397
      6137,      6440,      6400,      6361,      6401
      6138,      6441,      6401,      6362,      6403
      6139,      2200,      2201,      6363,      6402
      6140,      2122,      6403,      6364,      2121
      6141,      6365,      6404,      6443,      6405
      6142,      6444,      6406,      6366,      6405
      6143,      6367,      6409,      6442,      6404
      6144,      6368,      6406,      6445,      6407
      6145,      6369,      6407,      6446,      6408
      6146,      6448,      6410,      6370,      6408
      6147,      6449,      6411,      6371,      6410
      6148,      6373,      6412,      6447,      6409
      6149,      6450,      6413,      6372,      6411
      6150,      6374,      6413,      6452,      6414
      6151,      6451,      6412,      6376,      6415
      6152,      6375,      6414,      6453,      6416
      6153,      6454,      6415,      6378,      6418
      6154,      6455,      6417,      6377,      6416
      6155,      6457,      6419,      6379,      6417
      6156,      6381,      6420,      6456,      6418
      6157,      6458,      6421,      6380,      6419
      6158,      6383,      6422,      6459,      6420
      6159,      6382,      6421,      6460,      6423
      6160,      6384,      6423,      6462,      6424
      6161,      6385,      6425,      6461,      6422
      6162,      6464,      6426,      6386,      6424
      6163,      6463,      6425,      6387,      6427
      6164,      6466,      6429,      6388,      6426
      6165,      6465,      6427,      6389,      6428
      6166,      6467,      6428,      6391,      6430
      6167,      6468,      6431,      6390,      6429
      6168,      6392,      6432,      6469,      6430
      6169,      6393,      6433,      6470,      6432
      6170,      6394,      6431,      6471,      6435
      6171,      6472,      6433,      6395,      6434
      6172,      6396,      6436,      6473,      6434
      6173,      6398,      6437,      6474,      6436
      6174,      6397,      6435,      6475,      6439
      6175,      6399,      6438,      6476,      6437
      6176,      6400,      6440,      6477,      6438
      6177,      6478,      6440,      6401,      6441
      6178,      2199,      2200,      6402,      6439
      6179,      2123,      6441,      6403,      2122
      6180,      6404,      6442,      6480,      6443
      6181,      6405,      6443,      6481,      6444
      6182,      6482,      6445,      6406,      6444
      6183,      6409,      6447,      6479,      6442
      6184,      6483,      6446,      6407,      6445
      6185,      6408,      6446,      6484,      6448
      6186,      6486,      6449,      6410,      6448
      6187,      6412,      6451,      6485,      6447
      6188,      6487,      6450,      6411,      6449
      6189,      6489,      6452,      6413,      6450
      6190,      6488,      6451,      6415,      6454
      6191,      6490,      6453,      6414,      6452
      6192,      6416,      6453,      6492,      6455
      6193,      6418,      6456,      6491,      6454
      6194,      6493,      6457,      6417,      6455
      6195,      6420,      6459,      6494,      6456
      6196,      6495,      6458,      6419,      6457
      6197,      6497,      6460,      6421,      6458
      6198,      6422,      6461,      6496,      6459
      6199,      6499,      6462,      6423,      6460
      6200,      6425,      6463,      6498,      6461
      6201,      6424,      6462,      6501,      6464
      6202,      6500,      6463,      6427,      6465
      6203,      6503,      6466,      6426,      6464
      6204,      6502,      6465,      6428,      6467
      6205,      6505,      6468,      6429,      6466
      6206,      6430,      6469,      6504,      6467
      6207,      6432,      6470,      6506,      6469
      6208,      6508,      6471,      6431,      6468
      6209,      6433,      6472,      6507,      6470
      6210,      6434,      6473,      6509,      6472
      6211,      6511,      6475,      6435,      6471
      6212,      6436,      6474,      6510,      6473
      6213,      6512,      6474,      6437,      6476
      6214,      6438,      6477,      6513,      6476
      6215,      6439,      6475,      2198,      2199
      6216,      6440,      6478,      6514,      6477
      6217,      2124,      6478,      6441,      2123
      6218,      6516,      6480,      6442,      6479
      6219,      6443,      6480,      6517,      6481
      6220,      6444,      6481,      6518,      6482
      6221,      6519,      6483,      6445,      6482
      6222,      6447,      6485,      6515,      6479
      6223,      6520,      6484,      6446,      6483
      6224,      6521,      6486,      6448,      6484
      6225,      6523,      6487,      6449,      6486
      6226,      6451,      6488,      6522,      6485
      6227,      6524,      6489,      6450,      6487
      6228,      6526,      6490,      6452,      6489
      6229,      6454,      6491,      6525,      6488
      6230,      6527,      6492,      6453,      6490
      6231,      6456,      6494,      6528,      6491
      6232,      6529,      6493,      6455,      6492
      6233,      6531,      6495,      6457,      6493
      6234,      6530,      6494,      6459,      6496
      6235,      6532,      6497,      6458,      6495
      6236,      6461,      6498,      6533,      6496
      6237,      6534,      6499,      6460,      6497
      6238,      6463,      6500,      6535,      6498
      6239,      6536,      6501,      6462,      6499
      6240,      6537,      6500,      6465,      6502
      6241,      6538,      6503,      6464,      6501
      6242,      6467,      6504,      6539,      6502
      6243,      6541,      6505,      6466,      6503
      6244,      6540,      6504,      6469,      6506
      6245,      6543,      6508,      6468,      6505
      6246,      6470,      6507,      6542,      6506
      6247,      6472,      6509,      6544,      6507
      6248,      6546,      6511,      6471,      6508
      6249,      6473,      6510,      6545,      6509
      6250,      6547,      6510,      6474,      6512
      6251,      6548,      6512,      6476,      6513
      6252,      2197,      2198,      6475,      6511
      6253,      6477,      6514,      6549,      6513
      6254,      6478,      2124,      2125,      6514
      6255,      6479,      6515,      6550,      6516
      6256,      6551,      6517,      6480,      6516
      6257,      6553,      6518,      6481,      6517
      6258,      6482,      6518,      6554,      6519
      6259,      6555,      6520,      6483,      6519
      6260,      6485,      6522,      6552,      6515
      6261,      6556,      6521,      6484,      6520
      6262,      6486,      6521,      6558,      6523
      6263,      6488,      6525,      6557,      6522
      6264,      6559,      6524,      6487,      6523
      6265,      6560,      6526,      6489,      6524
      6266,      6491,      6528,      6561,      6525
      6267,      6562,      6527,      6490,      6526
      6268,      6564,      6529,      6492,      6527
      6269,      6563,      6528,      6494,      6530
      6270,      6493,      6529,      6565,      6531
      6271,      6566,      6530,      6496,      6533
      6272,      6567,      6532,      6495,      6531
      6273,      6569,      6534,      6497,      6532
      6274,      6498,      6535,      6568,      6533
      6275,      6571,      6536,      6499,      6534
      6276,      6500,      6537,      6570,      6535
      6277,      6573,      6538,      6501,      6536
      6278,      6502,      6539,      6572,      6537
      6279,      6503,      6538,      6575,      6541
      6280,      6574,      6539,      6504,      6540
      6281,      6576,      6540,      6506,      6542
      6282,      6577,      6543,      6505,      6541
      6283,      6507,      6544,      6578,      6542
      6284,      6509,      6545,      6579,      6544
      6285,      6581,      6546,      6508,      6543
      6286,      6580,      6545,      6510,      6547
      6287,      6582,      6547,      6512,      6548
      6288,      2196,      2197,      6511,      6546
      6289,      6583,      6548,      6513,      6549
      6290,      6514,      2125,      2126,      6549
      6291,      6515,      6552,      6585,      6550
      6292,      6516,      6550,      6584,      6551
      6293,      6586,      6553,      6517,      6551
      6294,      6588,      6554,      6518,      6553
      6295,      6519,      6554,      6589,      6555
      6296,      6522,      6557,      6587,      6552
      6297,      6590,      6556,      6520,      6555
      6298,      6521,      6556,      6591,      6558
      6299,      6523,      6558,      6593,      6559
      6300,      6525,      6561,      6592,      6557
      6301,      6594,      6560,      6524,      6559
      6302,      6596,      6562,      6526,      6560
      6303,      6595,      6561,      6528,      6563
      6304,      6597,      6564,      6527,      6562
      6305,      6529,      6564,      6599,      6565
      6306,      6598,      6563,      6530,      6566
      6307,      6531,      6565,      6601,      6567
      6308,      6600,      6566,      6533,      6568
      6309,      6602,      6569,      6532,      6567
      6310,      6535,      6570,      6603,      6568
      6311,      6604,      6571,      6534,      6569
      6312,      6537,      6572,      6605,      6570
      6313,      6606,      6573,      6536,      6571
      6314,      6607,      6572,      6539,      6574
      6315,      6538,      6573,      6608,      6575
      6316,      6609,      6574,      6540,      6576
      6317,      6541,      6575,      6611,      6577
      6318,      6542,      6578,      6610,      6576
      6319,      6544,      6579,      6612,      6578
      6320,      6614,      6581,      6543,      6577
      6321,      6545,      6580,      6613,      6579
      6322,      6615,      6580,      6547,      6582
      6323,      2195,      2196,      6546,      6581
      6324,      6616,      6582,      6548,      6583
      6325,      2127,      6583,      6549,      2126
      6326,      6550,      6585,      6617,      6584
      6327,      6551,      6584,      6618,      6586
      6328,      6552,      6587,      6619,      6585
      6329,      6620,      6588,      6553,      6586
      6330,      6554,      6588,      6622,      6589
      6331,      6555,      6589,      6623,      6590
      6332,      6557,      6592,      6621,      6587
      6333,      6624,      6591,      6556,      6590
      6334,      6558,      6591,      6625,      6593
      6335,      6559,      6593,      6627,      6594
      6336,      6561,      6595,      6626,      6592
      6337,      6628,      6596,      6560,      6594
      6338,      6630,      6597,      6562,      6596
      6339,      6629,      6595,      6563,      6598
      6340,      6631,      6599,      6564,      6597
      6341,      6632,      6598,      6566,      6600
      6342,      6565,      6599,      6633,      6601
      6343,      6567,      6601,      6635,      6602
      6344,      6634,      6600,      6568,      6603
      6345,      6637,      6604,      6569,      6602
      6346,      6570,      6605,      6636,      6603
      6347,      6639,      6606,      6571,      6604
      6348,      6572,      6607,      6638,      6605
      6349,      6641,      6608,      6573,      6606
      6350,      6640,      6607,      6574,      6609
      6351,      6576,      6610,      6642,      6609
      6352,      6575,      6608,      6643,      6611
      6353,      6578,      6612,      6644,      6610
      6354,      6577,      6611,      6646,      6614
      6355,      6579,      6613,      6645,      6612
      6356,      6580,      6615,      6647,      6613
      6357,      2194,      2195,      6581,      6614
      6358,      6648,      6615,      6582,      6616
      6359,      2128,      6616,      6583,      2127
      6360,      6584,      6617,      6649,      6618
      6361,      6585,      6619,      6650,      6617
      6362,      6586,      6618,      6651,      6620
      6363,      6587,      6621,      6652,      6619
      6364,      6588,      6620,      6653,      6622
      6365,      6589,      6622,      6655,      6623
      6366,      6590,      6623,      6656,      6624
      6367,      6592,      6626,      6654,      6621
      6368,      6657,      6625,      6591,      6624
      6369,      6658,      6627,      6593,      6625
      6370,      6594,      6627,      6660,      6628
      6371,      6595,      6629,      6659,      6626
      6372,      6661,      6630,      6596,      6628
      6373,      6662,      6629,      6598,      6632
      6374,      6663,      6631,      6597,      6630
      6375,      6665,      6633,      6599,      6631
      6376,      6664,      6632,      6600,      6634
      6377,      6666,      6635,      6601,      6633
      6378,      6603,      6636,      6667,      6634
      6379,      6602,      6635,      6668,      6637
      6380,      6605,      6638,      6669,      6636
      6381,      6670,      6639,      6604,      6637
      6382,      6607,      6640,      6671,      6638
      6383,      6672,      6641,      6606,      6639
      6384,      6609,      6642,      6673,      6640
      6385,      6675,      6643,      6608,      6641
      6386,      6610,      6644,      6674,      6642
      6387,      6676,      6644,      6612,      6645
      6388,      6677,      6646,      6611,      6643
      6389,      6613,      6647,      6678,      6645
      6390,      6615,      6648,      6679,      6647
      6391,      6614,      6646,      2193,      2194
      6392,      2129,      6648,      6616,      2128
      6393,      6617,      6650,      6680,      6649
      6394,      6618,      6649,      6681,      6651
      6395,      6619,      6652,      6682,      6650
      6396,      6620,      6651,      6683,      6653
      6397,      6684,      6652,      6621,      6654
      6398,      6685,      6655,      6622,      6653
      6399,      6623,      6655,      6686,      6656
      6400,      6624,      6656,      6688,      6657
      6401,      6626,      6659,      6687,      6654
      6402,      6689,      6658,      6625,      6657
      6403,      6690,      6660,      6627,      6658
      6404,      6629,      6662,      6691,      6659
      6405,      6692,      6661,      6628,      6660
      6406,      6694,      6663,      6630,      6661
      6407,      6693,      6662,      6632,      6664
      6408,      6695,      6665,      6631,      6663
      6409,      6697,      6666,      6633,      6665
      6410,      6634,      6667,      6696,      6664
      6411,      6699,      6668,      6635,      6666
      6412,      6698,      6667,      6636,      6669
      6413,      6701,      6670,      6637,      6668
      6414,      6638,      6671,      6700,      6669
      6415,      6703,      6672,      6639,      6670
      6416,      6640,      6673,      6702,      6671
      6417,      6705,      6675,      6641,      6672
      6418,      6642,      6674,      6704,      6673
      6419,      6706,      6674,      6644,      6676
      6420,      6707,      6677,      6643,      6675
      6421,      6708,      6676,      6645,      6678
      6422,      6647,      6679,      6709,      6678
      6423,      2192,      2193,      6646,      6677
      6424,      6648,      2129,      2130,      6679
      6425,      6649,      6680,      6710,      6681
      6426,      6711,      6680,      6650,      6682
      6427,      6651,      6681,      6712,      6683
      6428,      6714,      6682,      6652,      6684
      6429,      6653,      6683,      6713,      6685
      6430,      6715,      6686,      6655,      6685
      6431,      6654,      6687,      6716,      6684
      6432,      6717,      6688,      6656,      6686
      6433,      6657,      6688,      6719,      6689
      6434,      6659,      6691,      6718,      6687
      6435,      6720,      6690,      6658,      6689
      6436,      6721,      6692,      6660,      6690
      6437,      6662,      6693,      6722,      6691
      6438,      6661,      6692,      6723,      6694
      6439,      6725,      6695,      6663,      6694
      6440,      6664,      6696,      6724,      6693
      6441,      6726,      6697,      6665,      6695
      6442,      6727,      6696,      6667,      6698
      6443,      6728,      6699,      6666,      6697
      6444,      6729,      6698,      6669,      6700
      6445,      6730,      6701,      6668,      6699
      6446,      6671,      6702,      6731,      6700
      6447,      6670,      6701,      6732,      6703
      6448,      6673,      6704,      6733,      6702
      6449,      6734,      6705,      6672,      6703
      6450,      6735,      6704,      6674,      6706
      6451,      6737,      6707,      6675,      6705
      6452,      6736,      6706,      6676,      6708
      6453,      6738,      6708,      6678,      6709
      6454,      2191,      2192,      6677,      6707
      6455,      6679,      2130,      2131,      6709
      6456,      6739,      6710,      6680,      6711
      6457,      6681,      6710,      6740,      6712
      6458,      6742,      6711,      6682,      6714
      6459,      6683,      6712,      6741,      6713
      6460,      6685,      6713,      6743,      6715
      6461,      6684,      6716,      6744,      6714
      6462,      6745,      6717,      6686,      6715
      6463,      6687,      6718,      6746,      6716
      6464,      6747,      6719,      6688,      6717
      6465,      6689,      6719,      6749,      6720
      6466,      6691,      6722,      6748,      6718
      6467,      6750,      6721,      6690,      6720
      6468,      6692,      6721,      6752,      6723
      6469,      6693,      6724,      6751,      6722
      6470,      6694,      6723,      6753,      6725
      6471,      6755,      6726,      6695,      6725
      6472,      6754,      6724,      6696,      6727
      6473,      6756,      6728,      6697,      6726
      6474,      6757,      6727,      6698,      6729
      6475,      6758,      6730,      6699,      6728
      6476,      6700,      6731,      6759,      6729
      6477,      6701,      6730,      6760,      6732
      6478,      6702,      6733,      6761,      6731
      6479,      6703,      6732,      6762,      6734
      6480,      6704,      6735,      6763,      6733
      6481,      6765,      6737,      6705,      6734
      6482,      6764,      6735,      6706,      6736
      6483,      6766,      6736,      6708,      6738
      6484,      2190,      2191,      6707,      6737
      6485,      2132,      6738,      6709,      2131
      6486,      6710,      6739,      6767,      6740
      6487,      6712,      6740,      6768,      6741
      6488,      6769,      6739,      6711,      6742
      6489,      6713,      6741,      6770,      6743
      6490,      6714,      6744,      6771,      6742
      6491,      6715,      6743,      6772,      6745
      6492,      6716,      6746,      6773,      6744
      6493,      6774,      6747,      6717,      6745
      6494,      6718,      6748,      6775,      6746
      6495,      6719,      6747,      6776,      6749
      6496,      6720,      6749,      6778,      6750
      6497,      6722,      6751,      6777,      6748
      6498,      6779,      6752,      6721,      6750
      6499,      6723,      6752,      6781,      6753
      6500,      6724,      6754,      6780,      6751
      6501,      6725,      6753,      6782,      6755
      6502,      6783,      6754,      6727,      6757
      6503,      6784,      6756,      6726,      6755
      6504,      6786,      6758,      6728,      6756
      6505,      6729,      6759,      6785,      6757
      6506,      6788,      6760,      6730,      6758
      6507,      6731,      6761,      6787,      6759
      6508,      6732,      6760,      6790,      6762
      6509,      6733,      6763,      6789,      6761
      6510,      6735,      6764,      6791,      6763
      6511,      6734,      6762,      6792,      6765
      6512,      6793,      6764,      6736,      6766
      6513,      2189,      2190,      6737,      6765
      6514,      2133,      6766,      6738,      2132
      6515,      6740,      6767,      6794,      6768
      6516,      6739,      6769,      6795,      6767
      6517,      6741,      6768,      6796,      6770
      6518,      6742,      6771,      6797,      6769
      6519,      6743,      6770,      6798,      6772
      6520,      6744,      6773,      6799,      6771
      6521,      6745,      6772,      6800,      6774
      6522,      6746,      6775,      6801,      6773
      6523,      6747,      6774,      6802,      6776
      6524,      6803,      6775,      6748,      6777
      6525,      6749,      6776,      6804,      6778
      6526,      6750,      6778,      6806,      6779
      6527,      6751,      6780,      6805,      6777
      6528,      6807,      6781,      6752,      6779
      6529,      6809,      6782,      6753,      6781
      6530,      6754,      6783,      6808,      6780
      6531,      6755,      6782,      6810,      6784
      6532,      6757,      6785,      6811,      6783
      6533,      6812,      6786,      6756,      6784
      6534,      6759,      6787,      6813,      6785
      6535,      6814,      6788,      6758,      6786
      6536,      6815,      6787,      6761,      6789
      6537,      6816,      6790,      6760,      6788
      6538,      6763,      6791,      6817,      6789
      6539,      6818,      6792,      6762,      6790
      6540,      6764,      6793,      6819,      6791
      6541,      6765,      6792,      2188,      2189
      6542,      2134,      6793,      6766,      2133
      6543,      6820,      6794,      6767,      6795
      6544,      6768,      6794,      6821,      6796
      6545,      6769,      6797,      6822,      6795
      6546,      6770,      6796,      6823,      6798
      6547,      6771,      6799,      6824,      6797
      6548,      6772,      6798,      6825,      6800
      6549,      6773,      6801,      6826,      6799
      6550,      6774,      6800,      6827,      6802
      6551,      6828,      6801,      6775,      6803
      6552,      6829,      6804,      6776,      6802
      6553,      6830,      6803,      6777,      6805
      6554,      6778,      6804,      6831,      6806
      6555,      6779,      6806,      6832,      6807
      6556,      6780,      6808,      6833,      6805
      6557,      6834,      6809,      6781,      6807
      6558,      6836,      6810,      6782,      6809
      6559,      6783,      6811,      6835,      6808
      6560,      6837,      6812,      6784,      6810
      6561,      6785,      6813,      6838,      6811
      6562,      6839,      6814,      6786,      6812
      6563,      6840,      6813,      6787,      6815
      6564,      6841,      6816,      6788,      6814
      6565,      6842,      6815,      6789,      6817
      6566,      6843,      6818,      6790,      6816
      6567,      6791,      6819,      6844,      6817
      6568,      2187,      2188,      6792,      6818
      6569,      6793,      2134,      2135,      6819
      6570,      6845,      6821,      6794,      6820
      6571,      6795,      6822,      6846,      6820
      6572,      6847,      6823,      6796,      6821
      6573,      6797,      6824,      6848,      6822
      6574,      6798,      6823,      6849,      6825
      6575,      6799,      6826,      6850,      6824
      6576,      6800,      6825,      6851,      6827
      6577,      6852,      6826,      6801,      6828
      6578,      6802,      6827,      6853,      6829
      6579,      6854,      6828,      6803,      6830
      6580,      6855,      6831,      6804,      6829
      6581,      6805,      6833,      6857,      6830
      6582,      6856,      6832,      6806,      6831
      6583,      6807,      6832,      6858,      6834
      6584,      6808,      6835,      6859,      6833
      6585,      6860,      6836,      6809,      6834
      6586,      6862,      6837,      6810,      6836
      6587,      6811,      6838,      6861,      6835
      6588,      6812,      6837,      6863,      6839
      6589,      6864,      6838,      6813,      6840
      6590,      6865,      6841,      6814,      6839
      6591,      6866,      6840,      6815,      6842
      6592,      6867,      6843,      6816,      6841
      6593,      6868,      6842,      6817,      6844
      6594,      2186,      2187,      6818,      6843
      6595,      6819,      2135,      2136,      6844
      6596,      6820,      6846,      6869,      6845
      6597,      6870,      6847,      6821,      6845
      6598,      6822,      6848,      6871,      6846
      6599,      6872,      6849,      6823,      6847
      6600,      6824,      6850,      6873,      6848
      6601,      6825,      6849,      6874,      6851
      6602,      6875,      6850,      6826,      6852
      6603,      6827,      6851,      6876,      6853
      6604,      6878,      6852,      6828,      6854
      6605,      6829,      6853,      6877,      6855
      6606,      6879,      6856,      6831,      6855
      6607,      6830,      6857,      6880,      6854
      6608,      6881,      6858,      6832,      6856
      6609,      6833,      6859,      6882,      6857
      6610,      6834,      6858,      6883,      6860
      6611,      6835,      6861,      6884,      6859
      6612,      6885,      6862,      6836,      6860
      6613,      6837,      6862,      6887,      6863
      6614,      6838,      6864,      6886,      6861
      6615,      6839,      6863,      6888,      6865
      6616,      6889,      6864,      6840,      6866
      6617,      6890,      6867,      6841,      6865
      6618,      6891,      6866,      6842,      6868
      6619,      2185,      2186,      6843,      6867
      6620,      2137,      6868,      6844,      2136
      6621,      6845,      6869,      6892,      6870
      6622,      6846,      6871,      6893,      6869
      6623,      6894,      6872,      6847,      6870
      6624,      6848,      6873,      6895,      6871
      6625,      6849,      6872,      6896,      6874
      6626,      6898,      6873,      6850,      6875
      6627,      6851,      6874,      6897,      6876
      6628,      6900,      6875,      6852,      6878
      6629,      6853,      6876,      6899,      6877
      6630,      6855,      6877,      6901,      6879
      6631,      6854,      6880,      6902,      6878
      6632,      6903,      6881,      6856,      6879
      6633,      6857,      6882,      6904,      6880
      6634,      6858,      6881,      6905,      6883
      6635,      6859,      6884,      6906,      6882
      6636,      6860,      6883,      6907,      6885
      6637,      6861,      6886,      6908,      6884
      6638,      6909,      6887,      6862,      6885
      6639,      6863,      6887,      6911,      6888
      6640,      6864,      6889,      6910,      6886
      6641,      6865,      6888,      6912,      6890
      6642,      6913,      6889,      6866,      6891
      6643,      2184,      2185,      6867,      6890
      6644,      2138,      6891,      6868,      2137
      6645,      6869,      6893,      6914,      6892
      6646,      6870,      6892,      6915,      6894
      6647,      6871,      6895,      6916,      6893
      6648,      6872,      6894,      6917,      6896
      6649,      6873,      6898,      6919,      6895
      6650,      6874,      6896,      6918,      6897
      6651,      6876,      6897,      6920,      6899
      6652,      6921,      6898,      6875,      6900
      6653,      6877,      6899,      6922,      6901
      6654,      6878,      6902,      6923,      6900
      6655,      6879,      6901,      6924,      6903
      6656,      6880,      6904,      6925,      6902
      6657,      6881,      6903,      6926,      6905
      6658,      6882,      6906,      6927,      6904
      6659,      6883,      6905,      6928,      6907
      6660,      6929,      6906,      6884,      6908
      6661,      6885,      6907,      6930,      6909
      6662,      6886,      6910,      6931,      6908
      6663,      6932,      6911,      6887,      6909
      6664,      6934,      6912,      6888,      6911
      6665,      6889,      6913,      6933,      6910
      6666,      6890,      6912,      2183,      2184
      6667,      2139,      6913,      6891,      2138
      6668,      6892,      6914,      6935,      6915
      6669,      6893,      6916,      6937,      6914
      6670,      6894,      6915,      6936,      6917
      6671,      6938,      6918,      6896,      6917
      6672,      6895,      6919,      6939,      6916
      6673,      6897,      6918,      6940,      6920
      6674,      6941,      6919,      6898,      6921
      6675,      6899,      6920,      6942,      6922
      6676,      6900,      6923,      6943,      6921
      6677,      6901,      6922,      6944,      6924
      6678,      6902,      6925,      6945,      6923
      6679,      6903,      6924,      6946,      6926
      6680,      6904,      6927,      6947,      6925
      6681,      6948,      6928,      6905,      6926
      6682,      6949,      6927,      6906,      6929
      6683,      6907,      6928,      6950,      6930
      6684,      6951,      6929,      6908,      6931
      6685,      6909,      6930,      6952,      6932
      6686,      6910,      6933,      6953,      6931
      6687,      6954,      6934,      6911,      6932
      6688,      2182,      2183,      6912,      6934
      6689,      6913,      2139,      2140,      6933
      6690,      6915,      6935,      6955,      6936
      6691,      6914,      6937,      6956,      6935
      6692,      6917,      6936,      6957,      6938
      6693,      6958,      6937,      6916,      6939
      6694,      6959,      6940,      6918,      6938
      6695,      6960,      6939,      6919,      6941
      6696,      6961,      6942,      6920,      6940
      6697,      6962,      6941,      6921,      6943
      6698,      6922,      6942,      6963,      6944
      6699,      6923,      6945,      6964,      6943
      6700,      6924,      6944,      6965,      6946
      6701,      6925,      6947,      6966,      6945
      6702,      6926,      6946,      6967,      6948
      6703,      6968,      6947,      6927,      6949
      6704,      6969,      6950,      6928,      6948
      6705,      6970,      6949,      6929,      6951
      6706,      6971,      6952,      6930,      6950
      6707,      6931,      6953,      6972,      6951
      6708,      6932,      6952,      6973,      6954
      6709,      6933,      2140,      2141,      6953
      6710,      2181,      2182,      6934,      6954
      6711,      6935,      6956,      6974,      6955
      6712,      6936,      6955,      6975,      6957
      6713,      6976,      6956,      6937,      6958
      6714,      6938,      6957,      6977,      6959
      6715,      6978,      6958,      6939,      6960
      6716,      6979,      6961,      6940,      6959
      6717,      6980,      6960,      6941,      6962
      6718,      6981,      6963,      6942,      6961
      6719,      6982,      6962,      6943,      6964
      6720,      6944,      6963,      6983,      6965
      6721,      6945,      6966,      6984,      6964
      6722,      6946,      6965,      6985,      6967
      6723,      6947,      6968,      6986,      6966
      6724,      6948,      6967,      6987,      6969
      6725,      6988,      6968,      6949,      6970
      6726,      6989,      6971,      6950,      6969
      6727,      6951,      6972,      6990,      6970
      6728,      6991,      6973,      6952,      6971
      6729,      6953,      2141,      2142,      6972
      6730,      6954,      6973,      2180,      2181
      6731,      6955,      6974,      6992,      6975
      6732,      6956,      6976,      6993,      6974
      6733,      6957,      6975,      6994,      6977
      6734,      6995,      6976,      6958,      6978
      6735,      6959,      6977,      6996,      6979
      6736,      6960,      6980,      6997,      6978
      6737,      6998,      6981,      6961,      6979
      6738,      6999,      6980,      6962,      6982
      6739,      6963,      6981,      7000,      6983
      6740,      6964,      6984,      7001,      6982
      6741,      6965,      6983,      7002,      6985
      6742,      6966,      6986,      7003,      6984
      6743,      6967,      6985,      7004,      6987
      6744,      6968,      6988,      7005,      6986
      6745,      6969,      6987,      7006,      6989
      6746,      6970,      6990,      7007,      6988
      6747,      7008,      6991,      6971,      6989
      6748,      6972,      2142,      2143,      6990
      6749,      6973,      6991,      2179,      2180
      6750,      6974,      6993,      7009,      6992
      6751,      6975,      6992,      7010,      6994
      6752,      6976,      6995,      7011,      6993
      6753,      6977,      6994,      7012,      6996
      6754,      6978,      6997,      7013,      6995
      6755,      6979,      6996,      7014,      6998
      6756,      6980,      6999,      7015,      6997
      6757,      6981,      6998,      7016,      7000
      6758,      6982,      7001,      7017,      6999
      6759,      6983,      7000,      7018,      7002
      6760,      7019,      7001,      6984,      7003
      6761,      6985,      7002,      7020,      7004
      6762,      6986,      7005,      7021,      7003
      6763,      6987,      7004,      7022,      7006
      6764,      6988,      7007,      7023,      7005
      6765,      6989,      7006,      7024,      7008
      6766,      6990,      2143,      2144,      7007
      6767,      6991,      7008,      2178,      2179
      6768,      6992,      7009,      7025,      7010
      6769,      7026,      7009,      6993,      7011
      6770,      6994,      7010,      7027,      7012
      6771,      6995,      7013,      7028,      7011
      6772,      6996,      7012,      7029,      7014
      6773,      6997,      7015,      7030,      7013
      6774,      6998,      7014,      7031,      7016
      6775,      6999,      7017,      7032,      7015
      6776,      7033,      7018,      7000,      7016
      6777,      7034,      7017,      7001,      7019
      6778,      7002,      7018,      7035,      7020
      6779,      7036,      7019,      7003,      7021
      6780,      7004,      7020,      7037,      7022
      6781,      7005,      7023,      7038,      7021
      6782,      7006,      7022,      7039,      7024
      6783,      7007,      2144,      2145,      7023
      6784,      7008,      7024,      2177,      2178
      6785,      7040,      7025,      7009,      7026
      6786,      7041,      7027,      7010,      7025
      6787,      7011,      7028,      7042,      7026
      6788,      7012,      7027,      7043,      7029
      6789,      7013,      7030,      7044,      7028
      6790,      7014,      7029,      7045,      7031
      6791,      7015,      7032,      7046,      7030
      6792,      7016,      7031,      7047,      7033
      6793,      7048,      7032,      7017,      7034
      6794,      7049,      7035,      7018,      7033
      6795,      7050,      7034,      7019,      7036
      6796,      7051,      7037,      7020,      7035
      6797,      7021,      7038,      7052,      7036
      6798,      7022,      7037,      7053,      7039
      6799,      7023,      2145,      2146,      7038
      6800,      7024,      7039,      2176,      2177
      6801,      7054,      7041,      7025,      7040
      6802,      7026,      7042,      7055,      7040
      6803,      7056,      7043,      7027,      7041
      6804,      7028,      7044,      7057,      7042
      6805,      7029,      7043,      7058,      7045
      6806,      7030,      7046,      7059,      7044
      6807,      7031,      7045,      7060,      7047
      6808,      7032,      7048,      7061,      7046
      6809,      7033,      7047,      7062,      7049
      6810,      7063,      7048,      7034,      7050
      6811,      7064,      7051,      7035,      7049
      6812,      7036,      7052,      7065,      7050
      6813,      7066,      7053,      7037,      7051
      6814,      7038,      2146,      2147,      7052
      6815,      7039,      7053,      2175,      2176
      6816,      7040,      7055,      7067,      7054
      6817,      7068,      7056,      7041,      7054
      6818,      7042,      7057,      7069,      7055
      6819,      7043,      7056,      7070,      7058
      6820,      7071,      7057,      7044,      7059
      6821,      7045,      7058,      7072,      7060
      6822,      7046,      7061,      7073,      7059
      6823,      7047,      7060,      7074,      7062
      6824,      7048,      7063,      7075,      7061
      6825,      7049,      7062,      7076,      7064
      6826,      7050,      7065,      7077,      7063
      6827,      7078,      7066,      7051,      7064
      6828,      7052,      2147,      2148,      7065
      6829,      7053,      7066,      2174,      2175
      6830,      7054,      7067,      7079,      7068
      6831,      7055,      7069,      7080,      7067
      6832,      7056,      7068,      7081,      7070
      6833,      7082,      7069,      7057,      7071
      6834,      7058,      7070,      7083,      7072
      6835,      7084,      7071,      7059,      7073
      6836,      7060,      7072,      7085,      7074
      6837,      7061,      7075,      7086,      7073
      6838,      7062,      7074,      7087,      7076
      6839,      7063,      7077,      7088,      7075
      6840,      7064,      7076,      7089,      7078
      6841,      7065,      2148,      2149,      7077
      6842,      7066,      7078,      2173,      2174
      6843,      7067,      7080,      7090,      7079
      6844,      7068,      7079,      7091,      7081
      6845,      7092,      7080,      7069,      7082
      6846,      7093,      7083,      7070,      7081
      6847,      7094,      7082,      7071,      7084
      6848,      7072,      7083,      7095,      7085
      6849,      7096,      7084,      7073,      7086
      6850,      7074,      7085,      7097,      7087
      6851,      7075,      7088,      7098,      7086
      6852,      7076,      7087,      7099,      7089
      6853,      7077,      2149,      2150,      7088
      6854,      7078,      7089,      2172,      2173
      6855,      7079,      7090,      7100,      7091
      6856,      7101,      7090,      7080,      7092
      6857,      7081,      7091,      7102,      7093
      6858,      7103,      7092,      7082,      7094
      6859,      7104,      7095,      7083,      7093
      6860,      7105,      7094,      7084,      7096
      6861,      7106,      7097,      7085,      7095
      6862,      7107,      7096,      7086,      7098
      6863,      7087,      7097,      7108,      7099
      6864,      7088,      2150,      2151,      7098
      6865,      7089,      7099,      2171,      2172
      6866,      7109,      7100,      7090,      7101
      6867,      7091,      7100,      7110,      7102
      6868,      7111,      7101,      7092,      7103
      6869,      7093,      7102,      7112,      7104
      6870,      7094,      7105,      7113,      7103
      6871,      7114,      7106,      7095,      7104
      6872,      7115,      7105,      7096,      7107
      6873,      7116,      7108,      7097,      7106
      6874,      2152,      7107,      7098,      2151
      6875,      7099,      7108,      2170,      2171
      6876,      7100,      7109,      7117,      7110
      6877,      7118,      7109,      7101,      7111
      6878,      7102,      7110,      7119,      7112
      6879,      7103,      7113,      7120,      7111
      6880,      7104,      7112,      7121,      7114
      6881,      7105,      7115,      7122,      7113
      6882,      7123,      7116,      7106,      7114
      6883,      2153,      7115,      7107,      2152
      6884,      7108,      7116,      2169,      2170
      6885,      7109,      7118,      7124,      7117
      6886,      7110,      7117,      7125,      7119
      6887,      7111,      7120,      7126,      7118
      6888,      7112,      7119,      7127,      7121
      6889,      7113,      7122,      7128,      7120
      6890,      7114,      7121,      7129,      7123
      6891,      2154,      7122,      7115,      2153
      6892,      7116,      7123,      2168,      2169
      6893,      7117,      7124,      7130,      7125
      6894,      7131,      7124,      7118,      7126
      6895,      7119,      7125,      7132,      7127
      6896,      7120,      7128,      7133,      7126
      6897,      7121,      7127,      7134,      7129
      6898,      2155,      7128,      7122,      2154
      6899,      7123,      7129,      2167,      2168
      6900,      7135,      7130,      7124,      7131
      6901,      7136,      7132,      7125,      7130
      6902,      7137,      7131,      7126,      7133
      6903,      7127,      7132,      7138,      7134
      6904,      2156,      7133,      7128,      2155
      6905,      7129,      7134,      2166,      2167
      6906,      7139,      7136,      7130,      7135
      6907,      7140,      7135,      7131,      7137
      6908,      7141,      7138,      7132,      7136
      6909,      2157,      7137,      7133,      2156
      6910,      7134,      7138,      2165,      2166
      6911,      7135,      7140,      7142,      7139
      6912,      7143,      7141,      7136,      7139
      6913,      2158,      7140,      7137,      2157
      6914,      7138,      7141,      2164,      2165
      6915,      7139,      7142,      7144,      7143
      6916,      7140,      2158,      2159,      7142
      6917,      7141,      7143,      2163,      2164
      6918,      7142,      2159,      2160,      7144
      6919,      7143,      7144,      2162,      2163
      6920,      7144,      2160,      2161,      2162
*****